detected_at,timeframe,zone_type,zone_top,zone_bottom,zone_height,atr_at_detection,close_at_detection,trend_1h,strength_1h,trend_5m,strength_5m,zone_5m_nearby,level_1h_nearby,confluence_score,result,move_favor,move_against,move_pips
2025-03-17T14:45:00+01:00,15m,supply,2998.27,2992.05,6.23,7.63,2983.9,,,bullish,0.011,False,False,0,broke,0.15,16.73,-16.73
2025-03-18T13:00:00+01:00,15m,demand,3013.26,3001.59,11.67,11.54,3024.23,bearish,0.421,bullish,0.708,False,False,0,respected,14.11,12.59,14.11
2025-03-18T13:15:00+01:00,15m,demand,3013.26,3001.59,11.67,11.36,3020.06,,,bearish,0.075,False,False,0,respected,18.28,8.42,18.28
2025-03-18T13:30:00+01:00,15m,demand,3014.41,3006.54,7.87,11.22,3024.0,,,bearish,0.259,False,False,0,respected,14.34,12.36,14.34
2025-03-18T13:45:00+01:00,15m,demand,3014.41,3006.54,7.87,9.75,3024.47,,,bearish,0.384,False,False,0,respected,13.87,12.83,13.87
2025-03-18T14:00:00+01:00,15m,demand,3018.16,3009.16,9.0,9.34,3031.48,bullish,0.287,bullish,0.23,False,False,1,respected,6.86,19.84,6.86
2025-03-18T14:15:00+01:00,15m,demand,3018.16,3009.16,9.0,9.54,3019.99,,,bullish,0.485,False,False,0,respected,18.35,8.35,18.35
2025-03-18T14:45:00+01:00,15m,demand,3018.15,3006.02,12.13,10.18,3030.33,,,bullish,0.237,False,False,0,respected,8.01,16.12,8.01
2025-03-18T15:00:00+01:00,15m,demand,3018.16,3009.16,9.0,10.09,3020.85,bullish,0.369,bullish,0.378,False,False,1,respected,17.49,6.64,17.49
2025-03-18T15:15:00+01:00,15m,demand,3018.16,3009.16,9.0,9.26,3031.06,,,bearish,0.274,False,False,0,respected,7.28,16.85,7.28
2025-03-18T15:30:00+01:00,15m,demand,3018.16,3009.16,9.0,8.9,3026.26,,,bearish,0.73,False,False,0,respected,12.08,12.05,12.08
2025-03-18T15:45:00+01:00,15m,demand,3018.16,3009.16,9.0,8.94,3023.0,,,bearish,0.214,False,False,0,respected,15.34,8.79,15.34
2025-03-18T16:00:00+01:00,15m,demand,3018.16,3009.16,9.0,8.75,3026.48,bullish,0.126,bullish,0.169,False,False,1,respected,11.86,12.27,11.86
2025-03-19T13:45:00+01:00,15m,demand,3035.76,3026.61,9.15,7.98,3042.16,,,bullish,0.125,True,False,1,broke,9.86,19.23,-19.23
2025-03-19T14:30:00+01:00,15m,demand,3035.76,3026.61,9.15,8.26,3044.19,,,bearish,0.295,True,False,1,respected,7.83,15.0,7.83
2025-03-19T16:00:00+01:00,15m,demand,3036.18,3030.67,5.51,7.45,3044.05,bearish,0.024,bullish,0.31,True,False,1,respected,7.97,9.06,7.97
2025-03-19T16:15:00+01:00,15m,demand,3036.18,3030.67,5.51,7.47,3046.05,,,bullish,0.027,True,False,1,respected,5.97,12.15,5.97
2025-03-19T16:45:00+01:00,15m,demand,3036.18,3030.67,5.51,8.27,3046.46,,,bullish,0.082,True,False,1,respected,5.56,12.56,5.56
2025-03-19T17:00:00+01:00,15m,demand,3036.18,3030.67,5.51,8.89,3037.98,bullish,0.335,bullish,0.111,True,False,2,respected,14.04,4.08,14.04
2025-03-19T17:15:00+01:00,15m,demand,3036.18,3030.67,5.51,8.89,3045.85,,,bearish,0.398,False,False,0,respected,6.17,11.95,6.17
2025-03-19T17:30:00+01:00,15m,demand,3036.18,3030.67,5.51,8.16,3037.67,,,bearish,0.026,False,False,0,respected,14.35,3.77,14.35
2025-03-19T18:15:00+01:00,15m,demand,3036.18,3030.67,5.51,6.75,3052.02,,,bearish,0.015,False,False,0,respected,0.0,18.12,0.0
2025-03-19T18:30:00+01:00,15m,demand,3036.18,3030.67,5.51,7.1,3042.18,,,bearish,0.183,False,False,0,respected,3.71,8.28,3.71
2025-03-21T13:30:00+01:00,15m,supply,3041.09,3026.64,14.45,13.81,3012.05,,,bearish,0.009,False,True,1,broke,11.82,35.45,-35.45
2025-03-21T13:45:00+01:00,15m,supply,3041.09,3026.64,14.45,14.04,3022.8,,,bearish,0.417,False,True,1,broke,22.56,24.7,-24.7
2025-03-21T14:30:00+01:00,15m,supply,3041.09,3026.64,14.45,12.68,3007.59,,,bearish,0.227,False,True,1,broke,8.0,39.91,-39.91
2025-03-21T14:45:00+01:00,15m,supply,3041.09,3026.64,14.45,12.71,3019.2,,,bullish,0.992,False,True,1,broke,19.61,28.3,-28.3
2025-03-21T15:15:00+01:00,15m,demand,3024.49,3008.19,16.3,13.68,3027.39,,,bullish,0.019,False,True,1,broke,20.11,27.8,-27.8
2025-03-21T17:45:00+01:00,15m,demand,3026.14,3013.67,12.46,11.37,3047.5,,,bearish,0.136,False,True,1,broke,0.0,47.91,-47.91
2025-03-21T18:00:00+01:00,15m,supply,3026.14,3013.67,12.46,12.53,3003.07,bearish,0.3,bearish,0.157,True,True,3,broke,3.48,27.94,-27.94
2025-03-23T17:15:00+01:00,15m,demand,3023.0,3021.39,1.61,1.39,3023.02,,,bullish,0.05,False,True,1,broke,2.88,3.2,-3.2
2025-03-23T17:45:00+01:00,15m,demand,3023.0,3021.39,1.61,1.43,3024.19,,,bearish,0.063,False,True,1,broke,1.72,4.37,-4.37
2025-03-23T18:30:00+01:00,15m,demand,3023.5,3021.9,1.59,1.52,3025.06,,,bullish,0.075,True,True,2,broke,0.85,5.24,-5.24
2025-03-23T18:45:00+01:00,15m,demand,3023.5,3021.9,1.59,1.61,3023.66,,,bearish,0.03,True,True,2,broke,2.24,3.84,-3.84
2025-03-24T13:30:00+01:00,15m,supply,3027.55,3018.03,9.52,7.95,3015.18,,,bearish,0.395,True,True,2,respected,12.64,10.45,12.64
2025-03-24T14:30:00+01:00,15m,supply,3027.55,3018.03,9.52,8.49,3002.54,,,bullish,0.367,True,True,2,respected,0.0,17.76,0.0
2025-03-24T16:15:00+01:00,15m,supply,3027.55,3018.03,9.52,8.73,3007.17,,,bullish,0.278,False,True,1,respected,4.63,13.06,4.63
2025-03-24T16:30:00+01:00,15m,supply,3027.55,3018.03,9.52,8.49,3012.45,,,bearish,0.197,False,True,1,respected,9.91,7.78,9.91
2025-03-24T17:15:00+01:00,15m,supply,3027.55,3018.03,9.52,8.76,3002.54,,,bullish,0.544,False,True,1,respected,0.0,17.69,0.0
2025-03-24T17:30:00+01:00,15m,supply,3027.55,3018.03,9.52,8.05,3002.54,,,bullish,0.613,False,True,1,respected,0.0,17.69,0.0
2025-03-24T18:45:00+01:00,15m,supply,3027.55,3018.03,9.52,8.46,3006.45,,,bearish,0.083,False,True,1,respected,0.84,11.35,0.84
2025-03-26T13:00:00+01:00,15m,demand,3021.61,3014.62,6.99,5.9,3032.11,bullish,0.419,bearish,0.225,False,True,2,broke,0.0,19.66,-19.66
2025-03-26T16:45:00+01:00,15m,demand,3022.01,3017.04,4.97,5.21,3029.52,,,bullish,0.069,False,True,1,broke,0.22,17.07,-17.07
2025-03-27T13:45:00+01:00,15m,demand,3046.43,3035.73,10.7,9.86,3055.61,,,bullish,0.089,False,True,1,broke,4.16,21.85,-21.85
2025-03-27T14:00:00+01:00,15m,demand,3033.44,3022.33,11.11,10.49,3041.87,bullish,0.321,bearish,0.003,False,False,1,respected,17.9,8.1,17.9
2025-03-27T14:15:00+01:00,15m,demand,3033.44,3022.33,11.11,11.34,3054.09,,,bullish,0.391,False,False,0,respected,5.68,20.33,5.68
2025-03-27T14:30:00+01:00,15m,demand,3033.44,3022.33,11.11,11.44,3046.76,,,bearish,0.471,False,False,0,respected,13.01,13.0,13.01
2025-03-27T14:45:00+01:00,15m,demand,3033.44,3022.33,11.11,10.83,3048.0,,,bullish,0.153,False,False,0,respected,11.77,14.23,11.77
2025-03-27T15:00:00+01:00,15m,demand,3033.44,3022.33,11.11,11.34,3034.09,bullish,0.645,bullish,0.665,False,False,1,respected,25.68,0.28,25.68
2025-03-27T15:15:00+01:00,15m,demand,3033.44,3022.33,11.11,12.38,3052.2,,,bearish,0.292,False,False,0,respected,7.57,15.87,7.57
2025-03-27T15:30:00+01:00,15m,demand,3033.44,3022.33,11.11,12.33,3042.59,,,bullish,0.053,False,False,0,respected,17.18,6.26,17.18
2025-03-27T15:45:00+01:00,15m,demand,3033.44,3022.33,11.11,12.68,3052.13,,,bullish,0.009,False,False,0,respected,7.64,15.8,7.64
2025-03-27T17:45:00+01:00,15m,demand,3046.43,3035.73,10.7,9.77,3059.26,,,bearish,0.02,False,True,1,respected,0.51,21.73,0.51
2025-03-27T18:00:00+01:00,15m,demand,3046.43,3035.73,10.7,9.58,3055.53,bearish,0.312,bearish,0.011,False,True,1,respected,4.24,18.0,4.24
2025-03-28T14:30:00+01:00,15m,demand,3066.53,3058.97,7.57,8.51,3075.92,,,bearish,0.671,False,False,0,broke,10.81,20.8,-20.8
2025-03-28T14:45:00+01:00,15m,demand,3066.53,3058.97,7.57,6.83,3075.73,,,bullish,0.035,False,False,0,broke,10.99,20.61,-20.61
2025-03-28T15:00:00+01:00,15m,demand,3066.53,3058.97,7.57,6.77,3072.43,bullish,0.019,bullish,0.326,False,False,1,broke,14.29,17.31,-17.31
2025-03-28T15:30:00+01:00,15m,demand,3066.53,3058.97,7.57,7.6,3078.23,,,bearish,0.086,False,False,0,broke,8.5,23.11,-23.11
2025-03-28T15:45:00+01:00,15m,supply,3077.36,3069.1,8.26,7.94,3055.12,,,bullish,0.014,False,False,0,broke,0.0,31.61,-31.61
2025-03-28T16:00:00+01:00,15m,supply,3077.36,3069.1,8.26,7.5,3055.12,bearish,0.071,bullish,0.22,False,False,1,broke,0.0,31.61,-31.61
2025-03-28T16:15:00+01:00,15m,demand,3066.53,3058.97,7.57,8.05,3079.47,,,bullish,0.063,False,False,0,respected,7.26,12.13,7.26
2025-03-28T16:30:00+01:00,15m,demand,3066.53,3058.97,7.57,8.45,3068.05,,,bearish,0.08,False,False,0,respected,18.68,0.72,18.68
2025-03-28T17:30:00+01:00,15m,demand,3066.53,3058.97,7.57,8.13,3080.18,,,bullish,0.114,False,False,0,respected,6.72,10.07,6.72
2025-03-28T17:45:00+01:00,15m,demand,3066.53,3058.97,7.57,7.87,3078.36,,,bearish,0.177,False,False,0,respected,8.54,8.25,8.54
2025-03-28T18:00:00+01:00,15m,demand,3066.53,3058.97,7.57,8.07,3082.2,bullish,0.221,bullish,0.019,False,False,1,respected,4.7,12.09,4.7
2025-03-28T18:15:00+01:00,15m,demand,3066.53,3058.97,7.57,8.23,3078.97,,,bullish,0.047,False,False,0,respected,7.93,8.86,7.93
2025-03-28T18:30:00+01:00,15m,demand,3066.53,3058.97,7.57,8.02,3078.27,,,bearish,0.142,False,False,0,respected,8.63,8.16,8.63
2025-03-28T18:45:00+01:00,15m,demand,3066.53,3058.97,7.57,8.14,3083.08,,,bullish,0.137,False,False,0,respected,3.82,12.96,3.82
2025-03-30T13:00:00+02:00,15m,demand,3092.52,3089.49,3.03,3.57,3092.69,bullish,0.172,bullish,0.057,False,True,2,broke,4.12,6.01,-6.01
2025-03-30T13:45:00+02:00,15m,demand,3092.05,3088.51,3.54,3.43,3095.41,,,bullish,0.095,True,True,2,broke,1.4,8.72,-8.72
2025-03-30T16:00:00+02:00,15m,demand,3092.52,3089.49,3.03,3.51,3096.36,bearish,0.226,bullish,0.006,True,True,2,broke,1.51,9.67,-9.67
2025-03-30T16:15:00+02:00,15m,demand,3092.52,3089.49,3.03,2.98,3092.72,,,bullish,0.187,True,False,1,broke,5.15,6.03,-6.03
2025-03-31T14:15:00+02:00,15m,demand,3102.57,3091.72,10.85,10.77,3120.8,,,bullish,0.019,False,True,1,broke,3.03,43.81,-43.81
2025-03-31T14:30:00+02:00,15m,demand,3102.57,3091.72,10.85,11.13,3112.55,,,bullish,0.58,False,True,1,broke,10.91,35.56,-35.56
2025-03-31T14:45:00+02:00,15m,demand,3102.57,3091.72,10.85,9.83,3112.52,,,bullish,0.088,False,True,1,broke,11.67,35.53,-35.53
2025-03-31T15:00:00+02:00,15m,demand,3100.22,3088.64,11.58,10.43,3102.41,bearish,0.035,bearish,1.046,False,True,1,broke,21.79,25.42,-25.42
2025-03-31T15:15:00+02:00,15m,supply,3102.57,3091.72,10.85,10.22,3076.99,,,bearish,0.498,False,False,0,broke,0.0,47.21,-47.21
2025-03-31T15:30:00+02:00,15m,supply,3102.57,3091.72,10.85,9.05,3076.99,,,bullish,0.353,False,False,0,broke,0.0,51.06,-51.06
2025-03-31T15:45:00+02:00,15m,demand,3102.57,3091.72,10.85,11.41,3118.09,,,bullish,0.095,False,True,1,respected,9.96,23.72,9.96
2025-03-31T16:00:00+02:00,15m,demand,3102.57,3091.72,10.85,11.99,3110.21,bullish,0.845,bearish,0.066,False,True,2,respected,17.84,15.84,17.84
2025-03-31T16:15:00+02:00,15m,demand,3102.57,3091.72,10.85,12.9,3122.11,,,bullish,0.216,False,True,1,respected,5.94,27.74,5.94
2025-03-31T16:30:00+02:00,15m,demand,3102.57,3091.72,10.85,13.62,3111.78,,,bullish,0.172,False,True,1,respected,16.27,17.41,16.27
2025-03-31T16:45:00+02:00,15m,demand,3102.57,3091.72,10.85,13.8,3119.67,,,bullish,0.197,False,True,1,respected,8.38,25.3,8.38
2025-03-31T17:00:00+02:00,15m,demand,3102.57,3091.72,10.85,14.6,3107.54,bullish,0.443,bullish,0.399,False,True,2,respected,20.51,13.17,20.51
2025-03-31T17:45:00+02:00,15m,demand,3102.57,3091.72,10.85,14.53,3119.78,,,bullish,0.117,False,True,1,respected,8.27,20.37,8.27
2025-03-31T18:00:00+02:00,15m,demand,3102.57,3091.72,10.85,13.8,3118.59,bearish,0.949,bearish,0.698,False,True,1,respected,9.46,19.18,9.46
2025-03-31T18:15:00+02:00,15m,demand,3102.57,3091.72,10.85,13.93,3117.41,,,bearish,0.197,False,True,1,respected,10.64,18.0,10.64
2025-03-31T18:30:00+02:00,15m,demand,3102.57,3091.72,10.85,13.75,3110.81,,,bullish,0.199,False,True,1,respected,17.24,11.4,17.24
2025-04-01T13:15:00+02:00,15m,demand,3129.09,3120.33,8.76,17.56,3149.09,,,bearish,0.307,False,True,1,broke,0.0,40.66,-40.66
2025-04-01T16:30:00+02:00,15m,demand,3129.09,3120.33,8.76,13.94,3149.09,,,bearish,0.815,False,False,0,broke,0.0,40.66,-40.66
2025-04-01T16:45:00+02:00,15m,demand,3129.09,3120.33,8.76,12.46,3149.09,,,bearish,0.444,False,False,0,broke,0.0,40.66,-40.66
2025-04-01T17:30:00+02:00,15m,demand,3129.09,3120.33,8.76,13.6,3146.73,,,bearish,0.097,True,False,1,broke,1.39,36.64,-36.64
2025-04-02T13:00:00+02:00,15m,demand,3130.06,3104.85,25.21,24.28,3154.38,bullish,0.944,bullish,0.038,False,True,2,respected,7.58,33.02,7.58
2025-04-02T13:15:00+02:00,15m,demand,3130.06,3104.85,25.21,23.69,3145.96,,,bullish,0.582,False,True,1,respected,16.0,24.6,16.0
2025-04-02T15:15:00+02:00,15m,demand,3132.43,3111.19,21.24,18.66,3151.46,,,bearish,0.133,False,True,1,respected,16.41,20.6,16.41
2025-04-03T15:30:00+02:00,15m,supply,3120.18,3098.67,21.51,22.85,3060.36,,,bearish,0.606,False,True,1,broke,6.2,104.53,-104.53
2025-04-03T15:45:00+02:00,15m,supply,3120.18,3098.67,21.51,22.43,3074.12,,,bullish,0.339,True,True,2,broke,19.96,90.77,-90.77
2025-04-03T16:00:00+02:00,15m,supply,3120.18,3098.67,21.51,23.33,3086.62,bearish,0.639,bearish,0.014,True,True,3,broke,32.46,78.27,-78.27
2025-04-03T17:00:00+02:00,15m,demand,3137.2,3107.96,29.24,26.59,3164.89,bullish,1.151,bullish,0.072,False,True,2,broke,0.0,110.73,-110.73
2025-04-03T17:15:00+02:00,15m,demand,3137.2,3107.96,29.24,25.87,3164.89,,,bearish,1.213,False,False,0,broke,0.0,110.73,-110.73
2025-04-03T17:45:00+02:00,15m,supply,3137.2,3107.96,29.24,29.71,3067.99,,,bearish,0.516,False,True,1,respected,13.83,65.63,13.83
2025-04-03T18:00:00+02:00,15m,supply,3137.2,3107.96,29.24,30.59,3099.17,bearish,0.825,bearish,0.555,False,True,2,respected,45.01,34.44,45.01
2025-04-03T18:15:00+02:00,15m,supply,3137.2,3107.96,29.24,30.55,3076.44,,,bullish,1.23,False,True,1,respected,22.28,57.17,22.28
2025-04-03T18:30:00+02:00,15m,supply,3137.2,3107.96,29.24,31.99,3055.39,,,bearish,0.388,False,True,1,respected,1.23,78.22,1.23
2025-04-03T18:45:00+02:00,15m,supply,3137.2,3107.96,29.24,32.49,3082.23,,,bearish,0.864,False,True,1,respected,22.24,51.38,22.24
2025-04-04T13:00:00+02:00,15m,supply,3136.72,3089.81,46.91,41.38,3062.02,bearish,0.727,bearish,0.879,False,True,2,respected,46.28,43.55,46.28
2025-04-06T14:30:00+02:00,15m,supply,3026.61,3008.64,17.97,15.72,2977.23,,,bullish,0.08,False,False,0,broke,0.0,57.84,-57.84
2025-04-06T14:45:00+02:00,15m,supply,3026.61,3008.64,17.97,15.0,2977.23,,,bearish,0.011,False,False,0,broke,0.0,57.84,-57.84
2025-04-06T15:00:00+02:00,15m,supply,3026.61,3010.29,16.32,16.27,3009.61,bearish,0.259,bullish,0.629,False,False,1,broke,27.32,25.46,-25.46
2025-04-06T16:15:00+02:00,15m,supply,3026.61,3010.29,16.32,13.92,2996.93,,,bearish,1.122,False,True,1,broke,14.63,38.14,-38.14
2025-04-06T16:45:00+02:00,15m,supply,3026.61,3010.29,16.32,13.67,3006.49,,,bullish,0.707,True,True,2,broke,24.2,28.58,-28.58
2025-04-06T17:00:00+02:00,15m,demand,3012.38,2995.18,17.2,15.45,3035.07,bullish,1.003,bearish,0.245,False,True,2,broke,0.0,52.78,-52.78
2025-04-06T17:15:00+02:00,15m,demand,3012.38,2995.18,17.2,14.41,3035.07,,,bearish,0.248,False,True,1,broke,0.0,52.78,-52.78
2025-04-06T17:30:00+02:00,15m,supply,3026.61,3008.64,17.97,16.51,2986.73,,,bullish,0.652,True,True,2,respected,4.44,24.1,4.44
2025-04-06T17:45:00+02:00,15m,supply,3026.61,3006.69,19.92,17.4,3002.15,,,bullish,0.252,True,True,2,respected,19.23,8.68,19.23
2025-04-07T13:00:00+02:00,15m,supply,3022.49,2992.3,30.19,25.5,2975.44,bullish,2.729,bearish,0.215,False,True,1,broke,18.9,59.65,-59.65
2025-04-07T13:15:00+02:00,15m,supply,3021.91,3001.62,20.3,23.47,2979.74,,,bullish,0.273,False,True,1,broke,23.2,55.35,-55.35
2025-04-08T17:15:00+02:00,15m,demand,2998.77,2979.35,19.42,18.28,3022.76,,,bearish,0.118,False,True,1,broke,0.0,52.66,-52.66
2025-04-08T18:15:00+02:00,15m,supply,3011.31,2991.4,19.91,20.01,2970.1,,,bullish,0.084,False,True,1,respected,0.0,34.85,0.0
2025-04-09T13:00:00+02:00,15m,demand,3046.5,3012.53,33.96,33.76,3099.71,bearish,2.12,bullish,0.607,False,False,0,broke,0.0,127.13,-127.13
2025-04-09T13:15:00+02:00,15m,demand,3046.5,3012.53,33.96,30.59,3099.71,,,bearish,0.43,False,False,0,broke,0.0,127.13,-127.13
2025-04-09T13:30:00+02:00,15m,demand,3017.48,2987.55,29.93,34.74,3019.61,,,bearish,0.625,False,True,1,broke,80.1,47.03,-47.03
2025-04-09T13:45:00+02:00,15m,demand,3046.5,3012.53,33.96,39.52,3099.71,,,bullish,1.511,False,True,1,broke,0.0,127.13,-127.13
2025-04-09T14:00:00+02:00,15m,demand,3017.48,2987.55,29.93,43.05,3021.99,bullish,3.207,bearish,0.814,False,True,2,broke,77.72,49.41,-49.41
2025-04-09T16:00:00+02:00,15m,demand,3056.38,3025.28,31.1,35.4,3095.64,bearish,0.262,bullish,0.03,False,False,0,broke,4.07,123.06,-123.06
2025-04-09T16:15:00+02:00,15m,demand,3046.5,3012.53,33.96,38.44,3047.79,,,bullish,0.711,True,True,2,broke,43.6,75.21,-75.21
2025-04-09T17:00:00+02:00,15m,supply,3056.38,3025.28,31.1,36.81,2972.58,bullish,3.379,bearish,1.356,False,False,0,broke,0.0,118.81,-118.81
2025-04-09T17:15:00+02:00,15m,supply,3056.38,3025.28,31.1,31.03,2972.58,,,bullish,0.286,False,False,0,broke,0.0,118.81,-118.81
2025-04-09T17:30:00+02:00,15m,supply,3056.38,3038.34,18.04,29.67,3026.3,,,bullish,0.232,False,False,0,broke,0.56,65.09,-65.09
2025-04-09T18:15:00+02:00,15m,demand,3046.5,3012.53,33.96,31.24,3080.13,,,bearish,0.034,False,False,0,respected,11.26,43.97,11.26
2025-04-10T13:00:00+02:00,15m,demand,3110.7,3084.02,26.69,22.71,3133.76,bearish,1.113,bullish,0.351,False,True,1,respected,57.63,27.0,57.63
2025-04-10T13:15:00+02:00,15m,demand,3110.7,3084.02,26.69,22.82,3126.12,,,bullish,0.346,False,True,1,respected,65.27,19.36,65.27
2025-04-10T13:30:00+02:00,15m,demand,3147.89,3118.61,29.28,26.02,3175.74,,,bullish,0.238,False,True,1,broke,15.65,68.99,-68.99
2025-04-10T13:45:00+02:00,15m,demand,3113.17,3081.58,31.59,29.74,3114.84,,,bearish,0.797,False,True,1,respected,76.55,7.39,76.55
2025-04-10T14:00:00+02:00,15m,demand,3113.17,3081.58,31.59,32.97,3157.53,bullish,1.26,bearish,0.355,False,True,2,respected,33.86,44.2,33.86
2025-04-10T14:15:00+02:00,15m,demand,3147.89,3112.27,35.63,35.07,3191.35,,,bullish,0.405,False,True,1,respected,0.04,78.02,0.04
2025-04-10T14:30:00+02:00,15m,demand,3147.89,3112.27,35.63,35.67,3167.35,,,bearish,0.67,False,True,1,respected,24.04,54.02,24.04
2025-04-10T14:45:00+02:00,15m,demand,3130.44,3086.92,43.52,36.3,3143.59,,,bullish,0.049,False,True,1,respected,47.8,30.26,47.8
2025-04-10T16:00:00+02:00,15m,demand,3147.89,3112.27,35.63,33.68,3191.39,bearish,0.489,bearish,0.281,False,True,1,respected,0.0,68.06,0.0
2025-04-10T16:15:00+02:00,15m,demand,3147.89,3112.27,35.63,30.61,3191.39,,,bearish,0.32,False,True,1,respected,0.0,68.06,0.0
2025-04-10T16:30:00+02:00,15m,demand,3147.89,3112.27,35.63,33.18,3148.17,,,bullish,0.066,False,True,1,respected,43.22,24.83,43.22
2025-04-10T18:15:00+02:00,15m,demand,3147.89,3118.61,29.28,25.11,3160.79,,,bearish,0.052,True,True,2,broke,30.6,82.23,-82.23
2025-04-11T13:00:00+02:00,15m,demand,3205.77,3190.2,15.56,13.52,3208.64,bullish,0.076,bullish,0.057,False,True,2,broke,36.83,23.68,-23.68
2025-04-11T13:30:00+02:00,15m,demand,3223.7,3206.33,17.37,15.65,3245.47,,,bullish,0.027,False,True,1,broke,0.0,60.51,-60.51
2025-04-11T13:45:00+02:00,15m,supply,3223.7,3204.75,18.94,19.64,3184.96,,,bearish,0.009,False,True,1,broke,0.0,55.48,-55.48
2025-04-11T14:00:00+02:00,15m,supply,3223.7,3204.75,18.94,18.96,3184.96,bearish,0.06,bearish,0.329,False,True,2,broke,0.0,55.48,-55.48
2025-04-11T14:15:00+02:00,15m,demand,3203.03,3186.77,16.26,20.61,3222.63,,,bullish,0.534,False,True,1,respected,17.81,16.51,17.81
2025-04-11T14:30:00+02:00,15m,demand,3204.49,3186.77,17.73,19.14,3223.5,,,bearish,0.185,False,True,1,respected,16.94,17.38,16.94
2025-04-11T14:45:00+02:00,15m,demand,3204.49,3186.77,17.73,19.17,3217.32,,,bearish,0.51,False,True,1,respected,23.12,11.2,23.12
2025-04-11T15:00:00+02:00,15m,demand,3205.77,3190.2,15.56,19.62,3232.55,bullish,0.347,bullish,0.585,False,True,2,respected,7.9,26.42,7.9
2025-04-11T15:15:00+02:00,15m,demand,3218.25,3195.57,22.68,19.62,3237.78,,,bullish,0.073,False,True,1,respected,0.62,31.65,0.62
2025-04-11T15:30:00+02:00,15m,demand,3205.77,3190.2,15.56,20.05,3210.1,,,bearish,0.145,False,True,1,respected,28.3,3.98,28.3
2025-04-11T16:00:00+02:00,15m,demand,3205.77,3190.2,15.56,20.48,3233.56,bullish,0.097,bullish,0.644,False,True,2,respected,4.84,23.2,4.84
2025-04-11T16:15:00+02:00,15m,demand,3205.77,3190.2,15.56,20.41,3221.96,,,bullish,0.443,False,True,1,respected,22.41,11.6,22.41
2025-04-11T16:45:00+02:00,15m,demand,3218.25,3195.57,22.68,19.91,3235.56,,,bullish,0.32,False,True,1,respected,9.91,25.2,9.91
2025-04-13T13:00:00+02:00,15m,supply,3227.66,3222.05,5.61,4.93,3214.8,bullish,0.047,bullish,0.182,False,True,1,respected,4.73,13.99,4.73
2025-04-13T13:15:00+02:00,15m,supply,3227.66,3222.05,5.61,4.83,3216.54,,,bearish,0.015,False,True,1,broke,6.47,13.41,-13.41
2025-04-13T13:30:00+02:00,15m,supply,3227.66,3222.05,5.61,4.74,3219.29,,,bullish,0.065,False,True,1,broke,9.22,10.66,-10.66
2025-04-13T14:15:00+02:00,15m,supply,3226.65,3220.07,6.58,6.07,3210.07,,,bearish,0.095,True,True,2,broke,0.0,19.88,-19.88
2025-04-13T14:30:00+02:00,15m,supply,3226.65,3220.07,6.58,5.85,3210.07,,,bearish,0.067,True,True,2,broke,0.0,19.88,-19.88
2025-04-13T15:00:00+02:00,15m,supply,3227.66,3222.05,5.61,6.63,3215.55,bullish,0.371,bearish,0.104,False,True,1,broke,5.48,14.4,-14.4
2025-04-13T15:15:00+02:00,15m,supply,3225.01,3217.57,7.43,6.81,3210.07,,,bullish,0.011,False,True,1,broke,0.0,19.88,-19.88
2025-04-13T15:30:00+02:00,15m,supply,3226.65,3220.07,6.58,7.34,3219.94,,,bullish,0.014,False,True,1,broke,9.66,10.01,-10.01
2025-04-13T16:45:00+02:00,15m,supply,3226.65,3220.07,6.58,8.85,3211.39,,,bearish,0.033,False,True,1,broke,0.31,18.56,-18.56
2025-04-14T13:30:00+02:00,15m,supply,3224.59,3213.01,11.57,12.25,3193.76,,,bullish,0.021,False,True,1,broke,0.0,51.99,-51.99
2025-04-14T14:00:00+02:00,15m,supply,3234.9,3217.25,17.64,16.52,3199.78,bearish,0.8,bearish,0.045,False,True,2,broke,6.02,45.97,-45.97
2025-04-14T14:15:00+02:00,15m,supply,3231.66,3213.49,18.16,16.75,3205.03,,,bearish,0.761,False,True,1,broke,11.27,40.72,-40.72
2025-04-14T14:45:00+02:00,15m,demand,3224.59,3205.46,19.13,17.39,3245.75,,,bullish,0.259,False,True,1,broke,0.0,51.99,-51.99
2025-04-14T15:00:00+02:00,15m,demand,3224.59,3205.46,19.13,16.9,3239.93,bearish,0.828,bearish,0.282,True,True,2,broke,1.17,46.17,-46.17
2025-04-14T16:00:00+02:00,15m,supply,3231.66,3213.49,18.16,18.2,3193.76,bullish,0.414,bullish,0.081,True,True,2,respected,0.0,36.85,0.0
2025-04-14T16:15:00+02:00,15m,supply,3231.66,3213.49,18.16,17.31,3193.76,,,bearish,0.242,True,True,2,respected,0.0,36.86,0.0
2025-04-14T16:30:00+02:00,15m,supply,3231.66,3213.49,18.16,18.4,3211.53,,,bearish,0.791,True,True,2,respected,13.69,19.5,13.69
2025-04-15T13:00:00+02:00,15m,demand,3221.81,3210.13,11.68,10.64,3230.41,bearish,0.064,bullish,0.767,False,True,1,respected,13.65,9.76,13.65
2025-04-15T13:15:00+02:00,15m,demand,3222.95,3210.13,12.82,10.75,3234.7,,,bullish,0.338,False,True,1,respected,9.36,14.05,9.36
2025-04-15T13:30:00+02:00,15m,demand,3221.81,3210.13,11.68,10.66,3233.01,,,bearish,0.537,False,True,1,respected,11.06,12.36,11.06
2025-04-15T13:45:00+02:00,15m,demand,3221.81,3210.13,11.68,10.57,3233.94,,,bearish,0.384,False,True,1,respected,10.13,13.28,10.13
2025-04-15T14:00:00+02:00,15m,demand,3221.81,3210.13,11.68,9.97,3230.31,bullish,0.225,bullish,0.182,False,True,2,respected,13.98,9.66,13.98
2025-04-16T13:45:00+02:00,15m,demand,3275.27,3251.71,23.56,26.33,3308.05,,,bearish,0.033,False,False,0,respected,49.77,26.61,49.77
2025-04-16T14:00:00+02:00,15m,demand,3275.27,3251.71,23.56,27.08,3296.87,bearish,0.239,bullish,1.247,False,False,0,respected,60.95,15.44,60.95
2025-04-16T14:15:00+02:00,15m,demand,3275.27,3251.71,23.56,27.02,3318.76,,,bearish,0.402,False,False,0,respected,39.06,37.32,39.06
2025-04-16T14:30:00+02:00,15m,demand,3275.27,3251.71,23.56,26.15,3307.85,,,bullish,0.045,False,False,0,respected,49.97,26.41,49.97
2025-04-16T14:45:00+02:00,15m,demand,3275.27,3251.71,23.56,24.42,3324.61,,,bearish,0.117,False,False,0,respected,33.21,43.18,33.21
2025-04-16T15:00:00+02:00,15m,demand,3275.27,3251.71,23.56,23.85,3302.04,bearish,0.477,bearish,0.572,False,False,0,respected,55.78,20.6,55.78
2025-04-16T15:15:00+02:00,15m,demand,3275.27,3251.71,23.56,27.04,3357.82,,,bullish,1.262,False,False,0,respected,0.0,76.38,0.0
2025-04-16T15:30:00+02:00,15m,demand,3275.27,3251.71,23.56,29.09,3300.09,,,bearish,0.066,False,False,0,respected,54.28,18.65,54.28
2025-04-16T15:45:00+02:00,15m,demand,3275.27,3251.71,23.56,25.46,3295.4,,,bearish,0.433,False,False,0,respected,58.96,13.96,58.96
2025-04-16T16:15:00+02:00,15m,demand,3275.27,3251.71,23.56,22.56,3307.82,,,bearish,0.186,False,False,0,respected,46.55,26.38,46.55
2025-04-16T16:30:00+02:00,15m,demand,3275.27,3251.71,23.56,23.15,3285.05,,,bullish,0.751,False,False,0,respected,69.32,3.61,69.32
2025-04-16T16:45:00+02:00,15m,demand,3275.27,3251.71,23.56,25.18,3316.97,,,bullish,0.001,False,False,0,respected,37.4,35.45,37.4
2025-04-16T17:00:00+02:00,15m,demand,3275.27,3251.71,23.56,26.1,3284.09,bearish,0.333,bearish,0.399,False,False,0,respected,70.28,0.77,70.28
2025-04-16T17:15:00+02:00,15m,demand,3275.27,3251.71,23.56,28.51,3316.17,,,bullish,0.517,False,False,0,respected,38.19,25.86,38.19
2025-04-16T17:30:00+02:00,15m,demand,3275.27,3251.71,23.56,29.44,3294.32,,,bullish,1.054,False,False,0,respected,60.05,4.01,60.05
2025-04-17T13:15:00+02:00,15m,supply,3335.2,3318.13,17.07,18.78,3291.15,,,bullish,0.716,True,True,2,broke,1.93,50.57,-50.57
2025-04-17T13:30:00+02:00,15m,demand,3318.06,3299.07,18.98,19.0,3338.51,,,bullish,0.888,False,True,1,broke,1.64,49.29,-49.29
2025-04-20T14:30:00+02:00,15m,supply,3349.4,3345.41,3.99,3.52,3340.99,,,bearish,0.022,True,True,2,broke,0.0,9.72,-9.72
2025-04-20T17:00:00+02:00,15m,demand,3345.82,3341.61,4.2,4.5,3350.17,bullish,0.031,bearish,0.132,False,True,2,broke,0.83,9.18,-9.18
2025-04-20T17:15:00+02:00,15m,demand,3345.82,3341.61,4.2,4.54,3347.97,,,bearish,0.005,False,True,1,broke,3.02,6.98,-6.98
2025-04-21T13:00:00+02:00,15m,demand,3375.72,3355.12,20.6,22.18,3377.3,bearish,1.53,bullish,0.968,False,False,0,broke,56.56,29.72,-29.72
2025-04-21T13:15:00+02:00,15m,demand,3375.72,3355.12,20.6,24.03,3402.67,,,bullish,1.551,False,False,0,broke,31.19,55.09,-55.09
2025-04-21T13:30:00+02:00,15m,demand,3375.72,3355.12,20.6,25.12,3386.89,,,bearish,0.678,False,True,1,broke,46.97,39.31,-39.31
2025-04-21T14:30:00+02:00,15m,demand,3389.76,3358.64,31.12,28.04,3426.08,,,bearish,0.072,True,True,2,respected,8.91,57.53,8.91
2025-04-21T14:45:00+02:00,15m,demand,3389.76,3358.64,31.12,28.56,3411.87,,,bearish,0.543,True,True,2,respected,23.12,43.32,23.12
2025-04-21T16:00:00+02:00,15m,demand,3401.3,3366.56,34.75,30.34,3431.2,bearish,0.327,bullish,1.148,False,True,1,respected,13.1,55.56,13.1
2025-04-21T16:15:00+02:00,15m,demand,3389.76,3358.64,31.12,28.7,3401.05,,,bearish,0.583,False,True,1,respected,43.25,25.4,43.25
2025-04-21T16:30:00+02:00,15m,demand,3389.76,3358.64,31.12,27.5,3415.39,,,bearish,0.0,False,True,1,respected,28.91,39.75,28.91
2025-04-21T17:30:00+02:00,15m,demand,3389.76,3358.64,31.12,26.03,3427.49,,,bearish,0.55,False,True,1,respected,16.81,51.84,16.81
2025-04-21T18:30:00+02:00,15m,demand,3389.76,3358.64,31.12,26.57,3428.87,,,bullish,0.173,False,True,1,respected,15.43,24.01,15.43
2025-04-22T14:00:00+02:00,15m,supply,3413.62,3381.44,32.19,35.52,3346.61,bullish,1.626,bearish,1.395,False,True,1,broke,30.63,113.39,-113.39
2025-04-22T15:00:00+02:00,15m,demand,3413.62,3381.44,32.19,40.39,3450.52,bullish,2.833,bearish,1.125,False,True,2,broke,1.37,134.54,-134.54
2025-04-22T15:30:00+02:00,15m,supply,3423.22,3370.35,52.87,45.49,3315.98,,,bullish,1.917,True,True,2,respected,0.0,112.69,0.0
2025-04-22T15:45:00+02:00,15m,supply,3423.22,3370.35,52.87,46.36,3365.73,,,bullish,1.005,True,True,2,respected,49.75,62.93,49.75
2025-04-22T16:45:00+02:00,15m,supply,3445.98,3396.67,49.32,44.32,3354.53,,,bearish,0.254,True,True,2,respected,38.55,74.13,38.55
2025-04-22T17:00:00+02:00,15m,supply,3445.98,3396.67,49.32,46.15,3382.07,bearish,0.605,bearish,0.174,True,True,3,respected,66.09,46.59,66.09
2025-04-22T18:00:00+02:00,15m,supply,3423.22,3370.35,52.87,44.14,3315.98,bullish,1.392,bearish,2.103,True,True,2,respected,0.0,112.69,0.0
2025-04-22T18:15:00+02:00,15m,supply,3445.98,3396.67,49.32,43.22,3315.98,,,bearish,0.279,False,True,1,respected,0.0,112.69,0.0
2025-04-22T18:30:00+02:00,15m,supply,3445.98,3396.67,49.32,45.08,3393.77,,,bullish,1.032,False,True,1,respected,38.64,34.89,38.64
2025-04-23T15:00:00+02:00,15m,demand,3348.81,3319.06,29.76,31.09,3386.64,bullish,0.615,bullish,0.173,False,False,1,broke,0.0,115.12,-115.12
2025-04-23T16:45:00+02:00,15m,supply,3348.81,3319.06,29.76,30.13,3275.06,,,bullish,0.269,False,True,1,broke,3.54,111.58,-111.58
2025-04-23T17:45:00+02:00,15m,supply,3348.81,3319.06,29.76,42.72,3277.6,,,bullish,0.111,False,True,1,broke,4.14,109.04,-109.04
2025-04-24T14:15:00+02:00,15m,demand,3350.06,3332.38,17.68,16.38,3365.05,,,bullish,0.148,False,False,0,broke,5.73,47.49,-47.49
2025-04-24T16:00:00+02:00,15m,demand,3350.06,3332.38,17.68,15.85,3370.54,bullish,0.492,bearish,0.233,False,False,1,broke,0.24,52.98,-52.98
2025-04-24T16:15:00+02:00,15m,demand,3340.64,3326.61,14.03,16.86,3348.79,,,bearish,0.365,False,True,1,broke,19.86,31.22,-31.22
2025-04-24T18:45:00+02:00,15m,demand,3348.76,3326.61,22.14,18.57,3368.18,,,bearish,1.086,False,True,1,respected,2.6,30.47,2.6
2025-04-25T14:30:00+02:00,15m,supply,3315.79,3291.89,23.9,21.89,3267.26,,,bullish,0.627,True,True,2,broke,1.99,95.97,-95.97
2025-04-25T15:00:00+02:00,15m,demand,3321.44,3291.89,29.56,26.05,3363.23,bullish,0.105,bearish,0.142,True,True,3,broke,0.0,95.04,-95.04
2025-04-25T15:15:00+02:00,15m,demand,3315.79,3291.89,23.9,23.88,3329.54,,,bearish,0.335,True,True,2,broke,33.69,63.08,-63.08
2025-04-27T13:00:00+02:00,15m,supply,3326.59,3321.93,4.65,7.5,3314.65,bullish,0.375,bearish,0.077,False,False,0,respected,15.87,5.85,15.87
2025-04-27T13:15:00+02:00,15m,supply,3327.04,3320.01,7.02,7.74,3310.27,,,bullish,0.112,False,False,0,respected,11.49,10.24,11.49
2025-04-27T13:30:00+02:00,15m,supply,3327.04,3320.01,7.02,7.71,3305.8,,,bearish,0.254,False,False,0,respected,7.02,14.71,7.02
2025-04-27T13:45:00+02:00,15m,supply,3327.04,3320.01,7.02,7.78,3306.93,,,bullish,0.009,False,False,0,respected,8.15,13.58,8.15
2025-04-27T16:15:00+02:00,15m,supply,3317.32,3310.01,7.31,6.93,3302.17,,,bullish,0.041,False,True,1,broke,3.39,28.98,-28.98
2025-04-27T17:30:00+02:00,15m,supply,3317.32,3310.01,7.31,7.96,3301.67,,,bearish,0.149,False,True,1,broke,2.89,29.48,-29.48
2025-04-27T17:45:00+02:00,15m,supply,3317.32,3310.01,7.31,7.96,3299.17,,,bullish,0.026,False,True,1,broke,0.39,31.98,-31.98
2025-04-27T18:00:00+02:00,15m,supply,3317.32,3310.01,7.31,7.48,3303.88,bullish,0.216,bullish,0.102,False,True,1,broke,5.1,27.27,-27.27
2025-04-27T18:30:00+02:00,15m,supply,3317.32,3310.01,7.31,7.55,3302.54,,,bearish,0.319,True,True,2,broke,3.76,28.61,-28.61
2025-04-27T18:45:00+02:00,15m,supply,3317.32,3310.01,7.31,7.46,3299.43,,,bearish,0.171,True,True,2,broke,0.65,31.72,-31.72
2025-04-28T14:30:00+02:00,15m,demand,3324.9,3299.32,25.58,23.48,3351.91,,,bearish,0.674,False,True,1,broke,1.21,71.38,-71.38
2025-04-28T14:45:00+02:00,15m,demand,3317.15,3296.62,20.53,22.3,3320.41,,,bearish,0.968,True,True,2,broke,24.47,39.88,-39.88
2025-04-28T17:30:00+02:00,15m,demand,3317.15,3296.62,20.53,20.47,3344.46,,,bearish,0.457,True,True,2,broke,8.28,55.86,-55.86
2025-04-29T14:30:00+02:00,15m,supply,3333.78,3322.36,11.42,9.87,3318.57,,,bearish,0.203,False,True,1,respected,18.79,12.45,18.79
2025-04-30T13:00:00+02:00,15m,supply,3311.59,3296.34,15.25,13.82,3283.76,bearish,1.265,bearish,0.258,False,True,2,broke,10.98,44.28,-44.28
2025-04-30T18:00:00+02:00,15m,demand,3296.01,3277.87,18.14,17.04,3328.04,bearish,0.163,bearish,0.151,False,True,1,broke,0.0,60.95,-60.95
2025-04-30T18:15:00+02:00,15m,demand,3296.01,3277.87,18.14,16.73,3328.04,,,bullish,0.2,False,True,1,broke,0.0,60.95,-60.95
2025-05-01T15:45:00+02:00,15m,demand,3259.14,3242.05,17.09,16.15,3273.78,,,bearish,0.867,False,True,1,broke,2.61,71.5,-71.5
2025-05-01T16:00:00+02:00,15m,demand,3259.14,3242.05,17.09,16.67,3261.76,bearish,0.427,bullish,0.023,False,True,1,broke,14.63,59.49,-59.49
2025-05-01T16:30:00+02:00,15m,supply,3259.14,3242.05,17.09,18.15,3224.22,,,bullish,0.121,True,True,2,broke,21.94,52.17,-52.17
2025-05-01T16:45:00+02:00,15m,demand,3248.58,3227.5,21.08,21.33,3268.04,,,bearish,0.524,False,False,0,broke,8.35,65.76,-65.76
2025-05-01T17:30:00+02:00,15m,supply,3262.42,3235.93,26.48,24.76,3204.1,,,bullish,0.41,True,True,2,broke,0.36,72.29,-72.29
2025-05-01T17:45:00+02:00,15m,supply,3259.14,3242.05,17.09,25.97,3239.05,,,bearish,0.039,True,True,2,broke,30.15,37.34,-37.34
2025-05-02T13:45:00+02:00,15m,supply,3262.77,3246.11,16.65,14.8,3222.86,,,bullish,0.346,False,True,1,respected,0.0,42.09,0.0
2025-05-02T14:30:00+02:00,15m,supply,3269.34,3251.47,17.87,17.09,3233.42,,,bullish,0.248,False,True,1,respected,1.63,31.53,1.63
2025-05-02T16:00:00+02:00,15m,supply,3269.34,3251.47,17.87,16.24,3234.93,bullish,0.004,bearish,0.184,False,False,0,respected,1.25,30.02,1.25
2025-05-02T16:15:00+02:00,15m,supply,3269.34,3251.47,17.87,15.77,3248.0,,,bearish,0.265,False,False,0,respected,14.32,16.94,14.32
2025-05-02T16:30:00+02:00,15m,supply,3269.34,3251.47,17.87,15.99,3233.87,,,bearish,0.037,False,False,0,respected,0.09,31.08,0.09
2025-05-04T16:00:00+02:00,15m,demand,3248.07,3245.96,2.12,2.39,3252.31,bearish,0.109,bearish,0.181,False,False,0,broke,0.0,14.42,-14.42
2025-05-04T16:15:00+02:00,15m,demand,3248.07,3245.96,2.12,2.5,3248.56,,,bearish,0.006,False,False,0,broke,1.16,10.67,-10.67
2025-05-04T16:45:00+02:00,15m,supply,3248.07,3245.96,2.12,2.43,3243.26,,,bearish,0.088,False,False,0,broke,5.37,6.62,-6.62
2025-05-04T17:00:00+02:00,15m,supply,3248.07,3245.96,2.12,2.32,3244.98,bearish,0.406,bearish,0.121,False,False,1,broke,7.09,4.9,-4.9
2025-05-04T17:30:00+02:00,15m,supply,3248.07,3245.96,2.12,2.71,3237.89,,,bullish,0.235,False,True,1,broke,0.0,11.99,-11.99
2025-05-04T17:45:00+02:00,15m,supply,3248.07,3245.96,2.12,2.57,3237.89,,,bearish,0.015,False,True,1,broke,0.0,11.99,-11.99
2025-05-04T18:30:00+02:00,15m,supply,3248.07,3245.96,2.12,3.53,3242.29,,,bullish,0.007,False,True,1,broke,0.75,7.58,-7.58
2025-05-04T18:45:00+02:00,15m,supply,3248.07,3245.96,2.12,3.77,3245.81,,,bullish,0.043,False,True,1,broke,3.08,4.07,-4.07
2025-05-05T13:15:00+02:00,15m,demand,3303.61,3267.34,36.27,33.02,3337.99,,,bullish,0.043,False,True,1,respected,0.0,63.25,0.0
2025-05-05T13:30:00+02:00,15m,demand,3296.93,3277.77,19.16,32.16,3299.47,,,bearish,0.548,False,True,1,respected,37.58,24.73,37.58
2025-05-05T16:30:00+02:00,15m,demand,3306.7,3283.33,23.37,27.64,3330.63,,,bearish,0.505,False,True,1,respected,3.46,45.35,3.46
2025-05-06T13:00:00+02:00,15m,demand,3395.43,3364.51,30.92,30.18,3436.07,bearish,0.539,bullish,0.523,False,True,1,broke,0.0,112.71,-112.71
2025-05-06T13:15:00+02:00,15m,demand,3395.43,3364.51,30.92,28.33,3436.07,,,bearish,1.19,False,True,1,broke,0.0,112.71,-112.71
2025-05-06T13:30:00+02:00,15m,demand,3395.43,3364.51,30.92,29.76,3413.29,,,bearish,0.968,False,True,1,broke,22.78,89.93,-89.93
2025-05-06T14:15:00+02:00,15m,demand,3395.43,3364.51,30.92,36.89,3436.07,,,bearish,0.324,False,True,1,broke,0.0,112.71,-112.71
2025-05-06T14:30:00+02:00,15m,demand,3386.03,3342.35,43.68,36.69,3392.31,,,bullish,0.718,True,True,2,broke,28.13,68.95,-68.95
2025-05-07T14:00:00+02:00,15m,supply,3401.51,3388.8,12.71,11.46,3375.41,bearish,0.314,bullish,0.149,False,True,2,respected,2.57,26.1,2.57
2025-05-07T14:15:00+02:00,15m,supply,3401.51,3388.8,12.71,11.88,3384.19,,,bearish,0.02,False,True,1,respected,11.35,17.32,11.35
2025-05-07T15:30:00+02:00,15m,supply,3401.51,3388.8,12.71,11.16,3376.58,,,bullish,0.082,False,True,1,respected,3.74,24.93,3.74
2025-05-07T15:45:00+02:00,15m,supply,3401.51,3388.8,12.71,10.63,3374.05,,,bearish,0.567,False,True,1,respected,1.21,27.46,1.21
2025-05-07T18:15:00+02:00,15m,demand,3386.24,3372.84,13.4,11.22,3401.51,,,bearish,0.335,False,False,0,broke,0.0,41.25,-41.25
2025-05-07T18:30:00+02:00,15m,demand,3387.33,3375.34,11.98,10.52,3401.51,,,bearish,0.063,False,False,0,broke,0.0,41.25,-41.25
2025-05-08T13:00:00+02:00,15m,supply,3395.48,3362.26,33.22,35.0,3325.94,bearish,1.731,bearish,0.443,False,True,2,broke,37.06,86.66,-86.66
2025-05-08T13:15:00+02:00,15m,supply,3395.48,3362.26,33.22,34.0,3288.88,,,bullish,0.682,False,True,1,broke,0.0,123.72,-123.72
2025-05-08T13:30:00+02:00,15m,supply,3395.48,3362.26,33.22,34.16,3288.88,,,bearish,0.308,False,True,1,broke,0.0,123.72,-123.72
2025-05-08T13:45:00+02:00,15m,supply,3413.01,3370.54,42.47,36.88,3364.87,,,bullish,1.66,False,False,0,respected,75.99,47.73,75.99
2025-05-08T14:30:00+02:00,15m,supply,3398.26,3370.36,27.9,32.66,3332.77,,,bullish,0.775,False,False,0,broke,43.89,79.83,-79.83
2025-05-08T14:45:00+02:00,15m,supply,3398.26,3370.36,27.9,33.05,3355.45,,,bearish,0.76,False,False,0,broke,66.57,57.15,-57.15
2025-05-08T15:15:00+02:00,15m,supply,3398.26,3370.36,27.9,32.83,3351.04,,,bullish,0.632,False,False,0,broke,62.16,61.56,-61.56
2025-05-08T15:30:00+02:00,15m,demand,3360.46,3330.66,29.8,35.95,3401.24,,,bullish,0.675,False,True,1,broke,11.35,112.36,-112.36
2025-05-08T16:30:00+02:00,15m,supply,3395.48,3362.26,33.22,29.59,3333.49,,,bullish,1.556,False,True,1,broke,44.61,79.11,-79.11
2025-05-08T16:45:00+02:00,15m,supply,3395.48,3362.26,33.22,29.05,3350.81,,,bullish,0.591,False,True,1,broke,61.93,64.03,-64.03
2025-05-08T17:00:00+02:00,15m,demand,3360.46,3330.66,29.8,32.8,3408.2,bullish,0.596,bearish,0.319,False,True,2,broke,6.64,119.32,-119.32
2025-05-08T18:00:00+02:00,15m,supply,3360.46,3330.66,29.8,34.74,3288.88,bullish,0.357,bearish,0.297,True,True,2,broke,0.0,125.96,-125.96
2025-05-08T18:15:00+02:00,15m,supply,3395.48,3362.26,33.22,35.89,3331.38,,,bearish,1.001,False,True,1,broke,32.19,83.46,-83.46
2025-05-08T18:30:00+02:00,15m,demand,3360.46,3330.66,29.8,40.13,3397.94,,,bullish,0.926,False,True,1,broke,16.9,98.75,-98.75
2025-05-09T13:30:00+02:00,15m,demand,3317.23,3289.04,28.19,25.82,3322.33,,,bullish,0.432,True,True,2,broke,25.25,47.43,-47.43
2025-05-09T15:30:00+02:00,15m,demand,3321.23,3299.27,21.96,19.18,3341.28,,,bullish,0.146,False,True,1,broke,6.3,66.38,-66.38
2025-05-09T16:45:00+02:00,15m,demand,3321.23,3299.27,21.96,20.28,3347.58,,,bullish,0.23,False,True,1,broke,0.0,72.68,-72.68
2025-05-09T17:45:00+02:00,15m,supply,3321.23,3299.27,21.96,21.73,3274.9,,,bullish,0.243,False,True,1,broke,0.0,58.84,-58.84
2025-05-12T14:00:00+02:00,15m,supply,3276.73,3252.73,24.0,22.5,3246.26,bullish,1.076,bearish,0.681,True,False,1,respected,28.4,29.59,28.4
2025-05-12T14:15:00+02:00,15m,supply,3276.73,3252.73,24.0,24.26,3221.53,,,bearish,0.52,True,False,1,respected,3.66,54.32,3.66
2025-05-12T14:30:00+02:00,15m,supply,3276.73,3252.73,24.0,24.33,3238.34,,,bearish,0.221,True,False,1,respected,19.61,37.51,19.61
2025-05-12T15:00:00+02:00,15m,supply,3276.73,3252.73,24.0,25.8,3221.24,bullish,0.442,bullish,1.47,True,True,2,respected,1.75,54.61,1.75
2025-05-12T15:15:00+02:00,15m,supply,3276.73,3252.73,24.0,21.37,3239.36,,,bullish,0.999,True,False,1,respected,17.46,36.49,17.46
2025-05-12T15:30:00+02:00,15m,supply,3276.73,3252.73,24.0,22.2,3235.02,,,bearish,0.435,False,True,1,respected,13.13,40.83,13.13
2025-05-13T14:45:00+02:00,15m,demand,3236.81,3218.9,17.92,15.17,3255.87,,,bullish,0.934,False,True,1,respected,9.72,24.83,9.72
2025-05-13T15:00:00+02:00,15m,demand,3238.06,3218.9,19.16,16.39,3240.78,bearish,1.529,bearish,0.484,False,True,1,respected,24.81,9.75,24.81
2025-05-13T15:15:00+02:00,15m,demand,3236.81,3218.9,17.92,15.89,3256.99,,,bearish,0.175,False,True,1,respected,8.6,25.95,8.6
2025-05-13T15:30:00+02:00,15m,demand,3238.06,3218.9,19.16,16.02,3238.52,,,bearish,0.215,False,True,1,respected,27.07,7.48,27.07
2025-05-14T13:15:00+02:00,15m,supply,3250.49,3240.4,10.09,15.91,3225.08,,,bullish,0.06,False,True,1,respected,56.99,20.52,56.99
2025-05-14T13:30:00+02:00,15m,supply,3254.73,3238.91,15.82,16.51,3216.08,,,bearish,0.384,False,True,1,respected,47.99,29.53,47.99
2025-05-14T13:45:00+02:00,15m,supply,3254.73,3238.91,15.82,19.65,3168.09,,,bullish,0.674,False,True,1,respected,0.0,77.51,0.0
2025-05-14T14:15:00+02:00,15m,supply,3254.73,3238.91,15.82,24.34,3209.43,,,bullish,0.124,False,True,1,respected,14.27,20.92,14.27
2025-05-14T14:30:00+02:00,15m,supply,3254.73,3238.91,15.82,23.54,3215.52,,,bullish,1.271,False,True,1,respected,20.37,14.83,20.37
2025-05-14T14:45:00+02:00,15m,supply,3254.73,3238.91,15.82,22.95,3215.36,,,bearish,0.474,False,True,1,respected,29.84,14.99,29.84
2025-05-14T15:00:00+02:00,15m,supply,3254.73,3238.91,15.82,23.39,3206.85,bearish,0.82,bearish,1.189,False,True,2,respected,21.33,23.5,21.33
2025-05-14T15:15:00+02:00,15m,supply,3254.73,3238.91,15.82,23.4,3220.95,,,bullish,0.232,False,True,1,respected,35.43,9.4,35.43
2025-05-14T15:30:00+02:00,15m,supply,3254.73,3238.91,15.82,23.28,3216.43,,,bullish,0.196,False,True,1,respected,30.92,13.92,30.92
2025-05-14T15:45:00+02:00,15m,supply,3254.73,3238.91,15.82,21.26,3206.55,,,bearish,0.695,False,True,1,respected,21.63,23.79,21.63
2025-05-14T16:00:00+02:00,15m,supply,3254.73,3238.91,15.82,21.01,3218.15,bearish,1.02,bearish,0.183,False,True,2,respected,34.03,12.2,34.03
2025-05-14T16:15:00+02:00,15m,supply,3254.73,3238.91,15.82,21.0,3215.14,,,bullish,0.283,False,True,1,respected,31.02,15.21,31.02
2025-05-14T16:30:00+02:00,15m,supply,3254.73,3238.91,15.82,21.75,3227.73,,,bullish,0.866,False,True,1,respected,43.61,2.62,43.61
2025-05-15T13:00:00+02:00,15m,demand,3177.89,3133.31,44.58,39.6,3206.61,bullish,1.32,bullish,0.636,False,True,2,respected,35.54,53.87,35.54
2025-05-15T13:30:00+02:00,15m,demand,3177.89,3133.31,44.58,39.05,3223.31,,,bearish,2.769,False,True,1,respected,18.84,70.57,18.84
2025-05-16T15:00:00+02:00,15m,demand,3194.66,3170.55,24.11,27.12,3232.34,bullish,1.525,bearish,0.051,False,True,2,broke,12.32,77.95,-77.95
2025-05-16T15:15:00+02:00,15m,demand,3194.66,3170.55,24.11,28.36,3209.16,,,bearish,0.59,False,True,1,broke,35.5,54.77,-54.77
2025-05-16T16:15:00+02:00,15m,demand,3194.66,3170.55,24.11,29.43,3222.28,,,bearish,0.8,False,True,1,broke,22.38,56.59,-56.59
2025-05-16T16:45:00+02:00,15m,demand,3194.66,3170.55,24.11,28.21,3240.24,,,bullish,1.086,False,True,1,broke,4.42,74.55,-74.55
2025-05-16T17:00:00+02:00,15m,demand,3194.66,3170.55,24.11,27.22,3212.04,bearish,1.189,bearish,0.313,False,True,1,broke,32.62,46.35,-46.35
2025-05-18T13:00:00+02:00,15m,demand,3225.28,3210.64,14.64,16.32,3230.61,bullish,0.083,bullish,0.092,False,True,2,respected,14.56,16.91,14.56
2025-05-18T13:30:00+02:00,15m,demand,3229.47,3213.39,16.07,15.36,3244.89,,,bearish,0.22,True,True,2,respected,0.22,31.19,0.22
2025-05-18T13:45:00+02:00,15m,demand,3229.9,3218.26,11.64,14.9,3235.52,,,bullish,0.54,True,True,2,broke,8.04,21.82,-21.82
2025-05-18T14:00:00+02:00,15m,demand,3229.9,3218.26,11.64,13.66,3241.63,bearish,0.256,bullish,0.031,True,True,2,broke,3.56,27.94,-27.94
2025-05-19T15:15:00+02:00,15m,supply,3246.95,3231.21,15.74,13.77,3209.99,,,bullish,0.074,False,False,0,respected,0.42,27.71,0.42
2025-05-20T13:30:00+02:00,15m,demand,3247.46,3218.8,28.66,24.91,3274.61,,,bearish,1.198,True,True,2,broke,28.2,69.92,-69.92
2025-05-20T14:15:00+02:00,15m,supply,3272.8,3248.77,24.03,23.5,3204.69,,,bullish,0.227,False,False,0,broke,0.0,98.13,-98.13
2025-05-20T14:30:00+02:00,15m,supply,3270.5,3249.66,20.85,19.98,3204.69,,,bullish,0.821,False,False,0,broke,0.0,98.13,-98.13
2025-05-20T14:45:00+02:00,15m,demand,3254.53,3224.68,29.84,24.93,3288.25,,,bullish,0.155,True,True,2,respected,16.06,46.99,16.06
2025-05-20T15:00:00+02:00,15m,demand,3254.53,3224.68,29.84,25.19,3257.51,bullish,1.186,bullish,0.349,True,True,3,respected,46.8,16.25,46.8
2025-05-20T15:15:00+02:00,15m,demand,3252.75,3224.68,28.07,26.08,3279.19,,,bullish,0.279,True,True,2,respected,25.12,37.93,25.12
2025-05-20T15:30:00+02:00,15m,demand,3252.75,3224.68,28.07,27.52,3253.66,,,bearish,0.968,True,True,2,respected,50.65,12.4,50.65
2025-05-20T15:45:00+02:00,15m,demand,3254.53,3224.68,29.84,29.05,3283.63,,,bearish,0.079,True,True,2,respected,20.68,42.37,20.68
2025-05-20T16:00:00+02:00,15m,demand,3254.53,3224.68,29.84,27.88,3288.35,bullish,1.017,bullish,0.74,True,True,3,respected,15.96,47.09,15.96
2025-05-20T16:15:00+02:00,15m,demand,3254.53,3224.68,29.84,26.04,3289.65,,,bullish,0.317,False,True,1,respected,14.66,48.39,14.66
2025-05-20T16:30:00+02:00,15m,demand,3272.08,3241.21,30.87,26.19,3297.3,,,bearish,1.114,False,False,0,respected,7.01,56.03,7.01
2025-05-20T16:45:00+02:00,15m,demand,3272.08,3241.21,30.87,26.83,3275.7,,,bearish,0.916,False,False,0,respected,28.61,34.44,28.61
2025-05-20T17:00:00+02:00,15m,demand,3272.08,3241.21,30.87,26.1,3293.6,bearish,2.866,bullish,0.917,True,False,1,respected,10.71,52.34,10.71
2025-05-20T17:15:00+02:00,15m,demand,3272.08,3241.21,30.87,26.12,3300.94,,,bullish,0.113,True,False,1,respected,3.37,59.68,3.37
2025-05-20T18:00:00+02:00,15m,supply,3302.6,3274.94,27.66,27.43,3247.08,bearish,2.444,bullish,0.942,False,True,2,respected,5.82,57.23,5.82
2025-05-20T18:30:00+02:00,15m,supply,3302.6,3274.94,27.66,25.69,3248.84,,,bearish,0.841,False,True,1,respected,7.58,55.47,7.58
2025-05-20T18:45:00+02:00,15m,supply,3302.6,3274.94,27.66,24.46,3245.37,,,bearish,0.01,False,True,1,respected,4.11,58.94,4.11
2025-05-21T13:00:00+02:00,15m,demand,3299.45,3287.99,11.46,12.59,3312.97,bullish,0.515,bullish,0.51,True,False,2,broke,11.97,27.34,-27.34
2025-05-21T13:15:00+02:00,15m,demand,3302.79,3292.1,10.69,12.59,3315.56,,,bullish,0.327,True,False,1,broke,9.38,29.93,-29.93
2025-05-21T13:30:00+02:00,15m,demand,3299.45,3287.99,11.46,13.27,3305.23,,,bearish,0.163,True,False,1,broke,19.71,19.6,-19.6
2025-05-21T14:15:00+02:00,15m,demand,3299.45,3287.99,11.46,14.64,3314.49,,,bearish,0.365,True,True,2,broke,10.45,28.86,-28.86
2025-05-21T14:30:00+02:00,15m,demand,3309.16,3293.68,15.48,14.3,3324.94,,,bullish,0.048,True,True,2,broke,0.0,39.31,-39.31
2025-05-21T14:45:00+02:00,15m,demand,3309.16,3293.68,15.48,14.0,3323.36,,,bullish,0.234,True,True,2,broke,0.46,37.73,-37.73
2025-05-21T15:00:00+02:00,15m,demand,3302.79,3292.1,10.69,14.16,3306.64,bearish,0.407,bearish,0.129,True,True,2,broke,18.3,21.01,-21.01
2025-05-22T13:00:00+02:00,15m,supply,3324.14,3300.62,23.52,20.85,3293.2,bearish,1.077,bullish,0.085,True,True,3,broke,7.85,34.73,-34.73
2025-05-23T13:15:00+02:00,15m,demand,3307.66,3287.2,20.46,17.93,3331.41,,,bearish,0.706,False,False,0,respected,18.96,28.42,18.96
2025-05-23T17:45:00+02:00,15m,demand,3337.19,3327.35,9.85,11.25,3349.02,,,bearish,0.007,False,False,0,broke,16.95,61.82,-61.82
2025-05-23T18:30:00+02:00,15m,supply,3337.19,3327.35,9.85,13.87,3309.34,,,bearish,0.122,False,False,0,broke,22.14,56.63,-56.63
2025-05-25T14:45:00+02:00,15m,supply,3355.37,3351.14,4.23,3.73,3349.85,,,bearish,0.085,False,False,0,respected,8.37,2.23,8.37
2025-05-25T15:00:00+02:00,15m,supply,3355.37,3351.14,4.23,3.81,3346.61,bearish,0.339,bearish,0.101,False,False,1,respected,5.13,5.47,5.13
2025-05-25T15:15:00+02:00,15m,supply,3351.55,3346.87,4.68,3.96,3342.88,,,bullish,0.009,True,True,2,respected,1.4,9.2,1.4
2025-05-25T15:30:00+02:00,15m,supply,3351.55,3346.87,4.68,4.12,3346.61,,,bullish,0.062,True,True,2,respected,5.13,5.48,5.13
2025-05-25T15:45:00+02:00,15m,supply,3355.37,3351.14,4.23,4.03,3347.59,,,bullish,0.068,False,False,0,respected,6.11,4.49,6.11
2025-05-25T16:00:00+02:00,15m,supply,3353.63,3348.88,4.75,4.0,3344.63,bearish,0.452,bearish,0.046,True,True,3,respected,3.15,7.46,3.15
2025-05-25T17:15:00+02:00,15m,supply,3351.55,3346.87,4.68,3.91,3342.84,,,bullish,0.266,True,True,2,respected,1.36,9.24,1.36
2025-05-25T18:30:00+02:00,15m,supply,3351.55,3346.87,4.68,3.93,3341.48,,,bullish,0.097,False,True,1,respected,0.0,6.66,0.0
2025-05-25T18:45:00+02:00,15m,supply,3351.55,3347.63,3.92,3.72,3343.08,,,bullish,0.001,False,True,1,respected,1.6,5.06,1.6
2025-05-26T15:15:00+02:00,15m,supply,3356.8,3343.78,13.02,11.12,3330.94,,,bullish,0.019,False,True,1,respected,7.16,25.86,7.16
2025-05-26T15:30:00+02:00,15m,supply,3356.8,3343.78,13.02,11.84,3343.11,,,bullish,0.007,False,True,1,respected,19.33,13.69,19.33
2025-05-26T16:15:00+02:00,15m,supply,3356.8,3344.39,12.41,10.49,3334.13,,,bullish,0.728,False,True,1,respected,10.35,22.67,10.35
2025-05-26T16:30:00+02:00,15m,supply,3356.8,3344.39,12.41,10.57,3329.84,,,bearish,0.017,False,True,1,respected,6.06,26.96,6.06
2025-05-26T17:00:00+02:00,15m,supply,3356.8,3343.78,13.02,11.96,3323.78,bearish,0.0,bearish,0.145,False,True,2,respected,0.0,33.02,0.0
2025-05-26T17:15:00+02:00,15m,supply,3356.8,3343.78,13.02,11.05,3323.78,,,bullish,0.433,False,True,1,respected,0.0,33.02,0.0
2025-05-26T17:30:00+02:00,15m,supply,3356.8,3343.78,13.02,11.43,3339.76,,,bullish,0.039,False,True,1,respected,5.47,17.04,5.47
2025-05-27T13:00:00+02:00,15m,supply,3337.15,3321.43,15.72,15.71,3302.57,bullish,0.544,bearish,0.319,False,True,1,respected,17.13,34.98,17.13
2025-05-27T13:15:00+02:00,15m,supply,3337.15,3321.43,15.72,15.86,3304.8,,,bearish,0.6,False,True,1,respected,19.36,32.74,19.36
2025-05-27T13:30:00+02:00,15m,supply,3330.54,3314.16,16.38,16.69,3285.44,,,bearish,0.485,False,True,1,broke,0.0,52.11,-52.11
2025-05-27T13:45:00+02:00,15m,supply,3330.54,3314.16,16.38,17.56,3309.6,,,bullish,0.244,False,True,1,broke,12.41,27.95,-27.95
2025-05-27T15:00:00+02:00,15m,supply,3337.15,3321.43,15.72,18.88,3299.95,bearish,1.248,bullish,0.093,False,True,2,respected,2.75,37.6,2.75
2025-05-27T15:15:00+02:00,15m,supply,3337.15,3321.43,15.72,19.19,3313.45,,,bearish,0.421,False,True,1,respected,16.25,24.1,16.25
2025-05-27T18:00:00+02:00,15m,supply,3330.54,3314.16,16.38,14.88,3299.2,bullish,1.713,bearish,0.265,False,True,1,respected,6.33,22.26,6.33
2025-05-27T18:15:00+02:00,15m,supply,3330.54,3314.16,16.38,14.97,3308.06,,,bullish,0.349,False,False,0,respected,15.19,13.4,15.19
2025-05-28T17:45:00+02:00,15m,supply,3304.92,3286.19,18.73,16.06,3277.69,,,bearish,0.928,False,True,1,respected,27.34,27.08,27.34
2025-05-29T13:00:00+02:00,15m,demand,3272.86,3259.51,13.35,25.0,3299.28,bullish,1.065,bullish,0.167,False,True,2,broke,21.33,53.71,-53.71
2025-05-29T13:15:00+02:00,15m,demand,3272.86,3259.51,13.35,24.3,3307.99,,,bearish,0.928,False,True,1,broke,12.62,62.42,-62.42
2025-05-29T13:30:00+02:00,15m,demand,3272.86,3259.51,13.35,24.16,3276.81,,,bearish,0.59,False,True,1,broke,43.8,31.24,-31.24
2025-05-29T13:45:00+02:00,15m,demand,3272.86,3259.51,13.35,25.26,3301.69,,,bullish,0.175,False,True,1,broke,29.55,56.12,-56.12
2025-05-29T14:00:00+02:00,15m,supply,3310.13,3283.1,27.02,28.91,3246.44,bullish,1.166,bearish,0.293,False,True,1,broke,0.87,84.8,-84.8
2025-05-29T14:15:00+02:00,15m,supply,3310.13,3283.1,27.02,28.37,3260.17,,,bullish,0.644,False,True,1,broke,14.6,71.07,-71.07
2025-05-29T15:30:00+02:00,15m,supply,3310.13,3283.1,27.02,26.15,3245.57,,,bearish,0.345,False,True,1,broke,0.0,85.67,-85.67
2025-05-29T15:45:00+02:00,15m,supply,3310.13,3283.1,27.02,25.4,3245.57,,,bearish,0.011,False,True,1,broke,0.0,85.67,-85.67
2025-05-29T16:00:00+02:00,15m,supply,3310.13,3283.1,27.02,26.9,3270.56,bearish,0.543,bullish,0.866,False,True,2,broke,6.18,60.68,-60.68
2025-05-29T18:45:00+02:00,15m,demand,3303.18,3283.1,20.08,22.64,3331.24,,,bullish,0.232,False,True,1,broke,0.0,60.54,-60.54
2025-05-30T14:30:00+02:00,15m,supply,3314.51,3296.8,17.71,15.5,3272.73,,,bullish,0.372,False,True,1,respected,1.11,30.3,1.11
2025-05-30T14:45:00+02:00,15m,supply,3314.51,3296.8,17.71,15.62,3282.54,,,bearish,0.007,False,True,1,respected,10.92,20.49,10.92
2025-05-30T15:15:00+02:00,15m,supply,3314.51,3295.69,18.82,17.81,3277.55,,,bearish,0.079,False,True,1,respected,5.93,21.69,5.93
2025-05-30T15:30:00+02:00,15m,supply,3314.51,3294.22,20.28,17.01,3283.32,,,bullish,0.089,False,True,1,respected,11.7,15.92,11.7
2025-06-01T13:15:00+02:00,15m,demand,3304.84,3298.96,5.88,5.01,3311.57,,,bearish,0.264,True,True,2,broke,5.16,15.8,-15.8
2025-06-01T13:30:00+02:00,15m,supply,3308.61,3301.94,6.67,5.87,3296.38,,,bullish,0.074,False,False,0,broke,0.32,20.35,-20.35
2025-06-01T14:00:00+02:00,15m,demand,3304.5,3297.61,6.89,6.32,3312.18,bearish,0.446,bearish,0.089,True,True,2,broke,4.55,15.65,-15.65
2025-06-01T14:15:00+02:00,15m,demand,3304.5,3297.61,6.89,6.6,3309.48,,,bearish,0.036,True,True,2,broke,7.25,12.94,-12.94
2025-06-01T14:45:00+02:00,15m,demand,3308.61,3301.94,6.67,6.97,3316.65,,,bearish,0.258,False,True,1,broke,0.08,20.11,-20.11
2025-06-01T15:00:00+02:00,15m,demand,3304.36,3297.61,6.75,7.49,3304.46,bearish,0.022,bearish,0.032,False,True,1,broke,12.27,7.92,-7.92
2025-06-02T13:15:00+02:00,15m,demand,3339.03,3313.95,25.08,21.85,3341.48,,,bullish,0.006,False,True,1,respected,42.0,13.18,42.0
2025-06-03T13:00:00+02:00,15m,supply,3379.95,3361.67,18.28,16.78,3333.26,bearish,0.711,bearish,0.366,False,True,2,respected,0.0,46.83,0.0
2025-06-03T14:00:00+02:00,15m,supply,3379.95,3362.88,17.07,14.95,3341.52,bullish,0.566,bullish,0.587,False,True,1,respected,8.25,38.58,8.25
2025-06-03T14:45:00+02:00,15m,supply,3380.3,3358.27,22.03,18.98,3338.91,,,bearish,0.309,False,True,1,respected,5.64,25.36,5.64
2025-06-03T15:00:00+02:00,15m,supply,3380.3,3358.27,22.03,18.48,3336.73,bullish,0.549,bullish,0.006,False,True,1,respected,3.47,27.53,3.47
2025-06-03T15:15:00+02:00,15m,supply,3379.95,3361.67,18.28,19.8,3360.9,,,bearish,0.109,False,True,1,respected,27.63,3.37,27.63
2025-06-03T16:45:00+02:00,15m,supply,3379.95,3361.67,18.28,15.79,3342.79,,,bearish,0.104,False,True,1,respected,9.53,23.6,9.53
2025-06-03T17:00:00+02:00,15m,supply,3379.95,3362.88,17.07,16.5,3361.83,bearish,0.083,bearish,0.142,False,True,2,respected,28.56,4.57,28.56
2025-06-04T13:45:00+02:00,15m,supply,3375.66,3366.14,9.52,10.17,3357.17,,,bullish,0.066,False,True,1,broke,3.51,26.83,-26.83
2025-06-04T14:00:00+02:00,15m,supply,3375.66,3366.14,9.52,9.39,3361.74,bearish,0.607,bullish,0.338,False,True,2,broke,8.09,22.26,-22.26
2025-06-04T14:30:00+02:00,15m,supply,3375.66,3366.14,9.52,8.94,3354.63,,,bullish,0.001,False,True,1,broke,0.97,29.37,-29.37
2025-06-04T16:00:00+02:00,15m,demand,3370.03,3360.01,10.02,9.11,3382.62,bullish,0.945,bullish,0.013,True,False,2,respected,1.38,21.85,1.38
2025-06-04T17:15:00+02:00,15m,demand,3369.22,3355.62,13.61,11.79,3375.26,,,bearish,0.08,False,True,1,respected,9.46,14.16,9.46
2025-06-05T13:15:00+02:00,15m,supply,3390.51,3370.33,20.18,17.84,3351.23,,,bearish,0.808,False,False,0,broke,10.53,52.25,-52.25
2025-06-05T13:45:00+02:00,15m,supply,3390.51,3370.33,20.18,20.23,3344.06,,,bullish,0.489,False,False,0,broke,1.16,59.42,-59.42
2025-06-05T14:00:00+02:00,15m,supply,3389.46,3364.9,24.56,21.21,3360.04,bullish,0.505,bearish,0.749,False,True,1,broke,8.0,43.44,-43.44
2025-06-06T14:30:00+02:00,15m,supply,3347.67,3328.26,19.41,16.38,3307.18,,,bullish,0.044,False,True,1,respected,0.0,38.1,0.0
2025-06-06T15:00:00+02:00,15m,supply,3347.67,3328.26,19.41,17.34,3324.57,bearish,0.798,bearish,0.426,False,True,2,respected,17.39,20.72,17.39
2025-06-09T14:45:00+02:00,15m,demand,3321.83,3311.9,9.93,9.92,3336.1,,,bearish,0.178,False,True,1,broke,2.17,42.51,-42.51
2025-06-09T15:00:00+02:00,15m,supply,3321.22,3308.37,12.84,12.73,3293.59,bearish,1.346,bullish,0.469,False,True,2,broke,0.0,44.68,-44.68
2025-06-09T15:45:00+02:00,15m,demand,3320.79,3304.24,16.55,14.27,3338.27,,,bullish,0.083,False,False,0,respected,0.0,34.57,0.0
2025-06-10T15:00:00+02:00,15m,demand,3327.14,3309.97,17.18,14.6,3349.18,bullish,0.403,bearish,0.174,False,True,2,broke,0.0,47.14,-47.14
2025-06-10T15:15:00+02:00,15m,demand,3328.18,3309.97,18.21,15.22,3328.78,,,bullish,0.329,False,True,1,broke,20.4,26.74,-26.74
2025-06-10T18:00:00+02:00,15m,demand,3327.14,3309.97,17.18,15.12,3349.18,bullish,0.127,bearish,0.494,True,True,3,broke,0.0,41.63,-41.63
2025-06-10T18:15:00+02:00,15m,demand,3325.37,3308.92,16.44,14.15,3349.18,,,bearish,0.013,True,True,2,respected,0.0,41.63,0.0
2025-06-11T13:00:00+02:00,15m,demand,3336.06,3326.92,9.14,12.42,3346.08,bearish,0.818,bullish,0.295,False,False,0,respected,27.49,17.43,27.49
2025-06-11T13:15:00+02:00,15m,demand,3336.06,3326.92,9.14,13.26,3367.6,,,bearish,0.3,False,False,0,respected,5.97,38.95,5.97
2025-06-11T15:00:00+02:00,15m,demand,3352.45,3333.16,19.29,17.64,3373.57,bullish,0.353,bearish,0.476,True,True,3,respected,0.0,40.43,0.0
2025-06-12T13:30:00+02:00,15m,demand,3362.0,3341.13,20.87,20.11,3385.04,,,bearish,0.329,True,True,2,broke,13.94,46.42,-46.42
2025-06-12T13:45:00+02:00,15m,demand,3362.0,3341.13,20.87,20.94,3364.56,,,bullish,0.276,True,True,2,broke,34.42,25.94,-25.94
2025-06-12T14:15:00+02:00,15m,demand,3362.0,3341.13,20.87,22.57,3398.98,,,bullish,0.179,True,True,2,broke,0.0,60.36,-60.36
2025-06-13T14:45:00+02:00,15m,demand,3424.33,3404.95,19.38,17.51,3441.22,,,bullish,0.868,True,True,2,respected,2.43,37.29,2.43
2025-06-13T15:00:00+02:00,15m,demand,3414.12,3395.42,18.7,16.94,3421.46,bullish,0.132,bullish,0.375,False,True,2,respected,22.2,17.52,22.2
2025-06-13T15:30:00+02:00,15m,demand,3424.33,3406.88,17.45,16.0,3441.18,,,bullish,0.13,True,True,2,broke,1.19,37.24,-37.24
2025-06-15T17:30:00+02:00,15m,supply,3445.59,3440.79,4.8,4.03,3435.65,,,bullish,0.169,True,True,2,respected,3.06,10.13,3.06
2025-06-16T13:15:00+02:00,15m,supply,3444.02,3418.98,25.04,22.48,3392.22,,,bullish,0.208,False,True,1,broke,9.29,59.1,-59.1
2025-06-16T13:30:00+02:00,15m,supply,3444.02,3418.98,25.04,23.08,3382.93,,,bearish,0.666,False,True,1,broke,0.0,68.39,-68.39
2025-06-16T13:45:00+02:00,15m,supply,3444.02,3418.98,25.04,22.3,3400.92,,,bullish,0.837,False,True,1,broke,17.99,50.4,-50.4
2025-06-16T14:00:00+02:00,15m,supply,3444.02,3418.98,25.04,21.59,3396.2,bullish,0.631,bullish,0.281,False,True,1,broke,13.27,55.12,-55.12
2025-06-16T14:15:00+02:00,15m,supply,3438.37,3415.7,22.67,20.25,3382.93,,,bearish,0.978,False,True,1,broke,0.0,68.39,-68.39
2025-06-16T15:30:00+02:00,15m,supply,3434.06,3412.69,21.38,18.41,3393.37,,,bearish,0.223,True,True,2,broke,10.44,57.95,-57.95
2025-06-16T15:45:00+02:00,15m,supply,3438.37,3415.7,22.67,19.47,3411.64,,,bullish,0.19,False,True,1,broke,28.71,39.68,-39.68
2025-06-16T16:00:00+02:00,15m,demand,3402.33,3382.93,19.4,18.15,3423.92,bearish,0.763,bullish,0.04,False,True,1,respected,27.4,40.99,27.4
2025-06-16T16:15:00+02:00,15m,demand,3402.33,3382.93,19.4,19.25,3451.32,,,bullish,0.118,False,True,1,respected,0.0,68.39,0.0
2025-06-16T16:30:00+02:00,15m,demand,3402.33,3382.93,19.4,17.84,3451.32,,,bullish,0.077,False,True,1,respected,0.0,68.39,0.0
2025-06-16T16:45:00+02:00,15m,supply,3444.02,3418.98,25.04,21.09,3384.93,,,bearish,0.544,False,True,1,respected,2.0,53.59,2.0
2025-06-16T17:00:00+02:00,15m,supply,3438.37,3415.7,22.67,20.32,3383.78,bullish,0.334,bullish,0.096,False,True,1,respected,0.2,54.74,0.2
2025-06-16T17:15:00+02:00,15m,supply,3444.02,3418.98,25.04,21.39,3414.93,,,bullish,0.342,False,True,1,respected,26.34,23.59,26.34
2025-06-16T17:30:00+02:00,15m,demand,3402.33,3382.93,19.4,21.38,3423.8,,,bearish,0.157,False,True,1,respected,14.71,35.21,14.71
2025-06-16T18:00:00+02:00,15m,demand,3402.33,3382.93,19.4,24.11,3436.49,bearish,0.583,bullish,0.134,False,True,1,respected,0.63,50.93,0.63
2025-06-16T18:15:00+02:00,15m,supply,3444.02,3418.98,25.04,24.97,3391.3,,,bearish,0.549,False,True,1,respected,5.74,24.0,5.74
2025-06-16T18:30:00+02:00,15m,supply,3444.02,3418.98,25.04,24.46,3400.52,,,bullish,0.11,False,True,1,respected,14.95,14.78,14.95
2025-06-17T13:30:00+02:00,15m,supply,3388.09,3380.7,7.39,8.65,3371.63,,,bearish,0.379,False,True,1,broke,5.44,22.54,-22.54
2025-06-17T13:45:00+02:00,15m,supply,3388.09,3380.7,7.39,8.25,3379.22,,,bearish,0.617,False,True,1,broke,13.03,14.95,-14.95
2025-06-17T18:00:00+02:00,15m,supply,3393.95,3382.41,11.54,10.06,3380.36,bullish,0.095,bearish,0.863,False,True,1,respected,11.05,11.27,11.05
2025-06-17T18:30:00+02:00,15m,supply,3393.95,3381.87,12.08,10.8,3373.03,,,bullish,0.477,False,True,1,broke,3.72,30.3,-30.3
2025-06-17T18:45:00+02:00,15m,supply,3393.95,3381.87,12.08,10.33,3371.36,,,bullish,0.564,False,True,1,broke,2.06,31.97,-31.97
2025-06-18T15:00:00+02:00,15m,supply,3390.03,3382.51,7.52,10.28,3372.7,bearish,0.347,bullish,0.363,True,True,3,broke,8.51,25.78,-25.78
2025-06-18T15:30:00+02:00,15m,supply,3390.03,3382.51,7.52,11.14,3369.46,,,bearish,0.263,True,True,2,broke,5.28,29.01,-29.01
2025-06-18T15:45:00+02:00,15m,supply,3390.03,3382.51,7.52,11.08,3372.93,,,bullish,0.097,True,True,2,broke,8.75,27.16,-27.16
2025-06-18T16:00:00+02:00,15m,supply,3390.03,3382.51,7.52,10.23,3372.43,bearish,0.121,bearish,0.032,True,True,3,broke,8.24,27.66,-27.66
2025-06-18T18:30:00+02:00,15m,supply,3390.03,3382.51,7.52,9.53,3373.84,,,bullish,0.281,False,True,1,broke,11.18,26.25,-26.25
2025-06-18T18:45:00+02:00,15m,supply,3387.16,3378.89,8.27,9.19,3365.57,,,bearish,0.351,False,True,1,broke,2.91,34.52,-34.52
2025-06-19T13:00:00+02:00,15m,supply,3381.74,3367.19,14.55,13.62,3357.79,bullish,0.662,bearish,0.24,False,True,1,broke,10.13,27.89,-27.89
2025-06-19T13:15:00+02:00,15m,supply,3384.98,3372.32,12.66,12.27,3356.83,,,bearish,0.239,False,True,1,respected,9.17,28.84,9.17
2025-06-19T14:00:00+02:00,15m,supply,3384.98,3372.32,12.66,11.87,3357.43,bullish,0.174,bearish,0.236,False,True,1,respected,9.77,28.24,9.77
2025-06-19T14:30:00+02:00,15m,supply,3381.74,3367.19,14.55,14.86,3347.66,,,bullish,0.731,False,True,1,respected,0.0,28.22,0.0
2025-06-19T14:45:00+02:00,15m,supply,3381.74,3367.19,14.55,13.8,3347.66,,,bullish,0.114,False,True,1,respected,0.0,28.22,0.0
2025-06-19T15:00:00+02:00,15m,supply,3381.74,3367.19,14.55,13.89,3357.03,bullish,0.407,bearish,0.665,False,True,1,respected,9.37,18.85,9.37
2025-06-19T15:15:00+02:00,15m,supply,3381.74,3367.19,14.55,13.77,3350.9,,,bearish,0.233,False,True,1,respected,3.24,24.98,3.24
2025-06-19T15:30:00+02:00,15m,supply,3381.74,3367.19,14.55,14.65,3366.17,,,bullish,0.095,False,True,1,respected,18.51,9.71,18.51
2025-06-19T16:15:00+02:00,15m,supply,3381.74,3367.19,14.55,13.76,3347.66,,,bearish,0.227,False,True,1,respected,0.0,28.22,0.0
2025-06-19T16:30:00+02:00,15m,supply,3381.74,3367.19,14.55,13.83,3353.38,,,bearish,0.856,False,True,1,respected,5.72,22.5,5.72
2025-06-19T16:45:00+02:00,15m,supply,3384.98,3372.32,12.66,14.95,3369.09,,,bullish,0.034,False,True,1,respected,21.43,6.8,21.43
2025-06-19T17:15:00+02:00,15m,supply,3381.74,3367.19,14.55,14.87,3348.25,,,bullish,0.172,False,True,1,respected,0.13,27.64,0.13
2025-06-19T17:30:00+02:00,15m,supply,3381.74,3367.19,14.55,13.59,3355.02,,,bearish,0.351,False,True,1,respected,6.02,20.87,6.02
2025-06-19T18:00:00+02:00,15m,supply,3384.98,3372.32,12.66,11.83,3355.69,bearish,0.824,bullish,0.302,False,True,2,respected,6.69,19.23,6.69
2025-06-19T18:15:00+02:00,15m,supply,3384.98,3372.32,12.66,12.63,3366.15,,,bullish,0.179,False,True,1,respected,17.15,8.77,17.15
2025-06-19T18:30:00+02:00,15m,supply,3384.98,3372.32,12.66,12.85,3355.09,,,bullish,0.459,False,True,1,respected,6.09,19.83,6.09
2025-06-20T16:15:00+02:00,15m,supply,3367.77,3359.77,8.0,12.0,3345.72,,,bearish,0.197,False,True,1,broke,0.27,28.87,-28.87
2025-06-20T16:30:00+02:00,15m,supply,3367.77,3359.77,8.0,11.84,3355.88,,,bullish,0.229,False,True,1,broke,8.58,18.71,-18.71
2025-06-22T13:00:00+02:00,15m,supply,3396.71,3390.35,6.36,9.01,3380.59,bearish,0.364,bullish,0.291,False,True,2,respected,9.15,7.91,9.15
2025-06-23T14:45:00+02:00,15m,supply,3382.1,3370.82,11.28,18.34,3344.88,,,bullish,0.715,True,True,2,respected,3.24,41.17,3.24
2025-06-23T15:00:00+02:00,15m,supply,3382.1,3370.82,11.28,17.1,3363.97,bullish,0.5,bullish,0.051,True,True,2,respected,22.33,22.09,22.33
2025-06-23T15:15:00+02:00,15m,supply,3377.67,3358.78,18.9,16.83,3344.45,,,bearish,0.066,False,True,1,broke,2.81,41.6,-41.6
2025-06-23T15:30:00+02:00,15m,supply,3381.32,3362.0,19.32,17.35,3359.16,,,bearish,0.163,False,True,1,respected,17.52,26.89,17.52
2025-06-23T15:45:00+02:00,15m,supply,3382.1,3370.82,11.28,17.21,3349.51,,,bearish,0.136,False,True,1,respected,7.87,36.55,7.87
2025-06-23T16:00:00+02:00,15m,supply,3382.1,3370.82,11.28,16.1,3368.26,bullish,0.37,bearish,0.047,False,True,1,respected,26.62,17.79,26.62
2025-06-23T16:30:00+02:00,15m,supply,3382.1,3370.82,11.28,15.45,3341.64,,,bullish,0.144,True,True,2,respected,0.0,44.41,0.0
2025-06-23T16:45:00+02:00,15m,supply,3382.1,3370.82,11.28,15.32,3341.64,,,bearish,0.425,True,True,2,respected,0.0,44.41,0.0
2025-06-23T17:00:00+02:00,15m,supply,3377.67,3358.78,18.9,16.28,3357.2,bullish,0.103,bearish,0.218,True,True,2,broke,14.21,28.85,-28.85
2025-06-24T15:15:00+02:00,15m,supply,3340.81,3323.89,16.91,17.92,3298.53,,,bearish,0.271,False,True,1,broke,3.05,59.44,-59.44
2025-06-24T15:45:00+02:00,15m,supply,3347.91,3326.03,21.88,21.86,3295.48,,,bearish,0.124,False,True,1,broke,0.0,62.49,-62.49
2025-06-25T14:45:00+02:00,15m,demand,3323.78,3316.94,6.85,6.7,3330.52,,,bearish,0.155,False,True,1,respected,1.08,14.0,1.08
2025-06-25T15:00:00+02:00,15m,demand,3323.78,3316.94,6.85,6.44,3330.6,bearish,0.086,bearish,0.02,False,True,1,respected,1.6,14.08,1.6
2025-06-25T15:15:00+02:00,15m,demand,3323.78,3316.94,6.85,5.8,3330.03,,,bullish,0.237,False,True,1,respected,2.17,13.51,2.17
2025-06-25T16:30:00+02:00,15m,demand,3323.78,3316.94,6.85,5.94,3329.46,,,bullish,0.151,False,True,1,respected,10.58,12.44,10.58
2025-06-25T17:00:00+02:00,15m,demand,3323.78,3316.94,6.85,5.99,3323.94,bearish,0.4,bullish,0.07,False,True,1,respected,16.1,6.92,16.1
2025-06-26T13:00:00+02:00,15m,supply,3344.88,3330.11,14.77,13.65,3311.05,bullish,0.322,bullish,0.142,False,True,1,broke,1.05,39.34,-39.34
2025-06-26T13:15:00+02:00,15m,supply,3344.88,3330.11,14.77,12.41,3320.26,,,bullish,0.269,False,True,1,broke,10.26,30.13,-30.13
2025-06-26T14:15:00+02:00,15m,supply,3344.88,3330.11,14.77,13.7,3323.7,,,bearish,0.123,False,True,1,respected,13.7,20.45,13.7
2025-06-27T14:00:00+02:00,15m,supply,3317.64,3292.63,25.0,22.0,3269.16,bullish,0.278,bearish,0.13,False,True,1,broke,13.32,52.94,-52.94
2025-06-27T14:45:00+02:00,15m,supply,3313.32,3287.2,26.12,26.25,3255.84,,,bearish,0.001,False,True,1,broke,0.0,66.26,-66.26
2025-06-27T15:00:00+02:00,15m,supply,3313.32,3287.2,26.12,25.71,3275.03,bearish,0.89,bullish,0.044,False,True,2,broke,19.19,47.07,-47.07
2025-06-27T16:15:00+02:00,15m,supply,3317.64,3292.63,25.0,22.63,3266.49,,,bullish,0.288,False,True,1,broke,10.65,55.61,-55.61
2025-06-27T16:30:00+02:00,15m,supply,3317.64,3292.63,25.0,22.62,3288.5,,,bearish,0.643,False,True,1,broke,32.66,33.6,-33.6
2025-06-27T16:45:00+02:00,15m,demand,3292.72,3271.01,21.71,24.09,3322.1,,,bearish,0.837,False,True,1,broke,0.0,66.26,-66.26
2025-06-27T17:00:00+02:00,15m,demand,3292.72,3271.01,21.71,23.0,3322.1,bearish,0.587,bearish,0.089,True,True,2,broke,0.0,66.26,-66.26
2025-06-29T14:00:00+02:00,15m,supply,3275.5,3263.9,11.59,9.82,3251.97,bullish,0.293,bullish,0.762,False,True,1,respected,1.32,22.25,1.32
2025-06-30T13:00:00+02:00,15m,demand,3272.24,3259.6,12.64,15.17,3296.4,bullish,0.065,bearish,0.04,False,True,2,respected,18.2,20.66,18.2
2025-06-30T13:15:00+02:00,15m,demand,3272.24,3259.6,12.64,15.71,3283.18,,,bearish,0.373,False,True,1,respected,31.42,7.44,31.42
2025-06-30T15:30:00+02:00,15m,demand,3287.06,3267.1,19.96,17.34,3312.82,,,bullish,0.658,False,True,1,respected,1.78,28.86,1.78
2025-06-30T15:45:00+02:00,15m,demand,3287.06,3267.1,19.96,18.38,3299.62,,,bullish,0.224,False,True,1,respected,14.98,15.66,14.98
2025-06-30T16:00:00+02:00,15m,demand,3280.77,3261.35,19.42,17.89,3288.75,bullish,0.446,bearish,0.842,False,True,2,respected,25.85,4.79,25.85
2025-06-30T16:15:00+02:00,15m,demand,3287.06,3267.1,19.96,16.71,3302.83,,,bearish,0.21,True,True,2,respected,11.77,18.86,11.77
2025-06-30T17:30:00+02:00,15m,demand,3287.06,3267.1,19.96,17.04,3289.53,,,bullish,0.118,True,True,2,respected,25.07,5.57,25.07
2025-07-01T13:00:00+02:00,15m,supply,3331.91,3321.01,10.89,9.16,3312.18,bullish,0.793,bearish,0.502,False,False,0,broke,1.15,43.29,-43.29
2025-07-02T13:00:00+02:00,15m,demand,3344.99,3334.37,10.62,10.88,3356.37,bearish,0.036,bearish,0.012,False,True,1,broke,9.42,26.15,-26.15
2025-07-02T13:15:00+02:00,15m,demand,3344.99,3334.37,10.62,9.88,3352.93,,,bullish,0.149,False,True,1,broke,12.86,22.72,-22.72
2025-07-02T15:30:00+02:00,15m,demand,3346.74,3334.37,12.37,10.66,3357.2,,,bearish,0.068,True,True,2,respected,8.59,21.18,8.59
2025-07-02T15:45:00+02:00,15m,demand,3344.99,3334.37,10.62,10.43,3345.0,,,bearish,0.054,True,True,2,respected,20.79,8.98,20.79
2025-07-02T16:30:00+02:00,15m,demand,3346.74,3334.37,12.37,11.01,3365.79,,,bullish,0.275,True,True,2,respected,0.0,27.82,0.0
2025-07-02T16:45:00+02:00,15m,demand,3346.74,3334.37,12.37,10.74,3365.79,,,bullish,0.09,True,True,2,respected,0.0,27.82,0.0
2025-07-03T14:00:00+02:00,15m,supply,3352.17,3339.0,13.17,12.51,3325.6,bearish,0.123,bearish,0.074,False,True,2,broke,13.94,37.58,-37.58
2025-07-04T13:00:00+02:00,15m,demand,3338.04,3332.4,5.64,5.01,3345.16,bullish,0.081,bullish,0.108,False,True,2,broke,0.0,15.86,-15.86
2025-07-04T13:15:00+02:00,15m,demand,3336.02,3332.49,3.53,5.11,3337.72,,,bearish,0.172,False,True,1,broke,3.83,8.42,-8.42
2025-07-04T16:00:00+02:00,15m,supply,3339.47,3335.97,3.49,3.96,3331.11,bullish,0.131,bearish,0.146,False,True,1,broke,1.81,13.3,-13.3
2025-07-06T13:00:00+02:00,15m,supply,3337.26,3333.8,3.46,4.75,3326.44,bearish,0.077,bearish,0.096,False,True,2,broke,0.12,15.26,-15.26
2025-07-06T13:15:00+02:00,15m,supply,3337.26,3333.8,3.46,4.54,3329.6,,,bullish,0.161,False,True,1,broke,3.28,12.11,-12.11
2025-07-06T13:45:00+02:00,15m,demand,3336.45,3332.16,4.29,4.92,3341.43,,,bearish,0.049,False,False,0,broke,0.04,15.11,-15.11
2025-07-06T14:45:00+02:00,15m,supply,3337.61,3334.23,3.38,5.23,3329.38,,,bullish,0.069,True,True,2,respected,3.06,7.34,3.06
2025-07-06T16:15:00+02:00,15m,supply,3337.26,3333.8,3.46,5.86,3326.88,,,bearish,0.198,False,True,1,respected,0.56,8.62,0.56
2025-07-06T16:30:00+02:00,15m,supply,3337.26,3333.8,3.46,5.72,3332.08,,,bullish,0.159,True,True,2,respected,5.76,3.42,5.76
2025-07-06T18:45:00+02:00,15m,supply,3335.51,3331.53,3.97,4.01,3327.79,,,bullish,0.266,False,False,0,broke,1.47,15.03,-15.03
2025-07-07T13:00:00+02:00,15m,demand,3310.23,3299.52,10.71,12.37,3332.65,bearish,0.708,bearish,0.529,False,True,1,broke,13.19,36.11,-36.11
2025-07-07T13:15:00+02:00,15m,demand,3310.23,3299.52,10.71,12.37,3321.34,,,bullish,0.345,False,True,1,broke,24.5,24.8,-24.8
2025-07-07T14:00:00+02:00,15m,demand,3326.85,3307.98,18.88,16.02,3342.22,bullish,0.467,bearish,0.736,False,True,2,broke,3.62,45.68,-45.68
2025-07-07T14:45:00+02:00,15m,demand,3310.23,3299.52,10.71,20.16,3330.31,,,bearish,0.12,False,True,1,respected,15.53,33.77,15.53
2025-07-07T15:45:00+02:00,15m,demand,3314.79,3299.01,15.78,21.66,3341.26,,,bearish,0.256,False,True,1,respected,4.58,44.72,4.58
2025-07-07T16:00:00+02:00,15m,demand,3314.79,3299.01,15.78,20.62,3343.72,bullish,0.654,bullish,0.077,False,True,2,respected,2.12,47.18,2.12
2025-07-07T16:15:00+02:00,15m,demand,3314.79,3299.01,15.78,20.71,3345.84,,,bullish,0.267,False,True,1,respected,0.0,49.3,0.0
2025-07-07T16:30:00+02:00,15m,demand,3325.33,3305.95,19.38,19.5,3345.84,,,bullish,0.133,False,True,1,broke,0.0,49.3,-49.3
2025-07-07T16:45:00+02:00,15m,demand,3314.79,3299.01,15.78,20.27,3323.51,,,bullish,0.124,False,True,1,respected,22.33,26.97,22.33
2025-07-07T17:30:00+02:00,15m,demand,3325.33,3305.95,19.38,20.0,3345.84,,,bullish,0.129,True,False,1,broke,0.0,49.3,-49.3
2025-07-08T13:30:00+02:00,15m,supply,3329.76,3319.72,10.04,14.97,3298.92,,,bearish,0.507,True,True,2,respected,11.34,33.57,11.34
2025-07-08T13:45:00+02:00,15m,supply,3329.76,3319.72,10.04,15.2,3313.65,,,bullish,0.814,True,True,2,respected,26.45,18.83,26.45
2025-07-08T14:00:00+02:00,15m,supply,3329.55,3312.4,17.14,15.57,3297.72,bearish,0.389,bearish,0.15,True,True,3,respected,10.52,34.76,10.52
2025-07-08T14:15:00+02:00,15m,supply,3329.76,3319.72,10.04,17.11,3318.13,,,bearish,0.468,True,True,2,respected,30.93,14.35,30.93
2025-07-08T14:45:00+02:00,15m,supply,3329.55,3312.4,17.14,18.25,3294.56,,,bearish,0.041,True,True,2,respected,7.36,37.92,7.36
2025-07-08T15:00:00+02:00,15m,supply,3329.55,3312.4,17.14,18.63,3311.17,bullish,0.156,bearish,0.449,False,True,1,respected,23.97,21.31,23.97
2025-07-08T15:30:00+02:00,15m,supply,3329.55,3312.4,17.14,17.59,3292.25,,,bullish,0.181,False,True,1,respected,5.05,40.23,5.05
2025-07-08T15:45:00+02:00,15m,supply,3329.76,3319.72,10.04,18.7,3319.24,,,bullish,0.509,False,True,1,respected,32.04,13.24,32.04
2025-07-08T18:00:00+02:00,15m,supply,3324.89,3306.23,18.66,17.3,3288.52,bullish,0.26,bearish,0.014,False,True,1,broke,1.32,51.03,-51.03
2025-07-08T18:45:00+02:00,15m,supply,3324.89,3306.23,18.66,18.43,3287.2,,,bearish,0.407,False,True,1,broke,0.0,52.35,-52.35
2025-07-09T13:00:00+02:00,15m,demand,3295.49,3286.7,8.79,10.47,3309.46,bearish,0.111,bullish,0.299,False,True,1,respected,11.74,14.47,11.74
2025-07-09T13:15:00+02:00,15m,demand,3295.49,3286.7,8.79,10.08,3305.85,,,bullish,0.457,False,True,1,respected,15.35,10.86,15.35
2025-07-09T13:30:00+02:00,15m,demand,3295.49,3286.7,8.79,9.98,3298.86,,,bullish,0.448,False,True,1,respected,22.34,3.87,22.34
2025-07-09T14:00:00+02:00,15m,demand,3295.49,3286.7,8.79,10.32,3310.16,bearish,0.096,bearish,0.093,False,True,1,respected,11.04,15.17,11.04
2025-07-09T14:15:00+02:00,15m,demand,3295.49,3286.7,8.79,10.02,3301.48,,,bullish,0.438,False,True,1,respected,19.72,6.49,19.72
2025-07-09T14:30:00+02:00,15m,demand,3295.49,3286.7,8.79,10.38,3321.2,,,bullish,0.204,False,True,1,respected,0.0,26.21,0.0
2025-07-09T14:45:00+02:00,15m,demand,3295.49,3286.7,8.79,9.96,3316.25,,,bearish,0.318,False,True,1,respected,4.95,21.26,4.95
2025-07-09T15:00:00+02:00,15m,demand,3295.49,3286.7,8.79,10.6,3305.4,bearish,0.135,bearish,0.211,False,True,1,respected,15.8,10.41,15.8
2025-07-09T15:15:00+02:00,15m,demand,3295.49,3286.7,8.79,9.85,3302.81,,,bearish,0.088,False,True,1,respected,18.39,7.81,18.39
2025-07-09T16:00:00+02:00,15m,demand,3295.49,3286.7,8.79,9.79,3305.98,bullish,0.053,bearish,0.048,False,False,1,respected,15.22,10.99,15.22
2025-07-09T16:15:00+02:00,15m,demand,3295.49,3286.7,8.79,9.08,3310.42,,,bullish,0.051,False,False,0,respected,10.78,15.42,10.78
2025-07-09T16:45:00+02:00,15m,demand,3295.49,3286.7,8.79,9.59,3310.25,,,bullish,0.459,False,False,0,respected,10.95,11.56,10.95
2025-07-09T17:00:00+02:00,15m,demand,3295.49,3286.7,8.79,9.26,3312.49,bullish,0.285,bullish,0.168,False,False,1,respected,8.71,13.8,8.71
2025-07-10T14:15:00+02:00,15m,supply,3323.25,3316.2,7.05,5.95,3314.26,,,bullish,0.084,False,True,1,broke,4.09,16.05,-16.05
2025-07-10T15:15:00+02:00,15m,demand,3323.25,3316.2,7.05,6.2,3330.31,,,bullish,0.298,False,True,1,broke,0.0,20.14,-20.14
2025-07-10T15:30:00+02:00,15m,demand,3323.25,3316.2,7.05,6.31,3323.87,,,bullish,0.051,False,True,1,broke,5.96,13.7,-13.7
2025-07-10T18:15:00+02:00,15m,demand,3320.97,3312.18,8.79,8.09,3329.47,,,bullish,0.036,False,True,1,broke,0.84,19.3,-19.3
2025-07-11T13:30:00+02:00,15m,demand,3341.13,3327.7,13.43,16.18,3364.04,,,bullish,0.539,False,True,1,respected,4.12,33.27,4.12
2025-07-11T13:45:00+02:00,15m,demand,3341.13,3327.7,13.43,16.18,3357.66,,,bearish,0.363,False,True,1,respected,10.5,26.89,10.5
2025-07-11T14:00:00+02:00,15m,demand,3341.13,3327.7,13.43,15.0,3354.92,bullish,1.105,bearish,0.09,False,True,2,respected,13.25,24.14,13.25
2025-07-11T14:15:00+02:00,15m,demand,3341.13,3327.7,13.43,14.67,3358.98,,,bullish,0.144,False,True,1,respected,9.18,28.21,9.18
2025-07-11T14:30:00+02:00,15m,demand,3341.13,3327.7,13.43,13.62,3358.73,,,bullish,0.122,False,True,1,respected,9.43,27.96,9.43
2025-07-11T14:45:00+02:00,15m,demand,3341.13,3327.7,13.43,13.6,3352.34,,,bullish,0.178,False,True,1,respected,15.82,21.57,15.82
2025-07-11T16:30:00+02:00,15m,demand,3350.6,3337.71,12.89,10.83,3364.6,,,bearish,0.02,True,True,2,broke,4.19,33.83,-33.83
2025-07-11T18:00:00+02:00,15m,demand,3350.6,3337.71,12.89,11.06,3351.67,bullish,0.126,bullish,0.377,True,True,3,broke,17.12,20.89,-20.89
2025-07-11T18:15:00+02:00,15m,supply,3360.13,3348.64,11.49,12.02,3331.21,,,bearish,0.086,False,True,1,broke,0.24,37.58,-37.58
2025-07-11T18:30:00+02:00,15m,demand,3350.6,3337.71,12.89,14.28,3365.11,,,bullish,0.133,True,True,2,respected,3.68,13.73,3.68
2025-07-11T18:45:00+02:00,15m,demand,3350.6,3337.71,12.89,14.1,3356.71,,,bullish,0.044,True,True,2,respected,12.08,5.32,12.08
2025-07-13T13:45:00+02:00,15m,demand,3367.49,3363.89,3.61,3.65,3371.29,,,bullish,0.163,True,False,1,broke,1.38,11.61,-11.61
2025-07-13T14:45:00+02:00,15m,supply,3367.49,3363.89,3.61,3.95,3359.68,,,bullish,0.102,False,True,1,broke,0.0,13.27,-13.27
2025-07-14T13:15:00+02:00,15m,supply,3375.07,3368.82,6.25,12.86,3355.65,,,bearish,0.007,False,False,0,respected,14.53,12.32,14.53
2025-07-14T13:30:00+02:00,15m,supply,3375.07,3368.82,6.25,12.42,3361.59,,,bullish,0.122,False,False,0,respected,20.47,6.38,20.47
2025-07-14T14:00:00+02:00,15m,supply,3375.07,3368.82,6.25,12.71,3355.16,bearish,0.158,bullish,0.077,False,False,1,respected,14.04,10.48,14.04
2025-07-14T14:15:00+02:00,15m,supply,3375.07,3368.82,6.25,12.33,3356.31,,,bearish,0.263,False,False,0,respected,15.19,9.32,15.19
2025-07-14T14:30:00+02:00,15m,supply,3375.07,3368.82,6.25,11.99,3358.37,,,bearish,0.278,False,False,0,respected,17.25,7.27,17.25
2025-07-14T14:45:00+02:00,15m,supply,3375.07,3368.82,6.25,12.29,3353.75,,,bullish,0.085,False,False,0,respected,12.63,11.89,12.63
2025-07-14T15:00:00+02:00,15m,supply,3375.07,3365.09,9.98,11.46,3361.47,bullish,0.094,bullish,0.643,False,False,0,respected,20.35,4.17,20.35
2025-07-14T15:30:00+02:00,15m,supply,3362.51,3353.27,9.23,10.86,3341.12,,,bearish,0.511,True,True,2,broke,0.0,24.51,-24.51
2025-07-14T16:45:00+02:00,15m,supply,3370.52,3361.45,9.07,8.97,3346.63,,,bullish,0.075,False,False,0,respected,4.05,17.57,4.05
2025-07-14T17:00:00+02:00,15m,supply,3370.52,3361.45,9.07,8.75,3349.75,bearish,0.023,bearish,0.027,False,False,1,respected,7.18,14.45,7.18
2025-07-14T17:15:00+02:00,15m,supply,3370.52,3361.45,9.07,8.75,3356.7,,,bearish,0.11,False,False,0,respected,14.13,7.5,14.13
2025-07-14T17:30:00+02:00,15m,supply,3362.51,3353.27,9.23,8.86,3343.31,,,bullish,0.17,False,True,1,respected,0.73,20.89,0.73
2025-07-15T16:45:00+02:00,15m,supply,3355.25,3339.96,15.29,13.07,3327.45,,,bullish,0.125,False,True,1,respected,6.37,21.4,6.37
2025-07-15T17:00:00+02:00,15m,supply,3355.25,3339.96,15.29,13.02,3338.77,bearish,0.242,bullish,0.245,False,True,2,respected,17.69,10.35,17.69
2025-07-15T17:30:00+02:00,15m,supply,3355.25,3339.96,15.29,13.24,3323.81,,,bearish,0.245,False,True,1,respected,2.73,25.31,2.73
2025-07-15T17:45:00+02:00,15m,supply,3355.25,3339.96,15.29,13.35,3331.61,,,bearish,0.077,False,True,1,respected,2.12,17.51,2.12
2025-07-16T14:45:00+02:00,15m,demand,3347.8,3324.88,22.92,20.33,3370.45,,,bearish,0.526,False,True,1,respected,6.99,49.72,6.99
2025-07-16T16:45:00+02:00,15m,demand,3347.8,3324.88,22.92,21.59,3377.44,,,bullish,0.601,False,True,1,respected,0.0,56.71,0.0
2025-07-16T17:00:00+02:00,15m,demand,3347.8,3324.88,22.92,23.36,3348.8,bearish,0.144,bullish,0.297,False,True,1,respected,17.69,28.07,17.69
2025-07-17T13:00:00+02:00,15m,demand,3334.28,3320.85,13.44,12.16,3347.45,bullish,0.59,bearish,0.155,False,True,2,broke,0.0,31.42,-31.42
2025-07-17T13:15:00+02:00,15m,demand,3334.28,3320.85,13.44,12.43,3335.49,,,bearish,0.033,True,True,2,broke,7.34,19.46,-19.46
2025-07-17T14:45:00+02:00,15m,supply,3338.06,3330.55,7.51,11.07,3318.09,,,bearish,0.404,False,True,1,broke,2.88,24.73,-24.73
2025-07-17T17:00:00+02:00,15m,supply,3338.06,3330.55,7.51,9.56,3317.52,bullish,0.014,bullish,0.429,False,True,1,broke,2.3,25.31,-25.31
2025-07-18T13:15:00+02:00,15m,demand,3344.74,3337.88,6.86,8.33,3355.4,,,bearish,0.298,False,True,1,broke,5.93,21.3,-21.3
2025-07-18T15:15:00+02:00,15m,demand,3348.58,3341.97,6.61,6.35,3361.33,,,bullish,0.561,False,True,1,broke,0.0,29.47,-29.47
2025-07-18T16:15:00+02:00,15m,demand,3348.22,3338.05,10.16,9.1,3358.75,,,bearish,0.073,False,True,1,broke,2.58,26.89,-26.89
2025-07-20T13:30:00+02:00,15m,supply,3349.48,3347.96,1.52,1.29,3346.2,,,bearish,0.003,False,True,1,broke,1.13,3.51,-3.51
2025-07-20T14:00:00+02:00,15m,supply,3349.43,3348.46,0.97,1.54,3347.12,bearish,0.142,bearish,0.022,False,True,2,broke,2.05,2.6,-2.6
2025-07-20T14:15:00+02:00,15m,supply,3349.48,3347.96,1.52,1.66,3345.07,,,bullish,0.009,False,True,1,broke,0.0,4.64,-4.64
2025-07-20T14:30:00+02:00,15m,supply,3349.48,3347.96,1.52,1.7,3346.46,,,bullish,0.032,False,True,1,broke,0.81,3.25,-3.25
2025-07-20T14:45:00+02:00,15m,supply,3349.43,3348.46,0.97,1.68,3347.44,,,bullish,0.031,False,True,1,broke,1.79,2.27,-2.27
2025-07-20T15:30:00+02:00,15m,supply,3349.43,3348.46,0.97,1.62,3346.45,,,bullish,0.014,False,False,0,broke,0.8,3.27,-3.27
2025-07-20T15:45:00+02:00,15m,supply,3349.48,3347.96,1.52,1.53,3346.91,,,bullish,0.01,False,False,0,broke,1.26,3.51,-3.51
2025-07-20T16:00:00+02:00,15m,supply,3349.48,3347.96,1.52,1.48,3346.46,bullish,0.01,bullish,0.024,True,False,1,broke,0.82,3.96,-3.96
2025-07-20T16:15:00+02:00,15m,supply,3349.43,3348.46,0.97,1.53,3347.99,,,bullish,0.024,True,False,1,broke,2.34,2.43,-2.43
2025-07-20T17:00:00+02:00,15m,supply,3349.48,3347.96,1.52,1.54,3345.88,bullish,0.063,bullish,0.004,False,False,0,broke,0.23,4.54,-4.54
2025-07-20T17:15:00+02:00,15m,supply,3349.48,3347.96,1.52,1.43,3347.14,,,bullish,0.005,False,False,0,broke,0.84,3.28,-3.28
2025-07-20T18:15:00+02:00,15m,supply,3349.48,3347.96,1.52,1.38,3346.69,,,bullish,0.027,False,False,0,broke,0.4,3.73,-3.73
2025-07-21T16:15:00+02:00,15m,demand,3382.55,3370.15,12.39,11.24,3397.9,,,bearish,0.301,False,False,0,broke,4.81,50.1,-50.1
2025-07-21T16:30:00+02:00,15m,demand,3371.98,3358.89,13.09,12.2,3378.04,,,bearish,0.031,True,True,2,broke,24.67,30.24,-30.24
2025-07-21T17:15:00+02:00,15m,demand,3371.98,3358.89,13.09,12.59,3385.57,,,bullish,0.075,False,True,1,broke,17.14,37.77,-37.77
2025-07-21T17:30:00+02:00,15m,demand,3371.98,3358.89,13.09,12.15,3381.55,,,bullish,0.185,False,True,1,broke,21.16,33.75,-33.75
2025-07-21T17:45:00+02:00,15m,demand,3380.07,3369.81,10.26,11.66,3390.4,,,bullish,0.14,False,False,0,broke,12.31,42.6,-42.6
2025-07-21T18:00:00+02:00,15m,demand,3382.55,3370.15,12.39,11.46,3402.71,bearish,0.958,bullish,0.102,False,False,0,broke,0.0,54.91,-54.91
2025-07-21T18:15:00+02:00,15m,demand,3382.55,3370.15,12.39,10.97,3402.71,,,bearish,0.122,False,False,0,broke,0.0,54.91,-54.91
2025-07-21T18:30:00+02:00,15m,demand,3380.07,3369.81,10.26,11.24,3381.07,,,bullish,0.081,False,False,0,broke,13.3,33.27,-33.27
2025-07-22T13:45:00+02:00,15m,demand,3405.03,3386.8,18.23,15.4,3423.75,,,bearish,0.437,False,True,1,respected,5.19,33.77,5.19
2025-07-22T14:00:00+02:00,15m,demand,3405.03,3386.8,18.23,15.63,3414.57,bearish,0.588,bearish,0.597,False,True,1,respected,14.37,24.6,14.37
2025-07-23T13:00:00+02:00,15m,supply,3423.27,3407.59,15.69,15.75,3406.57,bearish,0.382,bearish,0.344,False,True,2,respected,13.34,14.7,13.34
2025-07-23T14:45:00+02:00,15m,supply,3423.27,3409.93,13.35,15.89,3394.2,,,bearish,0.34,False,True,1,broke,0.9,44.71,-44.71
2025-07-23T15:00:00+02:00,15m,supply,3423.27,3409.93,13.35,16.36,3406.73,bullish,0.107,bearish,0.342,False,True,1,broke,13.01,32.18,-32.18
2025-07-23T17:45:00+02:00,15m,supply,3423.27,3409.93,13.35,11.52,3405.89,,,bearish,0.202,False,False,0,broke,20.08,33.02,-33.02
2025-07-24T13:00:00+02:00,15m,supply,3387.37,3379.4,7.97,8.65,3368.85,bearish,0.263,bullish,0.123,False,False,1,respected,14.69,17.51,14.69
2025-07-24T13:15:00+02:00,15m,supply,3387.37,3379.4,7.97,8.94,3376.17,,,bearish,0.029,False,False,0,respected,22.01,10.18,22.01
2025-07-24T13:30:00+02:00,15m,supply,3387.37,3379.4,7.97,9.37,3367.14,,,bullish,0.074,False,False,0,respected,12.98,19.21,12.98
2025-07-24T15:15:00+02:00,15m,supply,3380.5,3372.27,8.22,11.63,3354.95,,,bullish,0.353,True,True,2,broke,3.43,28.43,-28.43
2025-07-24T15:30:00+02:00,15m,supply,3380.5,3372.27,8.22,11.69,3371.67,,,bearish,0.188,True,True,2,broke,20.15,11.71,-11.71
2025-07-25T13:00:00+02:00,15m,supply,3373.65,3364.32,9.33,14.22,3347.19,bullish,0.032,bullish,0.406,False,True,1,respected,18.55,23.64,18.55
2025-07-25T13:15:00+02:00,15m,supply,3373.65,3364.32,9.33,13.95,3360.02,,,bearish,0.421,False,True,1,respected,34.95,10.82,34.95
2025-07-25T13:30:00+02:00,15m,supply,3373.65,3357.85,15.8,13.72,3341.22,,,bullish,0.13,False,True,1,respected,16.15,29.62,16.15
2025-07-25T14:15:00+02:00,15m,supply,3373.65,3356.54,17.11,14.6,3341.91,,,bullish,0.547,False,True,1,respected,16.84,28.93,16.84
2025-07-25T15:15:00+02:00,15m,supply,3373.65,3357.85,15.8,13.64,3340.27,,,bearish,0.063,False,True,1,respected,15.2,30.57,15.2
2025-07-27T13:00:00+02:00,15m,demand,3324.8,3320.42,4.38,4.07,3333.82,bearish,0.072,bearish,0.17,False,False,0,broke,3.61,15.84,-15.84
2025-07-27T13:15:00+02:00,15m,demand,3326.59,3321.67,4.92,4.17,3330.2,,,bearish,0.266,True,False,1,broke,7.23,12.22,-12.22
2025-07-27T13:30:00+02:00,15m,demand,3326.59,3321.67,4.92,4.13,3331.5,,,bullish,0.255,True,False,1,broke,5.93,13.52,-13.52
2025-07-27T14:00:00+02:00,15m,demand,3327.12,3321.67,5.45,4.66,3337.43,bearish,0.207,bearish,0.123,False,False,0,broke,0.0,19.45,-19.45
2025-07-27T14:15:00+02:00,15m,demand,3326.59,3321.67,4.92,4.27,3337.43,,,bearish,0.079,False,False,0,broke,0.0,19.45,-19.45
2025-07-27T14:30:00+02:00,15m,demand,3327.12,3321.67,5.45,4.9,3328.44,,,bullish,0.082,False,False,0,broke,8.99,10.46,-10.46
2025-07-27T15:00:00+02:00,15m,demand,3325.87,3320.42,5.45,5.45,3331.46,bullish,0.227,bullish,0.127,True,False,2,broke,5.97,13.48,-13.48
2025-07-27T15:15:00+02:00,15m,demand,3327.12,3321.67,5.45,5.5,3332.66,,,bullish,0.095,True,False,1,broke,4.77,14.68,-14.68
2025-07-27T15:30:00+02:00,15m,demand,3327.12,3321.67,5.45,5.77,3328.09,,,bearish,0.025,True,False,1,broke,9.34,10.11,-10.11
2025-07-27T15:45:00+02:00,15m,demand,3325.87,3320.42,5.45,5.83,3331.89,,,bullish,0.036,True,False,1,broke,5.54,13.91,-13.91
2025-07-27T16:00:00+02:00,15m,demand,3330.91,3324.55,6.35,5.82,3336.14,bullish,0.063,bullish,0.177,True,True,3,broke,1.29,18.16,-18.16
2025-07-27T16:15:00+02:00,15m,supply,3332.08,3326.4,5.68,6.91,3317.98,,,bullish,0.043,True,True,2,broke,0.0,19.45,-19.45
2025-07-27T16:30:00+02:00,15m,supply,3330.91,3324.55,6.35,6.41,3317.98,,,bearish,0.118,True,True,2,broke,0.0,19.45,-19.45
2025-07-27T16:45:00+02:00,15m,supply,3332.08,3326.4,5.68,6.71,3326.06,,,bearish,0.131,True,True,2,broke,2.15,11.37,-11.37
2025-07-27T17:15:00+02:00,15m,demand,3328.78,3320.52,8.26,6.91,3337.43,,,bullish,0.033,False,False,0,respected,0.0,13.51,0.0
2025-07-27T17:30:00+02:00,15m,demand,3330.91,3324.55,6.35,6.23,3334.27,,,bullish,0.107,False,True,1,respected,1.34,10.35,1.34
2025-07-27T17:45:00+02:00,15m,demand,3327.12,3321.67,5.45,6.52,3330.14,,,bearish,0.071,False,False,0,respected,5.46,6.23,5.46
2025-07-27T18:00:00+02:00,15m,demand,3328.78,3321.26,7.52,6.29,3335.09,bullish,0.044,bullish,0.013,False,False,1,respected,0.11,11.17,0.11
2025-07-27T18:15:00+02:00,15m,demand,3328.78,3321.67,7.11,6.1,3333.94,,,bearish,0.052,False,False,0,respected,0.91,10.03,0.91
2025-07-27T18:45:00+02:00,15m,demand,3327.12,3321.67,5.45,6.8,3333.75,,,bullish,0.221,False,False,0,respected,1.1,6.4,1.1
2025-07-28T13:00:00+02:00,15m,supply,3336.8,3324.64,12.16,12.01,3310.32,bearish,0.637,bearish,0.273,False,True,2,broke,8.48,35.02,-35.02
2025-07-28T13:15:00+02:00,15m,supply,3336.8,3324.64,12.16,11.3,3316.38,,,bullish,0.009,False,True,1,broke,14.54,28.96,-28.96
2025-07-28T13:30:00+02:00,15m,supply,3337.92,3327.71,10.21,10.84,3324.33,,,bullish,0.177,False,True,1,broke,22.49,21.01,-21.01
2025-07-28T14:15:00+02:00,15m,demand,3330.3,3319.57,10.73,12.43,3344.79,,,bearish,0.046,True,True,2,broke,0.55,42.95,-42.95
2025-07-28T14:30:00+02:00,15m,supply,3337.92,3327.71,10.21,13.72,3313.31,,,bearish,0.146,True,True,2,broke,11.47,32.03,-32.03
2025-07-28T14:45:00+02:00,15m,demand,3327.83,3309.21,18.62,15.57,3345.34,,,bearish,0.071,False,True,1,broke,0.0,43.5,-43.5
2025-07-28T15:00:00+02:00,15m,demand,3326.58,3311.48,15.1,14.16,3345.34,bullish,0.182,bullish,0.671,False,True,2,broke,0.0,43.5,-43.5
2025-07-28T15:15:00+02:00,15m,demand,3326.58,3311.48,15.1,14.34,3335.12,,,bullish,0.275,False,True,1,broke,1.37,33.28,-33.28
2025-07-28T16:00:00+02:00,15m,supply,3330.3,3319.57,10.73,13.82,3302.23,bearish,0.169,bullish,0.127,False,True,2,broke,0.39,30.71,-30.71
2025-07-29T13:15:00+02:00,15m,demand,3318.58,3312.61,5.98,9.69,3328.65,,,bullish,0.093,False,True,1,respected,5.1,14.59,5.1
2025-07-29T13:30:00+02:00,15m,demand,3322.13,3313.31,8.81,9.23,3331.78,,,bullish,0.034,False,True,1,respected,1.97,17.72,1.97
2025-07-29T14:15:00+02:00,15m,demand,3323.28,3313.59,9.68,9.24,3333.26,,,bearish,0.098,False,True,1,respected,0.91,15.33,0.91
2025-07-29T14:30:00+02:00,15m,demand,3324.57,3316.33,8.24,8.37,3329.39,,,bullish,0.24,False,True,1,respected,4.78,11.46,4.78
2025-07-30T16:15:00+02:00,15m,supply,3308.43,3290.78,17.66,16.2,3277.54,,,bullish,1.21,False,True,1,respected,9.29,24.5,9.29
2025-07-31T16:00:00+02:00,15m,demand,3299.04,3293.03,6.01,7.56,3311.14,bearish,0.783,bullish,0.226,False,False,0,broke,3.75,25.22,-25.22
2025-07-31T16:15:00+02:00,15m,supply,3307.03,3298.39,8.64,9.35,3287.45,,,bullish,0.094,False,True,1,broke,0.44,27.44,-27.44
2025-07-31T16:30:00+02:00,15m,demand,3299.04,3293.03,6.01,9.63,3313.69,,,bearish,0.019,False,False,0,broke,1.2,24.96,-24.96
2025-07-31T16:45:00+02:00,15m,demand,3299.04,3293.03,6.01,10.53,3303.44,,,bearish,0.312,False,True,1,broke,11.45,14.72,-14.72
2025-07-31T17:00:00+02:00,15m,demand,3299.04,3293.03,6.01,10.88,3314.89,bearish,0.11,bearish,0.109,False,True,1,broke,0.0,26.17,-26.17
2025-08-01T15:30:00+02:00,15m,supply,3342.05,3322.97,19.08,17.55,3295.94,,,bearish,0.587,False,True,1,broke,1.72,67.47,-67.47
2025-08-01T15:45:00+02:00,15m,demand,3342.05,3322.97,19.08,19.82,3363.41,,,bullish,0.009,False,True,1,broke,0.0,56.94,-56.94
2025-08-04T13:00:00+02:00,15m,demand,3368.06,3356.18,11.88,10.98,3379.61,bearish,0.101,bullish,0.271,False,True,1,broke,5.81,34.49,-34.49
2025-08-05T13:30:00+02:00,15m,demand,3373.21,3361.41,11.8,12.86,3384.99,,,bearish,0.127,False,True,1,broke,5.51,35.07,-35.07
2025-08-06T13:00:00+02:00,15m,supply,3380.97,3373.59,7.38,7.47,3365.63,bullish,0.449,bullish,0.082,False,False,0,broke,7.31,19.29,-19.29
2025-08-06T13:45:00+02:00,15m,supply,3380.97,3373.59,7.38,7.67,3364.04,,,bearish,0.114,False,False,0,broke,5.72,20.87,-20.87
2025-08-06T14:00:00+02:00,15m,supply,3380.97,3373.59,7.38,6.91,3362.87,bearish,0.592,bearish,0.115,False,False,1,broke,4.55,22.05,-22.05
2025-08-07T13:15:00+02:00,15m,demand,3385.08,3375.44,9.64,11.38,3405.26,,,bearish,0.202,True,True,2,respected,3.81,31.01,3.81
2025-08-07T13:30:00+02:00,15m,demand,3385.08,3375.44,9.64,12.28,3388.59,,,bearish,0.21,True,True,2,respected,20.48,14.35,20.48
2025-08-07T13:45:00+02:00,15m,demand,3388.24,3373.32,14.92,13.18,3404.03,,,bullish,0.181,True,True,2,respected,5.04,29.78,5.04
2025-08-07T14:45:00+02:00,15m,demand,3388.24,3373.32,14.92,14.25,3406.43,,,bullish,0.555,True,True,2,respected,2.64,32.19,2.64
2025-08-07T15:00:00+02:00,15m,demand,3388.24,3373.32,14.92,14.32,3400.46,bearish,0.577,bullish,0.157,False,True,1,respected,8.61,26.22,8.61
2025-08-07T15:15:00+02:00,15m,demand,3385.08,3375.44,9.64,14.06,3398.29,,,bearish,0.509,False,True,1,respected,10.78,24.05,10.78
2025-08-07T15:30:00+02:00,15m,demand,3382.84,3365.36,17.48,14.66,3384.85,,,bearish,0.173,False,True,1,respected,24.22,10.61,24.22
2025-08-07T15:45:00+02:00,15m,demand,3388.24,3373.32,14.92,15.54,3407.82,,,bullish,0.958,True,True,2,respected,1.25,33.57,1.25
2025-08-07T16:00:00+02:00,15m,demand,3388.24,3373.32,14.92,14.97,3409.07,bullish,0.605,bearish,0.03,True,True,3,respected,0.0,34.83,0.0
2025-08-07T16:15:00+02:00,15m,demand,3388.24,3373.32,14.92,16.42,3388.71,,,bearish,0.677,True,True,2,respected,17.66,14.47,17.66
2025-08-07T16:45:00+02:00,15m,demand,3382.84,3365.36,17.48,14.58,3400.15,,,bullish,0.465,False,True,1,respected,6.22,25.91,6.22
2025-08-07T17:15:00+02:00,15m,demand,3382.84,3365.36,17.48,16.06,3402.29,,,bearish,0.481,False,True,1,respected,4.08,27.84,4.08
2025-08-07T17:30:00+02:00,15m,demand,3388.24,3373.32,14.92,14.7,3401.46,,,bearish,0.239,False,True,1,respected,4.92,27.01,4.92
2025-08-07T17:45:00+02:00,15m,demand,3382.84,3365.36,17.48,14.65,3389.06,,,bullish,0.16,False,True,1,respected,17.31,14.61,17.31
2025-08-07T18:15:00+02:00,15m,demand,3382.84,3365.36,17.48,14.62,3396.6,,,bearish,0.757,False,True,1,respected,9.77,15.03,9.77
2025-08-08T18:00:00+02:00,15m,supply,3396.34,3390.4,5.94,5.54,3376.27,bearish,0.488,bearish,0.175,False,False,1,broke,0.0,28.29,-28.29
2025-08-08T18:15:00+02:00,15m,supply,3396.34,3389.38,6.96,6.05,3388.0,,,bullish,0.23,False,False,0,broke,2.93,16.56,-16.56
2025-08-08T18:45:00+02:00,15m,demand,3396.34,3389.38,6.96,6.91,3403.04,,,bullish,0.214,False,True,1,broke,1.52,17.98,-17.98
2025-08-10T16:30:00+02:00,15m,supply,3398.93,3395.34,3.59,3.99,3391.31,,,bullish,0.192,False,False,0,respected,0.9,8.02,0.9
2025-08-10T16:45:00+02:00,15m,supply,3398.93,3395.34,3.59,3.84,3394.85,,,bearish,0.269,False,False,0,respected,4.44,4.48,4.44
2025-08-10T17:45:00+02:00,15m,supply,3398.93,3395.34,3.59,3.69,3390.41,,,bullish,0.061,False,False,0,respected,0.0,8.92,0.0
2025-08-10T18:00:00+02:00,15m,supply,3398.93,3395.34,3.59,3.95,3394.93,bearish,0.0,bearish,0.056,True,False,2,respected,3.89,4.4,3.89
2025-08-11T13:00:00+02:00,15m,supply,3391.74,3381.51,10.23,14.54,3356.08,bearish,0.195,bearish,0.158,False,False,1,respected,14.55,20.88,14.55
2025-08-11T13:15:00+02:00,15m,supply,3383.26,3368.02,15.25,14.67,3363.62,,,bullish,0.311,False,True,1,respected,22.09,13.35,22.09
2025-08-11T13:30:00+02:00,15m,supply,3391.74,3381.51,10.23,14.07,3361.66,,,bearish,0.222,False,False,0,respected,20.13,15.31,20.13
2025-08-11T13:45:00+02:00,15m,supply,3391.74,3381.51,10.23,14.43,3375.16,,,bearish,0.464,False,False,0,respected,33.63,1.29,33.63
2025-08-11T14:00:00+02:00,15m,supply,3391.74,3381.51,10.23,14.68,3365.18,bullish,0.09,bullish,0.103,False,False,0,respected,23.65,10.61,23.65
2025-08-12T13:30:00+02:00,15m,supply,3352.38,3345.34,7.04,5.99,3342.99,,,bullish,0.074,False,True,1,respected,11.82,9.79,11.82
2025-08-12T15:30:00+02:00,15m,supply,3352.38,3345.34,7.04,7.04,3337.57,,,bullish,0.3,True,True,2,broke,6.4,18.4,-18.4
2025-08-12T16:15:00+02:00,15m,supply,3351.86,3341.37,10.49,8.9,3331.17,,,bearish,0.209,True,True,2,broke,0.0,24.8,-24.8
2025-08-12T16:30:00+02:00,15m,supply,3351.41,3341.37,10.04,8.61,3331.17,,,bullish,0.043,True,True,2,broke,0.0,24.8,-24.8
2025-08-12T16:45:00+02:00,15m,supply,3352.38,3345.34,7.04,8.27,3338.15,,,bullish,0.161,True,True,2,broke,2.62,17.81,-17.81
2025-08-13T17:00:00+02:00,15m,supply,3365.88,3358.63,7.25,7.07,3349.07,bullish,0.306,bullish,0.169,False,True,1,broke,6.26,19.06,-19.06
2025-08-13T18:45:00+02:00,15m,supply,3365.88,3358.63,7.25,9.89,3342.81,,,bearish,0.205,False,True,1,respected,0.0,24.59,0.0
2025-08-14T13:00:00+02:00,15m,supply,3373.48,3360.59,12.89,11.77,3350.18,bearish,0.472,bearish,0.945,False,False,1,respected,20.29,16.38,20.29
2025-08-14T13:15:00+02:00,15m,supply,3373.48,3360.59,12.89,11.45,3345.49,,,bearish,0.207,False,False,0,respected,15.6,21.07,15.6
2025-08-14T13:30:00+02:00,15m,supply,3373.48,3360.59,12.89,11.99,3356.66,,,bullish,0.403,False,True,1,respected,26.77,9.9,26.77
2025-08-14T15:00:00+02:00,15m,supply,3360.18,3349.45,10.73,9.88,3338.17,bearish,0.411,bullish,0.049,False,True,2,broke,8.28,28.4,-28.4
2025-08-14T15:45:00+02:00,15m,supply,3360.18,3349.45,10.73,12.18,3335.82,,,bullish,0.14,False,True,1,broke,5.93,30.74,-30.74
2025-08-14T16:00:00+02:00,15m,supply,3360.18,3349.45,10.73,12.49,3343.36,bearish,0.787,bearish,0.194,False,True,2,broke,13.47,23.21,-23.21
2025-08-14T17:00:00+02:00,15m,demand,3347.41,3334.99,12.42,11.14,3358.27,bullish,0.231,bearish,0.688,False,True,2,broke,16.63,28.38,-28.38
2025-08-14T17:30:00+02:00,15m,supply,3360.18,3349.45,10.73,12.8,3329.89,,,bearish,0.628,False,True,1,broke,0.0,45.01,-45.01
2025-08-14T17:45:00+02:00,15m,supply,3360.18,3349.45,10.73,13.68,3345.84,,,bullish,0.069,False,True,1,broke,9.79,29.06,-29.06
2025-08-14T18:00:00+02:00,15m,demand,3347.41,3334.99,12.42,14.67,3365.38,bullish,0.823,bullish,0.132,False,True,2,respected,9.52,29.32,9.52
2025-08-15T14:15:00+02:00,15m,demand,3340.53,3336.38,4.15,4.95,3348.77,,,bearish,0.16,False,True,1,respected,0.0,12.06,0.0
2025-08-15T14:30:00+02:00,15m,demand,3340.53,3336.38,4.15,5.09,3343.87,,,bearish,0.103,False,True,1,respected,4.9,7.16,4.9
2025-08-15T15:00:00+02:00,15m,demand,3340.53,3336.38,4.15,5.18,3348.77,bullish,0.202,bullish,0.247,True,True,3,respected,0.0,12.76,0.0
2025-08-15T15:15:00+02:00,15m,demand,3340.53,3336.38,4.15,4.24,3348.77,,,bullish,0.069,True,True,2,respected,0.0,12.76,0.0
2025-08-15T15:30:00+02:00,15m,demand,3340.53,3336.38,4.15,4.08,3340.9,,,bearish,0.142,True,True,2,respected,7.47,4.89,7.47
2025-08-15T16:30:00+02:00,15m,demand,3340.53,3336.38,4.15,4.46,3346.28,,,bearish,0.195,True,True,2,respected,2.1,10.26,2.1
2025-08-15T18:30:00+02:00,15m,demand,3340.56,3336.71,3.85,3.44,3343.95,,,bearish,0.005,True,False,1,respected,4.42,7.94,4.42
2025-08-15T18:45:00+02:00,15m,demand,3340.56,3336.71,3.85,3.76,3347.55,,,bearish,0.098,True,False,1,broke,0.3,12.78,-12.78
2025-08-17T15:45:00+02:00,15m,demand,3331.37,3328.67,2.69,3.28,3334.27,,,bullish,0.039,True,True,2,broke,4.73,10.65,-10.65
2025-08-17T17:15:00+02:00,15m,supply,3331.37,3328.67,2.69,3.58,3323.62,,,bullish,0.075,False,False,0,broke,0.0,15.38,-15.38
2025-08-17T17:30:00+02:00,15m,supply,3331.37,3328.67,2.69,3.49,3324.16,,,bearish,0.201,False,False,0,broke,0.54,14.84,-14.84
2025-08-17T18:45:00+02:00,15m,supply,3335.57,3330.85,4.72,4.29,3325.11,,,bullish,0.064,False,True,1,broke,1.49,13.89,-13.89
2025-08-18T14:15:00+02:00,15m,demand,3344.26,3333.96,10.3,9.23,3353.42,,,bullish,0.043,False,True,1,broke,5.06,24.5,-24.5
2025-08-18T16:30:00+02:00,15m,demand,3344.26,3332.96,11.3,10.44,3358.48,,,bearish,0.183,False,True,1,broke,0.0,29.69,-29.69
2025-08-18T16:45:00+02:00,15m,demand,3344.26,3332.96,11.3,9.78,3358.48,,,bearish,0.181,False,True,1,broke,0.0,29.69,-29.69
2025-08-19T13:15:00+02:00,15m,supply,3338.94,3329.94,9.0,7.74,3320.78,,,bearish,0.087,False,True,1,broke,7.83,24.57,-24.57
2025-08-19T13:30:00+02:00,15m,supply,3338.94,3329.94,9.0,7.91,3324.58,,,bearish,0.568,False,True,1,broke,11.63,20.77,-20.77
2025-08-19T14:45:00+02:00,15m,supply,3332.46,3323.11,9.34,8.61,3312.95,,,bearish,0.249,True,True,2,broke,0.0,32.4,-32.4
2025-08-19T15:00:00+02:00,15m,supply,3332.46,3323.11,9.34,9.02,3322.95,bearish,0.483,bearish,0.134,True,True,3,broke,10.0,22.4,-22.4
2025-08-19T15:15:00+02:00,15m,demand,3333.34,3321.75,11.6,9.97,3345.35,,,bearish,0.102,False,True,1,broke,0.0,32.4,-32.4
2025-08-19T15:45:00+02:00,15m,supply,3339.18,3328.91,10.27,10.86,3315.58,,,bullish,0.173,True,True,2,respected,2.63,24.73,2.63
2025-08-19T18:00:00+02:00,15m,supply,3339.18,3328.91,10.27,15.78,3312.95,bullish,0.099,bullish,0.231,False,True,1,respected,0.0,18.52,0.0
2025-08-19T18:15:00+02:00,15m,supply,3339.18,3328.91,10.27,14.48,3312.95,,,bearish,0.261,False,True,1,respected,0.0,18.52,0.0
2025-08-20T13:00:00+02:00,15m,supply,3336.38,3327.41,8.96,8.62,3326.67,bearish,0.486,bullish,0.664,False,True,2,broke,2.1,25.48,-25.48
2025-08-20T13:45:00+02:00,15m,demand,3330.31,3320.06,10.25,8.82,3340.12,,,bearish,0.348,False,True,1,respected,12.03,14.33,12.03
2025-08-20T14:00:00+02:00,15m,demand,3333.44,3324.43,9.01,8.67,3341.53,bullish,0.397,bullish,0.598,False,True,2,respected,10.62,15.74,10.62
2025-08-20T14:15:00+02:00,15m,demand,3336.38,3327.41,8.96,9.24,3352.15,,,bearish,0.225,False,True,1,broke,0.0,26.37,-26.37
2025-08-20T15:15:00+02:00,15m,demand,3336.38,3327.41,8.96,10.28,3349.12,,,bearish,0.043,False,True,1,respected,3.03,19.48,3.03
2025-08-20T15:30:00+02:00,15m,demand,3336.38,3327.41,8.96,10.71,3339.1,,,bearish,0.02,False,True,1,respected,13.05,9.46,13.05
2025-08-20T15:45:00+02:00,15m,demand,3334.69,3323.79,10.9,10.74,3345.37,,,bearish,0.13,False,True,1,respected,6.78,15.74,6.78
2025-08-20T16:00:00+02:00,15m,demand,3334.69,3323.79,10.9,11.02,3336.07,bullish,0.197,bullish,0.346,False,True,2,respected,16.08,6.43,16.08
2025-08-20T17:15:00+02:00,15m,demand,3336.38,3327.41,8.96,9.39,3345.49,,,bullish,0.13,False,True,1,broke,6.66,33.88,-33.88
2025-08-20T17:30:00+02:00,15m,demand,3336.38,3327.41,8.96,9.31,3343.91,,,bullish,0.314,False,True,1,broke,8.24,32.3,-32.3
2025-08-20T17:45:00+02:00,15m,demand,3336.38,3327.41,8.96,9.16,3352.03,,,bullish,0.173,False,True,1,broke,0.12,40.42,-40.42
2025-08-21T14:30:00+02:00,15m,supply,3340.64,3334.88,5.76,5.08,3327.85,,,bearish,0.082,True,True,2,broke,2.34,14.94,-14.94
2025-08-21T15:30:00+02:00,15m,supply,3342.5,3336.62,5.87,5.82,3330.92,,,bearish,0.315,True,True,2,respected,5.41,11.87,5.41
2025-08-21T16:15:00+02:00,15m,supply,3342.73,3335.36,7.37,6.16,3327.7,,,bearish,0.033,True,True,2,respected,2.19,15.09,2.19
2025-08-21T16:30:00+02:00,15m,supply,3342.73,3335.36,7.37,6.28,3325.51,,,bullish,0.002,True,True,2,respected,0.0,17.28,0.0
2025-08-21T16:45:00+02:00,15m,supply,3342.73,3335.36,7.37,6.69,3334.07,,,bullish,0.1,True,True,2,respected,4.86,8.72,4.86
2025-08-22T13:45:00+02:00,15m,demand,3351.31,3335.7,15.61,17.22,3367.69,,,bullish,0.34,False,True,1,broke,11.23,46.17,-46.17
2025-08-22T14:00:00+02:00,15m,demand,3351.31,3335.7,15.61,15.53,3358.91,bullish,1.313,bullish,0.009,False,True,2,broke,20.01,37.39,-37.39
2025-08-22T14:15:00+02:00,15m,demand,3351.31,3335.7,15.61,15.01,3369.55,,,bearish,0.053,False,True,1,broke,9.37,48.03,-48.03
2025-08-22T14:30:00+02:00,15m,demand,3351.31,3335.7,15.61,15.54,3351.62,,,bullish,0.122,False,True,1,broke,27.3,30.1,-30.1
2025-08-22T15:15:00+02:00,15m,demand,3351.31,3335.7,15.61,16.55,3372.6,,,bullish,0.659,True,True,2,broke,6.32,51.08,-51.08
2025-08-22T15:30:00+02:00,15m,demand,3351.31,3335.7,15.61,15.43,3359.58,,,bullish,0.633,True,True,2,broke,19.34,38.06,-38.06
2025-08-24T14:00:00+02:00,15m,demand,3369.31,3367.59,1.72,1.46,3370.93,bullish,0.049,bullish,0.034,False,False,1,broke,0.47,4.35,-4.35
2025-08-24T15:45:00+02:00,15m,demand,3369.31,3367.59,1.72,1.49,3371.19,,,bullish,0.001,False,False,0,broke,0.12,4.62,-4.62
2025-08-24T16:15:00+02:00,15m,demand,3369.31,3367.59,1.72,1.9,3370.8,,,bearish,0.003,False,True,1,broke,0.05,4.85,-4.85
2025-08-25T14:30:00+02:00,15m,supply,3372.07,3367.46,4.61,6.41,3360.89,,,bearish,0.258,False,True,1,broke,9.1,15.44,-15.44
2025-08-25T14:45:00+02:00,15m,supply,3372.07,3366.55,5.53,6.47,3364.97,,,bearish,0.151,False,True,1,broke,13.18,11.36,-11.36
2025-08-25T15:45:00+02:00,15m,supply,3370.68,3366.43,4.26,5.61,3359.52,,,bearish,0.198,False,True,1,broke,7.73,16.81,-16.81
2025-08-26T13:30:00+02:00,15m,demand,3366.16,3357.46,8.7,11.88,3373.54,,,bearish,0.122,True,True,2,respected,16.92,7.27,16.92
2025-08-26T14:00:00+02:00,15m,demand,3375.48,3365.7,9.78,9.92,3388.09,bullish,0.376,bearish,0.16,True,True,3,respected,2.37,21.82,2.37
2025-08-26T14:15:00+02:00,15m,demand,3375.48,3365.7,9.78,9.97,3384.64,,,bearish,0.414,True,True,2,respected,5.83,18.37,5.83
2025-08-26T14:30:00+02:00,15m,demand,3366.8,3357.46,9.34,10.43,3369.58,,,bullish,0.446,False,True,1,respected,20.88,3.31,20.88
2025-08-26T14:45:00+02:00,15m,demand,3366.8,3357.46,9.34,11.03,3380.25,,,bullish,0.487,True,True,2,broke,10.21,28.91,-28.91
2025-08-26T15:00:00+02:00,15m,demand,3366.8,3357.46,9.34,10.71,3381.29,bearish,0.176,bearish,0.188,True,True,2,broke,9.17,29.95,-29.95
2025-08-26T15:15:00+02:00,15m,demand,3366.8,3357.46,9.34,11.01,3377.14,,,bearish,0.396,True,True,2,broke,13.32,25.8,-25.8
2025-08-26T15:30:00+02:00,15m,demand,3366.8,3357.46,9.34,10.98,3368.34,,,bullish,0.272,True,True,2,broke,22.12,17.0,-17.0
2025-08-26T16:45:00+02:00,15m,demand,3375.48,3365.7,9.78,8.84,3386.84,,,bullish,0.007,True,True,2,broke,5.12,35.5,-35.5
2025-08-26T17:00:00+02:00,15m,demand,3375.48,3365.7,9.78,8.7,3388.23,bearish,1.101,bearish,0.194,False,True,1,broke,3.73,36.89,-36.89
2025-08-26T17:15:00+02:00,15m,demand,3375.48,3365.7,9.78,8.38,3388.3,,,bearish,0.24,False,True,1,broke,3.66,36.96,-36.96
2025-08-27T15:15:00+02:00,15m,demand,3387.77,3378.24,9.53,8.08,3399.33,,,bullish,0.485,True,True,2,respected,0.0,17.31,0.0
2025-08-27T15:30:00+02:00,15m,demand,3387.77,3378.24,9.53,8.13,3390.44,,,bullish,0.254,True,True,2,respected,4.64,9.09,4.64
2025-08-28T13:45:00+02:00,15m,demand,3405.95,3393.5,12.45,11.03,3423.28,,,bearish,0.277,True,True,2,broke,0.0,38.62,-38.62
2025-08-28T14:00:00+02:00,15m,demand,3409.13,3397.74,11.39,10.26,3419.88,bullish,0.622,bearish,0.094,False,True,2,broke,2.11,35.22,-35.22
2025-08-28T14:15:00+02:00,15m,demand,3409.13,3397.74,11.39,9.95,3414.16,,,bullish,0.239,False,True,1,broke,7.83,29.5,-29.5
2025-08-28T14:30:00+02:00,15m,demand,3399.31,3388.58,10.72,9.47,3405.2,,,bearish,0.062,False,False,0,broke,16.79,20.54,-20.54
2025-08-28T15:15:00+02:00,15m,supply,3409.13,3397.74,11.39,10.7,3384.66,,,bullish,0.385,False,False,0,broke,0.0,37.32,-37.32
2025-08-28T16:30:00+02:00,15m,demand,3405.95,3393.5,12.45,10.75,3418.3,,,bullish,0.2,False,False,0,broke,0.63,33.64,-33.64
2025-08-28T16:45:00+02:00,15m,demand,3405.95,3393.5,12.45,10.42,3406.57,,,bearish,0.168,False,False,0,broke,11.5,21.91,-21.91
2025-08-29T13:00:00+02:00,15m,demand,3434.5,3418.68,15.82,15.65,3451.61,bearish,0.12,bearish,1.161,True,True,2,respected,0.43,29.31,0.43
2025-08-29T13:15:00+02:00,15m,demand,3434.5,3418.68,15.82,15.94,3445.08,,,bearish,0.287,True,True,2,respected,6.96,22.78,6.96
2025-08-29T14:15:00+02:00,15m,demand,3434.5,3418.68,15.82,14.22,3450.6,,,bearish,0.025,True,False,1,respected,3.46,28.3,3.46
2025-08-29T14:30:00+02:00,15m,demand,3434.5,3418.68,15.82,15.34,3435.05,,,bullish,0.409,True,True,2,respected,19.01,13.93,19.01
2025-08-29T16:45:00+02:00,15m,demand,3434.5,3418.68,15.82,13.19,3450.62,,,bullish,1.067,False,False,0,respected,3.44,29.5,3.44
2025-08-29T18:30:00+02:00,15m,demand,3434.5,3418.68,15.82,15.7,3454.06,,,bullish,0.056,False,False,0,respected,0.0,32.94,0.0
2025-08-29T18:45:00+02:00,15m,demand,3434.5,3418.68,15.82,14.35,3449.05,,,bearish,0.055,False,False,0,respected,5.01,27.93,5.01
2025-08-31T13:00:00+02:00,15m,supply,3450.09,3447.67,2.41,3.06,3442.52,bearish,0.0,bearish,0.042,False,True,2,broke,0.0,10.14,-10.14
2025-08-31T13:15:00+02:00,15m,supply,3450.09,3447.67,2.41,2.89,3442.52,,,bullish,0.056,False,True,1,broke,0.0,10.14,-10.14
2025-08-31T13:30:00+02:00,15m,supply,3450.09,3447.67,2.41,3.2,3447.15,,,bullish,0.073,False,True,1,broke,4.63,5.51,-5.51
2025-08-31T14:00:00+02:00,15m,supply,3450.09,3447.67,2.41,3.25,3444.39,bullish,0.111,bearish,0.123,False,True,1,broke,1.87,8.27,-8.27
2025-08-31T14:15:00+02:00,15m,supply,3450.09,3447.67,2.41,3.15,3446.5,,,bullish,0.057,False,True,1,broke,3.98,6.16,-6.16
2025-08-31T15:00:00+02:00,15m,supply,3450.09,3447.67,2.41,2.92,3442.52,bearish,0.289,bullish,0.037,False,True,2,broke,0.0,10.14,-10.14
2025-08-31T15:15:00+02:00,15m,demand,3448.83,3445.47,3.36,3.48,3452.66,,,bearish,0.012,True,True,2,broke,0.0,9.08,-9.08
2025-08-31T15:30:00+02:00,15m,demand,3448.83,3445.47,3.36,3.13,3452.66,,,bearish,0.055,True,True,2,broke,0.0,9.08,-9.08
2025-08-31T16:00:00+02:00,15m,supply,3450.09,3447.67,2.41,3.3,3443.84,bearish,0.051,bullish,0.042,False,True,2,respected,0.26,6.63,0.26
2025-08-31T16:15:00+02:00,15m,supply,3450.09,3447.67,2.41,3.24,3446.18,,,bullish,0.041,False,True,1,respected,2.5,4.29,2.5
2025-08-31T16:45:00+02:00,15m,supply,3450.09,3447.77,2.32,3.36,3446.07,,,bearish,0.214,False,True,1,respected,2.39,4.41,2.39
2025-08-31T17:00:00+02:00,15m,supply,3450.09,3447.67,2.41,3.17,3444.66,bullish,0.134,bearish,0.056,False,True,1,respected,0.98,5.81,0.98
2025-08-31T17:15:00+02:00,15m,supply,3450.09,3447.67,2.41,3.06,3444.15,,,bullish,0.143,False,True,1,respected,0.36,6.32,0.36
2025-08-31T17:30:00+02:00,15m,supply,3450.09,3447.67,2.41,3.23,3446.93,,,bearish,0.003,False,True,1,respected,3.02,3.54,3.02
2025-09-01T13:00:00+02:00,15m,demand,3461.98,3446.51,15.47,13.0,3476.31,bullish,0.189,bullish,0.142,True,True,3,respected,12.9,29.74,12.9
2025-09-01T13:15:00+02:00,15m,demand,3461.98,3452.49,9.49,12.73,3477.09,,,bullish,0.812,True,True,2,broke,12.86,30.52,-30.52
2025-09-01T13:30:00+02:00,15m,demand,3461.98,3446.51,15.47,12.94,3470.89,,,bullish,0.268,True,True,2,respected,19.06,24.32,19.06
2025-09-01T13:45:00+02:00,15m,demand,3461.98,3452.49,9.49,12.81,3486.39,,,bullish,0.313,True,True,2,broke,3.56,39.82,-39.82
2025-09-01T14:00:00+02:00,15m,demand,3461.98,3446.51,15.47,13.85,3472.71,bullish,0.693,bearish,0.069,False,True,2,respected,17.24,26.14,17.24
2025-09-01T14:30:00+02:00,15m,demand,3461.98,3452.49,9.49,12.54,3486.09,,,bullish,0.297,True,True,2,broke,3.86,39.52,-39.52
2025-09-01T15:00:00+02:00,15m,demand,3461.98,3446.51,15.47,14.76,3485.61,bullish,0.264,bearish,0.514,True,True,3,respected,4.34,39.04,4.34
2025-09-01T15:45:00+02:00,15m,supply,3487.24,3467.68,19.56,16.62,3447.43,,,bearish,0.474,False,True,1,broke,0.82,42.52,-42.52
2025-09-01T16:15:00+02:00,15m,demand,3464.28,3443.53,20.75,17.86,3485.33,,,bullish,0.241,False,False,0,respected,4.62,28.91,4.62
2025-09-01T16:30:00+02:00,15m,demand,3458.79,3437.19,21.6,18.77,3459.32,,,bearish,0.003,False,False,0,respected,30.63,2.64,30.63
2025-09-01T18:00:00+02:00,15m,demand,3458.79,3437.19,21.6,18.34,3488.91,bearish,0.379,bullish,0.231,False,False,0,respected,1.04,32.23,1.04
2025-09-01T18:15:00+02:00,15m,demand,3464.28,3443.53,20.75,17.88,3467.04,,,bearish,0.549,False,False,0,respected,22.91,10.36,22.91
2025-09-02T13:00:00+02:00,15m,demand,3490.41,3478.93,11.48,12.55,3510.82,bearish,0.233,bullish,0.504,False,False,0,respected,29.26,28.33,29.26
2025-09-02T13:15:00+02:00,15m,demand,3490.41,3478.93,11.48,13.02,3524.45,,,bullish,0.191,False,False,0,respected,15.63,41.96,15.63
2025-09-02T13:30:00+02:00,15m,demand,3490.41,3478.93,11.48,13.05,3520.69,,,bearish,0.219,False,False,0,respected,19.39,38.2,19.39
2025-09-02T14:45:00+02:00,15m,demand,3501.95,3483.81,18.14,15.79,3519.04,,,bullish,0.08,False,True,1,respected,21.04,34.12,21.04
2025-09-02T15:30:00+02:00,15m,demand,3501.95,3483.81,18.14,16.52,3528.29,,,bearish,0.007,False,True,1,respected,11.79,39.1,11.79
2025-09-02T15:45:00+02:00,15m,demand,3501.95,3483.81,18.14,18.19,3503.02,,,bullish,0.276,False,True,1,respected,37.06,13.83,37.06
2025-09-02T16:45:00+02:00,15m,demand,3501.95,3483.81,18.14,19.02,3540.08,,,bullish,0.611,False,True,1,respected,0.0,50.89,0.0
2025-09-02T17:00:00+02:00,15m,demand,3506.36,3482.64,23.72,20.82,3507.47,bullish,0.704,bearish,0.216,False,True,2,respected,32.61,18.28,32.61
2025-09-03T13:00:00+02:00,15m,demand,3545.27,3532.18,13.09,12.22,3561.4,bullish,1.387,bearish,0.132,False,False,1,broke,15.23,34.34,-34.34
2025-09-03T13:15:00+02:00,15m,demand,3545.27,3532.18,13.09,11.89,3558.74,,,bullish,0.037,False,False,0,broke,17.88,31.68,-31.68
2025-09-03T15:00:00+02:00,15m,demand,3543.18,3527.06,16.12,13.57,3575.19,bearish,0.502,bullish,0.027,False,False,0,respected,3.35,48.13,3.35
2025-09-03T15:15:00+02:00,15m,demand,3543.18,3527.06,16.12,14.38,3555.84,,,bearish,0.585,False,False,0,respected,22.7,28.78,22.7
2025-09-03T15:45:00+02:00,15m,demand,3552.06,3533.19,18.87,16.18,3562.16,,,bullish,0.365,False,True,1,broke,16.38,35.1,-35.1
2025-09-03T17:30:00+02:00,15m,supply,3562.23,3543.21,19.02,15.88,3527.06,,,bearish,0.123,False,True,1,broke,0.0,51.48,-51.48
2025-09-03T17:45:00+02:00,15m,supply,3561.62,3543.54,18.08,15.59,3527.06,,,bearish,0.038,False,True,1,broke,0.0,51.48,-51.48
2025-09-04T13:15:00+02:00,15m,demand,3544.18,3524.23,19.94,17.97,3563.33,,,bearish,0.151,True,True,2,broke,0.19,51.96,-51.96
2025-09-04T13:30:00+02:00,15m,demand,3544.18,3524.23,19.94,17.28,3563.52,,,bearish,0.256,True,True,2,broke,0.0,52.15,-52.15
2025-09-04T13:45:00+02:00,15m,demand,3544.18,3524.74,19.43,16.44,3554.88,,,bullish,0.639,True,True,2,broke,7.64,43.51,-43.51
2025-09-04T14:00:00+02:00,15m,supply,3563.52,3541.88,21.64,18.66,3518.35,bullish,1.475,bearish,0.551,False,True,1,respected,6.98,44.17,6.98
2025-09-04T15:45:00+02:00,15m,demand,3544.02,3526.1,17.92,16.19,3559.48,,,bearish,0.513,False,True,1,broke,3.03,48.11,-48.11
2025-09-05T13:30:00+02:00,15m,demand,3559.32,3548.25,11.08,14.79,3574.52,,,bearish,0.443,False,True,1,respected,15.04,25.7,15.04
2025-09-05T13:45:00+02:00,15m,demand,3559.32,3548.25,11.08,13.95,3573.46,,,bullish,0.539,False,True,1,respected,16.11,24.64,16.11
2025-09-05T14:00:00+02:00,15m,demand,3573.79,3558.9,14.9,14.75,3588.69,bullish,0.63,bearish,0.189,False,True,2,broke,0.19,39.87,-39.87
2025-09-05T14:15:00+02:00,15m,demand,3568.6,3554.85,13.75,15.45,3568.75,,,bearish,0.355,False,True,1,broke,18.66,19.93,-19.93
2025-09-05T16:00:00+02:00,15m,demand,3568.6,3554.85,13.75,12.28,3582.26,bearish,1.209,bearish,0.61,False,True,1,broke,6.78,33.44,-33.44
2025-09-07T13:00:00+02:00,15m,demand,3588.14,3585.56,2.58,5.27,3590.88,bearish,0.102,bullish,0.03,False,False,0,broke,6.0,12.3,-12.3
2025-09-07T13:30:00+02:00,15m,supply,3588.14,3585.56,2.58,4.48,3581.54,,,bullish,0.162,False,False,0,broke,2.96,15.34,-15.34
2025-09-07T14:00:00+02:00,15m,demand,3588.14,3585.56,2.58,5.2,3590.75,bearish,0.288,bearish,0.124,False,False,0,broke,6.13,12.17,-12.17
2025-09-07T15:00:00+02:00,15m,demand,3588.14,3585.56,2.58,4.74,3592.72,bearish,0.092,bullish,0.152,True,False,1,broke,4.16,14.14,-14.14
2025-09-07T15:15:00+02:00,15m,demand,3588.14,3585.56,2.58,4.51,3590.1,,,bearish,0.044,False,False,0,broke,6.78,11.52,-11.52
2025-09-07T15:30:00+02:00,15m,supply,3593.01,3588.27,4.73,5.25,3578.58,,,bearish,0.139,False,True,1,broke,0.0,18.3,-18.3
2025-09-07T15:45:00+02:00,15m,supply,3593.01,3588.27,4.73,5.0,3578.58,,,bullish,0.143,False,True,1,broke,0.0,18.3,-18.3
2025-09-07T16:15:00+02:00,15m,demand,3588.14,3585.56,2.58,5.03,3593.69,,,bearish,0.335,False,False,0,respected,3.19,6.46,3.19
2025-09-08T13:30:00+02:00,15m,demand,3610.17,3591.28,18.89,27.99,3638.56,,,bullish,0.257,False,True,1,respected,0.12,48.21,0.12
2025-09-08T13:45:00+02:00,15m,demand,3610.17,3591.28,18.89,27.37,3632.78,,,bearish,0.04,False,True,1,respected,5.55,42.43,5.55
2025-09-09T14:30:00+02:00,15m,demand,3649.84,3634.09,15.75,13.7,3667.46,,,bullish,0.068,False,True,1,broke,4.1,48.36,-48.36
2025-09-09T15:00:00+02:00,15m,supply,3649.84,3634.09,15.75,14.18,3619.1,bullish,0.175,bearish,0.016,False,True,1,broke,0.0,43.7,-43.7
2025-09-09T17:00:00+02:00,15m,supply,3659.84,3640.99,18.85,17.0,3619.1,bearish,1.121,bullish,0.289,False,True,2,respected,0.0,36.13,0.0
2025-09-09T17:15:00+02:00,15m,supply,3659.84,3640.99,18.85,16.78,3619.1,,,bearish,0.436,True,True,2,respected,0.0,36.91,0.0
2025-09-11T13:15:00+02:00,15m,supply,3641.21,3630.96,10.25,10.9,3613.43,,,bullish,0.152,False,True,1,broke,0.26,34.72,-34.72
2025-09-11T14:30:00+02:00,15m,supply,3643.33,3629.61,13.72,13.13,3617.37,,,bearish,0.674,False,True,1,broke,4.2,29.92,-29.92
2025-09-11T14:45:00+02:00,15m,supply,3646.95,3632.05,14.9,13.39,3626.37,,,bearish,0.063,False,True,1,respected,13.2,20.91,13.2
2025-09-11T16:00:00+02:00,15m,supply,3646.95,3632.05,14.9,12.82,3619.14,bearish,0.387,bullish,0.176,False,True,2,respected,5.97,28.14,5.97
2025-09-11T16:15:00+02:00,15m,demand,3631.54,3616.24,15.29,14.91,3646.31,,,bullish,0.12,False,True,1,broke,0.97,33.14,-33.14
2025-09-11T17:00:00+02:00,15m,supply,3643.33,3629.61,13.72,12.39,3616.97,bearish,0.611,bullish,0.016,False,True,2,respected,3.8,25.08,3.8
2025-09-11T18:30:00+02:00,15m,supply,3643.33,3629.61,13.72,13.14,3617.41,,,bullish,0.169,False,True,1,respected,4.24,22.69,4.24
2025-09-11T18:45:00+02:00,15m,supply,3643.33,3629.61,13.72,12.89,3626.4,,,bullish,0.064,False,True,1,respected,13.23,13.7,13.23
2025-09-12T13:00:00+02:00,15m,demand,3645.12,3635.98,9.15,8.57,3645.33,bullish,0.066,bearish,0.359,False,True,2,broke,7.46,11.74,-11.74
2025-09-12T13:45:00+02:00,15m,demand,3639.69,3635.43,4.26,7.47,3649.14,,,bearish,0.054,False,True,1,respected,3.65,15.55,3.65
2025-09-14T13:45:00+02:00,15m,supply,3644.46,3641.8,2.65,2.71,3638.42,,,bullish,0.05,True,True,2,respected,1.53,5.6,1.53
2025-09-14T14:00:00+02:00,15m,supply,3645.21,3641.8,3.4,2.94,3641.72,bullish,0.117,bearish,0.195,False,True,1,respected,4.83,2.3,4.83
2025-09-14T16:15:00+02:00,15m,supply,3642.34,3639.91,2.42,2.4,3636.89,,,bullish,0.025,False,False,0,broke,0.0,7.13,-7.13
2025-09-14T16:30:00+02:00,15m,supply,3642.34,3639.91,2.42,2.32,3637.81,,,bearish,0.047,False,False,0,broke,0.92,6.21,-6.21
2025-09-14T16:45:00+02:00,15m,supply,3642.34,3639.91,2.42,2.11,3638.29,,,bearish,0.027,False,False,0,broke,1.4,5.73,-5.73
2025-09-14T18:00:00+02:00,15m,supply,3642.34,3639.91,2.42,2.13,3637.65,bearish,0.132,bullish,0.026,True,False,2,broke,0.76,6.37,-6.37
2025-09-14T18:15:00+02:00,15m,supply,3642.34,3639.91,2.42,2.2,3639.02,,,bullish,0.007,True,False,1,broke,2.13,5.0,-5.0
2025-09-15T13:15:00+02:00,15m,demand,3664.43,3647.96,16.47,16.98,3681.07,,,bullish,0.144,False,True,1,broke,4.58,54.32,-54.32
2025-09-15T14:00:00+02:00,15m,demand,3657.56,3635.47,22.1,19.55,3679.1,bullish,0.7,bearish,0.213,False,True,2,broke,6.55,52.35,-52.35
2025-09-15T15:00:00+02:00,15m,supply,3664.43,3647.96,16.47,20.72,3626.75,bullish,0.95,bearish,0.525,False,True,1,broke,0.0,58.9,-58.9
2025-09-15T15:15:00+02:00,15m,supply,3664.43,3647.96,16.47,20.25,3626.75,,,bearish,0.427,False,True,1,broke,0.0,58.9,-58.9
2025-09-15T16:15:00+02:00,15m,demand,3656.34,3631.8,24.54,21.37,3681.07,,,bearish,0.518,False,True,1,respected,4.58,51.89,4.58
2025-09-15T17:00:00+02:00,15m,demand,3656.34,3631.8,24.54,21.79,3685.37,bullish,0.329,bullish,0.608,False,True,2,respected,0.28,43.44,0.28
2025-09-15T17:15:00+02:00,15m,demand,3658.74,3631.93,26.8,23.08,3659.6,,,bearish,0.231,False,True,1,respected,26.05,17.67,26.05
2025-09-16T13:30:00+02:00,15m,demand,3691.38,3680.85,10.53,9.48,3703.26,,,bearish,0.173,True,True,2,respected,0.0,22.57,0.0
2025-09-16T15:00:00+02:00,15m,demand,3687.92,3677.57,10.35,10.26,3699.67,bearish,0.325,bearish,0.017,False,True,1,broke,0.95,24.91,-24.91
2025-09-16T15:45:00+02:00,15m,demand,3687.26,3674.76,12.5,11.15,3698.47,,,bullish,0.28,False,True,1,respected,4.79,23.71,4.79
2025-09-16T16:00:00+02:00,15m,demand,3687.26,3674.76,12.5,11.04,3688.06,bearish,0.337,bearish,0.054,False,True,1,respected,15.2,13.3,15.2
2025-09-17T18:45:00+02:00,15m,demand,3673.72,3653.92,19.81,18.0,3685.55,,,bearish,0.05,True,True,2,broke,22.09,39.3,-39.3
2025-09-19T14:00:00+02:00,15m,demand,3663.02,3650.11,12.91,18.59,3681.32,bullish,0.355,bullish,0.121,True,True,3,broke,3.99,49.04,-49.04
2025-09-19T14:15:00+02:00,15m,demand,3656.62,3639.79,16.84,19.65,3656.65,,,bullish,0.17,True,True,2,broke,28.66,24.37,-24.37
2025-09-19T14:45:00+02:00,15m,demand,3656.62,3639.79,16.84,20.41,3681.19,,,bullish,0.154,True,True,2,broke,4.12,48.91,-48.91
2025-09-19T15:00:00+02:00,15m,demand,3663.02,3650.11,12.91,19.54,3666.63,bearish,0.78,bullish,0.044,True,True,2,broke,18.68,34.35,-34.35
2025-09-19T15:15:00+02:00,15m,demand,3656.62,3639.79,16.84,18.3,3676.69,,,bearish,0.214,False,True,1,broke,8.62,44.41,-44.41
2025-09-19T15:45:00+02:00,15m,supply,3663.02,3650.11,12.91,17.58,3632.28,,,bullish,0.001,False,True,1,broke,0.0,53.03,-53.03
2025-09-19T16:30:00+02:00,15m,demand,3663.02,3650.11,12.91,17.72,3685.31,,,bearish,0.122,True,True,2,respected,0.0,34.72,0.0
2025-09-19T16:45:00+02:00,15m,demand,3663.02,3650.11,12.91,18.44,3663.33,,,bullish,0.137,True,True,2,respected,21.98,12.74,21.98
2025-09-21T13:00:00+02:00,15m,supply,3690.45,3688.05,2.4,2.29,3687.47,bearish,0.14,bearish,0.039,False,True,2,broke,3.67,4.84,-4.84
2025-09-21T14:00:00+02:00,15m,supply,3690.62,3687.82,2.81,2.42,3683.8,bullish,0.072,bullish,0.094,False,True,1,broke,0.0,8.51,-8.51
2025-09-21T14:15:00+02:00,15m,supply,3690.62,3687.82,2.81,2.39,3685.45,,,bullish,0.1,False,True,1,broke,1.49,6.86,-6.86
2025-09-21T14:30:00+02:00,15m,supply,3689.87,3687.21,2.66,2.27,3684.59,,,bullish,0.003,False,False,0,broke,0.63,7.72,-7.72
2025-09-21T14:45:00+02:00,15m,supply,3689.87,3687.21,2.66,2.28,3686.73,,,bearish,0.065,False,False,0,broke,1.13,5.58,-5.58
2025-09-21T15:45:00+02:00,15m,demand,3689.1,3685.68,3.42,3.09,3692.31,,,bearish,0.058,False,True,1,respected,0.0,6.7,0.0
2025-09-22T13:30:00+02:00,15m,demand,3708.74,3686.62,22.12,20.05,3735.06,,,bearish,0.098,False,True,1,respected,11.95,34.65,11.95
2025-09-22T13:45:00+02:00,15m,demand,3708.74,3686.62,22.12,20.88,3711.93,,,bullish,0.022,False,True,1,respected,36.96,11.52,36.96
2025-09-22T14:15:00+02:00,15m,demand,3708.74,3686.62,22.12,18.68,3726.37,,,bearish,0.078,False,True,1,respected,22.52,25.96,22.52
2025-09-22T15:00:00+02:00,15m,demand,3707.73,3686.16,21.57,19.01,3725.83,bullish,0.77,bearish,0.363,False,True,2,respected,23.06,25.42,23.06
2025-09-22T15:30:00+02:00,15m,demand,3708.74,3686.62,22.12,20.71,3740.12,,,bearish,0.214,False,True,1,respected,9.16,36.67,9.16
2025-09-22T15:45:00+02:00,15m,demand,3708.74,3686.62,22.12,20.66,3723.56,,,bearish,0.173,False,True,1,respected,25.72,20.11,25.72
2025-09-22T16:30:00+02:00,15m,demand,3708.74,3686.62,22.12,19.32,3733.04,,,bullish,0.471,False,True,1,respected,16.24,29.59,16.24
2025-09-23T13:00:00+02:00,15m,demand,3766.21,3745.59,20.62,17.79,3785.68,bullish,0.535,bullish,0.501,False,True,2,broke,0.6,48.87,-48.87
2025-09-23T13:45:00+02:00,15m,demand,3760.73,3749.61,11.12,21.09,3780.13,,,bullish,0.044,True,True,2,broke,2.42,43.32,-43.32
2025-09-25T13:45:00+02:00,15m,demand,3740.93,3726.71,14.23,12.05,3754.83,,,bearish,0.034,False,True,1,respected,6.8,26.59,6.8
2025-09-25T14:00:00+02:00,15m,demand,3740.93,3726.71,14.23,12.35,3742.85,bearish,0.272,bullish,0.128,False,True,1,respected,18.78,14.6,18.78
2025-09-29T13:00:00+02:00,15m,demand,3791.36,3774.44,16.92,17.73,3814.35,bullish,0.511,bullish,0.052,False,False,1,broke,16.33,50.3,-50.3
2025-09-29T13:15:00+02:00,15m,demand,3791.36,3774.44,16.92,17.34,3807.12,,,bullish,0.571,False,False,0,broke,23.56,43.07,-43.07
2025-09-29T14:15:00+02:00,15m,demand,3791.36,3774.44,16.92,20.1,3813.83,,,bearish,0.293,False,True,1,broke,18.53,49.78,-49.78
2025-09-29T14:30:00+02:00,15m,demand,3791.36,3774.44,16.92,20.7,3804.76,,,bearish,0.62,False,True,1,broke,27.6,40.71,-40.71
2025-09-29T14:45:00+02:00,15m,demand,3791.36,3774.44,16.92,19.98,3812.28,,,bullish,0.181,False,True,1,broke,20.08,48.23,-48.23
2025-09-29T15:00:00+02:00,15m,supply,3802.58,3786.58,15.99,21.4,3764.05,bullish,0.347,bearish,0.06,False,False,0,broke,0.0,68.31,-68.31
2025-09-29T15:15:00+02:00,15m,supply,3802.58,3786.58,15.99,19.49,3764.05,,,bearish,0.227,False,False,0,broke,0.0,70.3,-70.3
2025-09-29T16:00:00+02:00,15m,demand,3805.57,3783.2,22.37,19.37,3829.26,bullish,0.522,bearish,0.049,True,True,3,respected,5.09,30.29,5.09
2025-09-29T16:15:00+02:00,15m,demand,3802.58,3786.58,15.99,19.29,3803.32,,,bullish,0.776,True,True,2,respected,31.03,4.34,31.03
2025-09-29T18:00:00+02:00,15m,demand,3802.58,3786.58,15.99,16.56,3824.29,bearish,0.721,bullish,0.337,False,True,1,respected,10.06,18.41,10.06
2025-09-29T18:15:00+02:00,15m,demand,3802.58,3786.58,15.99,17.1,3807.03,,,bearish,0.151,False,True,1,respected,27.32,0.35,27.32
2025-09-29T18:30:00+02:00,15m,demand,3802.58,3786.58,15.99,14.76,3817.44,,,bearish,0.418,False,True,1,respected,16.91,9.92,16.91
2025-09-29T18:45:00+02:00,15m,demand,3815.99,3798.98,17.01,15.9,3830.37,,,bullish,0.119,False,True,1,respected,3.98,22.86,3.98
2025-09-30T13:00:00+02:00,15m,supply,3849.5,3826.52,22.97,25.17,3793.3,bearish,0.13,bullish,0.519,False,True,2,broke,0.0,74.53,-74.53
2025-09-30T13:15:00+02:00,15m,supply,3849.5,3826.52,22.97,22.65,3811.29,,,bullish,1.288,False,True,1,broke,6.35,56.54,-56.54
2025-09-30T14:00:00+02:00,15m,demand,3823.33,3801.58,21.75,26.06,3849.58,bullish,0.214,bullish,0.459,False,True,2,respected,18.25,44.64,18.25
2025-09-30T14:15:00+02:00,15m,demand,3823.33,3801.58,21.75,25.98,3849.17,,,bullish,0.065,False,True,1,respected,18.66,44.23,18.66
2025-09-30T14:30:00+02:00,15m,demand,3840.23,3812.78,27.45,26.74,3865.85,,,bearish,0.898,False,True,1,broke,1.98,60.92,-60.92
2025-09-30T14:45:00+02:00,15m,demand,3823.33,3801.58,21.75,28.82,3824.08,,,bearish,0.049,False,True,1,respected,42.96,19.14,42.96
2025-09-30T15:15:00+02:00,15m,demand,3827.7,3801.58,26.12,30.04,3859.66,,,bullish,0.235,True,True,2,respected,7.37,54.73,7.37
2025-09-30T15:30:00+02:00,15m,demand,3827.7,3801.58,26.12,28.94,3839.01,,,bearish,0.04,True,True,2,respected,28.03,34.07,28.03
2025-09-30T15:45:00+02:00,15m,demand,3827.7,3801.58,26.12,27.71,3854.51,,,bearish,0.37,True,True,2,respected,12.53,49.58,12.53
2025-09-30T16:00:00+02:00,15m,demand,3823.33,3801.58,21.75,28.09,3834.77,bullish,0.424,bearish,0.194,False,True,2,respected,32.27,29.83,32.27
2025-09-30T16:15:00+02:00,15m,demand,3827.7,3801.58,26.12,27.69,3860.81,,,bullish,0.361,False,False,0,respected,6.23,55.87,6.23
2025-09-30T16:30:00+02:00,15m,demand,3823.33,3801.58,21.75,25.89,3823.53,,,bullish,0.351,False,False,0,respected,43.51,18.59,43.51
2025-09-30T17:30:00+02:00,15m,demand,3823.33,3801.58,21.75,22.7,3846.0,,,bullish,0.127,False,False,0,respected,25.69,26.59,25.69
2025-09-30T17:45:00+02:00,15m,demand,3823.33,3801.58,21.75,22.44,3846.44,,,bearish,0.009,False,False,0,respected,25.25,27.03,25.25
2025-09-30T18:00:00+02:00,15m,demand,3823.33,3801.58,21.75,22.47,3827.23,bearish,0.991,bearish,0.067,False,False,0,respected,44.46,7.81,44.46
2025-09-30T18:30:00+02:00,15m,demand,3823.33,3801.58,21.75,21.66,3866.08,,,bullish,0.244,False,False,0,respected,5.61,45.96,5.61
2025-09-30T18:45:00+02:00,15m,demand,3827.7,3801.58,26.12,22.41,3837.84,,,bearish,0.341,False,False,0,respected,33.85,17.72,33.85
2025-10-01T13:00:00+02:00,15m,demand,3876.39,3868.94,7.45,9.06,3895.34,bullish,0.637,bullish,0.009,False,True,2,broke,0.0,34.27,-34.27
2025-10-01T13:15:00+02:00,15m,demand,3876.39,3868.94,7.45,8.42,3895.34,,,bullish,0.123,False,True,1,broke,0.0,34.27,-34.27
2025-10-01T13:30:00+02:00,15m,demand,3876.39,3868.94,7.45,8.94,3881.8,,,bullish,0.003,False,True,1,broke,5.69,20.74,-20.74
2025-10-01T13:45:00+02:00,15m,demand,3876.39,3868.94,7.45,9.21,3886.18,,,bullish,0.042,True,True,2,broke,0.66,25.12,-25.12
2025-10-01T14:00:00+02:00,15m,demand,3876.39,3868.94,7.45,8.82,3884.12,bullish,0.573,bearish,0.46,True,True,3,broke,0.94,23.06,-23.06
2025-10-01T16:00:00+02:00,15m,supply,3879.0,3870.51,8.49,8.24,3861.46,bullish,0.505,bearish,0.202,False,False,0,broke,0.82,21.96,-21.96
2025-10-01T16:15:00+02:00,15m,supply,3879.0,3870.51,8.49,7.15,3869.89,,,bearish,0.008,False,False,0,broke,9.25,13.53,-13.53
2025-10-01T17:15:00+02:00,15m,supply,3879.0,3870.51,8.49,7.22,3863.12,,,bearish,0.027,False,False,0,broke,2.47,20.3,-20.3
2025-10-01T18:00:00+02:00,15m,supply,3879.0,3870.51,8.49,8.34,3863.46,bearish,0.394,bearish,0.463,False,False,1,broke,2.81,19.96,-19.96
2025-10-01T18:15:00+02:00,15m,supply,3879.0,3870.51,8.49,8.64,3867.71,,,bullish,0.2,False,False,0,broke,7.07,15.71,-15.71
2025-10-02T13:00:00+02:00,15m,supply,3870.38,3854.74,15.64,15.78,3835.83,bearish,1.388,bearish,0.489,False,True,2,broke,15.83,61.34,-61.34
2025-10-02T13:15:00+02:00,15m,demand,3870.38,3854.74,15.64,19.31,3897.17,,,bearish,0.771,False,True,1,broke,0.0,77.18,-77.18
2025-10-02T13:30:00+02:00,15m,demand,3870.38,3854.74,15.64,18.95,3897.17,,,bullish,0.463,False,True,1,broke,0.0,77.18,-77.18
2025-10-02T13:45:00+02:00,15m,supply,3870.38,3854.74,15.64,21.83,3831.1,,,bullish,0.779,False,True,1,broke,11.11,66.07,-66.07
2025-10-02T14:00:00+02:00,15m,demand,3870.36,3845.46,24.9,25.37,3897.17,bullish,0.782,bearish,0.334,False,True,2,broke,0.0,77.18,-77.18
2025-10-02T14:15:00+02:00,15m,demand,3870.36,3845.46,24.9,26.38,3879.27,,,bearish,0.572,False,True,1,broke,1.11,59.28,-59.28
2025-10-02T14:30:00+02:00,15m,demand,3852.24,3840.22,12.02,26.54,3870.21,,,bearish,0.164,False,True,1,broke,0.31,50.22,-50.22
2025-10-02T17:00:00+02:00,15m,supply,3872.78,3848.04,24.74,25.63,3822.83,bearish,0.882,bullish,0.015,False,True,2,respected,0.15,46.43,0.15
2025-10-02T17:15:00+02:00,15m,supply,3872.78,3848.04,24.74,22.6,3847.26,,,bearish,0.083,False,True,1,respected,22.09,22.0,22.09
2025-10-02T18:45:00+02:00,15m,supply,3870.38,3854.74,15.64,15.96,3825.69,,,bullish,0.905,False,True,1,respected,0.52,43.57,0.52
2025-10-03T13:00:00+02:00,15m,demand,3859.71,3847.67,12.05,14.58,3891.24,bullish,0.813,bullish,0.179,False,False,1,respected,0.48,42.63,0.48
2025-10-03T13:15:00+02:00,15m,demand,3859.71,3847.67,12.05,15.82,3867.3,,,bullish,0.358,False,False,0,broke,24.42,29.12,-29.12
2025-10-03T13:45:00+02:00,15m,demand,3859.71,3847.67,12.05,18.84,3891.72,,,bullish,0.01,False,False,0,broke,0.0,53.54,-53.54
2025-10-03T14:00:00+02:00,15m,demand,3859.71,3847.67,12.05,18.63,3891.72,bullish,0.059,bearish,0.684,False,False,1,broke,0.0,53.54,-53.54
2025-10-03T14:15:00+02:00,15m,demand,3859.71,3847.67,12.05,17.86,3891.72,,,bearish,0.012,False,False,0,broke,0.0,53.54,-53.54
2025-10-03T14:30:00+02:00,15m,demand,3859.71,3847.67,12.05,19.21,3860.93,,,bullish,0.909,False,False,0,broke,19.35,22.75,-22.75
2025-10-03T15:30:00+02:00,15m,demand,3859.71,3847.67,12.05,17.55,3877.96,,,bearish,0.294,False,False,0,broke,2.33,39.78,-39.78
2025-10-03T15:45:00+02:00,15m,demand,3859.71,3847.67,12.05,17.51,3866.76,,,bearish,0.073,False,False,0,broke,13.52,28.58,-28.58
