datetime,open,high,low,close,volume
2026-01-01 00:00:00,4361.000,4362.423,4355.526,4359.474,5033
2026-01-01 01:00:00,4359.474,4364.721,4355.700,4358.008,5179
2026-01-01 02:00:00,4358.008,4368.685,4355.712,4359.241,5525
2026-01-01 03:00:00,4359.241,4364.728,4348.000,4363.142,5987
2026-01-01 04:00:00,4363.142,4368.030,4350.735,4351.447,6545
2026-01-01 05:00:00,4351.447,4365.455,4351.077,4355.280,6447
2026-01-01 06:00:00,4355.280,4365.191,4353.628,4353.639,5889
2026-01-01 07:00:00,4353.639,4364.877,4350.207,4352.829,6386
2026-01-01 08:00:00,4352.829,4370.198,4352.295,4366.131,5679
2026-01-01 09:00:00,4366.131,4372.420,4349.372,4354.755,5782
2026-01-01 10:00:00,4354.755,4371.194,4352.230,4365.396,6704
2026-01-01 11:00:00,4365.396,4380.000,4348.000,4356.415,6318
2026-01-01 12:00:00,4356.415,4373.918,4350.377,4362.613,5497
2026-01-01 13:00:00,4362.613,4376.559,4353.835,4361.014,5817
2026-01-01 14:00:00,4361.014,4372.210,4353.506,4370.237,6080
2026-01-01 15:00:00,4370.237,4374.416,4352.920,4360.113,6181
2026-01-01 16:00:00,4360.113,4371.530,4350.721,4350.772,6381
2026-01-01 17:00:00,4350.772,4380.000,4349.622,4365.784,6183
2026-01-01 18:00:00,4365.784,4376.573,4356.488,4358.625,5697
2026-01-01 19:00:00,4358.625,4369.994,4352.268,4359.083,7093
2026-01-01 20:00:00,4359.083,4377.675,4354.357,4370.709,6110
2026-01-01 21:00:00,4370.709,4370.867,4357.392,4365.306,5650
2026-01-01 22:00:00,4365.306,4370.206,4360.989,4361.919,6006
2026-01-01 23:00:00,4361.919,4367.080,4359.289,4366.000,6166
2026-01-02 00:00:00,4366.000,4369.714,4358.878,4369.636,5241
2026-01-02 01:00:00,4369.636,4371.200,4357.424,4365.016,6547
2026-01-02 02:00:00,4365.016,4371.447,4357.547,4370.287,6335
2026-01-02 03:00:00,4370.287,4373.152,4357.388,4366.162,5601
2026-01-02 04:00:00,4366.162,4376.187,4351.044,4351.049,4803
2026-01-02 05:00:00,4351.049,4383.000,4349.000,4368.596,6249
2026-01-02 06:00:00,4368.596,4369.135,4356.913,4368.395,6027
2026-01-02 07:00:00,4368.395,4375.290,4353.961,4370.801,6175
2026-01-02 08:00:00,4370.801,4376.221,4359.963,4370.149,6423
2026-01-02 09:00:00,4370.149,4375.152,4359.346,4361.763,6803
2026-01-02 10:00:00,4361.763,4376.402,4351.366,4357.595,6247
2026-01-02 11:00:00,4357.595,4379.788,4352.122,4358.846,5818
2026-01-02 12:00:00,4358.846,4374.086,4349.000,4358.960,5776
2026-01-02 13:00:00,4358.960,4378.630,4356.224,4366.364,5753
2026-01-02 14:00:00,4366.364,4372.929,4354.947,4369.210,5770
2026-01-02 15:00:00,4369.210,4383.000,4359.530,4368.875,6397
2026-01-02 16:00:00,4368.875,4379.085,4358.456,4364.867,5785
2026-01-02 17:00:00,4364.867,4375.807,4356.741,4359.257,6003
2026-01-02 18:00:00,4359.257,4375.639,4352.656,4366.041,5421
2026-01-02 19:00:00,4366.041,4375.851,4358.507,4359.199,6046
2026-01-02 20:00:00,4359.199,4376.887,4359.128,4369.154,5314
2026-01-02 21:00:00,4369.154,4377.559,4361.333,4371.668,5892
2026-01-02 22:00:00,4371.668,4373.187,4365.497,4367.885,7140
2026-01-02 23:00:00,4367.885,4372.021,4362.809,4372.000,5733
2026-01-05 00:00:00,4372.000,4383.480,4371.386,4376.005,5657
2026-01-05 01:00:00,4376.005,4383.849,4361.781,4377.309,4893
2026-01-05 02:00:00,4377.309,4394.946,4362.269,4382.926,6497
2026-01-05 03:00:00,4382.926,4389.440,4360.622,4380.069,6862
2026-01-05 04:00:00,4380.069,4420.000,4370.638,4420.000,5274
2026-01-05 05:00:00,4420.000,4420.000,4360.000,4379.548,6483
2026-01-05 06:00:00,4379.548,4395.588,4362.516,4367.915,6068
2026-01-05 07:00:00,4367.915,4395.745,4366.681,4376.638,5355
2026-01-05 08:00:00,4376.638,4402.987,4361.672,4379.171,5599
2026-01-05 09:00:00,4379.171,4409.546,4360.000,4388.020,5906
2026-01-05 10:00:00,4388.020,4408.263,4371.589,4390.463,7233
2026-01-05 11:00:00,4390.463,4417.815,4377.500,4396.894,6138
2026-01-05 12:00:00,4396.894,4403.511,4372.185,4385.577,6270
2026-01-05 13:00:00,4385.577,4407.617,4373.532,4373.623,5307
2026-01-05 14:00:00,4373.623,4414.522,4373.082,4409.751,6194
2026-01-05 15:00:00,4409.751,4419.154,4373.985,4402.879,4663
2026-01-05 16:00:00,4402.879,4416.191,4391.973,4401.059,5401
2026-01-05 17:00:00,4401.059,4418.198,4382.632,4417.558,5735
2026-01-05 18:00:00,4417.558,4417.566,4393.898,4394.833,5130
2026-01-05 19:00:00,4394.833,4419.935,4387.780,4390.264,5388
2026-01-05 20:00:00,4390.264,4416.587,4388.105,4407.671,6678
2026-01-05 21:00:00,4407.671,4420.000,4394.129,4415.198,6270
2026-01-05 22:00:00,4415.198,4416.138,4401.336,4410.211,6610
2026-01-05 23:00:00,4410.211,4416.124,4405.511,4415.000,6134
2026-01-06 00:00:00,4386.333,4389.750,4377.201,4378.997,6171
2026-01-06 01:00:00,4378.997,4393.798,4375.000,4390.558,5205
2026-01-06 02:00:00,4390.558,4399.219,4377.975,4386.135,5777
2026-01-06 03:00:00,4386.135,4403.136,4378.141,4393.453,5517
2026-01-06 04:00:00,4393.453,4398.953,4377.307,4388.212,5884
2026-01-06 05:00:00,4388.212,4407.420,4375.000,4396.907,5370
2026-01-06 06:00:00,4396.907,4410.135,4379.370,4409.791,6113
2026-01-06 07:00:00,4409.791,4410.496,4376.740,4401.569,6299
2026-01-06 08:00:00,4401.569,4416.164,4382.294,4404.811,5811
2026-01-06 09:00:00,4404.811,4421.712,4376.961,4399.667,5186
2026-01-06 10:00:00,4399.667,4422.410,4386.819,4396.379,6182
2026-01-06 11:00:00,4396.379,4429.042,4381.261,4384.275,6466
2026-01-06 12:00:00,4384.275,4420.095,4382.152,4407.303,6628
2026-01-06 13:00:00,4407.303,4428.776,4393.210,4412.858,5734
2026-01-06 14:00:00,4412.858,4425.252,4388.113,4405.790,5519
2026-01-06 15:00:00,4405.790,4424.226,4387.843,4414.629,5911
2026-01-06 16:00:00,4414.629,4430.369,4392.961,4409.982,6133
2026-01-06 17:00:00,4409.982,4430.681,4391.887,4405.071,5714
2026-01-06 18:00:00,4405.071,4436.000,4375.000,4375.000,6271
2026-01-06 19:00:00,4375.000,4426.161,4375.000,4408.687,5705
2026-01-06 20:00:00,4408.687,4421.820,4405.452,4410.645,6254
2026-01-06 21:00:00,4410.645,4426.260,4408.726,4419.143,6640
2026-01-06 22:00:00,4419.143,4435.041,4411.737,4416.472,6881
2026-01-06 23:00:00,4416.472,4429.637,4410.163,4429.333,6121
2026-01-07 00:00:00,4400.667,4413.083,4398.915,4402.949,5870
2026-01-07 01:00:00,4402.949,4417.340,4390.000,4416.030,5343
2026-01-07 02:00:00,4416.030,4416.878,4401.073,4411.753,5663
2026-01-07 03:00:00,4411.753,4432.036,4396.825,4429.777,5997
2026-01-07 04:00:00,4429.777,4431.170,4390.000,4415.034,5388
2026-01-07 05:00:00,4415.034,4426.636,4398.582,4411.569,6525
2026-01-07 06:00:00,4411.569,4425.261,4405.617,4422.275,6263
2026-01-07 07:00:00,4422.275,4427.510,4395.437,4427.138,6107
2026-01-07 08:00:00,4427.138,4434.749,4390.000,4420.282,6017
2026-01-07 09:00:00,4420.282,4442.925,4394.859,4411.327,6659
2026-01-07 10:00:00,4411.327,4430.133,4390.000,4409.957,6180
2026-01-07 11:00:00,4409.957,4442.646,4400.364,4424.148,6462
2026-01-07 12:00:00,4424.148,4452.000,4395.681,4420.276,5640
2026-01-07 13:00:00,4420.276,4438.074,4409.909,4425.978,5446
2026-01-07 14:00:00,4425.978,4446.954,4392.500,4430.291,5716
2026-01-07 15:00:00,4430.291,4448.756,4414.009,4422.728,6067
2026-01-07 16:00:00,4422.728,4448.317,4404.585,4425.339,5448
2026-01-07 17:00:00,4425.339,4444.046,4411.755,4421.518,7186
2026-01-07 18:00:00,4421.518,4452.000,4412.363,4452.000,5855
2026-01-07 19:00:00,4452.000,4452.000,4418.089,4422.948,6132
2026-01-07 20:00:00,4422.948,4451.116,4421.784,4450.502,6052
2026-01-07 21:00:00,4450.502,4451.276,4426.464,4434.154,6414
2026-01-07 22:00:00,4434.154,4448.520,4431.169,4434.187,5562
2026-01-07 23:00:00,4434.187,4444.374,4433.600,4443.667,6348
2026-01-08 00:00:00,4415.000,4422.783,4407.933,4410.697,5808
2026-01-08 01:00:00,4410.697,4468.000,4408.708,4411.379,5427
2026-01-08 02:00:00,4411.379,4432.423,4408.581,4411.948,6047
2026-01-08 03:00:00,4411.948,4432.874,4409.843,4423.329,5632
2026-01-08 04:00:00,4423.329,4443.466,4405.000,4412.147,5851
2026-01-08 05:00:00,4412.147,4432.009,4405.000,4422.791,5884
2026-01-08 06:00:00,4422.791,4439.312,4405.000,4405.000,5726
2026-01-08 07:00:00,4405.000,4440.082,4405.000,4423.030,6085
2026-01-08 08:00:00,4423.030,4451.293,4413.734,4440.062,6230
2026-01-08 09:00:00,4440.062,4449.330,4422.882,4437.165,6234
2026-01-08 10:00:00,4437.165,4451.779,4425.883,4428.550,6597
2026-01-08 11:00:00,4428.550,4449.793,4421.088,4437.117,6308
2026-01-08 12:00:00,4437.117,4462.056,4416.431,4432.083,5382
2026-01-08 13:00:00,4432.083,4443.380,4417.096,4437.099,6395
2026-01-08 14:00:00,4437.099,4468.000,4405.845,4413.404,6008
2026-01-08 15:00:00,4413.404,4453.929,4411.803,4453.023,5708
2026-01-08 16:00:00,4453.023,4456.925,4429.031,4451.215,5920
2026-01-08 17:00:00,4451.215,4456.071,4415.719,4439.026,6045
2026-01-08 18:00:00,4439.026,4456.940,4421.101,4443.630,6287
2026-01-08 19:00:00,4443.630,4451.335,4418.094,4430.800,5944
2026-01-08 20:00:00,4430.800,4454.228,4429.984,4443.860,5400
2026-01-08 21:00:00,4443.860,4457.409,4431.879,4444.606,5175
2026-01-08 22:00:00,4444.606,4459.505,4439.895,4451.397,6200
2026-01-08 23:00:00,4451.397,4458.296,4444.174,4458.000,5826
2026-01-09 00:00:00,4426.250,4438.805,4416.750,4428.124,5698
2026-01-09 01:00:00,4428.124,4448.149,4418.591,4442.517,5524
2026-01-09 02:00:00,4442.517,4448.487,4416.750,4416.750,5961
2026-01-09 03:00:00,4416.750,4459.266,4416.750,4426.771,6920
2026-01-09 04:00:00,4426.771,4497.000,4419.564,4428.475,5802
2026-01-09 05:00:00,4428.475,4454.287,4426.648,4437.643,5994
2026-01-09 06:00:00,4437.643,4451.166,4422.282,4439.080,5617
2026-01-09 07:00:00,4439.080,4461.022,4425.260,4445.934,5991
2026-01-09 08:00:00,4445.934,4469.666,4436.600,4447.299,5418
2026-01-09 09:00:00,4447.299,4474.902,4420.556,4443.261,5724
2026-01-09 10:00:00,4443.261,4484.032,4427.783,4481.051,6039
2026-01-09 11:00:00,4481.051,4483.116,4424.092,4450.936,4877
2026-01-09 12:00:00,4450.936,4469.396,4425.857,4468.356,6191
2026-01-09 13:00:00,4468.356,4469.458,4432.283,4465.415,6015
2026-01-09 14:00:00,4465.415,4473.249,4440.033,4455.366,5905
2026-01-09 15:00:00,4455.366,4474.445,4440.388,4461.545,6578
2026-01-09 16:00:00,4461.545,4469.204,4441.095,4452.883,5964
2026-01-09 17:00:00,4452.883,4497.000,4447.056,4448.855,6141
2026-01-09 18:00:00,4448.855,4483.595,4448.685,4476.606,5561
2026-01-09 19:00:00,4476.606,4484.208,4452.739,4466.965,6438
2026-01-09 20:00:00,4466.965,4483.763,4454.321,4472.125,6122
2026-01-09 21:00:00,4472.125,4476.725,4463.241,4464.522,5813
2026-01-09 22:00:00,4464.522,4479.230,4462.752,4476.359,6516
2026-01-09 23:00:00,4476.359,4489.736,4468.188,4486.250,6764
2026-01-12 00:00:00,4460.000,4491.922,4457.018,4486.845,5937
2026-01-12 01:00:00,4486.845,4516.557,4461.981,4466.850,5735
2026-01-12 02:00:00,4466.850,4499.250,4452.000,4493.912,5269
2026-01-12 03:00:00,4493.912,4509.857,4461.185,4506.726,5002
2026-01-12 04:00:00,4506.726,4510.714,4465.239,4498.784,5712
2026-01-12 05:00:00,4498.784,4521.308,4464.876,4501.766,6241
2026-01-12 06:00:00,4501.766,4530.255,4462.826,4476.923,6219
2026-01-12 07:00:00,4476.923,4541.239,4468.741,4511.333,7053
2026-01-12 08:00:00,4511.333,4544.666,4470.637,4540.354,6353
2026-01-12 09:00:00,4540.354,4541.720,4478.261,4488.322,6733
2026-01-12 10:00:00,4488.322,4542.184,4474.827,4512.736,5814
2026-01-12 11:00:00,4512.736,4536.086,4483.600,4497.835,5483
2026-01-12 12:00:00,4497.835,4554.535,4485.704,4516.555,5002
2026-01-12 13:00:00,4516.555,4553.092,4494.469,4527.988,6216
2026-01-12 14:00:00,4527.988,4555.731,4497.885,4530.880,4954
2026-01-12 15:00:00,4530.880,4558.192,4493.036,4539.895,5783
2026-01-12 16:00:00,4539.895,4584.000,4508.501,4527.263,5550
2026-01-12 17:00:00,4527.263,4569.749,4511.574,4548.525,6400
2026-01-12 18:00:00,4548.525,4564.607,4513.751,4517.904,6453
2026-01-12 19:00:00,4517.904,4579.186,4452.000,4575.651,6677
2026-01-12 20:00:00,4575.651,4576.563,4513.288,4532.465,4934
2026-01-12 21:00:00,4532.465,4582.275,4530.599,4538.269,6232
2026-01-12 22:00:00,4538.269,4584.000,4530.574,4549.505,5672
2026-01-12 23:00:00,4549.505,4572.349,4534.661,4571.000,5211
2026-01-13 00:00:00,4497.000,4524.028,4495.279,4512.744,5402
2026-01-13 01:00:00,4512.744,4552.095,4500.615,4515.553,6052
2026-01-13 02:00:00,4515.553,4550.495,4490.013,4503.997,5968
2026-01-13 03:00:00,4503.997,4541.173,4492.424,4503.268,5833
2026-01-13 04:00:00,4503.268,4549.159,4490.704,4497.848,7151
2026-01-13 05:00:00,4497.848,4548.719,4495.831,4518.312,5431
2026-01-13 06:00:00,4518.312,4548.692,4503.322,4522.948,5292
2026-01-13 07:00:00,4522.948,4581.402,4488.000,4499.781,6245
2026-01-13 08:00:00,4499.781,4556.547,4498.513,4517.162,5540
2026-01-13 09:00:00,4517.162,4576.402,4515.867,4535.179,5459
2026-01-13 10:00:00,4535.179,4611.309,4501.377,4503.448,5863
2026-01-13 11:00:00,4503.448,4577.556,4500.058,4535.632,6707
2026-01-13 12:00:00,4535.632,4593.986,4528.534,4561.075,5947
2026-01-13 13:00:00,4561.075,4612.651,4519.106,4539.019,6097
2026-01-13 14:00:00,4539.019,4591.927,4518.468,4547.937,6414
2026-01-13 15:00:00,4547.937,4602.689,4524.775,4540.165,5760
2026-01-13 16:00:00,4540.165,4605.058,4535.326,4549.528,6329
2026-01-13 17:00:00,4549.528,4616.000,4538.227,4554.910,5492
2026-01-13 18:00:00,4554.910,4610.803,4550.097,4579.980,6303
2026-01-13 19:00:00,4579.980,4608.983,4488.000,4579.104,6180
2026-01-13 20:00:00,4579.104,4616.000,4555.498,4574.057,5793
2026-01-13 21:00:00,4574.057,4595.855,4553.466,4580.311,4772
2026-01-13 22:00:00,4580.311,4607.720,4558.982,4586.248,5832
2026-01-13 23:00:00,4586.248,4602.174,4571.788,4595.667,6335
2026-01-14 00:00:00,4534.000,4554.984,4530.067,4548.892,6358
2026-01-14 01:00:00,4548.892,4565.933,4530.282,4545.351,5623
2026-01-14 02:00:00,4545.351,4577.416,4524.000,4539.544,6396
2026-01-14 03:00:00,4539.544,4574.937,4527.632,4530.062,5779
2026-01-14 04:00:00,4530.062,4593.130,4527.935,4556.551,5844
2026-01-14 05:00:00,4556.551,4583.850,4543.851,4580.515,5239
2026-01-14 06:00:00,4580.515,4614.169,4554.334,4570.909,5645
2026-01-14 07:00:00,4570.909,4600.195,4539.504,4566.285,5627
2026-01-14 08:00:00,4566.285,4604.072,4524.000,4582.638,5782
2026-01-14 09:00:00,4582.638,4617.707,4531.035,4577.871,4899
2026-01-14 10:00:00,4577.871,4602.145,4532.594,4553.757,5898
2026-01-14 11:00:00,4553.757,4605.918,4548.638,4602.215,5421
2026-01-14 12:00:00,4602.215,4619.615,4536.409,4580.670,5469
2026-01-14 13:00:00,4580.670,4605.385,4556.998,4579.362,5563
2026-01-14 14:00:00,4579.362,4612.910,4542.153,4585.326,5864
2026-01-14 15:00:00,4585.326,4623.866,4559.896,4588.562,6368
2026-01-14 16:00:00,4588.562,4623.069,4561.850,4562.488,5609
2026-01-14 17:00:00,4562.488,4621.751,4562.349,4601.051,4895
2026-01-14 18:00:00,4601.051,4623.684,4569.045,4608.270,6387
2026-01-14 19:00:00,4608.270,4648.000,4577.810,4617.279,6060
2026-01-14 20:00:00,4617.279,4648.000,4581.174,4616.994,6373
2026-01-14 21:00:00,4616.994,4628.385,4582.800,4583.309,6647
2026-01-14 22:00:00,4583.309,4628.604,4582.154,4619.204,6709
2026-01-14 23:00:00,4619.204,4624.367,4589.867,4620.333,6296
2026-01-15 00:00:00,4571.000,4606.165,4569.266,4592.835,5536
2026-01-15 01:00:00,4592.835,4612.761,4583.139,4594.062,5765
2026-01-15 02:00:00,4594.062,4634.167,4585.928,4607.838,5723
2026-01-15 03:00:00,4607.838,4631.502,4574.660,4623.485,5736
2026-01-15 04:00:00,4623.485,4665.783,4582.223,4607.128,5836
2026-01-15 05:00:00,4607.128,4640.158,4581.850,4639.914,5991
2026-01-15 06:00:00,4639.914,4645.497,4582.954,4629.815,5677
2026-01-15 07:00:00,4629.815,4634.964,4576.878,4610.776,6032
2026-01-15 08:00:00,4610.776,4652.481,4560.000,4588.441,5822
2026-01-15 09:00:00,4588.441,4628.176,4588.106,4598.044,6109
2026-01-15 10:00:00,4598.044,4660.368,4560.000,4656.553,6926
2026-01-15 11:00:00,4656.553,4659.686,4585.743,4585.801,5591
2026-01-15 12:00:00,4585.801,4665.718,4585.743,4639.089,6446
2026-01-15 13:00:00,4639.089,4661.545,4592.668,4639.460,5694
2026-01-15 14:00:00,4639.460,4677.478,4589.506,4607.718,7382
2026-01-15 15:00:00,4607.718,4664.069,4579.380,4622.449,6171
2026-01-15 16:00:00,4622.449,4680.000,4599.819,4603.242,6332
2026-01-15 17:00:00,4603.242,4656.296,4603.211,4646.183,5975
2026-01-15 18:00:00,4646.183,4680.000,4614.182,4680.000,7158
2026-01-15 19:00:00,4680.000,4680.000,4622.114,4663.387,5199
2026-01-15 20:00:00,4663.387,4668.829,4618.599,4642.135,5842
2026-01-15 21:00:00,4642.135,4664.762,4627.495,4651.518,6255
2026-01-15 22:00:00,4651.518,4678.779,4632.277,4643.526,6063
2026-01-15 23:00:00,4643.526,4666.019,4639.279,4645.000,5760
2026-01-16 00:00:00,4589.500,4630.541,4577.500,4627.559,6421
2026-01-16 01:00:00,4627.559,4641.137,4587.124,4623.658,5318
2026-01-16 02:00:00,4623.658,4646.304,4577.500,4606.804,5499
2026-01-16 03:00:00,4606.804,4655.550,4578.478,4644.968,6956
2026-01-16 04:00:00,4644.968,4646.765,4577.500,4598.512,5368
2026-01-16 05:00:00,4598.512,4656.633,4588.631,4634.418,6069
2026-01-16 06:00:00,4634.418,4715.000,4577.500,4644.279,5901
2026-01-16 07:00:00,4644.279,4693.875,4582.785,4619.008,5873
2026-01-16 08:00:00,4619.008,4715.000,4586.740,4616.466,5671
2026-01-16 09:00:00,4616.466,4675.523,4598.026,4649.506,6626
2026-01-16 10:00:00,4649.506,4667.437,4590.566,4591.178,6253
2026-01-16 11:00:00,4591.178,4694.423,4590.361,4630.176,5264
2026-01-16 12:00:00,4630.176,4683.225,4598.903,4641.618,6327
2026-01-16 13:00:00,4641.618,4688.666,4593.436,4595.019,6378
2026-01-16 14:00:00,4595.019,4710.846,4590.905,4626.293,5952
2026-01-16 15:00:00,4626.293,4703.513,4623.117,4644.363,6697
2026-01-16 16:00:00,4644.363,4714.715,4640.745,4660.049,6661
2026-01-16 17:00:00,4660.049,4707.671,4620.747,4643.694,7460
2026-01-16 18:00:00,4643.694,4703.558,4600.933,4649.478,5556
2026-01-16 19:00:00,4649.478,4701.327,4621.728,4634.508,6961
2026-01-16 20:00:00,4634.508,4703.550,4618.902,4701.375,5585
2026-01-16 21:00:00,4701.375,4704.323,4647.351,4681.440,6505
2026-01-16 22:00:00,4681.440,4700.047,4663.012,4686.332,6024
2026-01-16 23:00:00,4686.332,4702.420,4659.961,4678.750,5663
2026-01-19 00:00:00,4645.000,4711.273,4639.631,4693.101,6123
2026-01-19 01:00:00,4693.101,4710.591,4665.247,4682.186,7642
2026-01-19 02:00:00,4682.186,4727.821,4667.377,4702.027,5911
2026-01-19 03:00:00,4702.027,4731.505,4630.000,4630.000,5583
2026-01-19 04:00:00,4630.000,4753.596,4630.000,4752.066,5654
2026-01-19 05:00:00,4752.066,4774.699,4678.236,4689.106,5959
2026-01-19 06:00:00,4689.106,4753.559,4681.309,4741.765,6445
2026-01-19 07:00:00,4741.765,4767.501,4679.212,4683.805,5697
2026-01-19 08:00:00,4683.805,4784.650,4679.081,4717.240,5827
2026-01-19 09:00:00,4717.240,4820.000,4695.291,4708.167,5938
2026-01-19 10:00:00,4708.167,4780.764,4651.632,4720.643,6123
2026-01-19 11:00:00,4720.643,4814.381,4687.586,4725.754,6211
2026-01-19 12:00:00,4725.754,4810.728,4702.537,4741.222,6402
2026-01-19 13:00:00,4741.222,4779.920,4708.716,4769.790,5141
2026-01-19 14:00:00,4769.790,4820.000,4715.572,4718.090,6283
2026-01-19 15:00:00,4718.090,4782.880,4699.385,4740.759,5641
2026-01-19 16:00:00,4740.759,4773.471,4699.857,4731.126,6223
2026-01-19 17:00:00,4731.126,4809.055,4724.464,4763.703,6668
2026-01-19 18:00:00,4763.703,4820.000,4707.041,4745.046,5406
2026-01-19 19:00:00,4745.046,4808.687,4711.671,4798.097,4921
2026-01-19 20:00:00,4798.097,4820.000,4722.488,4754.730,5705
2026-01-19 21:00:00,4754.730,4809.939,4744.425,4799.053,4899
2026-01-19 22:00:00,4799.053,4803.665,4761.647,4790.076,6400
2026-01-19 23:00:00,4790.076,4797.832,4773.350,4780.000,6179
2026-01-20 00:00:00,4690.000,4744.198,4677.914,4741.621,5816
2026-01-20 01:00:00,4741.621,4750.599,4674.000,4711.124,6173
2026-01-20 02:00:00,4711.124,4807.263,4674.000,4767.550,5720
2026-01-20 03:00:00,4767.550,4773.289,4685.527,4734.696,6379
2026-01-20 04:00:00,4734.696,4775.249,4701.329,4714.709,5369
2026-01-20 05:00:00,4714.709,4813.976,4698.210,4800.198,6175
2026-01-20 06:00:00,4800.198,4806.311,4676.228,4777.534,6685
2026-01-20 07:00:00,4777.534,4791.870,4713.143,4746.403,5492
2026-01-20 08:00:00,4746.403,4841.292,4674.000,4674.000,5741
2026-01-20 09:00:00,4674.000,4823.121,4674.000,4800.321,5872
2026-01-20 10:00:00,4800.321,4837.260,4722.667,4835.474,5527
2026-01-20 11:00:00,4835.474,4846.606,4736.639,4784.429,5445
2026-01-20 12:00:00,4784.429,4835.110,4758.835,4803.959,6241
2026-01-20 13:00:00,4803.959,4882.927,4725.839,4739.631,7011
2026-01-20 14:00:00,4739.631,4862.431,4711.645,4860.553,5641
2026-01-20 15:00:00,4860.553,4880.229,4714.199,4822.615,5565
2026-01-20 16:00:00,4822.615,4882.580,4747.166,4854.964,6020
2026-01-20 17:00:00,4854.964,4908.333,4771.171,4809.059,6149
2026-01-20 18:00:00,4809.059,4893.530,4769.287,4787.972,6138
2026-01-20 19:00:00,4787.972,4908.333,4783.779,4833.028,6542
2026-01-20 20:00:00,4833.028,4888.840,4778.008,4847.549,6270
2026-01-20 21:00:00,4847.549,4884.006,4808.116,4852.866,5673
2026-01-20 22:00:00,4852.866,4897.922,4815.382,4868.853,5701
2026-01-20 23:00:00,4868.853,4883.393,4845.880,4877.667,5476
2026-01-21 00:00:00,4735.000,4777.999,4730.057,4759.362,6057
2026-01-21 01:00:00,4759.362,4799.646,4727.641,4734.477,5341
2026-01-21 02:00:00,4734.477,4859.037,4721.403,4784.646,6030
2026-01-21 03:00:00,4784.646,4836.032,4718.000,4787.237,6151
2026-01-21 04:00:00,4787.237,4855.574,4721.097,4764.942,6175
2026-01-21 05:00:00,4764.942,4858.332,4748.532,4792.707,6307
2026-01-21 06:00:00,4792.707,4915.696,4770.243,4818.641,6614
2026-01-21 07:00:00,4818.641,4916.647,4763.707,4831.733,5884
2026-01-21 08:00:00,4831.733,4912.304,4769.694,4875.593,6129
2026-01-21 09:00:00,4875.593,4996.667,4718.000,4840.215,6451
2026-01-21 10:00:00,4840.215,4878.568,4764.787,4837.614,6879
2026-01-21 11:00:00,4837.614,4883.167,4725.540,4846.326,5829
2026-01-21 12:00:00,4846.326,4914.713,4767.789,4812.068,5411
2026-01-21 13:00:00,4812.068,4947.581,4806.811,4882.773,5623
2026-01-21 14:00:00,4882.773,4996.667,4821.917,4858.861,6236
2026-01-21 15:00:00,4858.861,4940.594,4810.362,4887.568,6424
2026-01-21 16:00:00,4887.568,4970.575,4833.117,4882.891,5896
2026-01-21 17:00:00,4882.891,4978.300,4859.995,4898.187,6204
2026-01-21 18:00:00,4898.187,4948.517,4862.617,4921.837,6260
2026-01-21 19:00:00,4921.837,4944.655,4823.607,4940.691,6497
2026-01-21 20:00:00,4940.691,4972.463,4859.443,4889.523,6335
2026-01-21 21:00:00,4889.523,4977.234,4882.409,4923.058,6050
2026-01-21 22:00:00,4923.058,4968.337,4896.906,4928.155,5914
2026-01-21 23:00:00,4928.155,4977.537,4912.384,4975.333,6560
2026-01-22 00:00:00,4780.000,4846.281,4773.506,4812.188,5735
2026-01-22 01:00:00,4812.188,4859.762,4785.100,4852.587,5279
2026-01-22 02:00:00,4852.587,4884.703,4762.170,4811.511,5564
2026-01-22 03:00:00,4811.511,4897.331,4769.531,4837.872,6225
2026-01-22 04:00:00,4837.872,4885.452,4763.850,4873.166,5344
2026-01-22 05:00:00,4873.166,4991.370,4771.729,4936.131,5389
2026-01-22 06:00:00,4936.131,4945.093,4762.000,4872.995,6628
2026-01-22 07:00:00,4872.995,4975.165,4827.059,4937.507,6652
2026-01-22 08:00:00,4937.507,4972.352,4779.407,4814.739,5643
2026-01-22 09:00:00,4814.739,4995.744,4812.537,4890.466,5503
2026-01-22 10:00:00,4890.466,5020.271,4860.457,4916.450,5634
2026-01-22 11:00:00,4916.450,4972.405,4833.508,4888.926,6292
2026-01-22 12:00:00,4888.926,4992.409,4880.474,4972.422,5754
2026-01-22 13:00:00,4972.422,5085.000,4833.029,4913.905,5824
2026-01-22 14:00:00,4913.905,5032.417,4855.198,5027.298,5941
2026-01-22 15:00:00,5027.298,5079.911,4896.281,5029.064,6022
2026-01-22 16:00:00,5029.064,5033.382,4869.909,4986.591,5248
2026-01-22 17:00:00,4986.591,5057.551,4937.497,4943.423,6036
2026-01-22 18:00:00,4943.423,5046.736,4928.426,4992.722,6173
2026-01-22 19:00:00,4992.722,5085.000,4940.064,5030.575,6398
2026-01-22 20:00:00,5030.575,5074.750,4929.770,5022.756,5719
2026-01-22 21:00:00,5022.756,5085.000,4762.000,5027.394,6006
2026-01-22 22:00:00,5027.394,5078.213,4974.162,5048.709,5826
2026-01-22 23:00:00,5048.709,5080.843,4994.932,5073.000,5307
2026-01-23 00:00:00,4853.250,4903.932,4851.827,4895.995,7164
2026-01-23 01:00:00,4895.995,4915.214,4835.250,4909.710,6158
2026-01-23 02:00:00,4909.710,4923.107,4863.523,4918.327,6348
2026-01-23 03:00:00,4918.327,4936.553,4844.931,4892.217,6573
2026-01-23 04:00:00,4892.217,4959.826,4840.370,4936.556,6955
2026-01-23 05:00:00,4936.556,4997.872,4835.250,4972.046,5268
2026-01-23 06:00:00,4972.046,4983.225,4857.248,4933.062,6147
2026-01-23 07:00:00,4933.062,5025.014,4867.937,4987.703,6330
2026-01-23 08:00:00,4987.703,4993.487,4872.787,4915.149,5747
2026-01-23 09:00:00,4915.149,4995.367,4886.363,4918.236,6385
2026-01-23 10:00:00,4918.236,5019.987,4901.251,5005.222,6064
2026-01-23 11:00:00,5005.222,5026.741,4914.985,4932.175,5802
2026-01-23 12:00:00,4932.175,5034.910,4897.311,5011.260,5311
2026-01-23 13:00:00,5011.260,5043.504,4884.891,5002.195,6251
2026-01-23 14:00:00,5002.195,5045.168,4899.609,4956.337,5892
2026-01-23 15:00:00,4956.337,5077.870,4873.626,4969.523,5702
2026-01-23 16:00:00,4969.523,5087.500,4940.481,5014.864,5782
2026-01-23 17:00:00,5014.864,5087.500,4958.067,5015.974,6493
2026-01-23 18:00:00,5015.974,5083.443,4974.871,5078.762,5420
2026-01-23 19:00:00,5078.762,5085.524,4954.079,5044.532,5771
2026-01-23 20:00:00,5044.532,5084.711,4981.471,5081.082,6100
2026-01-23 21:00:00,5081.082,5086.132,4970.410,5045.806,6463
2026-01-23 22:00:00,5045.806,5087.500,5003.184,5045.503,5656
2026-01-23 23:00:00,5045.503,5081.504,4835.250,5075.250,6363
2026-01-26 00:00:00,5073.000,5075.142,5066.923,5068.606,6684
2026-01-26 01:00:00,5068.606,5082.779,5062.358,5075.605,6195
2026-01-26 02:00:00,5075.605,5086.752,5059.155,5086.473,5345
2026-01-26 03:00:00,5086.473,5086.569,5055.000,5065.440,5474
2026-01-26 04:00:00,5065.440,5090.306,5056.109,5084.680,5712
2026-01-26 05:00:00,5084.680,5085.183,5060.604,5068.238,5498
2026-01-26 06:00:00,5068.238,5082.097,5064.721,5077.816,5547
2026-01-26 07:00:00,5077.816,5088.111,5055.021,5082.225,5245
2026-01-26 08:00:00,5082.225,5095.000,5061.525,5071.317,6417
2026-01-26 09:00:00,5071.317,5087.379,5061.686,5071.837,6211
2026-01-26 10:00:00,5071.837,5089.848,5066.077,5082.930,5386
2026-01-26 11:00:00,5082.930,5095.000,5058.425,5066.739,5468
2026-01-26 12:00:00,5066.739,5091.379,5064.799,5083.406,6000
2026-01-26 13:00:00,5083.406,5095.000,5063.401,5085.886,5579
2026-01-26 14:00:00,5085.886,5086.040,5061.086,5071.532,6162
2026-01-26 15:00:00,5071.532,5093.238,5065.840,5067.465,5747
2026-01-26 16:00:00,5067.465,5093.036,5055.000,5085.869,5417
2026-01-26 17:00:00,5085.869,5093.577,5057.890,5080.417,5528
2026-01-26 18:00:00,5080.417,5084.735,5063.925,5065.071,5075
2026-01-26 19:00:00,5065.071,5091.593,5064.811,5090.986,6436
2026-01-26 20:00:00,5090.986,5095.000,5066.850,5074.911,5279
2026-01-26 21:00:00,5074.911,5087.366,5070.282,5076.584,6810
2026-01-26 22:00:00,5076.584,5086.574,5074.412,5082.975,6093
2026-01-26 23:00:00,5082.975,5087.850,5075.931,5082.000,5700
2026-01-27 00:00:00,5076.000,5078.033,5071.177,5077.389,6229
2026-01-27 01:00:00,5077.389,5082.814,5069.591,5072.987,5906
2026-01-27 02:00:00,5072.987,5086.682,5068.636,5068.708,5213
2026-01-27 03:00:00,5068.708,5081.706,5068.331,5076.857,6097
2026-01-27 04:00:00,5076.857,5081.796,5072.212,5076.648,5903
2026-01-27 05:00:00,5076.648,5090.764,5068.204,5080.571,5870
2026-01-27 06:00:00,5080.571,5084.352,5063.000,5063.000,5623
2026-01-27 07:00:00,5063.000,5086.358,5063.000,5085.780,6086
2026-01-27 08:00:00,5085.780,5092.295,5071.901,5080.634,5389
2026-01-27 09:00:00,5080.634,5087.839,5066.497,5079.325,6220
2026-01-27 10:00:00,5079.325,5086.477,5072.130,5086.243,6559
2026-01-27 11:00:00,5086.243,5089.975,5071.051,5075.125,5694
2026-01-27 12:00:00,5075.125,5087.147,5066.535,5067.175,6805
2026-01-27 13:00:00,5067.175,5093.938,5067.021,5083.643,4660
2026-01-27 14:00:00,5083.643,5094.000,5068.245,5075.559,5173
2026-01-27 15:00:00,5075.559,5094.000,5063.374,5078.563,6338
2026-01-27 16:00:00,5078.563,5087.076,5070.379,5076.598,6329
2026-01-27 17:00:00,5076.598,5091.546,5069.690,5083.146,5728
2026-01-27 18:00:00,5083.146,5094.000,5070.729,5080.191,5742
2026-01-27 19:00:00,5080.191,5089.556,5071.954,5078.471,5559
2026-01-27 20:00:00,5078.471,5090.923,5072.456,5081.779,5398
2026-01-27 21:00:00,5081.779,5089.312,5074.067,5083.869,5565
2026-01-27 22:00:00,5083.869,5094.000,5074.106,5086.960,6319
2026-01-27 23:00:00,5086.960,5087.194,5078.548,5083.000,6284
2026-01-28 00:00:00,5079.000,5082.796,5076.646,5078.970,6038
2026-01-28 01:00:00,5078.970,5084.588,5076.468,5079.205,6038
2026-01-28 02:00:00,5079.205,5086.484,5073.801,5074.751,7215
2026-01-28 03:00:00,5074.751,5083.231,5073.719,5079.672,4951
2026-01-28 04:00:00,5079.672,5085.145,5072.647,5073.470,5658
2026-01-28 05:00:00,5073.470,5088.035,5073.118,5084.349,6842
2026-01-28 06:00:00,5084.349,5093.000,5071.000,5093.000,6252
2026-01-28 07:00:00,5093.000,5093.000,5071.854,5082.313,5099
2026-01-28 08:00:00,5082.313,5084.354,5072.226,5078.673,5876
2026-01-28 09:00:00,5078.673,5089.951,5075.735,5086.002,5108
2026-01-28 10:00:00,5086.002,5087.448,5074.462,5076.073,5887
2026-01-28 11:00:00,5076.073,5085.883,5075.552,5080.975,6377
2026-01-28 12:00:00,5080.975,5093.000,5071.875,5082.933,5459
2026-01-28 13:00:00,5082.933,5089.713,5080.169,5083.747,6326
2026-01-28 14:00:00,5083.747,5090.311,5074.055,5082.594,6680
2026-01-28 15:00:00,5082.594,5084.657,5071.000,5084.492,6133
2026-01-28 16:00:00,5084.492,5088.238,5071.000,5078.089,6225
2026-01-28 17:00:00,5078.089,5085.670,5071.706,5084.410,6331
2026-01-28 18:00:00,5084.410,5093.000,5078.050,5078.825,7087
2026-01-28 19:00:00,5078.825,5088.687,5073.081,5081.270,5994
2026-01-28 20:00:00,5081.270,5090.904,5081.057,5088.242,6081
2026-01-28 21:00:00,5088.242,5088.619,5077.927,5078.873,5513
2026-01-28 22:00:00,5078.873,5089.657,5078.544,5084.200,6473
2026-01-28 23:00:00,5084.200,5086.073,5082.032,5084.000,6465
2026-01-29 00:00:00,5082.000,5085.959,5081.814,5084.137,6188
2026-01-29 01:00:00,5084.137,5087.821,5080.988,5085.724,6044
2026-01-29 02:00:00,5085.724,5087.686,5081.617,5081.899,5871
2026-01-29 03:00:00,5081.899,5087.615,5081.713,5083.768,5307
2026-01-29 04:00:00,5083.768,5089.025,5079.000,5082.464,5407
2026-01-29 05:00:00,5082.464,5090.557,5081.086,5082.676,5900
2026-01-29 06:00:00,5082.676,5087.302,5081.446,5083.881,5287
2026-01-29 07:00:00,5083.881,5091.790,5081.989,5087.144,5586
2026-01-29 08:00:00,5087.144,5090.568,5079.383,5085.803,6495
2026-01-29 09:00:00,5085.803,5088.733,5079.000,5083.508,5095
2026-01-29 10:00:00,5083.508,5091.995,5083.436,5086.575,6388
2026-01-29 11:00:00,5086.575,5088.893,5079.000,5086.552,5379
2026-01-29 12:00:00,5086.552,5092.000,5083.028,5085.818,5963
2026-01-29 13:00:00,5085.818,5089.472,5081.932,5087.539,6039
2026-01-29 14:00:00,5087.539,5089.931,5081.186,5085.266,5737
2026-01-29 15:00:00,5085.266,5091.762,5081.763,5087.339,6524
2026-01-29 16:00:00,5087.339,5092.000,5081.679,5084.642,6102
2026-01-29 17:00:00,5084.642,5089.501,5080.714,5086.273,6857
2026-01-29 18:00:00,5086.273,5091.854,5082.943,5084.208,5760
2026-01-29 19:00:00,5084.208,5092.000,5083.826,5090.851,5036
2026-01-29 20:00:00,5090.851,5090.861,5079.000,5089.708,5973
2026-01-29 21:00:00,5089.708,5090.256,5082.805,5087.281,5143
2026-01-29 22:00:00,5087.281,5090.502,5084.428,5088.256,5871
2026-01-29 23:00:00,5088.256,5089.268,5084.639,5085.000,6632
2026-01-30 00:00:00,5082.600,5098.600,5081.638,5098.600,5677
2026-01-30 01:00:00,5098.600,5098.600,5083.575,5087.961,5793
2026-01-30 02:00:00,5087.961,5088.323,5083.158,5087.594,6108
2026-01-30 03:00:00,5087.594,5090.593,5081.998,5088.979,5615
2026-01-30 04:00:00,5088.979,5092.346,5078.200,5088.761,6910
2026-01-30 05:00:00,5088.761,5092.224,5082.616,5082.746,5554
2026-01-30 06:00:00,5082.746,5092.031,5080.260,5084.886,6108
2026-01-30 07:00:00,5084.886,5092.450,5080.778,5088.533,5497
2026-01-30 08:00:00,5088.533,5091.176,5080.994,5090.824,6533
2026-01-30 09:00:00,5090.824,5092.206,5082.748,5091.353,5844
2026-01-30 10:00:00,5091.353,5095.925,5079.813,5090.458,6601
2026-01-30 11:00:00,5090.458,5093.447,5079.713,5084.232,5568
2026-01-30 12:00:00,5084.232,5091.195,5082.194,5083.518,5336
2026-01-30 13:00:00,5083.518,5092.759,5081.948,5082.404,6418
2026-01-30 14:00:00,5082.404,5095.886,5082.386,5088.792,5756
2026-01-30 15:00:00,5088.792,5095.302,5083.987,5086.159,5300
2026-01-30 16:00:00,5086.159,5091.513,5085.128,5085.841,6134
2026-01-30 17:00:00,5085.841,5096.364,5084.467,5087.304,5422
2026-01-30 18:00:00,5087.304,5098.600,5086.962,5091.220,5642
2026-01-30 19:00:00,5091.220,5096.115,5083.811,5094.187,6770
2026-01-30 20:00:00,5094.187,5094.333,5085.077,5091.351,6261
2026-01-30 21:00:00,5091.351,5097.176,5087.494,5088.384,7382
2026-01-30 22:00:00,5088.384,5093.169,5086.543,5092.207,6500
2026-01-30 23:00:00,5092.207,5093.002,5088.992,5089.600,6277
2026-02-02 00:00:00,5084.400,5093.486,5083.384,5093.053,5939
2026-02-02 01:00:00,5093.053,5097.979,5087.817,5089.909,6462
2026-02-02 02:00:00,5089.909,5098.007,5080.289,5083.382,6044
2026-02-02 03:00:00,5083.382,5105.881,5079.409,5088.816,5834
2026-02-02 04:00:00,5088.816,5102.191,5075.800,5097.962,6461
2026-02-02 05:00:00,5097.962,5106.931,5088.594,5097.487,6427
2026-02-02 06:00:00,5097.487,5108.914,5077.867,5092.228,6798
2026-02-02 07:00:00,5092.228,5107.317,5078.944,5090.846,6026
2026-02-02 08:00:00,5090.846,5118.400,5089.491,5090.628,6203
2026-02-02 09:00:00,5090.628,5111.689,5083.719,5088.430,6668
2026-02-02 10:00:00,5088.430,5118.400,5086.799,5087.444,6153
2026-02-02 11:00:00,5087.444,5118.400,5075.800,5103.647,6333
2026-02-02 12:00:00,5103.647,5115.452,5087.625,5100.581,5887
2026-02-02 13:00:00,5100.581,5109.125,5088.228,5093.679,6630
2026-02-02 14:00:00,5093.679,5118.218,5090.908,5098.413,6567
2026-02-02 15:00:00,5098.413,5107.089,5090.082,5098.433,5313
2026-02-02 16:00:00,5098.433,5118.400,5080.180,5103.491,5979
2026-02-02 17:00:00,5103.491,5118.400,5090.209,5102.241,6043
2026-02-02 18:00:00,5102.241,5112.547,5095.540,5098.144,6884
2026-02-02 19:00:00,5098.144,5116.280,5087.633,5106.669,5034
2026-02-02 20:00:00,5106.669,5113.507,5097.586,5109.011,5082
2026-02-02 21:00:00,5109.011,5113.368,5097.888,5104.470,6469
2026-02-02 22:00:00,5104.470,5111.689,5099.022,5107.310,6510
2026-02-02 23:00:00,5107.310,5112.188,5102.580,5103.400,6464
2026-02-03 00:00:00,5085.000,5094.831,5077.300,5092.453,6254
2026-02-03 01:00:00,5092.453,5098.580,5079.565,5082.641,5878
2026-02-03 02:00:00,5082.641,5107.468,5081.343,5092.070,5831
2026-02-03 03:00:00,5092.070,5101.848,5076.239,5087.667,5292
2026-02-03 04:00:00,5087.667,5098.553,5078.273,5093.750,5829
2026-02-03 05:00:00,5093.750,5103.323,5077.635,5100.645,5858
2026-02-03 06:00:00,5100.645,5110.275,5079.868,5108.224,6403
2026-02-03 07:00:00,5108.224,5115.824,5077.747,5099.187,6729
2026-02-03 08:00:00,5099.187,5112.051,5081.853,5105.518,5920
2026-02-03 09:00:00,5105.518,5125.000,5077.666,5101.500,5918
2026-02-03 10:00:00,5101.500,5111.950,5080.024,5090.365,5224
2026-02-03 11:00:00,5090.365,5108.203,5088.887,5099.049,6946
2026-02-03 12:00:00,5099.049,5116.909,5085.368,5107.784,5887
2026-02-03 13:00:00,5107.784,5117.630,5093.682,5116.536,5699
2026-02-03 14:00:00,5116.536,5125.000,5082.011,5098.891,6607
2026-02-03 15:00:00,5098.891,5118.082,5089.355,5089.761,5960
2026-02-03 16:00:00,5089.761,5122.054,5089.068,5106.861,5427
2026-02-03 17:00:00,5106.861,5119.384,5075.000,5098.024,5166
2026-02-03 18:00:00,5098.024,5124.081,5086.299,5122.713,5676
2026-02-03 19:00:00,5122.713,5125.000,5093.875,5101.376,6965
2026-02-03 20:00:00,5101.376,5125.000,5100.177,5103.104,5446
2026-02-03 21:00:00,5103.104,5118.503,5090.865,5108.997,5641
2026-02-03 22:00:00,5108.997,5111.429,5094.021,5099.032,6207
2026-02-03 23:00:00,5099.032,5114.207,5075.000,5108.000,5838
2026-02-04 00:00:00,5096.500,5100.687,5094.853,5095.806,6887
2026-02-04 01:00:00,5095.806,5103.243,5091.623,5092.281,5873
2026-02-04 02:00:00,5092.281,5123.500,5090.893,5098.505,6052
2026-02-04 03:00:00,5098.505,5113.927,5094.166,5095.686,5714
2026-02-04 04:00:00,5095.686,5114.570,5087.500,5092.812,5982
2026-02-04 05:00:00,5092.812,5110.846,5092.276,5102.876,5980
2026-02-04 06:00:00,5102.876,5112.832,5087.500,5099.318,5639
2026-02-04 07:00:00,5099.318,5104.317,5087.500,5093.403,6239
2026-02-04 08:00:00,5093.403,5121.086,5087.500,5093.149,5865
2026-02-04 09:00:00,5093.149,5122.338,5089.495,5122.266,5609
2026-02-04 10:00:00,5122.266,5122.430,5092.682,5109.782,5850
2026-02-04 11:00:00,5109.782,5113.690,5091.616,5095.773,5728
2026-02-04 12:00:00,5095.773,5108.116,5090.207,5099.821,6249
2026-02-04 13:00:00,5099.821,5123.500,5099.265,5105.769,6398
2026-02-04 14:00:00,5105.769,5120.332,5095.591,5105.806,5196
2026-02-04 15:00:00,5105.806,5117.216,5089.398,5111.896,5421
2026-02-04 16:00:00,5111.896,5113.943,5090.835,5111.843,5638
2026-02-04 17:00:00,5111.843,5115.893,5097.822,5099.365,5533
2026-02-04 18:00:00,5099.365,5122.765,5096.862,5102.065,5437
2026-02-04 19:00:00,5102.065,5117.215,5099.437,5108.723,5782
2026-02-04 20:00:00,5108.723,5114.515,5100.849,5112.818,5807
2026-02-04 21:00:00,5112.818,5115.936,5101.036,5111.746,5366
2026-02-04 22:00:00,5111.746,5117.668,5103.279,5113.296,6455
2026-02-04 23:00:00,5113.296,5113.669,5104.485,5110.000,5953
2026-02-05 00:00:00,5108.000,5110.602,5105.706,5109.366,6634
2026-02-05 01:00:00,5109.366,5110.741,5103.080,5109.487,7097
2026-02-05 02:00:00,5109.487,5112.157,5102.393,5105.594,4968
2026-02-05 03:00:00,5105.594,5112.708,5100.185,5109.426,6687
2026-02-05 04:00:00,5109.426,5115.836,5104.119,5107.747,5735
2026-02-05 05:00:00,5107.747,5115.766,5100.000,5100.327,4860
2026-02-05 06:00:00,5100.327,5113.553,5100.227,5111.587,5667
2026-02-05 07:00:00,5111.587,5117.588,5100.000,5114.305,5476
2026-02-05 08:00:00,5114.305,5115.766,5101.336,5115.562,6005
2026-02-05 09:00:00,5115.562,5119.261,5102.322,5105.731,5862
2026-02-05 10:00:00,5105.731,5116.270,5101.512,5106.406,5758
2026-02-05 11:00:00,5106.406,5117.045,5100.000,5116.485,4701
2026-02-05 12:00:00,5116.485,5122.000,5102.767,5110.848,6653
2026-02-05 13:00:00,5110.848,5119.244,5101.346,5101.584,5941
2026-02-05 14:00:00,5101.584,5122.000,5100.947,5104.990,5589
2026-02-05 15:00:00,5104.990,5113.898,5100.000,5102.166,4377
2026-02-05 16:00:00,5102.166,5118.131,5100.000,5112.048,5797
2026-02-05 17:00:00,5112.048,5119.559,5106.592,5109.017,5652
2026-02-05 18:00:00,5109.017,5115.594,5102.529,5105.236,6769
2026-02-05 19:00:00,5105.236,5116.185,5104.983,5108.693,5249
2026-02-05 20:00:00,5108.693,5116.804,5106.694,5110.979,6684
2026-02-05 21:00:00,5110.979,5118.222,5106.948,5112.310,6115
2026-02-05 22:00:00,5112.310,5115.779,5108.553,5109.844,7333
2026-02-05 23:00:00,5109.844,5113.650,5109.669,5112.000,5686
2026-02-06 00:00:00,5109.000,5110.200,5090.874,5095.199,5715
2026-02-06 01:00:00,5095.199,5108.013,5086.069,5093.766,6530
2026-02-06 02:00:00,5093.766,5107.618,5077.881,5093.006,6823
2026-02-06 03:00:00,5093.006,5108.066,5081.958,5089.450,6408
2026-02-06 04:00:00,5089.450,5104.916,5075.958,5094.000,5874
2026-02-06 05:00:00,5094.000,5107.910,5086.161,5101.424,5792
2026-02-06 06:00:00,5101.424,5110.865,5081.232,5103.893,4827
2026-02-06 07:00:00,5103.893,5108.383,5074.596,5107.529,5386
2026-02-06 08:00:00,5107.529,5107.806,5079.976,5092.108,5165
2026-02-06 09:00:00,5092.108,5105.961,5077.025,5093.459,5349
2026-02-06 10:00:00,5093.459,5114.250,5071.671,5085.721,6816
2026-02-06 11:00:00,5085.721,5114.250,5068.367,5093.370,6217
2026-02-06 12:00:00,5093.370,5101.311,5072.742,5091.465,6649
2026-02-06 13:00:00,5091.465,5103.373,5071.775,5085.055,5695
2026-02-06 14:00:00,5085.055,5103.975,5066.250,5073.621,6274
2026-02-06 15:00:00,5073.621,5105.171,5071.586,5096.214,5142
2026-02-06 16:00:00,5096.214,5096.350,5067.623,5086.130,5655
2026-02-06 17:00:00,5086.130,5103.973,5078.497,5079.971,6503
2026-02-06 18:00:00,5079.971,5102.939,5066.250,5100.522,6228
2026-02-06 19:00:00,5100.522,5101.041,5069.299,5088.975,5287
2026-02-06 20:00:00,5088.975,5103.508,5077.107,5078.539,5549
2026-02-06 21:00:00,5078.539,5094.402,5073.430,5091.944,6376
2026-02-06 22:00:00,5091.944,5093.109,5076.275,5080.774,6043
2026-02-06 23:00:00,5080.774,5095.594,5079.497,5094.500,5593
2026-02-09 00:00:00,5112.000,5091.000,5044.097,5057.737,6348
2026-02-09 01:00:00,5057.737,5091.000,5039.954,5047.806,5995
2026-02-09 02:00:00,5047.806,5071.803,5019.638,5069.648,5450
2026-02-09 03:00:00,5069.648,5072.832,5028.290,5042.639,6535
2026-02-09 04:00:00,5042.639,5074.276,5014.983,5024.579,5167
2026-02-09 05:00:00,5024.579,5087.783,5014.567,5044.513,6580
2026-02-09 06:00:00,5044.513,5076.154,5004.038,5067.474,4810
2026-02-09 07:00:00,5067.474,5070.674,5002.204,5045.395,6386
2026-02-09 08:00:00,5045.395,5074.858,4988.291,5044.975,5323
2026-02-09 09:00:00,5044.975,5091.000,4994.683,5056.716,6464
2026-02-09 10:00:00,5056.716,5085.340,5010.676,5028.442,6506
2026-02-09 11:00:00,5028.442,5053.893,4989.849,5017.211,5219
2026-02-09 12:00:00,5017.211,5053.321,4979.417,5020.994,5424
2026-02-09 13:00:00,5020.994,5057.129,4997.943,5024.742,7413
2026-02-09 14:00:00,5024.742,5067.344,4965.000,5011.068,5799
2026-02-09 15:00:00,5011.068,5059.785,4990.876,5021.024,5968
2026-02-09 16:00:00,5021.024,5046.555,4967.641,5038.871,7051
2026-02-09 17:00:00,5038.871,5050.216,4965.456,5003.041,5665
2026-02-09 18:00:00,5003.041,5022.701,4982.297,5016.731,5925
2026-02-09 19:00:00,5016.731,5057.105,4985.031,5018.683,6528
2026-02-09 20:00:00,5018.683,5022.889,4985.282,5003.714,5994
2026-02-09 21:00:00,5003.714,5017.941,4965.000,4965.000,5484
2026-02-09 22:00:00,4965.000,5027.217,4965.000,5006.347,6070
2026-02-09 23:00:00,5006.347,5044.370,4989.149,5042.000,5710
2026-02-10 00:00:00,5094.500,5068.000,5037.502,5041.220,5904
2026-02-10 01:00:00,5041.220,5061.749,5034.137,5042.175,6043
2026-02-10 02:00:00,5042.175,5068.000,5030.834,5036.603,5314
2026-02-10 03:00:00,5036.603,5068.000,4969.000,5017.839,6345
2026-02-10 04:00:00,5017.839,5057.077,5015.978,5055.595,5432
2026-02-10 05:00:00,5055.595,5063.230,5023.580,5060.840,5446
2026-02-10 06:00:00,5060.840,5068.000,5016.543,5040.542,6309
2026-02-10 07:00:00,5040.542,5057.955,5009.972,5014.044,6302
2026-02-10 08:00:00,5014.044,5055.257,5010.175,5031.943,6054
2026-02-10 09:00:00,5031.943,5058.798,5005.416,5044.835,5914
2026-02-10 10:00:00,5044.835,5047.718,5002.773,5042.735,6270
2026-02-10 11:00:00,5042.735,5066.712,5015.074,5022.189,5501
2026-02-10 12:00:00,5022.189,5054.519,4995.323,5033.733,5806
2026-02-10 13:00:00,5033.733,5054.814,5005.136,5006.592,6435
2026-02-10 14:00:00,5006.592,5048.848,4985.537,5022.402,4600
2026-02-10 15:00:00,5022.402,5050.317,4997.174,5049.920,5746
2026-02-10 16:00:00,5049.920,5051.118,4997.563,5035.309,6667
2026-02-10 17:00:00,5035.309,5037.503,4969.000,5026.680,6705
2026-02-10 18:00:00,5026.680,5036.547,4989.807,5013.654,5940
2026-02-10 19:00:00,5013.654,5039.849,4989.351,4992.010,5692
2026-02-10 20:00:00,4992.010,5022.208,4989.389,5003.988,6036
2026-02-10 21:00:00,5003.988,5028.201,4976.349,4989.733,5634
2026-02-10 22:00:00,4989.733,5021.960,4987.018,5009.003,6063
2026-02-10 23:00:00,5009.003,5030.634,4987.463,5029.500,6489
2026-02-11 00:00:00,5077.000,5045.000,5025.438,5030.801,6116
2026-02-11 01:00:00,5030.801,5045.000,5015.489,5027.819,6065
2026-02-11 02:00:00,5027.819,5045.000,5008.637,5030.993,6600
2026-02-11 03:00:00,5030.993,5035.253,4973.000,5018.659,5629
2026-02-11 04:00:00,5018.659,5033.992,5002.950,5028.145,5616
2026-02-11 05:00:00,5028.145,5038.757,4998.749,5020.561,5526
2026-02-11 06:00:00,5020.561,5030.535,4987.660,5005.159,6399
2026-02-11 07:00:00,5005.159,5039.532,4987.592,5002.403,6365
2026-02-11 08:00:00,5002.403,5044.280,4984.834,5013.746,6897
2026-02-11 09:00:00,5013.746,5026.061,4997.471,5011.192,5551
2026-02-11 10:00:00,5011.192,5031.274,4991.642,5022.421,6671
2026-02-11 11:00:00,5022.421,5030.403,4984.625,5022.154,6235
2026-02-11 12:00:00,5022.154,5023.929,4987.567,4989.536,5463
2026-02-11 13:00:00,4989.536,5031.220,4985.161,5017.570,5828
2026-02-11 14:00:00,5017.570,5022.410,4977.006,5009.344,5800
2026-02-11 15:00:00,5009.344,5023.898,4985.409,5006.341,5772
2026-02-11 16:00:00,5006.341,5045.000,4982.806,4984.837,5584
2026-02-11 17:00:00,4984.837,5008.764,4979.528,4981.605,5769
2026-02-11 18:00:00,4981.605,5005.837,4976.352,4977.643,6319
2026-02-11 19:00:00,4977.643,5008.769,4973.000,4986.683,5427
2026-02-11 20:00:00,4986.683,4997.917,4973.000,4991.281,5648
2026-02-11 21:00:00,4991.281,5001.727,4973.000,4982.208,6322
2026-02-11 22:00:00,4982.208,4990.038,4973.000,4989.762,5403
2026-02-11 23:00:00,4989.762,5018.563,4973.165,5017.000,5685
2026-02-12 00:00:00,5059.500,5022.000,5013.528,5017.791,6050
2026-02-12 01:00:00,5017.791,5020.363,5012.283,5015.391,4492
2026-02-12 02:00:00,5015.391,5022.000,5008.816,5012.947,6089
2026-02-12 03:00:00,5012.947,5022.000,5003.981,5008.928,5540
2026-02-12 04:00:00,5008.928,5015.688,5000.693,5001.223,6440
2026-02-12 05:00:00,5001.223,5022.000,4999.156,5001.432,6405
2026-02-12 06:00:00,5001.432,5019.862,4994.519,5006.540,6293
2026-02-12 07:00:00,5006.540,5022.000,4996.141,4996.633,5225
2026-02-12 08:00:00,4996.633,5020.130,4995.365,5004.049,6338
2026-02-12 09:00:00,5004.049,5020.738,4991.818,5005.023,5126
2026-02-12 10:00:00,5005.023,5013.653,4977.000,5006.121,6082
2026-02-12 11:00:00,5006.121,5013.549,4985.329,5008.116,6729
2026-02-12 12:00:00,5008.116,5008.130,4982.495,4996.173,6522
2026-02-12 13:00:00,4996.173,5015.814,4995.186,5002.190,5434
2026-02-12 14:00:00,5002.190,5003.163,4979.818,4999.289,5405
2026-02-12 15:00:00,4999.289,5002.530,4983.494,4996.146,5985
2026-02-12 16:00:00,4996.146,4998.985,4985.150,4993.133,5857
2026-02-12 17:00:00,4993.133,4999.709,4981.651,4991.110,6292
2026-02-12 18:00:00,4991.110,4996.748,4977.705,4991.457,5507
2026-02-12 19:00:00,4991.457,4997.910,4977.795,4978.236,5646
2026-02-12 20:00:00,4978.236,4993.115,4977.000,4983.129,6297
2026-02-12 21:00:00,4983.129,4990.121,4979.051,4985.366,5548
2026-02-12 22:00:00,4985.366,4988.477,4978.578,4984.417,6488
2026-02-12 23:00:00,4984.417,5004.982,4977.998,5004.500,6364
2026-02-13 00:00:00,5042.000,4999.000,4997.270,4997.942,6264
2026-02-13 01:00:00,4997.942,4999.000,4995.711,4996.558,5096
2026-02-13 02:00:00,4996.558,4998.727,4995.063,4996.695,6131
2026-02-13 03:00:00,4996.695,4997.922,4981.000,4997.112,4986
2026-02-13 04:00:00,4997.112,4998.155,4993.442,4995.645,5299
2026-02-13 05:00:00,4995.645,4996.200,4992.371,4994.089,5763
2026-02-13 06:00:00,4994.089,4995.652,4991.490,4992.360,6576
2026-02-13 07:00:00,4992.360,4997.007,4991.120,4993.137,5594
2026-02-13 08:00:00,4993.137,4995.039,4989.639,4990.843,5869
2026-02-13 09:00:00,4990.843,4994.201,4990.671,4993.218,6089
2026-02-13 10:00:00,4993.218,4993.247,4988.627,4989.741,5063
2026-02-13 11:00:00,4989.741,4992.092,4986.288,4991.165,6000
2026-02-13 12:00:00,4991.165,4991.915,4985.497,4988.765,5698
2026-02-13 13:00:00,4988.765,4990.851,4984.408,4988.988,6386
2026-02-13 14:00:00,4988.988,4999.000,4985.661,4987.164,5653
2026-02-13 15:00:00,4987.164,4989.449,4984.292,4988.299,6725
2026-02-13 16:00:00,4988.299,4989.447,4983.523,4984.381,5692
2026-02-13 17:00:00,4984.381,4987.752,4983.111,4987.698,5988
2026-02-13 18:00:00,4987.698,4988.397,4983.583,4984.507,6502
2026-02-13 19:00:00,4984.507,4986.210,4981.985,4982.377,5197
2026-02-13 20:00:00,4982.377,4985.272,4981.974,4983.438,5952
2026-02-13 21:00:00,4983.438,4984.128,4981.035,4982.870,5825
2026-02-13 22:00:00,4982.870,4983.392,4981.072,4981.463,4641
2026-02-13 23:00:00,4981.463,4992.009,4981.000,4992.000,6143
2026-02-16 00:00:00,5004.500,4973.500,4972.075,4972.523,5300
2026-02-16 01:00:00,4972.523,4973.220,4971.678,4972.323,6188
2026-02-16 02:00:00,4972.323,4973.245,4970.818,4972.224,5864
2026-02-16 03:00:00,4972.224,4972.698,4970.944,4971.888,5027
2026-02-16 04:00:00,4971.888,4972.335,4970.143,4970.524,6438
2026-02-16 05:00:00,4970.524,4971.974,4969.978,4970.269,6432
2026-02-16 06:00:00,4970.269,4971.583,4968.962,4969.975,4895
2026-02-16 07:00:00,4969.975,4971.803,4969.363,4969.585,5750
2026-02-16 08:00:00,4969.585,4970.697,4969.001,4969.687,6123
2026-02-16 09:00:00,4969.687,4970.101,4968.235,4968.604,6324
2026-02-16 10:00:00,4968.604,4970.161,4967.024,4968.912,6032
2026-02-16 11:00:00,4968.912,4969.484,4963.000,4968.501,6171
2026-02-16 12:00:00,4968.501,4969.286,4966.909,4968.232,5663
2026-02-16 13:00:00,4968.232,4968.728,4966.328,4967.095,5333
2026-02-16 14:00:00,4967.095,4968.283,4965.514,4965.745,5313
2026-02-16 15:00:00,4965.745,4967.814,4965.153,4967.016,6440
2026-02-16 16:00:00,4967.016,4967.684,4964.393,4964.697,6194
2026-02-16 17:00:00,4964.697,4966.854,4964.601,4965.709,5403
2026-02-16 18:00:00,4965.709,4973.500,4964.149,4965.480,6281
2026-02-16 19:00:00,4965.480,4966.026,4964.082,4965.005,6362
2026-02-16 20:00:00,4965.005,4965.784,4963.690,4963.930,5489
2026-02-16 21:00:00,4963.930,4964.800,4963.174,4964.040,6319
2026-02-16 22:00:00,4964.040,4964.418,4963.000,4963.499,6086
2026-02-16 23:00:00,4963.499,4968.876,4963.000,4968.750,5901
2026-02-17 00:00:00,4992.000,4965.000,4964.493,4964.640,6380
2026-02-17 01:00:00,4964.640,4965.000,4963.880,4963.984,6394
2026-02-17 02:00:00,4963.984,4964.629,4963.396,4963.784,5579
2026-02-17 03:00:00,4963.784,4965.000,4962.980,4963.312,5971
2026-02-17 04:00:00,4963.312,4965.000,4962.939,4963.968,6306
2026-02-17 05:00:00,4963.968,4964.233,4962.399,4962.799,5384
2026-02-17 06:00:00,4962.799,4963.692,4962.056,4963.086,5860
2026-02-17 07:00:00,4963.086,4963.153,4961.290,4962.638,5094
2026-02-17 08:00:00,4962.638,4963.062,4957.000,4961.570,5441
2026-02-17 09:00:00,4961.570,4963.110,4960.448,4961.828,5551
2026-02-17 10:00:00,4961.828,4962.194,4960.845,4961.474,5106
2026-02-17 11:00:00,4961.474,4961.968,4960.222,4960.923,5446
2026-02-17 12:00:00,4960.923,4961.688,4959.819,4959.980,5903
2026-02-17 13:00:00,4959.980,4961.255,4959.975,4960.499,5688
2026-02-17 14:00:00,4960.499,4961.368,4958.936,4960.203,4562
2026-02-17 15:00:00,4960.203,4960.752,4959.294,4959.530,5776
2026-02-17 16:00:00,4959.530,4960.293,4958.960,4959.155,6648
2026-02-17 17:00:00,4959.155,4960.308,4957.990,4959.146,6415
2026-02-17 18:00:00,4959.146,4959.666,4957.950,4958.523,6496
2026-02-17 19:00:00,4958.523,4959.045,4957.543,4958.120,5286
2026-02-17 20:00:00,4958.120,4958.688,4957.546,4957.947,6288
2026-02-17 21:00:00,4957.947,4958.646,4957.241,4957.512,6299
2026-02-17 22:00:00,4957.512,4958.265,4957.000,4957.612,6024
2026-02-17 23:00:00,4957.612,4961.184,4957.000,4961.000,6150
2026-02-18 00:00:00,4976.500,4978.696,4973.091,4975.217,6377
2026-02-18 01:00:00,4975.217,4980.080,4972.971,4978.276,5541
2026-02-18 02:00:00,4978.276,4982.074,4972.686,4973.435,5672
2026-02-18 03:00:00,4973.435,4981.054,4971.063,4979.702,6053
2026-02-18 04:00:00,4979.702,4983.173,4973.007,4977.535,6569
2026-02-18 05:00:00,4977.535,4981.933,4971.735,4975.899,6044
2026-02-18 06:00:00,4975.899,4984.009,4968.500,4983.732,6278
2026-02-18 07:00:00,4983.732,4987.190,4973.927,4974.863,5310
2026-02-18 08:00:00,4974.863,4989.259,4968.500,4978.000,6805
2026-02-18 09:00:00,4978.000,4985.507,4972.972,4985.307,6722
2026-02-18 10:00:00,4985.307,4988.114,4973.563,4975.524,6336
2026-02-18 11:00:00,4975.524,4985.970,4972.140,4972.317,6344
2026-02-18 12:00:00,4972.317,4988.601,4971.479,4979.451,6166
2026-02-18 13:00:00,4979.451,4990.877,4975.124,4988.346,6957
2026-02-18 14:00:00,4988.346,4993.500,4975.753,4983.254,6120
2026-02-18 15:00:00,4983.254,4989.550,4971.110,4985.900,6121
2026-02-18 16:00:00,4985.900,4990.990,4975.866,4982.651,6381
2026-02-18 17:00:00,4982.651,4989.004,4974.934,4981.864,6454
2026-02-18 18:00:00,4981.864,4992.346,4976.128,4986.496,5035
2026-02-18 19:00:00,4986.496,4991.122,4977.790,4982.119,4683
2026-02-18 20:00:00,4982.119,4988.904,4976.639,4985.740,6342
2026-02-18 21:00:00,4985.740,4993.500,4981.091,4983.822,6112
2026-02-18 22:00:00,4983.822,4989.420,4982.488,4984.234,6710
2026-02-18 23:00:00,4984.234,4989.415,4983.386,4989.000,6092
2026-02-19 00:00:00,4961.000,4986.337,4980.000,4981.072,6471
2026-02-19 01:00:00,4981.072,4990.759,4980.070,4988.086,6009
2026-02-19 02:00:00,4988.086,4990.542,4980.000,4990.045,6505
2026-02-19 03:00:00,4990.045,4994.527,4982.083,4988.600,6457
2026-02-19 04:00:00,4988.600,4996.393,4980.978,4987.686,5466
2026-02-19 05:00:00,4987.686,4999.625,4982.565,4990.011,6604
2026-02-19 06:00:00,4990.011,4999.309,4980.000,4995.683,5556
2026-02-19 07:00:00,4995.683,5003.328,4985.079,4985.813,6759
2026-02-19 08:00:00,4985.813,5001.332,4984.299,4995.506,5926
2026-02-19 09:00:00,4995.506,5003.683,4989.231,4993.040,6443
2026-02-19 10:00:00,4993.040,5005.302,4988.153,4997.606,5911
2026-02-19 11:00:00,4997.606,5007.866,4986.253,5002.815,4817
2026-02-19 12:00:00,5002.815,5014.569,4989.815,4999.172,5586
2026-02-19 13:00:00,4999.172,5015.211,4996.095,4997.538,6118
2026-02-19 14:00:00,4997.538,5013.954,4996.066,5005.007,5301
2026-02-19 15:00:00,5005.007,5014.290,4994.112,5002.667,6177
2026-02-19 16:00:00,5002.667,5020.339,4998.975,5005.456,6001
2026-02-19 17:00:00,5005.456,5019.440,4996.660,5010.166,5991
2026-02-19 18:00:00,5010.166,5022.000,5000.851,5022.000,5821
2026-02-19 19:00:00,5022.000,5022.000,5000.824,5009.644,5765
2026-02-19 20:00:00,5009.644,5019.302,5005.844,5010.698,5527
2026-02-19 21:00:00,5010.698,5020.437,5006.668,5014.528,5474
2026-02-19 22:00:00,5014.528,5022.000,5013.422,5015.773,6117
2026-02-19 23:00:00,5015.773,5020.267,5015.351,5017.000,5199
2026-02-20 00:00:00,4970.333,5000.498,4985.833,4999.172,5859
2026-02-20 01:00:00,4999.172,5009.693,4993.075,4994.214,5941
2026-02-20 02:00:00,4994.214,5006.998,4988.566,5005.631,5575
2026-02-20 03:00:00,5005.631,5010.330,4985.833,5000.488,5962
2026-02-20 04:00:00,5000.488,5013.627,4989.732,5008.831,5923
2026-02-20 05:00:00,5008.831,5017.557,4991.404,5002.600,5402
2026-02-20 06:00:00,5002.600,5031.003,4994.089,5029.059,6729
2026-02-20 07:00:00,5029.059,5031.118,4985.833,4994.314,5981
2026-02-20 08:00:00,4994.314,5023.514,4992.314,5010.031,6014
2026-02-20 09:00:00,5010.031,5033.143,4999.219,5019.147,5628
2026-02-20 10:00:00,5019.147,5027.899,5002.996,5018.392,5579
2026-02-20 11:00:00,5018.392,5026.505,4994.233,5019.406,6513
2026-02-20 12:00:00,5019.406,5034.105,4999.697,5024.043,6389
2026-02-20 13:00:00,5024.043,5034.787,5003.701,5034.058,5972
2026-02-20 14:00:00,5034.058,5036.454,5011.424,5027.002,4944
2026-02-20 15:00:00,5027.002,5050.054,5019.727,5022.401,6607
2026-02-20 16:00:00,5022.401,5044.001,5015.406,5028.077,6650
2026-02-20 17:00:00,5028.077,5047.292,5024.465,5025.906,5961
2026-02-20 18:00:00,5025.906,5053.333,5021.314,5031.494,5885
2026-02-20 19:00:00,5031.494,5053.333,5027.436,5053.333,5921
2026-02-20 20:00:00,5053.333,5053.333,5027.926,5043.648,5749
2026-02-20 21:00:00,5043.648,5050.036,5028.889,5036.375,6927
2026-02-20 22:00:00,5036.375,5050.273,5034.432,5044.524,5443
2026-02-20 23:00:00,5044.524,5050.918,5037.751,5047.833,6217
2026-02-23 00:00:00,4998.333,5042.588,5003.333,5033.392,5914
2026-02-23 01:00:00,5033.392,5060.592,5017.703,5020.551,6372
2026-02-23 02:00:00,5020.551,5061.104,5013.907,5025.752,6959
2026-02-23 03:00:00,5025.752,5069.523,5020.998,5034.579,6763
2026-02-23 04:00:00,5034.579,5074.094,5023.261,5053.571,5815
2026-02-23 05:00:00,5053.571,5071.907,5003.333,5057.022,5811
2026-02-23 06:00:00,5057.022,5080.262,5026.472,5048.953,5652
2026-02-23 07:00:00,5048.953,5147.333,5046.139,5078.350,6278
2026-02-23 08:00:00,5078.350,5105.332,5028.902,5093.203,6937
2026-02-23 09:00:00,5093.203,5109.738,5043.088,5091.677,6635
2026-02-23 10:00:00,5091.677,5114.647,5020.363,5080.195,6552
2026-02-23 11:00:00,5080.195,5144.203,5023.652,5078.590,5477
2026-02-23 12:00:00,5078.590,5128.622,5050.445,5114.401,5721
2026-02-23 13:00:00,5114.401,5121.064,5070.193,5083.321,5727
2026-02-23 14:00:00,5083.321,5123.360,5061.214,5120.287,5396
2026-02-23 15:00:00,5120.287,5120.978,5003.333,5098.224,6035
2026-02-23 16:00:00,5098.224,5139.541,5087.665,5130.367,6097
2026-02-23 17:00:00,5130.367,5146.928,5082.293,5090.116,6285
2026-02-23 18:00:00,5090.116,5140.461,5075.000,5112.898,5861
2026-02-23 19:00:00,5112.898,5139.228,5072.520,5107.483,6607
2026-02-23 20:00:00,5107.483,5147.333,5085.118,5110.903,5942
2026-02-23 21:00:00,5110.903,5145.878,5098.430,5137.463,6123
2026-02-23 22:00:00,5137.463,5147.333,5116.782,5122.458,5588
2026-02-23 23:00:00,5122.458,5142.562,5116.236,5140.333,5421
2026-02-24 00:00:00,5007.667,5041.282,5009.167,5023.727,4978
2026-02-24 01:00:00,5023.727,5060.197,5009.167,5041.162,6212
2026-02-24 02:00:00,5041.162,5090.282,5009.167,5037.210,6430
2026-02-24 03:00:00,5037.210,5069.974,5009.167,5019.222,6185
2026-02-24 04:00:00,5019.222,5090.895,5016.938,5028.981,5950
2026-02-24 05:00:00,5028.981,5082.263,5025.514,5029.102,5221
2026-02-24 06:00:00,5029.102,5121.083,5010.467,5083.157,4772
2026-02-24 07:00:00,5083.157,5122.373,5043.541,5066.159,5884
2026-02-24 08:00:00,5066.159,5126.834,5035.328,5077.113,6487
2026-02-24 09:00:00,5077.113,5147.205,5040.572,5068.948,6687
2026-02-24 10:00:00,5068.948,5136.124,5009.167,5077.671,5486
2026-02-24 11:00:00,5077.671,5125.129,5024.214,5079.457,5883
2026-02-24 12:00:00,5079.457,5158.730,5036.790,5111.102,6296
2026-02-24 13:00:00,5111.102,5178.667,5056.994,5127.436,6953
2026-02-24 14:00:00,5127.436,5149.246,5082.159,5132.024,6662
2026-02-24 15:00:00,5132.024,5174.192,5053.735,5116.820,5878
2026-02-24 16:00:00,5116.820,5149.613,5080.787,5091.442,5701
2026-02-24 17:00:00,5091.442,5178.667,5080.763,5082.842,5674
2026-02-24 18:00:00,5082.842,5172.968,5009.167,5169.774,5835
2026-02-24 19:00:00,5169.774,5177.394,5089.529,5142.722,6828
2026-02-24 20:00:00,5142.722,5175.769,5101.874,5138.857,6801
2026-02-24 21:00:00,5138.857,5165.597,5108.991,5159.423,6033
2026-02-24 22:00:00,5159.423,5163.385,5124.971,5151.377,6614
2026-02-24 23:00:00,5151.377,5173.186,5144.242,5171.167,6134
2026-02-25 00:00:00,5017.000,5073.543,5015.000,5066.336,5508
2026-02-25 01:00:00,5066.336,5093.822,5029.667,5093.788,5100
2026-02-25 02:00:00,5093.788,5098.563,5044.706,5070.685,6429
2026-02-25 03:00:00,5070.685,5210.000,5043.346,5060.310,6557
2026-02-25 04:00:00,5060.310,5122.957,5034.106,5091.401,5759
2026-02-25 05:00:00,5091.401,5142.590,5015.000,5087.911,6846
2026-02-25 06:00:00,5087.911,5117.683,5040.057,5076.514,5749
2026-02-25 07:00:00,5076.514,5134.352,5028.182,5034.725,5581
2026-02-25 08:00:00,5034.725,5129.218,5029.784,5090.712,5581
2026-02-25 09:00:00,5090.712,5134.740,5043.113,5110.910,5782
2026-02-25 10:00:00,5110.910,5134.543,5071.785,5079.775,6102
2026-02-25 11:00:00,5079.775,5134.657,5059.441,5078.061,5428
2026-02-25 12:00:00,5078.061,5178.638,5068.565,5122.241,5208
2026-02-25 13:00:00,5122.241,5151.267,5058.736,5118.550,5930
2026-02-25 14:00:00,5118.550,5189.959,5099.879,5154.016,6562
2026-02-25 15:00:00,5154.016,5196.509,5106.435,5147.922,5953
2026-02-25 16:00:00,5147.922,5168.721,5089.749,5167.153,5484
2026-02-25 17:00:00,5167.153,5181.834,5121.028,5156.758,6201
2026-02-25 18:00:00,5156.758,5210.000,5015.000,5015.000,7120
2026-02-25 19:00:00,5015.000,5172.058,5015.000,5157.316,5471
2026-02-25 20:00:00,5157.316,5182.357,5134.442,5162.279,6832
2026-02-25 21:00:00,5162.279,5191.871,5130.295,5168.495,6052
2026-02-25 22:00:00,5168.495,5186.029,5148.484,5164.870,6300
2026-02-25 23:00:00,5164.870,5203.429,5150.491,5202.000,5012
2026-02-26 00:00:00,5109.500,5131.070,5108.558,5123.623,6675
2026-02-26 01:00:00,5123.623,5132.810,5097.500,5119.178,7082
2026-02-26 02:00:00,5119.178,5151.653,5097.500,5131.162,4675
2026-02-26 03:00:00,5131.162,5142.608,5098.397,5138.846,5872
2026-02-26 04:00:00,5138.846,5160.911,5103.233,5107.862,6309
2026-02-26 05:00:00,5107.862,5153.837,5104.052,5148.400,5706
2026-02-26 06:00:00,5148.400,5162.531,5097.500,5156.599,5501
2026-02-26 07:00:00,5156.599,5187.023,5120.200,5124.654,6092
2026-02-26 08:00:00,5124.654,5162.192,5105.970,5131.543,6033
2026-02-26 09:00:00,5131.543,5177.153,5108.794,5153.927,6568
2026-02-26 10:00:00,5153.927,5172.746,5109.422,5168.599,6119
2026-02-26 11:00:00,5168.599,5184.837,5097.500,5148.948,5430
2026-02-26 12:00:00,5148.948,5186.957,5118.761,5148.660,6395
2026-02-26 13:00:00,5148.660,5207.500,5127.221,5143.504,6543
2026-02-26 14:00:00,5143.504,5207.500,5105.861,5106.349,5520
2026-02-26 15:00:00,5106.349,5192.842,5102.193,5135.032,5501
2026-02-26 16:00:00,5135.032,5184.239,5126.814,5163.749,6184
2026-02-26 17:00:00,5163.749,5198.279,5137.726,5154.043,6617
2026-02-26 18:00:00,5154.043,5191.451,5151.184,5154.158,6685
2026-02-26 19:00:00,5154.158,5191.575,5134.747,5185.983,6662
2026-02-26 20:00:00,5185.983,5207.500,5161.240,5185.987,6653
2026-02-26 21:00:00,5185.987,5203.644,5144.255,5186.778,5946
2026-02-26 22:00:00,5186.778,5202.755,5165.868,5183.779,5652
2026-02-26 23:00:00,5183.779,5200.631,5170.214,5195.000,5211
2026-02-27 00:00:00,5202.000,5202.057,5194.430,5195.112,6187
2026-02-27 01:00:00,5195.112,5200.585,5180.000,5180.000,5715
2026-02-27 02:00:00,5180.000,5203.186,5180.000,5197.407,5859
2026-02-27 03:00:00,5197.407,5199.657,5190.571,5194.765,5824
2026-02-27 04:00:00,5194.765,5202.132,5192.230,5199.661,5751
2026-02-27 05:00:00,5199.661,5200.827,5190.593,5193.718,5802
2026-02-27 06:00:00,5193.718,5205.000,5182.973,5200.098,6136
2026-02-27 07:00:00,5200.098,5200.572,5188.425,5193.158,6619
2026-02-27 08:00:00,5193.158,5205.000,5186.925,5194.007,5407
2026-02-27 09:00:00,5194.007,5202.156,5185.367,5190.519,6769
2026-02-27 10:00:00,5190.519,5196.900,5184.631,5196.665,5747
2026-02-27 11:00:00,5196.665,5202.156,5183.767,5192.729,5346
2026-02-27 12:00:00,5192.729,5194.720,5182.615,5190.340,6014
2026-02-27 13:00:00,5190.340,5192.304,5180.788,5180.945,6060
2026-02-27 14:00:00,5180.945,5197.448,5180.232,5193.773,6233
2026-02-27 15:00:00,5193.773,5197.703,5181.223,5187.189,5804
2026-02-27 16:00:00,5187.189,5196.454,5183.634,5190.275,7336
2026-02-27 17:00:00,5190.275,5196.696,5183.232,5183.295,5859
2026-02-27 18:00:00,5183.295,5196.262,5182.938,5195.459,5181
2026-02-27 19:00:00,5195.459,5196.140,5180.000,5188.698,6191
2026-02-27 20:00:00,5188.698,5192.281,5182.371,5188.204,5521
2026-02-27 21:00:00,5188.204,5190.323,5180.000,5184.843,6531
2026-02-27 22:00:00,5184.843,5190.344,5181.009,5184.516,6792
2026-02-27 23:00:00,5184.516,5188.384,5182.698,5188.000,5968
2026-03-02 00:00:00,5191.500,5226.879,5190.750,5220.190,5628
2026-03-02 01:00:00,5220.190,5226.652,5196.840,5217.907,5468
2026-03-02 02:00:00,5217.907,5229.664,5200.352,5220.234,5908
2026-03-02 03:00:00,5220.234,5237.588,5183.750,5222.001,6331
2026-03-02 04:00:00,5222.001,5235.505,5206.076,5214.436,6092
2026-03-02 05:00:00,5214.436,5250.057,5197.485,5245.829,5760
2026-03-02 06:00:00,5245.829,5249.289,5188.494,5229.179,5557
2026-03-02 07:00:00,5229.179,5263.900,5209.340,5234.105,5240
2026-03-02 08:00:00,5234.105,5263.759,5199.877,5229.690,5482
2026-03-02 09:00:00,5229.690,5257.440,5219.182,5242.402,6517
2026-03-02 10:00:00,5242.402,5251.294,5205.255,5249.268,6050
2026-03-02 11:00:00,5249.268,5283.750,5216.447,5240.706,6342
2026-03-02 12:00:00,5240.706,5262.321,5204.608,5243.462,5546
2026-03-02 13:00:00,5243.462,5281.921,5197.976,5236.318,5582
2026-03-02 14:00:00,5236.318,5275.525,5221.840,5268.029,6824
2026-03-02 15:00:00,5268.029,5271.069,5219.695,5237.157,6782
2026-03-02 16:00:00,5237.157,5279.320,5183.750,5268.239,7442
2026-03-02 17:00:00,5268.239,5271.661,5227.189,5259.013,5978
2026-03-02 18:00:00,5259.013,5283.144,5235.336,5238.266,5789
2026-03-02 19:00:00,5238.266,5282.241,5233.057,5256.842,5881
2026-03-02 20:00:00,5256.842,5283.750,5243.745,5269.875,5357
2026-03-02 21:00:00,5269.875,5281.537,5254.012,5255.019,5651
2026-03-02 22:00:00,5255.019,5278.873,5248.517,5259.987,5829
2026-03-02 23:00:00,5259.987,5280.332,5257.173,5269.000,6172
2026-03-03 00:00:00,5188.000,5220.267,5185.000,5202.052,5991
2026-03-03 01:00:00,5202.052,5228.876,5185.000,5219.364,5435
2026-03-03 02:00:00,5219.364,5248.267,5193.705,5247.414,5409
2026-03-03 03:00:00,5247.414,5254.330,5196.980,5232.415,5677
2026-03-03 04:00:00,5232.415,5261.473,5202.733,5237.738,7193
2026-03-03 05:00:00,5237.738,5256.705,5203.433,5213.467,5608
2026-03-03 06:00:00,5213.467,5274.089,5198.984,5232.845,6142
2026-03-03 07:00:00,5232.845,5284.977,5185.000,5185.000,6295
2026-03-03 08:00:00,5185.000,5258.608,5185.000,5230.832,5757
2026-03-03 09:00:00,5230.832,5260.944,5209.650,5223.091,6124
2026-03-03 10:00:00,5223.091,5269.050,5188.247,5258.323,5436
2026-03-03 11:00:00,5258.323,5285.489,5206.255,5252.376,5903
2026-03-03 12:00:00,5252.376,5305.174,5232.703,5263.400,5800
2026-03-03 13:00:00,5263.400,5285.198,5227.256,5263.638,6165
2026-03-03 14:00:00,5263.638,5310.000,5226.542,5288.354,6041
2026-03-03 15:00:00,5288.354,5310.000,5219.878,5295.701,5735
2026-03-03 16:00:00,5295.701,5296.759,5234.034,5278.777,6759
2026-03-03 17:00:00,5278.777,5301.204,5242.423,5244.771,6326
2026-03-03 18:00:00,5244.771,5293.290,5243.395,5275.970,5942
2026-03-03 19:00:00,5275.970,5296.135,5251.513,5264.811,6460
2026-03-03 20:00:00,5264.811,5310.000,5243.796,5286.473,6389
2026-03-03 21:00:00,5286.473,5304.045,5265.654,5293.163,4803
2026-03-03 22:00:00,5293.163,5304.557,5274.898,5294.469,6331
2026-03-03 23:00:00,5294.469,5303.221,5272.550,5296.000,5607
2026-03-04 00:00:00,5224.000,5242.741,5223.309,5241.222,5635
2026-03-04 01:00:00,5241.222,5252.040,5228.139,5251.765,5763
2026-03-04 02:00:00,5251.765,5253.393,5215.489,5229.974,6340
2026-03-04 03:00:00,5229.974,5260.121,5210.000,5210.000,6094
2026-03-04 04:00:00,5210.000,5260.418,5210.000,5259.993,6270
2026-03-04 05:00:00,5259.993,5262.455,5210.000,5246.310,6750
2026-03-04 06:00:00,5246.310,5270.011,5220.747,5244.601,6111
2026-03-04 07:00:00,5244.601,5272.389,5239.889,5247.307,6194
2026-03-04 08:00:00,5247.307,5268.647,5228.933,5265.909,5817
2026-03-04 09:00:00,5265.909,5287.505,5233.313,5274.596,6280
2026-03-04 10:00:00,5274.596,5289.685,5232.325,5266.462,6714
2026-03-04 11:00:00,5266.462,5274.082,5212.345,5271.650,5018
2026-03-04 12:00:00,5271.650,5284.346,5229.455,5272.481,6423
2026-03-04 13:00:00,5272.481,5275.744,5236.358,5273.545,5687
2026-03-04 14:00:00,5273.545,5310.091,5233.023,5277.242,5109
2026-03-04 15:00:00,5277.242,5281.745,5245.345,5271.391,5795
2026-03-04 16:00:00,5271.391,5289.543,5250.145,5253.502,5518
2026-03-04 17:00:00,5253.502,5313.333,5247.912,5276.455,5548
2026-03-04 18:00:00,5276.455,5301.205,5244.716,5287.966,5640
2026-03-04 19:00:00,5287.966,5303.811,5256.685,5265.895,5585
2026-03-04 20:00:00,5265.895,5291.385,5254.053,5275.116,6428
2026-03-04 21:00:00,5275.116,5291.734,5254.877,5269.903,6245
2026-03-04 22:00:00,5269.903,5313.333,5264.627,5313.333,5578
2026-03-04 23:00:00,5313.333,5313.333,5263.377,5290.667,6762
2026-03-05 00:00:00,5260.000,5273.076,5255.093,5263.421,6453
2026-03-05 01:00:00,5263.421,5280.179,5250.614,5272.877,6869
2026-03-05 02:00:00,5272.877,5289.975,5252.852,5265.801,6852
2026-03-05 03:00:00,5265.801,5291.339,5247.387,5274.562,5906
2026-03-05 04:00:00,5274.562,5293.837,5264.565,5281.308,6230
2026-03-05 05:00:00,5281.308,5305.802,5245.544,5265.523,5984
2026-03-05 06:00:00,5265.523,5297.771,5235.000,5275.117,6040
2026-03-05 07:00:00,5275.117,5288.279,5252.293,5283.845,5971
2026-03-05 08:00:00,5283.845,5289.369,5240.215,5243.635,6684
2026-03-05 09:00:00,5243.635,5316.649,5243.610,5260.047,6306
2026-03-05 10:00:00,5260.047,5315.813,5257.460,5290.408,6282
2026-03-05 11:00:00,5290.408,5305.793,5238.482,5287.042,5381
2026-03-05 12:00:00,5287.042,5307.855,5235.000,5289.816,6282
2026-03-05 13:00:00,5289.816,5316.667,5238.510,5284.277,6218
2026-03-05 14:00:00,5284.277,5302.901,5243.338,5286.994,5586
2026-03-05 15:00:00,5286.994,5316.667,5235.000,5274.016,5724
2026-03-05 16:00:00,5274.016,5299.528,5261.076,5297.528,5304
2026-03-05 17:00:00,5297.528,5302.016,5259.412,5280.102,5607
2026-03-05 18:00:00,5280.102,5314.200,5263.932,5283.818,5794
2026-03-05 19:00:00,5283.818,5303.246,5269.092,5298.929,5125
2026-03-05 20:00:00,5298.929,5301.487,5267.451,5286.995,5886
2026-03-05 21:00:00,5286.995,5316.667,5280.414,5296.835,6437
2026-03-05 22:00:00,5296.835,5307.589,5283.148,5285.531,6642
2026-03-05 23:00:00,5285.531,5299.063,5281.944,5285.333,6157
2026-03-06 00:00:00,5296.000,5299.060,5287.667,5297.433,5779
2026-03-06 01:00:00,5297.433,5305.441,5282.073,5297.247,5551
2026-03-06 02:00:00,5297.247,5320.000,5280.918,5320.000,6917
2026-03-06 03:00:00,5320.000,5320.000,5277.906,5290.240,5598
2026-03-06 04:00:00,5290.240,5299.377,5282.229,5286.465,5610
2026-03-06 05:00:00,5286.465,5306.020,5272.689,5273.547,6441
2026-03-06 06:00:00,5273.547,5316.958,5271.593,5308.205,5377
2026-03-06 07:00:00,5308.205,5314.730,5276.562,5312.969,5113
2026-03-06 08:00:00,5312.969,5313.120,5275.619,5295.237,5801
2026-03-06 09:00:00,5295.237,5308.485,5272.963,5298.275,5707
2026-03-06 10:00:00,5298.275,5309.786,5277.978,5290.172,5946
2026-03-06 11:00:00,5290.172,5320.000,5269.580,5309.201,5933
2026-03-06 12:00:00,5309.201,5311.726,5268.830,5282.478,6136
2026-03-06 13:00:00,5282.478,5305.838,5278.302,5294.927,6921
2026-03-06 14:00:00,5294.927,5306.674,5275.046,5302.015,5562
2026-03-06 15:00:00,5302.015,5302.319,5271.331,5285.620,5673
2026-03-06 16:00:00,5285.620,5302.981,5275.184,5282.941,5764
2026-03-06 17:00:00,5282.941,5302.719,5267.525,5292.521,6065
2026-03-06 18:00:00,5292.521,5303.446,5260.000,5279.320,6156
2026-03-06 19:00:00,5279.320,5301.102,5270.154,5281.458,5339
2026-03-06 20:00:00,5281.458,5293.942,5271.730,5288.611,6560
2026-03-06 21:00:00,5288.611,5292.537,5260.000,5292.499,4935
2026-03-06 22:00:00,5292.499,5293.369,5260.000,5274.284,6252
2026-03-06 23:00:00,5274.284,5285.444,5274.225,5280.000,6461
2026-03-09 00:00:00,5284.000,5220.250,5216.987,5220.250,5821
2026-03-09 01:00:00,5220.250,5220.250,5215.418,5216.864,6006
2026-03-09 02:00:00,5216.864,5220.243,5213.013,5216.683,5989
2026-03-09 03:00:00,5216.683,5220.250,5211.621,5220.250,5983
2026-03-09 04:00:00,5220.250,5220.250,5209.896,5213.761,4952
2026-03-09 05:00:00,5213.761,5216.063,5210.443,5212.891,7193
2026-03-09 06:00:00,5212.891,5216.151,5208.628,5211.505,5713
2026-03-09 07:00:00,5211.505,5214.390,5207.861,5209.487,6101
2026-03-09 08:00:00,5209.487,5214.909,5205.245,5210.156,6078
2026-03-09 09:00:00,5210.156,5212.306,5205.862,5208.589,5592
2026-03-09 10:00:00,5208.589,5212.669,5204.914,5206.970,6935
2026-03-09 11:00:00,5206.970,5209.167,5200.003,5207.803,5783
2026-03-09 12:00:00,5207.803,5211.084,5192.500,5206.001,6042
2026-03-09 13:00:00,5206.001,5211.340,5202.203,5204.601,5116
2026-03-09 14:00:00,5204.601,5205.261,5198.461,5198.868,6881
2026-03-09 15:00:00,5198.868,5206.680,5198.383,5202.871,5544
2026-03-09 16:00:00,5202.871,5205.081,5197.813,5198.809,6654
2026-03-09 17:00:00,5198.809,5201.348,5196.535,5200.009,5405
2026-03-09 18:00:00,5200.009,5201.661,5196.346,5201.120,5420
2026-03-09 19:00:00,5201.120,5201.567,5195.333,5196.425,6963
2026-03-09 20:00:00,5196.425,5200.369,5192.500,5195.420,6116
2026-03-09 21:00:00,5195.420,5198.274,5193.461,5193.967,6461
2026-03-09 22:00:00,5193.967,5196.771,5192.500,5194.319,5770
2026-03-09 23:00:00,5194.319,5205.459,5192.500,5205.000,5581
2026-03-10 00:00:00,5280.000,5187.000,5185.800,5186.379,6415
2026-03-10 01:00:00,5186.379,5186.705,5185.082,5185.843,5658
2026-03-10 02:00:00,5185.843,5186.166,5184.382,5184.466,6440
2026-03-10 03:00:00,5184.466,5185.783,5183.538,5183.689,5373
2026-03-10 04:00:00,5183.689,5184.977,5182.682,5184.052,5410
2026-03-10 05:00:00,5184.052,5184.713,5181.206,5182.142,6659
2026-03-10 06:00:00,5182.142,5183.728,5181.341,5182.433,5784
2026-03-10 07:00:00,5182.433,5183.063,5180.164,5180.388,6020
2026-03-10 08:00:00,5180.388,5181.867,5179.704,5180.337,6126
2026-03-10 09:00:00,5180.337,5181.496,5179.300,5180.194,5434
2026-03-10 10:00:00,5180.194,5180.618,5178.263,5178.948,5988
2026-03-10 11:00:00,5178.948,5180.393,5177.908,5179.141,4724
2026-03-10 12:00:00,5179.141,5179.570,5176.671,5178.657,5388
2026-03-10 13:00:00,5178.657,5179.099,5176.391,5177.330,6227
2026-03-10 14:00:00,5177.330,5177.929,5175.239,5176.291,5764
2026-03-10 15:00:00,5176.291,5177.316,5174.526,5175.313,6294
2026-03-10 16:00:00,5175.313,5176.534,5170.000,5170.000,5888
2026-03-10 17:00:00,5170.000,5187.000,5170.000,5173.892,6632
2026-03-10 18:00:00,5173.892,5174.921,5172.518,5173.112,5796
2026-03-10 19:00:00,5173.112,5173.842,5172.056,5172.962,5977
2026-03-10 20:00:00,5172.962,5173.849,5171.751,5172.274,6159
2026-03-10 21:00:00,5172.274,5173.189,5170.577,5171.376,6422
2026-03-10 22:00:00,5171.376,5172.134,5170.242,5170.415,5602
2026-03-10 23:00:00,5170.415,5180.344,5170.000,5180.000,4813
2026-03-11 00:00:00,5246.667,5188.000,5178.835,5179.874,6830
2026-03-11 01:00:00,5179.874,5184.749,5175.707,5175.858,6415
2026-03-11 02:00:00,5175.858,5188.000,5174.138,5178.776,5969
2026-03-11 03:00:00,5178.776,5183.545,5172.944,5176.819,5707
2026-03-11 04:00:00,5176.819,5186.318,5168.020,5172.120,6679
2026-03-11 05:00:00,5172.120,5179.163,5167.312,5173.970,6516
2026-03-11 06:00:00,5173.970,5177.284,5165.296,5175.443,5949
2026-03-11 07:00:00,5175.443,5180.188,5159.621,5159.941,6433
2026-03-11 08:00:00,5159.941,5174.722,5158.276,5164.449,5423
2026-03-11 09:00:00,5164.449,5188.000,5158.725,5173.458,5855
2026-03-11 10:00:00,5173.458,5173.630,5154.862,5156.673,5878
2026-03-11 11:00:00,5156.673,5171.617,5154.691,5168.241,5043
2026-03-11 12:00:00,5168.241,5174.672,5152.449,5163.509,5596
2026-03-11 13:00:00,5163.509,5165.855,5140.000,5149.096,5686
2026-03-11 14:00:00,5149.096,5171.863,5148.237,5159.935,5736
2026-03-11 15:00:00,5159.935,5162.437,5150.277,5157.226,5393
2026-03-11 16:00:00,5157.226,5164.162,5143.275,5150.812,5671
2026-03-11 17:00:00,5150.812,5159.855,5143.027,5145.350,5969
2026-03-11 18:00:00,5145.350,5156.906,5145.025,5148.447,5159
2026-03-11 19:00:00,5148.447,5151.405,5143.891,5145.334,6549
2026-03-11 20:00:00,5145.334,5152.731,5142.639,5151.671,6497
2026-03-11 21:00:00,5151.671,5152.768,5140.000,5140.830,4829
2026-03-11 22:00:00,5140.830,5147.789,5140.000,5140.000,5748
2026-03-11 23:00:00,5140.000,5153.673,5140.000,5153.333,6331
2026-03-12 00:00:00,5213.333,5189.000,5171.633,5181.769,6031
2026-03-12 01:00:00,5181.769,5186.822,5163.777,5175.284,6117
2026-03-12 02:00:00,5175.284,5189.000,5158.234,5161.888,6341
2026-03-12 03:00:00,5161.888,5187.486,5150.300,5165.265,7038
2026-03-12 04:00:00,5165.265,5189.000,5152.334,5175.066,5589
2026-03-12 05:00:00,5175.066,5179.108,5149.738,5173.330,5762
2026-03-12 06:00:00,5173.330,5182.242,5156.267,5179.065,6170
2026-03-12 07:00:00,5179.065,5182.252,5140.636,5154.287,6650
2026-03-12 08:00:00,5154.287,5178.809,5138.228,5163.635,6257
2026-03-12 09:00:00,5163.635,5189.000,5143.251,5158.446,6475
2026-03-12 10:00:00,5158.446,5178.870,5143.558,5145.458,5783
2026-03-12 11:00:00,5145.458,5183.566,5141.329,5158.853,6361
2026-03-12 12:00:00,5158.853,5175.307,5116.869,5152.527,5723
2026-03-12 13:00:00,5152.527,5166.716,5119.996,5140.963,5596
2026-03-12 14:00:00,5140.963,5172.182,5132.505,5134.683,5873
2026-03-12 15:00:00,5134.683,5157.490,5121.443,5154.386,5126
2026-03-12 16:00:00,5154.386,5157.205,5112.389,5142.583,5939
2026-03-12 17:00:00,5142.583,5160.283,5124.111,5135.147,6226
2026-03-12 18:00:00,5135.147,5152.588,5115.350,5139.885,6429
2026-03-12 19:00:00,5139.885,5163.216,5114.339,5142.312,5206
2026-03-12 20:00:00,5142.312,5189.000,5115.626,5189.000,5724
2026-03-12 21:00:00,5189.000,5189.000,5113.344,5129.438,5596
2026-03-12 22:00:00,5129.438,5136.424,5110.000,5122.031,6493
2026-03-12 23:00:00,5122.031,5135.554,5116.802,5126.667,6179
2026-03-13 00:00:00,5180.000,5183.040,5150.559,5158.175,6289
2026-03-13 01:00:00,5158.175,5190.000,5138.816,5169.095,6955
2026-03-13 02:00:00,5169.095,5183.320,5139.941,5162.436,5928
2026-03-13 03:00:00,5162.436,5175.664,5128.143,5158.986,6060
2026-03-13 04:00:00,5158.986,5190.000,5115.429,5190.000,5604
2026-03-13 05:00:00,5190.000,5190.000,5129.179,5137.935,5599
2026-03-13 06:00:00,5137.935,5179.090,5133.334,5164.272,6401
2026-03-13 07:00:00,5164.272,5166.363,5099.966,5128.421,5470
2026-03-13 08:00:00,5128.421,5179.171,5115.072,5163.561,6152
2026-03-13 09:00:00,5163.561,5165.431,5099.436,5134.108,6374
2026-03-13 10:00:00,5134.108,5160.424,5105.411,5153.552,6588
2026-03-13 11:00:00,5153.552,5169.786,5110.631,5121.495,7073
2026-03-13 12:00:00,5121.495,5167.741,5107.546,5120.278,5493
2026-03-13 13:00:00,5120.278,5155.207,5080.000,5150.110,5744
2026-03-13 14:00:00,5150.110,5152.696,5102.340,5131.430,5656
2026-03-13 15:00:00,5131.430,5151.790,5090.957,5126.064,5657
2026-03-13 16:00:00,5126.064,5159.634,5080.000,5117.831,5408
2026-03-13 17:00:00,5117.831,5137.780,5090.295,5093.329,5788
2026-03-13 18:00:00,5093.329,5138.471,5080.000,5123.792,5504
2026-03-13 19:00:00,5123.792,5138.437,5097.973,5121.126,6637
2026-03-13 20:00:00,5121.126,5136.609,5087.942,5116.812,6255
2026-03-13 21:00:00,5116.812,5128.983,5086.883,5106.953,5257
2026-03-13 22:00:00,5106.953,5122.270,5088.702,5107.169,6203
2026-03-13 23:00:00,5107.169,5113.549,5090.199,5100.000,5814
2026-03-16 00:00:00,5100.000,5080.000,5059.606,5065.797,7146
2026-03-16 01:00:00,5065.797,5075.000,5059.671,5065.637,6687
2026-03-16 02:00:00,5065.637,5080.000,5055.812,5061.365,5953
2026-03-16 03:00:00,5061.365,5078.180,5037.437,5047.670,5548
2026-03-16 04:00:00,5047.670,5078.418,5046.182,5062.753,5329
2026-03-16 05:00:00,5062.753,5080.000,5046.205,5047.902,5886
2026-03-16 06:00:00,5047.902,5074.692,5042.994,5073.654,5865
2026-03-16 07:00:00,5073.654,5073.956,5034.286,5063.494,6268
2026-03-16 08:00:00,5063.494,5068.151,5039.690,5060.190,6000
2026-03-16 09:00:00,5060.190,5062.733,5034.948,5048.452,5995
2026-03-16 10:00:00,5048.452,5072.717,5038.234,5053.497,6403
2026-03-16 11:00:00,5053.497,5062.655,5028.153,5059.444,5960
2026-03-16 12:00:00,5059.444,5060.523,5030.256,5034.867,5565
2026-03-16 13:00:00,5034.867,5067.729,5020.000,5050.705,5962
2026-03-16 14:00:00,5050.705,5061.041,5020.000,5045.508,6499
2026-03-16 15:00:00,5045.508,5061.169,5028.530,5044.225,6013
2026-03-16 16:00:00,5044.225,5058.148,5026.309,5040.269,5929
2026-03-16 17:00:00,5040.269,5049.380,5026.577,5030.876,5869
2026-03-16 18:00:00,5030.876,5049.836,5020.990,5036.849,5292
2026-03-16 19:00:00,5036.849,5052.101,5025.551,5037.314,5873
2026-03-16 20:00:00,5037.314,5044.630,5022.520,5035.749,5929
2026-03-16 21:00:00,5035.749,5038.537,5021.396,5037.129,5069
2026-03-16 22:00:00,5037.129,5039.775,5022.129,5032.643,4596
2026-03-16 23:00:00,5032.643,5048.553,5020.000,5048.000,7424
2026-03-17 00:00:00,5082.667,5013.333,5005.077,5007.763,6048
2026-03-17 01:00:00,5007.763,5013.333,5001.000,5007.808,6588
2026-03-17 02:00:00,5007.808,5012.998,4999.078,4999.710,5509
2026-03-17 03:00:00,4999.710,5009.080,4995.925,4999.642,5749
2026-03-17 04:00:00,4999.642,5009.101,4995.045,5000.684,5753
2026-03-17 05:00:00,5000.684,5009.439,4992.153,4994.242,5775
2026-03-17 06:00:00,4994.242,5007.808,4993.771,4998.154,6555
2026-03-17 07:00:00,4998.154,5004.550,4988.061,4993.692,4683
2026-03-17 08:00:00,4993.692,5004.598,4985.307,5004.410,5580
2026-03-17 09:00:00,5004.410,5007.855,4987.198,4994.893,5309
2026-03-17 10:00:00,4994.893,5004.993,4980.835,4986.227,5804
2026-03-17 11:00:00,4986.227,4997.556,4978.009,4989.038,5498
2026-03-17 12:00:00,4989.038,4991.903,4976.469,4990.640,5608
2026-03-17 13:00:00,4990.640,4992.596,4978.994,4984.770,5928
2026-03-17 14:00:00,4984.770,4991.264,4978.195,4978.610,5290
2026-03-17 15:00:00,4978.610,4990.351,4975.457,4986.896,6037
2026-03-17 16:00:00,4986.896,4987.242,4972.407,4972.973,5996
2026-03-17 17:00:00,4972.973,4983.998,4971.762,4983.917,5816
2026-03-17 18:00:00,4983.917,4985.357,4967.174,4977.069,5901
2026-03-17 19:00:00,4977.069,4983.662,4968.653,4971.833,6308
2026-03-17 20:00:00,4971.833,4980.987,4967.448,4968.168,6134
2026-03-17 21:00:00,4968.168,4975.190,4965.242,4969.884,6575
2026-03-17 22:00:00,4969.884,4974.187,4965.000,4965.000,5566
2026-03-17 23:00:00,4965.000,5013.333,4965.000,4988.667,5462
2026-03-18 00:00:00,5065.333,4946.667,4943.426,4943.560,5446
2026-03-18 01:00:00,4943.560,4946.667,4940.570,4944.475,5457
2026-03-18 02:00:00,4944.475,4945.632,4939.550,4941.421,6723
2026-03-18 03:00:00,4941.421,4945.056,4936.458,4942.145,6157
2026-03-18 04:00:00,4942.145,4943.348,4936.732,4938.566,5957
2026-03-18 05:00:00,4938.566,4941.823,4935.537,4937.865,6340
2026-03-18 06:00:00,4937.865,4940.032,4931.165,4935.789,6578
2026-03-18 07:00:00,4935.789,4940.227,4929.550,4934.904,6764
2026-03-18 08:00:00,4934.904,4936.448,4930.224,4931.166,5665
2026-03-18 09:00:00,4931.166,4937.848,4927.842,4932.175,6262
2026-03-18 10:00:00,4932.175,4936.336,4925.591,4931.668,7400
2026-03-18 11:00:00,4931.668,4932.227,4924.705,4929.674,5707
2026-03-18 12:00:00,4929.674,4931.419,4922.060,4930.394,5960
2026-03-18 13:00:00,4930.394,4930.530,4919.945,4926.397,6086
2026-03-18 14:00:00,4926.397,4929.401,4921.345,4924.017,6196
2026-03-18 15:00:00,4924.017,4946.667,4919.574,4924.216,6030
2026-03-18 16:00:00,4924.216,4925.642,4915.972,4916.611,6124
2026-03-18 17:00:00,4916.611,4924.091,4915.144,4921.045,6383
2026-03-18 18:00:00,4921.045,4921.759,4915.162,4920.085,5978
2026-03-18 19:00:00,4920.085,4920.540,4913.390,4913.964,5721
2026-03-18 20:00:00,4913.964,4918.085,4910.000,4915.105,6432
2026-03-18 21:00:00,4915.105,4917.322,4910.903,4912.311,6373
2026-03-18 22:00:00,4912.311,4915.195,4910.000,4912.086,5135
2026-03-18 23:00:00,4912.086,4930.173,4910.000,4929.333,6069
2026-03-19 00:00:00,5048.000,4880.000,4878.127,4879.051,6672
2026-03-19 01:00:00,4879.051,4879.742,4876.797,4878.066,6377
2026-03-19 02:00:00,4878.066,4880.000,4876.260,4876.708,6106
2026-03-19 03:00:00,4876.708,4877.203,4874.982,4876.405,7228
2026-03-19 04:00:00,4876.405,4876.882,4874.022,4874.768,6219
2026-03-19 05:00:00,4874.768,4876.177,4872.741,4874.196,5771
2026-03-19 06:00:00,4874.196,4875.200,4870.959,4872.176,5915
2026-03-19 07:00:00,4872.176,4873.766,4870.664,4871.392,6040
2026-03-19 08:00:00,4871.392,4873.020,4869.523,4870.067,5662
2026-03-19 09:00:00,4870.067,4872.676,4868.528,4869.669,6840
2026-03-19 10:00:00,4869.669,4871.361,4868.242,4868.834,6065
2026-03-19 11:00:00,4868.834,4869.306,4866.156,4868.122,5805
2026-03-19 12:00:00,4868.122,4869.613,4865.324,4867.000,6437
2026-03-19 13:00:00,4867.000,4868.363,4864.168,4865.792,6353
2026-03-19 14:00:00,4865.792,4868.030,4863.070,4864.386,5556
2026-03-19 15:00:00,4864.386,4865.592,4855.000,4863.943,5741
2026-03-19 16:00:00,4863.943,4864.691,4861.729,4862.756,5762
2026-03-19 17:00:00,4862.756,4863.023,4858.981,4860.879,6437
2026-03-19 18:00:00,4860.879,4861.953,4858.436,4860.973,6023
2026-03-19 19:00:00,4860.973,4861.487,4858.061,4859.551,5228
2026-03-19 20:00:00,4859.551,4860.019,4856.559,4857.554,6285
2026-03-19 21:00:00,4857.554,4858.941,4856.024,4857.456,6337
2026-03-19 22:00:00,4857.456,4857.651,4855.000,4855.763,6038
2026-03-19 23:00:00,4855.763,4870.265,4855.000,4870.000,6240
2026-03-20 00:00:00,4870.000,4735.000,4732.636,4734.360,5989
2026-03-20 01:00:00,4734.360,4734.999,4731.736,4733.039,6497
2026-03-20 02:00:00,4733.039,4734.084,4730.030,4732.226,6520
2026-03-20 03:00:00,4732.226,4733.351,4729.521,4730.853,5950
2026-03-20 04:00:00,4730.853,4732.050,4728.090,4729.238,5896
2026-03-20 05:00:00,4729.238,4731.047,4728.126,4729.378,5990
2026-03-20 06:00:00,4729.378,4729.595,4725.582,4727.472,6984
2026-03-20 07:00:00,4727.472,4730.005,4725.745,4726.327,5624
2026-03-20 08:00:00,4726.327,4728.473,4723.018,4725.801,5704
2026-03-20 09:00:00,4725.801,4727.105,4722.228,4723.124,5944
2026-03-20 10:00:00,4723.124,4725.234,4722.437,4723.520,6345
2026-03-20 11:00:00,4723.520,4725.313,4720.980,4722.843,6299
2026-03-20 12:00:00,4722.843,4723.745,4720.024,4721.308,6237
2026-03-20 13:00:00,4721.308,4723.301,4719.425,4721.698,5961
2026-03-20 14:00:00,4721.698,4721.885,4717.446,4719.993,5180
2026-03-20 15:00:00,4719.993,4721.246,4716.855,4719.095,6638
2026-03-20 16:00:00,4719.095,4719.951,4716.261,4717.391,5332
2026-03-20 17:00:00,4717.391,4718.846,4713.962,4716.316,5712
2026-03-20 18:00:00,4716.316,4717.785,4713.938,4714.894,6624
2026-03-20 19:00:00,4714.894,4735.000,4713.187,4713.421,6222
2026-03-20 20:00:00,4713.421,4714.971,4711.208,4712.815,5670
2026-03-20 21:00:00,4712.815,4713.882,4710.752,4711.125,5850
2026-03-20 22:00:00,4711.125,4712.598,4710.336,4710.534,5973
2026-03-20 23:00:00,4710.534,4725.160,4710.000,4725.000,6668
2026-03-23 00:00:00,4725.000,4720.000,4703.525,4711.944,5107
2026-03-23 01:00:00,4711.944,4712.219,4698.556,4706.388,6353
2026-03-23 02:00:00,4706.388,4714.175,4697.837,4713.571,6346
2026-03-23 03:00:00,4713.571,4714.071,4698.406,4705.170,5868
2026-03-23 04:00:00,4705.170,4712.797,4670.000,4697.678,6303
2026-03-23 05:00:00,4697.678,4716.697,4689.947,4696.646,6442
2026-03-23 06:00:00,4696.646,4719.869,4690.950,4700.121,6737
2026-03-23 07:00:00,4700.121,4714.739,4688.548,4699.114,6269
2026-03-23 08:00:00,4699.114,4708.497,4685.548,4699.832,5319
2026-03-23 09:00:00,4699.832,4713.223,4683.639,4685.170,6141
2026-03-23 10:00:00,4685.170,4720.000,4684.221,4707.704,6663
2026-03-23 11:00:00,4707.704,4720.000,4673.917,4675.799,6196
2026-03-23 12:00:00,4675.799,4709.530,4674.073,4703.718,5541
2026-03-23 13:00:00,4703.718,4708.518,4686.138,4703.444,6441
2026-03-23 14:00:00,4703.444,4704.058,4680.669,4700.830,5795
2026-03-23 15:00:00,4700.830,4704.782,4673.518,4673.852,6091
2026-03-23 16:00:00,4673.852,4711.362,4673.320,4704.413,5702
2026-03-23 17:00:00,4704.413,4704.899,4670.000,4692.303,6461
2026-03-23 18:00:00,4692.303,4698.307,4673.963,4683.746,6268
2026-03-23 19:00:00,4683.746,4702.671,4682.109,4687.107,6700
2026-03-23 20:00:00,4687.107,4697.447,4679.116,4692.815,6714
2026-03-23 21:00:00,4692.815,4696.350,4678.558,4690.437,6323
2026-03-23 22:00:00,4690.437,4692.610,4684.191,4686.843,5820
2026-03-23 23:00:00,4686.843,4696.162,4683.082,4695.000,5901
2026-03-24 00:00:00,4715.000,4715.918,4700.062,4707.428,5851
2026-03-24 01:00:00,4707.428,4710.447,4693.852,4709.751,7020
2026-03-24 02:00:00,4709.751,4717.574,4693.917,4701.184,6639
2026-03-24 03:00:00,4701.184,4718.224,4687.110,4717.302,5955
2026-03-24 04:00:00,4717.302,4718.663,4689.983,4699.300,6433
2026-03-24 05:00:00,4699.300,4716.896,4680.159,4698.362,6129
2026-03-24 06:00:00,4698.362,4712.408,4666.667,4666.667,6069
2026-03-24 07:00:00,4666.667,4705.288,4666.667,4696.942,5583
2026-03-24 08:00:00,4696.942,4717.581,4677.966,4696.543,6603
2026-03-24 09:00:00,4696.543,4720.000,4678.151,4688.000,5811
2026-03-24 10:00:00,4688.000,4708.694,4678.119,4702.575,6444
2026-03-24 11:00:00,4702.575,4714.441,4682.705,4711.748,5729
2026-03-24 12:00:00,4711.748,4718.870,4674.197,4687.908,6101
2026-03-24 13:00:00,4687.908,4708.910,4667.236,4685.336,6018
2026-03-24 14:00:00,4685.336,4704.975,4666.667,4686.508,6819
2026-03-24 15:00:00,4686.508,4702.057,4673.566,4695.108,5857
2026-03-24 16:00:00,4695.108,4710.556,4672.916,4682.666,6145
2026-03-24 17:00:00,4682.666,4720.000,4682.590,4692.014,6756
2026-03-24 18:00:00,4692.014,4695.247,4673.949,4687.532,7195
2026-03-24 19:00:00,4687.532,4696.909,4673.807,4692.893,6362
2026-03-24 20:00:00,4692.893,4696.384,4676.496,4693.317,6203
2026-03-24 21:00:00,4693.317,4701.900,4673.376,4678.782,5951
2026-03-24 22:00:00,4678.782,4701.979,4671.244,4681.179,5397
2026-03-24 23:00:00,4681.179,4694.429,4673.598,4693.333,6436
2026-03-25 00:00:00,4705.000,4706.954,4692.968,4693.821,6594
2026-03-25 01:00:00,4693.821,4712.575,4682.026,4695.093,5628
2026-03-25 02:00:00,4695.093,4712.676,4681.036,4686.835,6769
2026-03-25 03:00:00,4686.835,4709.772,4683.461,4685.126,6643
2026-03-25 04:00:00,4685.126,4710.918,4676.048,4692.016,5516
2026-03-25 05:00:00,4692.016,4711.313,4679.596,4706.396,5952
2026-03-25 06:00:00,4706.396,4707.373,4672.258,4701.331,6099
2026-03-25 07:00:00,4701.331,4715.098,4663.333,4714.901,6350
2026-03-25 08:00:00,4714.901,4715.809,4668.528,4709.762,6010
2026-03-25 09:00:00,4709.762,4712.507,4680.485,4705.122,5573
2026-03-25 10:00:00,4705.122,4718.863,4676.850,4685.219,5305
2026-03-25 11:00:00,4685.219,4705.070,4672.712,4686.296,5032
2026-03-25 12:00:00,4686.296,4716.417,4675.077,4677.283,6231
2026-03-25 13:00:00,4677.283,4720.000,4663.333,4720.000,5326
2026-03-25 14:00:00,4720.000,4720.000,4673.051,4694.271,5649
2026-03-25 15:00:00,4694.271,4702.999,4679.784,4686.056,4925
2026-03-25 16:00:00,4686.056,4711.055,4665.711,4682.106,6468
2026-03-25 17:00:00,4682.106,4715.436,4666.767,4682.807,6131
2026-03-25 18:00:00,4682.807,4706.320,4670.493,4683.721,6449
2026-03-25 19:00:00,4683.721,4715.252,4669.322,4693.420,5085
2026-03-25 20:00:00,4693.420,4720.000,4672.636,4681.978,6255
2026-03-25 21:00:00,4681.978,4700.405,4673.247,4675.106,5906
2026-03-25 22:00:00,4675.106,4696.925,4667.032,4692.414,6250
2026-03-25 23:00:00,4692.414,4693.477,4674.855,4691.667,6476
2026-03-26 00:00:00,4695.000,4695.617,4684.523,4689.429,6116
2026-03-26 01:00:00,4689.429,4697.868,4679.558,4690.861,6907
2026-03-26 02:00:00,4690.861,4699.664,4680.682,4681.184,5383
2026-03-26 03:00:00,4681.184,4697.007,4664.625,4696.781,6953
2026-03-26 04:00:00,4696.781,4701.224,4676.368,4682.484,6315
2026-03-26 05:00:00,4682.484,4705.316,4681.477,4682.600,6648
2026-03-26 06:00:00,4682.600,4703.702,4667.100,4700.726,5442
2026-03-26 07:00:00,4700.726,4720.000,4671.862,4686.625,6195
2026-03-26 08:00:00,4686.625,4709.116,4660.000,4660.000,6021
2026-03-26 09:00:00,4660.000,4710.672,4660.000,4682.882,5766
2026-03-26 10:00:00,4682.882,4704.261,4675.027,4676.927,5704
2026-03-26 11:00:00,4676.927,4706.232,4675.351,4686.012,5494
2026-03-26 12:00:00,4686.012,4703.723,4662.428,4692.924,6088
2026-03-26 13:00:00,4692.924,4713.419,4673.524,4684.381,6302
2026-03-26 14:00:00,4684.381,4708.661,4669.241,4672.189,6375
2026-03-26 15:00:00,4672.189,4696.627,4670.378,4686.953,5802
2026-03-26 16:00:00,4686.953,4701.601,4669.327,4696.092,5888
2026-03-26 17:00:00,4696.092,4697.157,4670.287,4674.848,5825
2026-03-26 18:00:00,4674.848,4702.354,4660.333,4661.200,5945
2026-03-26 19:00:00,4661.200,4720.000,4660.000,4675.859,5738
2026-03-26 20:00:00,4675.859,4702.938,4674.149,4674.518,6104
2026-03-26 21:00:00,4674.518,4700.102,4673.998,4697.914,5207
2026-03-26 22:00:00,4697.914,4698.034,4668.059,4684.764,6037
2026-03-26 23:00:00,4684.764,4690.529,4678.101,4690.000,6711
2026-03-27 00:00:00,4693.750,4685.000,4668.088,4675.977,5058
2026-03-27 01:00:00,4675.977,4678.369,4660.658,4666.570,6639
2026-03-27 02:00:00,4666.570,4679.612,4630.500,4669.066,5628
2026-03-27 03:00:00,4669.066,4684.537,4653.185,4674.975,5013
2026-03-27 04:00:00,4674.975,4683.314,4645.883,4659.765,5682
2026-03-27 05:00:00,4659.765,4679.582,4652.616,4659.234,6252
2026-03-27 06:00:00,4659.234,4676.912,4652.559,4652.947,6820
2026-03-27 07:00:00,4652.947,4678.715,4643.356,4664.449,4711
2026-03-27 08:00:00,4664.449,4673.158,4647.103,4667.447,6368
2026-03-27 09:00:00,4667.447,4685.000,4652.607,4672.634,6406
2026-03-27 10:00:00,4672.634,4675.229,4636.306,4655.817,5572
2026-03-27 11:00:00,4655.817,4673.769,4631.139,4666.322,5612
2026-03-27 12:00:00,4666.322,4670.402,4641.802,4652.400,6156
2026-03-27 13:00:00,4652.400,4670.287,4640.182,4646.729,6049
2026-03-27 14:00:00,4646.729,4665.021,4641.481,4643.757,5946
2026-03-27 15:00:00,4643.757,4665.052,4640.348,4640.617,5517
2026-03-27 16:00:00,4640.617,4685.000,4639.521,4654.949,5154
2026-03-27 17:00:00,4654.949,4666.435,4635.598,4653.280,5862
2026-03-27 18:00:00,4653.280,4667.619,4641.870,4649.469,6339
2026-03-27 19:00:00,4649.469,4664.577,4630.500,4630.500,4686
2026-03-27 20:00:00,4630.500,4661.202,4630.500,4646.086,6541
2026-03-27 21:00:00,4646.086,4657.312,4635.263,4641.073,5524
2026-03-27 22:00:00,4641.073,4653.053,4637.335,4647.441,6526
2026-03-27 23:00:00,4647.441,4658.463,4638.075,4658.250,7211
2026-03-30 00:00:00,4690.000,4580.000,4576.531,4578.814,5964
2026-03-30 01:00:00,4578.814,4580.000,4573.761,4575.262,6022
2026-03-30 02:00:00,4575.262,4578.477,4571.358,4572.784,6198
2026-03-30 03:00:00,4572.784,4580.000,4570.990,4572.790,5345
2026-03-30 04:00:00,4572.790,4575.149,4568.470,4572.954,6191
2026-03-30 05:00:00,4572.954,4577.059,4565.607,4566.918,6450
2026-03-30 06:00:00,4566.918,4574.469,4564.030,4568.960,6427
2026-03-30 07:00:00,4568.960,4571.344,4563.723,4568.686,5880
2026-03-30 08:00:00,4568.686,4570.915,4561.918,4565.830,5566
2026-03-30 09:00:00,4565.830,4567.382,4559.225,4562.411,5674
2026-03-30 10:00:00,4562.411,4569.577,4558.227,4564.610,5817
2026-03-30 11:00:00,4564.610,4565.407,4542.000,4559.959,5917
2026-03-30 12:00:00,4559.959,4564.479,4556.219,4559.414,6590
2026-03-30 13:00:00,4559.414,4562.931,4553.090,4560.407,5857
2026-03-30 14:00:00,4560.407,4562.259,4553.479,4561.154,5973
2026-03-30 15:00:00,4561.154,4561.357,4550.778,4554.997,6378
2026-03-30 16:00:00,4554.997,4558.141,4550.603,4553.520,5817
2026-03-30 17:00:00,4553.520,4554.984,4548.988,4553.233,5948
2026-03-30 18:00:00,4553.233,4554.095,4547.164,4547.517,5994
2026-03-30 19:00:00,4547.517,4555.084,4547.078,4549.230,5902
2026-03-30 20:00:00,4549.230,4551.451,4544.342,4547.426,6989
2026-03-30 21:00:00,4547.426,4551.847,4542.963,4544.627,5791
2026-03-30 22:00:00,4544.627,4547.399,4542.563,4544.793,5961
2026-03-30 23:00:00,4544.793,4563.996,4542.000,4563.000,6123
2026-03-31 00:00:00,4563.000,4603.530,4562.066,4593.543,5421
2026-03-31 01:00:00,4593.543,4615.193,4573.295,4599.046,5817
2026-03-31 02:00:00,4599.046,4619.757,4576.261,4603.728,5843
2026-03-31 03:00:00,4603.728,4627.475,4573.471,4625.646,5651
2026-03-31 04:00:00,4625.646,4629.427,4580.831,4625.535,6335
2026-03-31 05:00:00,4625.535,4634.079,4585.909,4607.670,5849
2026-03-31 06:00:00,4607.670,4625.568,4555.000,4602.428,6193
2026-03-31 07:00:00,4602.428,4665.000,4571.692,4665.000,6404
2026-03-31 08:00:00,4665.000,4665.000,4569.354,4586.444,5641
2026-03-31 09:00:00,4586.444,4636.480,4576.358,4625.645,6428
2026-03-31 10:00:00,4625.645,4649.438,4567.227,4610.195,5244
2026-03-31 11:00:00,4610.195,4647.088,4582.760,4620.381,6201
2026-03-31 12:00:00,4620.381,4646.377,4588.604,4635.323,6778
2026-03-31 13:00:00,4635.323,4649.446,4590.039,4593.716,5866
2026-03-31 14:00:00,4593.716,4642.506,4592.758,4621.190,6365
2026-03-31 15:00:00,4621.190,4647.403,4607.340,4622.617,5278
2026-03-31 16:00:00,4622.617,4665.000,4555.000,4555.000,5950
2026-03-31 17:00:00,4555.000,4656.362,4555.000,4606.965,6293
2026-03-31 18:00:00,4606.965,4647.651,4603.036,4624.467,4745
2026-03-31 19:00:00,4624.467,4657.800,4587.864,4645.694,5779
2026-03-31 20:00:00,4645.694,4655.273,4616.895,4639.821,5880
2026-03-31 21:00:00,4639.821,4658.283,4622.039,4633.360,6131
2026-03-31 22:00:00,4633.360,4654.159,4627.410,4643.377,5643
2026-03-31 23:00:00,4643.377,4645.379,4623.533,4624.000,5629
2026-04-01 00:00:00,4593.500,4610.083,4591.574,4605.318,5528
2026-04-01 01:00:00,4605.318,4617.916,4597.989,4607.699,7068
2026-04-01 02:00:00,4607.699,4617.607,4592.537,4613.223,6269
2026-04-01 03:00:00,4613.223,4626.475,4582.500,4592.864,6112
2026-04-01 04:00:00,4592.864,4637.766,4586.791,4635.644,6935
2026-04-01 05:00:00,4635.644,4636.773,4586.076,4598.879,5103
2026-04-01 06:00:00,4598.879,4647.283,4582.500,4589.299,6009
2026-04-01 07:00:00,4589.299,4662.449,4589.156,4628.629,5469
2026-04-01 08:00:00,4628.629,4664.846,4599.107,4664.462,6082
2026-04-01 09:00:00,4664.462,4665.095,4600.760,4609.784,6065
2026-04-01 10:00:00,4609.784,4652.472,4586.260,4631.495,5768
2026-04-01 11:00:00,4631.495,4663.080,4584.475,4640.791,6100
2026-04-01 12:00:00,4640.791,4662.177,4599.762,4609.379,5907
2026-04-01 13:00:00,4609.379,4679.683,4606.691,4669.765,6394
2026-04-01 14:00:00,4669.765,4671.478,4608.651,4640.817,5917
2026-04-01 15:00:00,4640.817,4651.663,4591.686,4639.033,6561
2026-04-01 16:00:00,4639.033,4682.500,4602.082,4642.860,6749
2026-04-01 17:00:00,4642.860,4659.773,4609.435,4657.257,6182
2026-04-01 18:00:00,4657.257,4666.359,4622.801,4631.612,5997
2026-04-01 19:00:00,4631.612,4666.884,4629.735,4649.387,6304
2026-04-01 20:00:00,4649.387,4682.500,4626.569,4628.282,6401
2026-04-01 21:00:00,4628.282,4671.022,4626.800,4640.773,5748
2026-04-01 22:00:00,4640.773,4668.761,4640.697,4647.503,5896
2026-04-01 23:00:00,4647.503,4657.492,4641.949,4652.000,6117
2026-04-02 00:00:00,4624.000,4645.670,4622.063,4642.098,5417
2026-04-02 01:00:00,4642.098,4646.487,4623.223,4645.407,5737
2026-04-02 02:00:00,4645.407,4655.936,4610.832,4622.722,5691
2026-04-02 03:00:00,4622.722,4663.249,4610.000,4635.811,6155
2026-04-02 04:00:00,4635.811,4659.878,4623.471,4631.144,5924
2026-04-02 05:00:00,4631.144,4652.899,4622.417,4627.599,7148
2026-04-02 06:00:00,4627.599,4670.480,4615.369,4638.822,5676
2026-04-02 07:00:00,4638.822,4664.106,4610.000,4630.088,6150
2026-04-02 08:00:00,4630.088,4672.702,4629.400,4647.655,7047
2026-04-02 09:00:00,4647.655,4677.745,4628.259,4643.356,5665
2026-04-02 10:00:00,4643.356,4697.648,4620.120,4648.448,6009
2026-04-02 11:00:00,4648.448,4672.892,4621.825,4665.835,6701
2026-04-02 12:00:00,4665.835,4673.411,4637.465,4640.967,5378
2026-04-02 13:00:00,4640.967,4684.421,4617.496,4634.747,5535
2026-04-02 14:00:00,4634.747,4685.721,4630.181,4650.410,5839
2026-04-02 15:00:00,4650.410,4697.534,4644.503,4662.142,5571
2026-04-02 16:00:00,4662.142,4692.716,4637.138,4662.448,5545
2026-04-02 17:00:00,4662.448,4683.725,4636.353,4660.799,5704
2026-04-02 18:00:00,4660.799,4697.803,4647.635,4668.601,7001
2026-04-02 19:00:00,4668.601,4700.000,4645.964,4682.457,6251
2026-04-02 20:00:00,4682.457,4695.476,4649.565,4664.992,6435
2026-04-02 21:00:00,4664.992,4685.068,4652.843,4669.407,6015
2026-04-02 22:00:00,4669.407,4689.844,4655.656,4683.230,6215
2026-04-02 23:00:00,4683.230,4700.000,4666.542,4680.000,6416
2026-04-03 00:00:00,4652.000,4661.571,4649.205,4659.921,7182
2026-04-03 01:00:00,4659.921,4665.594,4646.444,4653.748,5546
2026-04-03 02:00:00,4653.748,4673.015,4641.864,4649.657,6109
2026-04-03 03:00:00,4649.657,4679.186,4635.000,4670.984,6156
2026-04-03 04:00:00,4670.984,4689.156,4635.000,4659.051,6074
2026-04-03 05:00:00,4659.051,4683.086,4643.648,4646.852,5125
2026-04-03 06:00:00,4646.852,4679.654,4645.639,4675.746,5717
2026-04-03 07:00:00,4675.746,4683.763,4652.828,4672.035,6803
2026-04-03 08:00:00,4672.035,4689.023,4642.634,4670.258,6424
2026-04-03 09:00:00,4670.258,4697.442,4652.581,4664.211,5943
2026-04-03 10:00:00,4664.211,4688.421,4657.485,4670.388,6339
2026-04-03 11:00:00,4670.388,4694.038,4648.057,4685.208,6010
2026-04-03 12:00:00,4685.208,4687.708,4651.863,4674.827,5880
2026-04-03 13:00:00,4674.827,4689.902,4640.606,4640.775,6732
2026-04-03 14:00:00,4640.775,4684.105,4639.532,4680.050,6747
2026-04-03 15:00:00,4680.050,4699.362,4660.340,4679.450,6996
2026-04-03 16:00:00,4679.450,4692.250,4647.940,4682.901,6260
2026-04-03 17:00:00,4682.901,4693.152,4652.230,4673.927,6610
2026-04-03 18:00:00,4673.927,4710.000,4655.851,4671.410,5549
2026-04-03 19:00:00,4671.410,4685.772,4667.628,4668.169,6013
2026-04-03 20:00:00,4668.169,4697.652,4665.779,4684.598,6577
2026-04-03 21:00:00,4684.598,4692.572,4664.085,4677.048,5429
2026-04-03 22:00:00,4677.048,4692.283,4672.964,4691.637,6333
2026-04-03 23:00:00,4691.637,4691.943,4675.176,4690.000,6174
2026-04-06 00:00:00,4693.333,4704.190,4684.727,4699.887,5860
2026-04-06 01:00:00,4699.887,4717.606,4680.000,4703.313,6416
2026-04-06 02:00:00,4703.313,4713.918,4680.809,4710.779,4834
2026-04-06 03:00:00,4710.779,4717.080,4686.832,4690.525,6305
2026-04-06 04:00:00,4690.525,4723.028,4680.000,4713.945,5590
2026-04-06 05:00:00,4713.945,4731.923,4683.446,4703.725,5509
2026-04-06 06:00:00,4703.725,4730.593,4688.725,4718.919,5481
2026-04-06 07:00:00,4718.919,4746.061,4711.745,4721.732,6144
2026-04-06 08:00:00,4721.732,4742.670,4688.881,4698.209,5537
2026-04-06 09:00:00,4698.209,4748.674,4692.703,4701.752,5222
2026-04-06 10:00:00,4701.752,4756.906,4695.570,4749.872,5763
2026-04-06 11:00:00,4749.872,4757.626,4684.827,4729.092,6057
2026-04-06 12:00:00,4729.092,4758.533,4701.131,4757.153,5322
2026-04-06 13:00:00,4757.153,4760.039,4692.932,4716.919,5648
2026-04-06 14:00:00,4716.919,4758.714,4715.530,4734.358,5195
2026-04-06 15:00:00,4734.358,4778.082,4705.124,4716.948,6959
2026-04-06 16:00:00,4716.948,4771.605,4715.050,4730.586,5307
2026-04-06 17:00:00,4730.586,4755.546,4724.886,4739.363,6022
2026-04-06 18:00:00,4739.363,4770.528,4718.256,4735.459,5971
2026-04-06 19:00:00,4735.459,4755.811,4713.354,4746.493,6238
2026-04-06 20:00:00,4746.493,4783.333,4715.529,4754.783,5647
2026-04-06 21:00:00,4754.783,4777.128,4736.040,4737.437,6592
2026-04-06 22:00:00,4737.437,4783.333,4736.510,4758.589,5168
2026-04-06 23:00:00,4758.589,4774.349,4739.865,4773.333,5888
2026-04-07 00:00:00,4700.000,4727.443,4697.065,4723.673,5453
2026-04-07 01:00:00,4723.673,4731.681,4690.000,4722.578,6241
2026-04-07 02:00:00,4722.578,4740.035,4701.081,4712.507,6545
2026-04-07 03:00:00,4712.507,4742.172,4701.040,4719.035,7027
2026-04-07 04:00:00,4719.035,4747.787,4690.000,4745.772,5899
2026-04-07 05:00:00,4745.772,4751.987,4701.836,4702.994,5605
2026-04-07 06:00:00,4702.994,4780.632,4701.494,4716.331,5783
2026-04-07 07:00:00,4716.331,4771.556,4713.904,4737.023,6259
2026-04-07 08:00:00,4737.023,4778.602,4710.812,4731.583,6063
2026-04-07 09:00:00,4731.583,4787.786,4714.637,4723.927,5388
2026-04-07 10:00:00,4723.927,4788.344,4715.619,4749.879,5798
2026-04-07 11:00:00,4749.879,4774.649,4713.449,4732.056,5623
2026-04-07 12:00:00,4732.056,4782.171,4704.631,4730.064,5847
2026-04-07 13:00:00,4730.064,4781.160,4701.013,4712.546,5442
2026-04-07 14:00:00,4712.546,4791.606,4702.276,4737.733,5582
2026-04-07 15:00:00,4737.733,4792.921,4733.204,4737.871,5505
2026-04-07 16:00:00,4737.871,4777.420,4736.192,4757.225,5662
2026-04-07 17:00:00,4757.225,4810.581,4745.517,4789.838,5844
2026-04-07 18:00:00,4789.838,4815.000,4743.022,4767.393,5544
2026-04-07 19:00:00,4767.393,4796.776,4760.963,4790.514,6511
2026-04-07 20:00:00,4790.514,4815.000,4757.239,4780.754,6741
2026-04-07 21:00:00,4780.754,4806.857,4762.280,4791.854,5758
2026-04-07 22:00:00,4791.854,4795.780,4765.500,4785.612,5111
2026-04-07 23:00:00,4785.612,4810.491,4770.150,4810.000,6421
2026-04-08 00:00:00,4813.535,4826.805,4808.615,4817.335,15
2026-04-08 01:00:00,4817.375,4824.958,4787.965,4809.905,60
2026-04-08 02:00:00,4809.808,4825.165,4798.455,4803.695,60
2026-04-08 03:00:00,4803.675,4805.625,4794.725,4797.215,60
2026-04-08 04:00:00,4797.295,4806.475,4789.985,4803.345,60
2026-04-08 05:00:00,4803.305,4843.505,4800.135,4827.275,60
2026-04-08 06:00:00,4827.235,4839.575,4819.645,4819.695,60
2026-04-08 07:00:00,4819.675,4821.105,4804.925,4813.045,60
2026-04-08 08:00:00,4813.355,4819.555,4790.145,4793.585,60
2026-04-08 09:00:00,4793.615,4806.405,4775.728,4782.798,60
2026-04-08 10:00:00,4782.838,4795.805,4770.885,4782.298,60
2026-04-08 11:00:00,4782.298,4802.655,4777.865,4798.138,60
2026-04-08 12:00:00,4798.085,4807.005,4768.128,4799.325,60
2026-04-08 13:00:00,4799.295,4806.405,4767.945,4777.295,60
2026-04-08 14:00:00,4777.168,4791.565,4731.905,4735.845,60
2026-04-08 15:00:00,4735.905,4762.865,4733.855,4756.205,60
2026-04-08 16:00:00,4756.175,4765.298,4745.005,4760.098,60
2026-04-08 17:00:00,4760.098,4764.115,4731.288,4733.745,60
2026-04-08 18:00:00,4733.525,4744.335,4703.635,4705.105,60
2026-04-08 19:00:00,4704.825,4731.698,4699.235,4730.465,60
2026-04-08 20:00:00,4730.298,4731.975,4715.735,4715.835,60
2026-04-08 22:00:00,4718.098,4732.525,4704.075,4717.085,60
2026-04-08 23:00:00,4715.715,4719.795,4704.998,4715.215,60
2026-04-09 00:00:00,4715.375,4718.885,4698.085,4706.515,60
2026-04-09 01:00:00,4706.365,4728.125,4699.178,4727.155,60
2026-04-09 02:00:00,4727.235,4732.595,4717.075,4718.825,60
2026-04-09 03:00:00,4718.775,4720.065,4704.898,4711.165,60
2026-04-09 04:00:00,4711.185,4725.038,4709.435,4720.505,60
2026-04-09 05:00:00,4720.545,4726.375,4705.515,4712.705,60
2026-04-09 06:00:00,4712.725,4724.995,4703.185,4712.125,60
2026-04-09 07:00:00,4712.245,4730.995,4705.335,4724.065,60
2026-04-09 08:00:00,4724.005,4733.095,4719.428,4726.025,60
2026-04-09 09:00:00,4726.055,4733.375,4722.685,4728.938,60
2026-04-09 10:00:00,4728.918,4746.445,4723.485,4740.838,60
2026-04-09 11:00:00,4740.798,4757.465,4738.185,4756.335,60
2026-04-09 12:00:00,4756.615,4759.385,4734.695,4745.665,60
2026-04-09 13:00:00,4745.745,4777.015,4738.505,4764.048,60
2026-04-09 14:00:00,4764.048,4775.935,4747.075,4768.545,60
2026-04-09 15:00:00,4768.575,4797.855,4760.948,4792.515,60
2026-04-09 16:00:00,4792.738,4800.695,4784.195,4788.595,60
2026-04-09 17:00:00,4788.645,4801.015,4786.485,4797.525,60
2026-04-09 18:00:00,4797.625,4797.765,4767.498,4771.785,60
2026-04-09 19:00:00,4771.755,4782.385,4766.675,4768.665,60
2026-04-09 20:00:00,4768.855,4773.135,4760.505,4763.345,60
2026-04-09 22:00:00,4766.498,4779.285,4758.375,4763.838,60
2026-04-09 23:00:00,4763.858,4764.065,4756.695,4763.435,60
2026-04-10 00:00:00,4763.485,4763.485,4750.475,4762.745,60
2026-04-10 01:00:00,4762.705,4777.035,4757.665,4764.335,60
2026-04-10 02:00:00,4764.385,4765.235,4737.715,4752.925,60
2026-04-10 03:00:00,4752.815,4769.235,4752.805,4766.355,60
2026-04-10 04:00:00,4766.325,4770.525,4757.635,4758.255,60
2026-04-10 05:00:00,4758.315,4768.915,4756.928,4765.465,60
2026-04-10 06:00:00,4765.505,4765.625,4742.655,4746.165,60
2026-04-10 07:00:00,4745.725,4757.345,4741.045,4749.355,60
2026-04-10 08:00:00,4749.385,4753.155,4730.205,4740.398,60
2026-04-10 09:00:00,4740.735,4760.555,4740.545,4751.355,60
2026-04-10 10:00:00,4751.335,4760.468,4742.095,4756.895,60
2026-04-10 11:00:00,4756.915,4768.445,4753.025,4767.965,60
2026-04-10 12:00:00,4768.115,4782.315,4759.565,4771.565,60
2026-04-10 13:00:00,4771.615,4779.875,4764.615,4774.405,60
2026-04-10 14:00:00,4775.015,4794.765,4766.868,4774.418,60
2026-04-10 15:00:00,4774.418,4787.195,4755.245,4761.898,60
2026-04-10 16:00:00,4761.875,4765.785,4747.105,4763.525,60
2026-04-10 17:00:00,4763.605,4768.405,4757.715,4760.155,60
2026-04-10 18:00:00,4760.125,4772.765,4750.705,4764.895,60
2026-04-10 19:00:00,4764.935,4770.325,4758.085,4759.585,60
2026-04-10 20:00:00,4759.655,4759.785,4740.598,4746.935,60
2026-04-12 22:00:00,4634.998,4690.685,4634.998,4658.398,60
2026-04-12 23:00:00,4658.398,4671.685,4644.015,4671.155,60
2026-04-13 00:00:00,4671.175,4698.615,4664.325,4695.275,60
2026-04-13 01:00:00,4694.795,4728.035,4693.405,4721.035,60
2026-04-13 02:00:00,4721.005,4727.795,4710.925,4720.295,60
2026-04-13 03:00:00,4720.135,4723.625,4711.875,4717.695,60
2026-04-13 04:00:00,4717.675,4724.595,4708.335,4722.738,60
2026-04-13 05:00:00,4722.755,4730.605,4716.075,4729.145,60
2026-04-13 06:00:00,4729.125,4732.425,4720.635,4725.445,60
2026-04-13 07:00:00,4725.405,4739.815,4724.485,4733.435,60
2026-04-13 08:00:00,4733.465,4738.495,4720.065,4723.265,60
2026-04-13 09:00:00,4723.285,4728.575,4710.385,4714.545,60
2026-04-13 10:00:00,4714.565,4723.745,4708.135,4721.905,60
2026-04-13 11:00:00,4721.975,4728.955,4703.165,4706.875,60
2026-04-13 12:00:00,4706.745,4724.895,4703.485,4723.315,60
2026-04-13 13:00:00,4723.218,4744.315,4721.015,4730.158,60
2026-04-13 14:00:00,4730.115,4730.878,4708.285,4718.775,60
2026-04-13 15:00:00,4718.715,4719.565,4700.025,4714.225,60
2026-04-13 16:00:00,4714.195,4746.090,4708.975,4732.785,60
2026-04-13 17:00:00,4732.795,4749.725,4725.258,4729.648,60
2026-04-13 18:00:00,4729.725,4740.525,4723.295,4738.245,60
2026-04-13 19:00:00,4738.165,4747.235,4730.345,4740.968,60
2026-04-13 20:00:00,4740.938,4743.788,4737.915,4739.645,60
2026-04-13 22:00:00,4742.318,4759.375,4742.318,4757.468,60
2026-04-13 23:00:00,4757.395,4765.668,4754.175,4757.365,60
2026-04-14 00:00:00,4757.405,4775.565,4751.285,4769.495,60
2026-04-14 01:00:00,4769.535,4776.715,4761.465,4764.745,60
2026-04-14 02:00:00,4764.745,4777.075,4761.795,4774.875,60
2026-04-14 03:00:00,4774.855,4775.295,4765.298,4767.545,60
2026-04-14 04:00:00,4767.915,4776.935,4766.695,4773.825,60
2026-04-14 05:00:00,4773.845,4774.045,4757.638,4759.648,60
2026-04-14 06:00:00,4759.618,4782.855,4759.618,4782.005,60
2026-04-14 07:00:00,4781.945,4796.185,4767.575,4777.025,60
2026-04-14 08:00:00,4776.975,4789.825,4774.035,4786.685,60
2026-04-14 09:00:00,4786.715,4789.115,4771.395,4777.985,60
2026-04-14 10:00:00,4778.065,4787.955,4751.285,4768.175,60
2026-04-14 11:00:00,4768.145,4782.885,4766.665,4774.578,60
2026-04-14 12:00:00,4774.755,4777.365,4761.905,4771.235,60
2026-04-14 13:00:00,4771.265,4803.115,4770.965,4794.388,60
2026-04-14 14:00:00,4794.388,4817.598,4792.668,4803.635,60
2026-04-14 15:00:00,4803.645,4815.885,4790.995,4807.795,60
2026-04-14 16:00:00,4807.865,4819.995,4804.735,4809.885,60
2026-04-14 17:00:00,4809.965,4841.515,4809.198,4834.885,60
2026-04-14 18:00:00,4834.925,4843.018,4830.615,4835.308,60
2026-04-14 19:00:00,4835.375,4846.098,4835.305,4844.735,60
2026-04-14 20:00:00,4844.725,4845.955,4839.295,4841.155,60
2026-04-14 22:00:00,4836.618,4850.445,4832.928,4834.448,60
2026-04-14 23:00:00,4834.448,4843.905,4833.128,4836.935,60
2026-04-15 00:00:00,4836.965,4839.805,4826.855,4835.315,60
2026-04-15 01:00:00,4835.285,4871.165,4827.905,4846.855,60
2026-04-15 02:00:00,4846.695,4853.125,4820.395,4823.695,60
2026-04-15 03:00:00,4823.985,4829.395,4816.548,4823.825,60
2026-04-15 04:00:00,4823.745,4827.695,4820.105,4824.505,60
2026-04-15 05:00:00,4824.615,4830.325,4812.445,4819.365,60
2026-04-15 06:00:00,4819.435,4824.695,4810.855,4811.345,60
2026-04-15 07:00:00,4811.655,4816.775,4803.715,4810.955,60
2026-04-15 08:00:00,4810.755,4821.298,4804.215,4818.185,60
2026-04-15 09:00:00,4818.205,4819.345,4785.885,4798.065,60
2026-04-15 10:00:00,4797.925,4805.025,4789.915,4799.835,60
2026-04-15 11:00:00,4799.935,4814.805,4795.355,4812.475,60
2026-04-15 12:00:00,4812.495,4816.025,4806.765,4811.335,60
2026-04-15 13:00:00,4811.305,4829.995,4808.255,4828.595,60
2026-04-15 14:00:00,4828.555,4830.435,4813.165,4815.385,60
2026-04-15 15:00:00,4815.405,4816.025,4786.805,4801.445,60
2026-04-15 16:00:00,4801.435,4812.295,4799.975,4803.755,60
2026-04-15 17:00:00,4803.655,4808.575,4790.495,4792.315,60
2026-04-15 18:00:00,4792.345,4801.945,4790.105,4799.705,60
2026-04-15 19:00:00,4799.435,4803.315,4794.375,4795.605,60
2026-04-15 20:00:00,4795.635,4796.515,4787.595,4789.365,60
2026-04-15 22:00:00,4787.135,4811.665,4787.135,4807.058,60
2026-04-15 23:00:00,4807.058,4826.425,4806.948,4823.205,60
2026-04-16 00:00:00,4822.995,4837.455,4820.578,4832.398,60
2026-04-16 01:00:00,4832.418,4835.985,4811.048,4817.725,60
2026-04-16 02:00:00,4817.785,4824.765,4812.158,4819.525,60
2026-04-16 03:00:00,4819.315,4826.985,4818.765,4823.835,60
2026-04-16 04:00:00,4823.735,4833.315,4822.998,4832.895,60
2026-04-16 05:00:00,4832.875,4838.335,4821.085,4821.105,60
2026-04-16 06:00:00,4821.045,4830.465,4814.105,4825.805,60
2026-04-16 07:00:00,4825.845,4830.735,4816.945,4820.715,60
2026-04-16 08:00:00,4820.805,4821.645,4806.128,4813.438,60
2026-04-16 09:00:00,4813.438,4817.745,4806.535,4812.635,60
2026-04-16 10:00:00,4812.675,4817.015,4804.855,4816.975,60
2026-04-16 11:00:00,4817.035,4822.395,4815.195,4822.015,60
2026-04-16 12:00:00,4822.015,4822.915,4811.415,4815.905,60
2026-04-16 13:00:00,4815.955,4823.575,4784.745,4794.515,60
2026-04-16 14:00:00,4794.358,4805.185,4772.898,4788.575,60
2026-04-16 15:00:00,4788.555,4812.695,4788.015,4806.835,60
2026-04-16 16:00:00,4806.955,4810.098,4784.935,4791.865,60
2026-04-16 17:00:00,4791.915,4795.165,4781.215,4789.015,60
2026-04-16 18:00:00,4789.055,4794.235,4785.345,4789.405,60
2026-04-16 19:00:00,4789.435,4798.395,4789.258,4793.445,60
2026-04-16 20:00:00,4793.118,4793.655,4786.135,4787.975,60
2026-04-16 22:00:00,4790.395,4797.635,4790.395,4794.568,60
2026-04-16 23:00:00,4794.568,4797.675,4791.505,4791.505,60
2026-04-17 00:00:00,4791.475,4800.985,4785.635,4794.615,60
2026-04-17 01:00:00,4794.665,4795.495,4768.000,4789.215,60
2026-04-17 02:00:00,4789.175,4794.495,4784.145,4784.405,60
2026-04-17 03:00:00,4784.335,4797.915,4784.335,4792.948,60
2026-04-17 04:00:00,4792.808,4804.305,4792.265,4802.685,60
2026-04-17 05:00:00,4802.695,4805.935,4793.425,4794.075,60
2026-04-17 06:00:00,4794.005,4795.045,4779.235,4784.795,60
2026-04-17 07:00:00,4784.975,4794.565,4778.598,4784.295,60
2026-04-17 08:00:00,4784.255,4796.775,4780.695,4795.825,60
2026-04-17 09:00:00,4795.865,4800.785,4789.665,4790.125,60
2026-04-17 10:00:00,4790.175,4793.755,4782.045,4787.225,60
2026-04-17 11:00:00,4787.295,4811.555,4783.355,4798.935,60
2026-04-17 12:00:00,4799.005,4847.615,4797.418,4846.195,60
2026-04-17 13:00:00,4846.215,4889.335,4834.825,4880.175,60
2026-04-17 14:00:00,4880.613,4885.145,4860.525,4872.705,60
2026-04-17 15:00:00,4872.885,4880.275,4854.595,4867.145,60
2026-04-17 16:00:00,4867.078,4873.098,4863.375,4866.645,60
2026-04-17 17:00:00,4866.685,4869.315,4853.515,4862.248,60
2026-04-17 18:00:00,4862.325,4867.798,4855.378,4857.858,60
2026-04-17 19:00:00,4857.858,4860.985,4852.485,4854.098,60
2026-04-17 20:00:00,4854.135,4854.955,4825.925,4829.115,60
2026-04-19 22:00:00,4767.405,4794.635,4758.085,4778.698,60
2026-04-19 23:00:00,4778.698,4778.848,4736.635,4754.945,60
2026-04-20 00:00:00,4754.995,4774.185,4744.295,4772.105,60
2026-04-20 01:00:00,4772.165,4814.035,4771.345,4807.525,60
2026-04-20 02:00:00,4807.415,4808.825,4792.908,4796.905,60
2026-04-20 03:00:00,4796.935,4798.285,4788.445,4790.645,60
2026-04-20 04:00:00,4790.975,4795.575,4786.858,4788.715,60
2026-04-20 05:00:00,4788.785,4795.845,4779.285,4790.705,60
2026-04-20 06:00:00,4790.665,4795.305,4783.578,4795.255,60
2026-04-20 07:00:00,4795.635,4805.605,4786.605,4789.465,60
2026-04-20 08:00:00,4789.445,4796.125,4785.835,4796.085,60
2026-04-20 09:00:00,4796.025,4797.765,4783.235,4791.335,60
2026-04-20 10:00:00,4791.315,4800.765,4789.485,4795.685,60
2026-04-20 11:00:00,4795.575,4810.775,4786.315,4810.395,60
2026-04-20 12:00:00,4810.325,4821.848,4798.795,4803.295,60
2026-04-20 13:00:00,4803.245,4826.188,4799.365,4817.545,60
2026-04-20 14:00:00,4817.855,4827.348,4792.045,4804.895,60
2026-04-20 15:00:00,4804.858,4809.315,4792.425,4799.495,60
2026-04-20 16:00:00,4799.515,4806.065,4792.725,4805.225,60
2026-04-20 17:00:00,4805.445,4811.935,4803.558,4806.515,60
2026-04-20 18:00:00,4806.535,4816.198,4806.535,4813.798,60
2026-04-20 19:00:00,4813.588,4821.058,4810.055,4814.135,60
2026-04-20 20:00:00,4813.978,4821.705,4811.975,4820.265,60
2026-04-20 22:00:00,4821.098,4832.845,4819.395,4827.318,60
2026-04-20 23:00:00,4827.078,4831.338,4819.525,4821.485,60
2026-04-21 00:00:00,4821.795,4830.565,4816.575,4823.825,60
2026-04-21 01:00:00,4823.845,4824.485,4805.365,4809.798,60
2026-04-21 02:00:00,4809.805,4810.115,4802.115,4806.595,60
2026-04-21 03:00:00,4806.645,4807.555,4792.345,4796.945,60
2026-04-21 04:00:00,4797.155,4797.675,4788.465,4788.765,60
2026-04-21 05:00:00,4789.055,4796.725,4782.785,4783.925,60
2026-04-21 06:00:00,4783.945,4790.535,4774.298,4778.535,60
2026-04-21 07:00:00,4778.065,4792.405,4772.395,4785.548,60
2026-04-21 08:00:00,4785.495,4792.735,4774.318,4785.895,60
2026-04-21 09:00:00,4786.250,4789.345,4780.895,4783.415,60
2026-04-21 10:00:00,4783.435,4790.295,4780.545,4789.685,60
2026-04-21 11:00:00,4789.655,4797.935,4775.195,4794.415,60
2026-04-21 12:00:00,4794.595,4796.895,4764.475,4778.535,60
2026-04-21 13:00:00,4778.955,4794.165,4759.585,4778.825,60
2026-04-21 14:00:00,4778.795,4782.485,4723.360,4738.915,60
2026-04-21 15:00:00,4739.095,4757.385,4727.595,4741.425,60
2026-04-21 16:00:00,4741.385,4746.860,4708.065,4710.865,60
2026-04-21 17:00:00,4710.935,4722.055,4696.645,4710.875,60
2026-04-21 18:00:00,4710.785,4714.455,4692.088,4709.165,60
2026-04-21 19:00:00,4709.605,4714.825,4668.275,4678.875,60
2026-04-21 20:00:00,4678.875,4720.585,4668.685,4720.045,60
2026-04-21 22:00:00,4720.145,4729.035,4715.055,4718.998,60
2026-04-21 23:00:00,4718.968,4740.345,4717.528,4737.795,60
2026-04-22 00:00:00,4737.765,4747.305,4737.765,4739.595,60
2026-04-22 01:00:00,4739.505,4754.585,4735.565,4751.985,60
2026-04-22 02:00:00,4752.205,4758.495,4749.728,4755.525,60
2026-04-22 03:00:00,4755.485,4764.795,4752.705,4757.965,60
2026-04-22 04:00:00,4757.935,4759.395,4751.868,4754.355,60
2026-04-22 05:00:00,4754.375,4771.935,4751.965,4767.345,60
2026-04-22 06:00:00,4767.335,4767.685,4758.595,4767.555,60
2026-04-22 07:00:00,4767.525,4772.165,4759.345,4760.245,60
2026-04-22 08:00:00,4760.315,4762.065,4751.645,4756.815,60
2026-04-22 09:00:00,4756.845,4762.285,4752.315,4755.065,60
2026-04-22 10:00:00,4755.235,4760.125,4745.585,4759.045,60
2026-04-22 11:00:00,4759.075,4760.625,4747.655,4750.115,60
2026-04-22 12:00:00,4750.155,4759.495,4742.655,4744.035,60
2026-04-22 13:00:00,4744.065,4760.825,4736.195,4752.735,60
2026-04-22 14:00:00,4752.685,4757.325,4729.835,4735.825,60
2026-04-22 15:00:00,4735.885,4740.045,4724.815,4727.415,60
2026-04-22 16:00:00,4727.395,4734.765,4723.685,4728.495,60
2026-04-22 17:00:00,4728.495,4739.285,4728.385,4736.915,60
2026-04-22 18:00:00,4736.935,4749.565,4729.725,4741.525,60
2026-04-22 19:00:00,4741.545,4745.265,4736.685,4739.985,60
2026-04-22 20:00:00,4740.025,4740.525,4734.265,4739.355,60
2026-04-22 22:00:00,4739.945,4746.245,4725.205,4725.638,60
2026-04-22 23:00:00,4725.638,4729.715,4723.008,4727.525,60
2026-04-23 00:00:00,4727.505,4753.585,4693.638,4747.815,60
2026-04-23 01:00:00,4747.485,4749.675,4722.255,4723.045,60
2026-04-23 02:00:00,4723.165,4724.535,4698.145,4698.745,60
2026-04-23 03:00:00,4698.695,4708.455,4697.985,4703.705,60
2026-04-23 04:00:00,4703.705,4706.945,4698.455,4704.115,60
2026-04-23 05:00:00,4704.155,4715.225,4692.078,4713.095,60
2026-04-23 06:00:00,4713.215,4721.035,4708.305,4712.665,60
2026-04-23 07:00:00,4712.615,4720.345,4702.945,4719.045,60
2026-04-23 08:00:00,4718.965,4724.695,4701.395,4703.155,60
2026-04-23 09:00:00,4703.105,4703.515,4694.515,4697.395,60
2026-04-23 10:00:00,4697.125,4701.525,4684.095,4696.425,60
2026-04-23 11:00:00,4696.465,4720.825,4695.285,4720.515,60
2026-04-23 12:00:00,4720.585,4742.985,4719.525,4739.905,60
2026-04-23 13:00:00,4740.005,4741.095,4723.675,4724.225,60
2026-04-23 14:00:00,4724.115,4736.465,4716.775,4733.495,60
2026-04-23 15:00:00,4733.515,4740.905,4715.975,4720.275,60
2026-04-23 16:00:00,4720.345,4736.985,4715.405,4732.835,60
2026-04-23 17:00:00,4732.825,4734.385,4664.045,4709.135,60
2026-04-23 18:00:00,4709.185,4721.915,4699.165,4700.745,60
2026-04-23 19:00:00,4700.665,4704.345,4689.195,4695.915,60
2026-04-23 20:00:00,4695.945,4698.045,4686.415,4692.355,60
2026-04-23 22:00:00,4698.245,4702.195,4689.845,4692.865,60
2026-04-23 23:00:00,4692.765,4700.515,4686.625,4695.025,60
2026-04-24 00:00:00,4695.025,4707.775,4690.495,4704.365,60
2026-04-24 01:00:00,4704.345,4710.935,4690.025,4699.225,60
2026-04-24 02:00:00,4699.195,4700.335,4672.965,4676.445,60
2026-04-24 03:00:00,4676.415,4678.065,4668.305,4671.975,60
2026-04-24 04:00:00,4671.665,4676.795,4657.485,4674.205,60
2026-04-24 05:00:00,4674.275,4687.115,4669.335,4686.345,60
2026-04-24 06:00:00,4686.375,4688.035,4666.515,4671.685,60
2026-04-24 07:00:00,4671.605,4694.995,4670.735,4694.285,60
2026-04-24 08:00:00,4694.245,4697.315,4684.925,4690.615,60
2026-04-24 09:00:00,4690.635,4696.535,4679.115,4681.815,60
2026-04-24 10:00:00,4681.805,4686.075,4674.455,4677.625,60
2026-04-24 11:00:00,4677.565,4717.195,4677.565,4706.685,60
2026-04-24 12:00:00,4706.705,4711.625,4690.155,4700.555,60
2026-04-24 13:00:00,4700.765,4717.185,4689.545,4710.665,60
2026-04-24 14:00:00,4711.475,4739.995,4706.725,4726.225,60
2026-04-24 15:00:00,4726.275,4733.155,4714.475,4726.935,60
2026-04-24 16:00:00,4726.935,4729.565,4718.965,4726.655,60
2026-04-24 17:00:00,4726.655,4730.065,4718.785,4723.245,60
2026-04-24 18:00:00,4723.245,4724.715,4716.605,4722.585,60
2026-04-24 19:00:00,4722.625,4725.995,4713.515,4716.265,60
2026-04-24 20:00:00,4716.115,4717.245,4705.085,4707.865,60
2026-04-26 22:00:00,4697.248,4703.995,4679.945,4684.078,60
2026-04-26 23:00:00,4684.078,4684.705,4674.655,4679.825,60
2026-04-27 00:00:00,4679.715,4698.145,4672.025,4697.605,60
2026-04-27 01:00:00,4697.555,4709.605,4690.535,4702.415,60
2026-04-27 02:00:00,4702.445,4723.175,4696.045,4718.055,60
2026-04-27 03:00:00,4717.925,4729.315,4714.105,4723.925,60
2026-04-27 04:00:00,4723.945,4729.875,4722.495,4724.775,60
2026-04-27 05:00:00,4724.805,4725.185,4708.425,4709.875,60
2026-04-27 06:00:00,4709.885,4715.565,4708.945,4712.595,60
2026-04-27 07:00:00,4712.538,4718.205,4709.785,4713.235,60
2026-04-27 08:00:00,4713.285,4714.575,4705.305,4706.735,60
2026-04-27 09:00:00,4706.805,4708.145,4699.155,4703.555,60
2026-04-27 10:00:00,4703.575,4710.865,4699.405,4708.765,60
2026-04-27 11:00:00,4708.795,4709.075,4700.005,4704.785,60
2026-04-27 12:00:00,4704.825,4712.475,4696.675,4699.015,60
2026-04-27 13:00:00,4699.045,4703.305,4688.825,4695.935,60
2026-04-27 14:00:00,4695.945,4696.585,4676.395,4678.005,60
2026-04-27 15:00:00,4678.045,4682.345,4667.055,4669.805,60
2026-04-27 16:00:00,4669.805,4679.325,4667.055,4676.525,60
2026-04-27 17:00:00,4676.525,4685.935,4668.115,4682.015,60
2026-04-27 18:00:00,4682.035,4685.325,4678.765,4680.465,60
2026-04-27 19:00:00,4680.445,4682.505,4676.485,4680.695,60
2026-04-27 20:00:00,4680.665,4682.315,4677.175,4680.565,60
2026-04-27 22:00:00,4681.698,4690.955,4681.175,4687.455,60
2026-04-27 23:00:00,4687.448,4694.895,4686.785,4691.705,60
2026-04-28 00:00:00,4691.855,4701.015,4690.105,4690.275,60
2026-04-28 01:00:00,4690.295,4691.375,4669.045,4670.345,60
2026-04-28 02:00:00,4670.295,4679.625,4666.065,4668.825,60
2026-04-28 03:00:00,4668.735,4675.675,4668.115,4670.765,60
2026-04-28 04:00:00,4670.715,4670.995,4666.135,4667.485,60
2026-04-28 05:00:00,4667.505,4667.835,4623.618,4631.795,60
2026-04-28 06:00:00,4631.805,4642.785,4623.145,4628.715,60
2026-04-28 07:00:00,4628.655,4639.195,4620.355,4633.035,60
2026-04-28 08:00:00,4632.925,4635.285,4614.535,4629.465,60
2026-04-28 09:00:00,4629.435,4629.875,4604.505,4604.755,60
2026-04-28 10:00:00,4604.415,4616.365,4603.115,4603.115,60
2026-04-28 11:00:00,4603.055,4608.655,4555.385,4562.375,60
2026-04-28 12:00:00,4562.535,4599.965,4554.675,4593.515,60
2026-04-28 13:00:00,4593.465,4594.395,4570.625,4580.305,60
2026-04-28 14:00:00,4580.225,4580.455,4557.085,4574.395,60
2026-04-28 15:00:00,4574.365,4586.325,4566.815,4586.215,60
2026-04-28 16:00:00,4586.215,4594.665,4577.655,4592.095,60
2026-04-28 17:00:00,4592.095,4601.245,4587.095,4594.565,60
2026-04-28 18:00:00,4594.585,4600.375,4591.875,4594.015,60
2026-04-28 19:00:00,4594.015,4599.755,4593.125,4595.385,60
2026-04-28 20:00:00,4595.425,4598.585,4590.925,4594.435,60
2026-04-28 22:00:00,4596.205,4599.515,4591.905,4593.585,60
2026-04-28 23:00:00,4593.585,4596.115,4587.745,4595.365,60
2026-04-29 00:00:00,4595.385,4610.195,4595.015,4600.045,60
2026-04-29 01:00:00,4600.015,4600.205,4575.825,4584.665,60
2026-04-29 02:00:00,4584.665,4603.905,4584.655,4593.565,60
2026-04-29 03:00:00,4593.565,4603.135,4591.885,4595.195,60
2026-04-29 04:00:00,4595.365,4605.505,4595.065,4604.635,60
2026-04-29 05:00:00,4604.635,4607.655,4590.365,4590.775,60
2026-04-29 06:00:00,4590.775,4598.545,4580.575,4584.325,60
2026-04-29 07:00:00,4584.325,4588.685,4567.125,4567.645,60
2026-04-29 08:00:00,4568.176,4576.635,4557.075,4572.995,60
2026-04-29 09:00:00,4573.025,4580.555,4551.445,4555.615,60
2026-04-29 10:00:00,4555.545,4576.425,4554.845,4569.745,60
2026-04-29 11:00:00,4569.715,4571.885,4559.105,4561.455,60
2026-04-29 12:00:00,4561.495,4568.845,4541.835,4544.745,60
2026-04-29 13:00:00,4544.855,4553.095,4509.875,4521.515,60
2026-04-29 14:00:00,4521.445,4542.555,4517.615,4539.195,60
2026-04-29 15:00:00,4539.105,4558.715,4536.085,4547.445,60
2026-04-29 16:00:00,4547.495,4564.715,4543.075,4545.235,60
2026-04-29 17:00:00,4545.245,4554.265,4541.465,4546.375,60
2026-04-29 18:00:00,4546.355,4552.775,4518.145,4537.915,60
2026-04-29 19:00:00,4537.945,4550.455,4533.045,4546.745,60
2026-04-29 20:00:00,4546.675,4553.465,4541.175,4543.425,60
2026-04-29 22:00:00,4543.185,4552.228,4539.075,4551.548,60
2026-04-29 23:00:00,4551.495,4561.715,4549.335,4561.345,60
2026-04-30 00:00:00,4561.325,4573.825,4556.168,4569.585,60
2026-04-30 01:00:00,4569.555,4582.178,4564.275,4578.725,60
2026-04-30 02:00:00,4578.755,4581.595,4559.595,4564.625,60
2026-04-30 03:00:00,4564.515,4568.985,4555.458,4555.855,60
2026-04-30 04:00:00,4555.835,4556.755,4540.545,4541.785,60
2026-04-30 05:00:00,4541.725,4569.445,4541.638,4562.405,60
2026-04-30 06:00:00,4562.415,4591.425,4559.935,4589.345,60
2026-04-30 07:00:00,4589.185,4605.465,4584.655,4598.295,60
2026-04-30 08:00:00,4598.325,4629.545,4597.155,4616.115,60
2026-04-30 09:00:00,4616.155,4631.555,4614.348,4624.995,60
2026-04-30 10:00:00,4624.985,4646.705,4623.445,4639.475,60
2026-04-30 11:00:00,4639.475,4645.545,4626.525,4630.015,60
2026-04-30 12:00:00,4630.105,4639.845,4624.115,4639.415,60
2026-04-30 13:00:00,4639.435,4645.845,4610.348,4610.625,60
2026-04-30 14:00:00,4610.515,4625.825,4609.255,4619.535,60
2026-04-30 15:00:00,4619.515,4625.355,4611.065,4615.045,60
2026-04-30 16:00:00,4615.075,4617.548,4605.158,4607.398,60
2026-04-30 17:00:00,4607.355,4621.305,4607.305,4616.645,60
2026-04-30 18:00:00,4616.695,4625.045,4616.625,4622.275,60
2026-04-30 19:00:00,4622.295,4627.275,4614.318,4616.925,60
2026-04-30 20:00:00,4617.045,4622.315,4615.215,4622.035,60
2026-04-30 22:00:00,4624.875,4635.085,4623.675,4629.858,60
2026-04-30 23:00:00,4629.705,4633.885,4626.235,4626.395,60
2026-05-01 00:00:00,4626.305,4630.915,4618.335,4619.545,60
2026-05-01 01:00:00,4619.575,4622.045,4613.735,4620.765,60
2026-05-01 02:00:00,4620.725,4635.695,4616.235,4618.875,60
2026-05-01 03:00:00,4618.845,4631.705,4617.445,4626.415,60
2026-05-01 04:00:00,4626.435,4628.438,4608.865,4608.865,60
2026-05-01 05:00:00,4608.885,4615.875,4602.675,4604.635,60
2026-05-01 06:00:00,4604.655,4607.615,4590.518,4594.555,60
2026-05-01 07:00:00,4594.455,4597.805,4575.555,4577.885,60
2026-05-01 08:00:00,4577.838,4582.225,4564.905,4568.725,60
2026-05-01 09:00:00,4568.745,4572.745,4560.045,4562.555,60
2026-05-01 10:00:00,4562.595,4575.895,4561.185,4566.695,60
2026-05-01 11:00:00,4566.715,4579.455,4562.325,4578.525,60
2026-05-01 12:00:00,4578.465,4607.655,4574.765,4591.065,60
2026-05-01 13:00:00,4591.045,4628.465,4586.315,4623.900,60
2026-05-01 14:00:00,4624.875,4660.065,4624.095,4631.925,60
2026-05-01 15:00:00,4631.965,4647.905,4618.785,4643.055,60
2026-05-01 16:00:00,4642.985,4649.795,4633.825,4638.605,60
2026-05-01 17:00:00,4638.575,4642.415,4626.655,4629.195,60
2026-05-01 18:00:00,4629.245,4630.465,4613.535,4624.095,60
2026-05-01 19:00:00,4624.275,4627.525,4608.625,4610.615,60
2026-05-01 20:00:00,4610.735,4616.635,4606.805,4613.558,60
2026-05-03 22:00:00,4632.938,4637.355,4612.195,4618.228,60
2026-05-03 23:00:00,4618.188,4620.458,4611.105,4613.605,60
2026-05-04 00:00:00,4613.578,4616.205,4601.665,4612.735,60
2026-05-04 01:00:00,4612.715,4613.735,4592.425,4612.795,60
2026-05-04 02:00:00,4612.825,4618.365,4590.795,4605.575,60
2026-05-04 03:00:00,4605.515,4616.925,4598.265,4614.835,60
2026-05-04 04:00:00,4614.795,4615.275,4604.915,4605.605,60
2026-05-04 05:00:00,4605.665,4612.895,4592.075,4598.835,60
2026-05-04 06:00:00,4598.865,4600.565,4583.595,4588.485,60
2026-05-04 07:00:00,4588.218,4593.215,4577.755,4578.835,60
2026-05-04 08:00:00,4578.775,4581.155,4573.455,4576.845,60
2026-05-04 09:00:00,4576.805,4584.375,4572.168,4575.255,60
2026-05-04 10:00:00,4575.365,4575.695,4525.855,4562.365,60
2026-05-04 11:00:00,4562.475,4570.595,4551.295,4560.215,60
2026-05-04 12:00:00,4560.165,4579.155,4559.085,4568.195,60
2026-05-04 13:00:00,4568.165,4576.290,4555.475,4563.875,60
2026-05-04 14:00:00,4563.785,4583.005,4553.435,4561.295,60
2026-05-04 15:00:00,4561.315,4565.885,4512.055,4521.455,60
2026-05-04 16:00:00,4521.375,4526.795,4500.665,4510.565,60
2026-05-04 17:00:00,4510.645,4531.315,4510.645,4522.215,60
2026-05-04 18:00:00,4522.235,4525.245,4509.655,4516.165,60
2026-05-04 19:00:00,4516.195,4526.955,4511.125,4517.585,60
2026-05-04 20:00:00,4517.595,4523.825,4511.605,4522.315,60
2026-05-04 22:00:00,4521.985,4524.535,4515.205,4516.988,60
2026-05-04 23:00:00,4516.968,4521.435,4515.738,4518.815,60
2026-05-05 00:00:00,4518.825,4530.275,4513.265,4529.885,60
2026-05-05 01:00:00,4529.555,4541.945,4525.045,4540.665,60
2026-05-05 02:00:00,4540.635,4546.565,4534.515,4538.855,60
2026-05-05 03:00:00,4538.825,4542.645,4532.215,4534.385,60
2026-05-05 04:00:00,4534.395,4536.475,4527.725,4533.405,60
2026-05-05 05:00:00,4533.435,4551.355,4531.065,4545.475,60
2026-05-05 06:00:00,4545.465,4551.825,4533.495,4547.955,60
2026-05-05 07:00:00,4547.975,4558.055,4543.105,4545.285,60
2026-05-05 08:00:00,4545.375,4559.405,4545.225,4558.255,60
2026-05-05 09:00:00,4558.255,4560.345,4550.825,4556.055,60
2026-05-05 10:00:00,4556.055,4556.715,4539.925,4543.635,60
2026-05-05 11:00:00,4543.645,4564.845,4539.815,4562.755,60
2026-05-05 12:00:00,4562.485,4574.435,4554.115,4564.425,60
2026-05-05 13:00:00,4564.135,4584.835,4564.045,4578.765,60
2026-05-05 14:00:00,4578.608,4586.415,4565.575,4582.145,60
2026-05-05 15:00:00,4582.175,4583.675,4568.195,4568.325,60
2026-05-05 16:00:00,4568.305,4568.875,4553.515,4561.055,60
2026-05-05 17:00:00,4561.055,4562.595,4553.155,4559.705,60
2026-05-05 18:00:00,4559.775,4565.665,4557.445,4560.875,60
2026-05-05 19:00:00,4560.975,4561.365,4551.385,4554.485,60
2026-05-05 20:00:00,4555.005,4559.865,4553.785,4554.875,60
2026-05-05 22:00:00,4555.965,4576.845,4545.975,4572.758,60
2026-05-05 23:00:00,4572.745,4595.425,4568.908,4593.775,60
2026-05-06 00:00:00,4593.735,4619.795,4588.015,4618.475,60
2026-05-06 01:00:00,4618.438,4628.755,4609.225,4625.885,60
2026-05-06 02:00:00,4625.865,4641.585,4625.095,4640.465,60
2026-05-06 03:00:00,4640.375,4651.755,4638.315,4643.455,60
2026-05-06 04:00:00,4643.475,4653.285,4643.225,4648.655,60
2026-05-06 05:00:00,4648.675,4663.605,4644.375,4662.875,60
2026-05-06 06:00:00,4662.795,4669.655,4656.815,4669.175,60
2026-05-06 07:00:00,4669.215,4681.715,4657.255,4681.495,60
2026-05-06 08:00:00,4681.165,4702.298,4671.435,4700.005,60
2026-05-06 09:00:00,4700.345,4708.435,4688.825,4701.565,60
2026-05-06 10:00:00,4701.605,4722.825,4695.275,4717.795,60
2026-05-06 11:00:00,4717.805,4721.025,4690.658,4691.748,60
2026-05-06 12:00:00,4691.995,4692.885,4660.195,4683.045,60
2026-05-06 13:00:00,4683.055,4707.655,4668.645,4701.925,60
2026-05-06 14:00:00,4701.758,4717.205,4697.395,4702.895,60
2026-05-06 15:00:00,4702.845,4705.685,4687.625,4687.625,60
2026-05-06 16:00:00,4687.455,4692.065,4679.315,4682.915,60
2026-05-06 17:00:00,4682.975,4687.985,4678.845,4684.005,60
2026-05-06 18:00:00,4684.075,4690.435,4681.805,4685.915,60
2026-05-06 19:00:00,4685.955,4700.025,4685.905,4692.245,60
2026-05-06 20:00:00,4692.215,4699.505,4685.005,4690.965,60
2026-05-06 22:00:00,4691.535,4699.625,4689.115,4694.495,60
2026-05-06 23:00:00,4694.455,4699.325,4690.145,4698.745,60
2026-05-07 00:00:00,4698.695,4701.025,4685.235,4688.385,60
2026-05-07 01:00:00,4688.505,4721.225,4684.965,4714.588,60
2026-05-07 02:00:00,4714.588,4718.395,4699.645,4707.005,60
2026-05-07 03:00:00,4706.785,4709.615,4698.615,4698.835,60
2026-05-07 04:00:00,4698.865,4700.745,4692.095,4696.195,60
2026-05-07 05:00:00,4696.215,4706.365,4694.625,4700.895,60
2026-05-07 06:00:00,4700.895,4749.805,4700.895,4738.885,60
2026-05-07 07:00:00,4738.766,4750.375,4731.345,4743.125,60
2026-05-07 08:00:00,4743.125,4753.275,4730.685,4730.845,60
2026-05-07 09:00:00,4730.945,4739.275,4721.665,4728.835,60
2026-05-07 10:00:00,4728.785,4739.725,4726.405,4735.585,60
2026-05-07 11:00:00,4735.895,4743.585,4727.115,4742.605,60
2026-05-07 12:00:00,4742.785,4752.455,4733.228,4749.955,60
2026-05-07 13:00:00,4749.915,4758.035,4730.995,4746.115,60
2026-05-07 14:00:00,4746.115,4763.285,4740.948,4762.575,60
2026-05-07 15:00:00,4762.565,4764.595,4726.255,4729.045,60
2026-05-07 16:00:00,4729.165,4729.595,4704.255,4714.865,60
2026-05-07 17:00:00,4714.855,4719.425,4687.565,4711.295,60
2026-05-07 18:00:00,4711.255,4716.015,4695.295,4709.495,60
2026-05-07 19:00:00,4709.555,4712.745,4697.675,4702.745,60
2026-05-07 20:00:00,4702.705,4718.915,4684.575,4685.145,60
2026-05-07 22:00:00,4679.745,4699.158,4675.648,4685.358,60
2026-05-07 23:00:00,4685.175,4705.375,4683.978,4704.145,60
2026-05-08 00:00:00,4704.085,4709.255,4693.835,4701.265,60
2026-05-08 01:00:00,4701.115,4725.245,4700.265,4722.625,60
2026-05-08 02:00:00,4722.695,4732.615,4706.625,4713.185,60
2026-05-08 03:00:00,4713.125,4730.995,4710.945,4719.455,60
2026-05-08 04:00:00,4719.435,4723.095,4708.735,4710.715,60
2026-05-08 05:00:00,4710.855,4730.958,4709.355,4727.155,60
2026-05-08 06:00:00,4727.185,4734.355,4712.295,4725.465,60
2026-05-08 07:00:00,4725.268,4726.215,4696.735,4707.595,60
2026-05-08 08:00:00,4707.645,4723.395,4706.405,4715.495,60
2026-05-08 09:00:00,4715.515,4722.595,4707.255,4711.625,60
2026-05-08 10:00:00,4711.645,4727.748,4710.955,4719.565,60
2026-05-08 11:00:00,4719.905,4727.195,4713.455,4717.585,60
2026-05-08 12:00:00,4717.615,4731.745,4701.708,4724.225,60
2026-05-08 13:00:00,4723.958,4747.565,4716.535,4747.515,60
2026-05-08 14:00:00,4747.635,4749.245,4713.225,4715.695,60
2026-05-08 15:00:00,4715.765,4720.845,4701.825,4706.985,60
2026-05-08 16:00:00,4707.015,4720.015,4705.315,4712.285,60
2026-05-08 17:00:00,4712.255,4722.615,4711.995,4720.765,60
2026-05-08 18:00:00,4720.835,4728.825,4719.735,4721.755,60
2026-05-08 19:00:00,4721.725,4726.655,4720.745,4723.765,60
2026-05-08 20:00:00,4723.775,4724.125,4711.415,4712.655,60
2026-05-10 21:00:00,4715.820,4717.813,4714.818,4715.611,0
2026-05-10 22:00:00,4715.509,4719.902,4677.956,4692.782,0
2026-05-10 23:00:00,4692.796,4698.619,4689.992,4692.040,0
2026-05-11 00:00:00,4693.544,4693.977,4674.950,4680.546,0
2026-05-11 01:00:00,4679.245,4704.437,4677.050,4680.275,0
2026-05-11 02:00:00,4681.761,4699.666,4676.741,4680.985,0
2026-05-11 03:00:00,4680.220,4690.274,4676.651,4678.620,0
2026-05-11 04:00:00,4677.820,4680.247,4668.468,4674.680,0
2026-05-11 05:00:00,4673.850,4680.883,4649.217,4654.092,0
2026-05-11 06:00:00,4654.035,4680.731,4649.494,4678.257,0
2026-05-11 07:00:00,4678.206,4680.593,4667.009,4667.058,0
2026-05-11 08:00:00,4667.034,4677.487,4665.267,4667.613,0
2026-05-11 09:00:00,4667.874,4669.624,4652.639,4657.388,0
2026-05-11 10:00:00,4658.220,4667.658,4656.036,4665.441,0
2026-05-11 11:00:00,4665.386,4677.838,4664.464,4673.870,0
2026-05-11 12:00:00,4673.503,4699.817,4667.502,4697.360,0
2026-05-11 13:00:00,4699.552,4746.760,4699.360,4739.612,0
2026-05-11 14:00:00,4741.991,4743.383,4715.123,4724.691,0
2026-05-11 15:00:00,4724.817,4738.770,4723.889,4732.006,0
2026-05-11 16:00:00,4731.595,4733.056,4710.836,4716.239,0
2026-05-11 17:00:00,4715.782,4724.335,4714.535,4722.372,0
2026-05-11 18:00:00,4722.492,4728.803,4722.327,4726.616,0
2026-05-11 19:00:00,4727.503,4736.124,4723.435,4735.091,0
2026-05-11 20:00:00,4734.614,4738.488,4730.796,4735.461,0
2026-05-11 21:00:00,4735.041,4735.745,4735.041,4735.324,0
2026-05-11 22:00:00,4735.216,4755.206,4731.649,4751.255,0
2026-05-11 23:00:00,4751.581,4768.653,4748.221,4768.112,0
2026-05-12 00:00:00,4768.031,4773.498,4750.866,4752.177,0
2026-05-12 01:00:00,4753.958,4754.886,4721.881,4725.509,0
2026-05-12 02:00:00,4725.530,4733.457,4723.889,4731.961,0
2026-05-12 03:00:00,4731.930,4733.464,4718.861,4720.139,0
2026-05-12 04:00:00,4719.938,4729.909,4711.967,4714.956,0
2026-05-12 05:00:00,4716.051,4720.607,4707.960,4716.383,0
2026-05-12 06:00:00,4717.639,4720.500,4695.020,4698.171,0
2026-05-12 07:00:00,4697.364,4704.198,4689.347,4700.783,0
2026-05-12 08:00:00,4702.762,4705.661,4697.387,4703.847,0
2026-05-12 09:00:00,4703.783,4704.227,4694.332,4699.563,0
2026-05-12 10:00:00,4699.001,4708.060,4686.475,4692.164,0
2026-05-12 11:00:00,4692.291,4708.361,4686.188,4707.512,0
2026-05-12 12:00:00,4707.786,4711.125,4691.633,4702.720,0
2026-05-12 13:00:00,4703.307,4708.830,4678.729,4680.131,0
2026-05-12 14:00:00,4682.050,4695.773,4671.298,4671.298,0
2026-05-12 15:00:00,4671.644,4674.645,4641.664,4667.202,0
2026-05-12 16:00:00,4667.589,4674.230,4664.056,4672.569,0
2026-05-12 17:00:00,4673.157,4682.306,4672.024,4678.758,0
2026-05-12 18:00:00,4678.890,4697.636,4677.370,4696.316,0
2026-05-12 19:00:00,4696.927,4714.778,4694.838,4714.633,0
2026-05-12 20:00:00,4714.211,4718.209,4712.246,4715.309,0
2026-05-12 21:00:00,4715.188,4715.584,4714.535,4715.224,0
2026-05-12 22:00:00,4715.142,4721.755,4713.646,4717.523,0
2026-05-12 23:00:00,4717.853,4723.796,4715.603,4718.265,0
2026-05-13 00:00:00,4718.198,4726.438,4715.477,4718.487,0
2026-05-13 01:00:00,4717.419,4717.419,4701.941,4702.156,0
2026-05-13 02:00:00,4702.440,4707.245,4689.259,4692.641,0
2026-05-13 03:00:00,4692.319,4705.674,4688.564,4695.458,0
2026-05-13 04:00:00,4695.490,4703.068,4695.413,4699.486,0
2026-05-13 05:00:00,4699.358,4707.745,4695.718,4703.917,0
2026-05-13 06:00:00,4702.232,4717.083,4700.060,4700.319,0
2026-05-13 07:00:00,4699.998,4708.228,4697.073,4702.230,0
2026-05-13 08:00:00,4702.924,4704.461,4694.435,4701.974,0
2026-05-13 09:00:00,4701.822,4702.485,4686.694,4699.467,0
2026-05-13 10:00:00,4699.307,4708.213,4694.118,4694.636,0
2026-05-13 11:00:00,4695.322,4704.875,4691.463,4699.300,0
2026-05-13 12:00:00,4699.121,4700.609,4676.940,4684.281,0
2026-05-13 13:00:00,4684.248,4694.543,4669.467,4682.247,0
2026-05-13 14:00:00,4681.867,4690.870,4673.835,4680.560,0
2026-05-13 15:00:00,4680.793,4699.448,4679.916,4695.455,0
2026-05-13 16:00:00,4695.787,4710.190,4694.263,4696.129,0
2026-05-13 17:00:00,4696.219,4701.116,4685.879,4687.783,0
2026-05-13 18:00:00,4687.553,4693.874,4679.960,4685.838,0
2026-05-13 19:00:00,4687.165,4689.772,4683.835,4688.411,0
2026-05-13 20:00:00,4687.703,4693.317,4686.502,4688.610,0
2026-05-13 21:00:00,4688.761,4689.418,4679.052,4688.609,0
2026-05-13 22:00:00,4688.622,4700.505,4688.452,4700.343,0
2026-05-13 23:00:00,4700.297,4702.329,4693.734,4696.639,0
2026-05-14 00:00:00,4696.080,4708.162,4690.872,4704.506,0
2026-05-14 01:00:00,4702.438,4709.048,4685.596,4685.853,0
2026-05-14 02:00:00,4686.017,4699.939,4682.306,4686.653,0
2026-05-14 03:00:00,4687.646,4694.183,4674.975,4675.845,0
2026-05-14 04:00:00,4675.818,4712.738,4671.526,4703.204,0
2026-05-14 05:00:00,4703.233,4703.629,4693.369,4694.700,0
2026-05-14 06:00:00,4696.761,4701.050,4687.281,4700.589,0
2026-05-14 07:00:00,4700.156,4717.478,4693.821,4694.191,0
2026-05-14 08:00:00,4694.957,4706.567,4691.461,4694.413,0
2026-05-14 09:00:00,4694.613,4701.457,4689.421,4700.422,0
2026-05-14 10:00:00,4700.770,4707.504,4691.972,4696.729,0
2026-05-14 11:00:00,4696.605,4705.080,4689.690,4697.825,0
2026-05-14 12:00:00,4697.826,4708.729,4693.022,4705.185,0
2026-05-14 13:00:00,4704.118,4705.878,4670.080,4683.586,0
2026-05-14 14:00:00,4683.474,4699.551,4674.058,4684.734,0
2026-05-14 15:00:00,4686.096,4688.682,4679.065,4685.682,0
2026-05-14 16:00:00,4685.782,4686.110,4671.587,4678.131,0
2026-05-14 17:00:00,4677.430,4682.629,4677.163,4678.730,0
2026-05-14 18:00:00,4678.591,4680.469,4668.013,4671.107,0
2026-05-14 19:00:00,4670.067,4671.771,4653.816,4655.079,0
2026-05-14 20:00:00,4654.859,4658.213,4645.005,4651.912,0
2026-05-14 21:00:00,4651.647,4652.268,4651.304,4652.028,0
2026-05-14 22:00:00,4651.957,4663.180,4648.777,4662.380,0
2026-05-14 23:00:00,4662.480,4664.832,4649.217,4650.575,0
2026-05-15 00:00:00,4650.296,4655.710,4614.178,4626.212,0
2026-05-15 01:00:00,4622.351,4629.844,4606.997,4614.991,0
2026-05-15 02:00:00,4614.306,4622.220,4609.981,4619.879,0
2026-05-15 03:00:00,4621.108,4622.904,4609.357,4615.925,0
2026-05-15 04:00:00,4615.362,4620.751,4605.907,4606.672,0
2026-05-15 05:00:00,4606.636,4606.807,4563.593,4569.570,0
2026-05-15 06:00:00,4567.990,4581.003,4557.842,4567.674,0
2026-05-15 07:00:00,4567.502,4587.395,4567.461,4569.783,0
2026-05-15 08:00:00,4570.034,4571.115,4552.241,4554.086,0
2026-05-15 09:00:00,4554.948,4560.493,4534.707,4544.770,0
2026-05-15 10:00:00,4544.834,4572.055,4544.628,4568.815,0
2026-05-15 11:00:00,4568.178,4569.087,4550.833,4551.872,0
2026-05-15 12:00:00,4551.879,4557.677,4545.661,4552.520,0
2026-05-15 13:00:00,4552.534,4556.827,4512.329,4534.425,0
2026-05-15 14:00:00,4535.910,4566.425,4525.667,4565.858,0
2026-05-15 15:00:00,4564.924,4564.959,4533.040,4533.960,0
2026-05-15 16:00:00,4535.217,4547.883,4530.011,4544.214,0
2026-05-15 17:00:00,4544.110,4564.730,4543.970,4559.588,0
2026-05-15 18:00:00,4559.670,4562.616,4553.708,4559.233,0
2026-05-15 19:00:00,4559.253,4559.521,4545.938,4545.986,0
2026-05-15 20:00:00,4545.969,4547.767,4534.124,4540.147,0
2026-05-15 21:00:00,4539.891,4540.295,4537.617,4537.673,0
2026-05-15 22:00:00,4537.697,4537.964,4537.617,4537.720,0
2026-05-15 23:00:00,4537.752,4537.966,4537.585,4537.709,0
2026-05-16 00:00:00,4537.744,4537.958,4537.675,4537.714,0
2026-05-16 01:00:00,4537.748,4537.961,4537.677,4537.720,0
2026-05-16 02:00:00,4537.748,4537.970,4537.682,4537.732,0
2026-05-16 03:00:00,4537.750,4537.973,4537.681,4537.753,0
2026-05-16 04:00:00,4537.757,4537.972,4537.688,4537.808,0
2026-05-16 05:00:00,4537.755,4537.970,4537.693,4537.812,0
2026-05-16 06:00:00,4537.763,4537.970,4537.683,4537.819,0
2026-05-16 07:00:00,4537.763,4537.968,4537.679,4537.830,0
2026-05-16 08:00:00,4537.765,4537.966,4537.685,4537.831,0
2026-05-16 09:00:00,4537.750,4537.957,4537.664,4537.833,0
2026-05-16 10:00:00,4537.740,4537.949,4537.671,4537.846,0
2026-05-16 11:00:00,4537.747,4537.950,4537.673,4537.842,0
2026-05-16 12:00:00,4537.740,4537.945,4537.672,4537.840,0
2026-05-16 13:00:00,4537.740,4537.945,4537.672,4537.834,0
2026-05-16 14:00:00,4537.740,4537.945,4537.672,4537.823,0
2026-05-16 15:00:00,4537.740,4537.945,4537.672,4537.808,0
2026-05-16 16:00:00,4537.740,4537.945,4537.672,4537.807,0
2026-05-16 17:00:00,4537.740,4537.945,4537.673,4537.824,0
2026-05-16 18:00:00,4537.740,4537.944,4537.672,4537.839,0
2026-05-16 19:00:00,4537.740,4537.945,4537.672,4537.740,0
2026-05-16 20:00:00,4537.740,4537.945,4537.672,4537.725,0
2026-05-16 21:00:00,4537.740,4537.948,4537.672,4537.721,0
2026-05-16 22:00:00,4537.747,4537.951,4537.679,4537.715,0
2026-05-16 23:00:00,4537.747,4537.951,4537.679,4537.713,0
2026-05-17 00:00:00,4537.747,4537.950,4537.679,4537.715,0
2026-05-17 01:00:00,4537.747,4537.951,4537.679,4537.723,0
2026-05-17 02:00:00,4537.747,4537.951,4537.679,4537.734,0
2026-05-17 03:00:00,4537.747,4537.951,4537.679,4537.807,0
2026-05-17 04:00:00,4537.747,4537.951,4537.679,4537.790,0
2026-05-17 05:00:00,4537.747,4537.951,4537.679,4537.783,0
2026-05-17 06:00:00,4537.747,4537.951,4537.679,4537.801,0
2026-05-17 07:00:00,4537.747,4537.950,4537.679,4537.817,0
2026-05-17 08:00:00,4537.747,4537.951,4537.679,4537.831,0
2026-05-17 09:00:00,4537.747,4537.951,4537.679,4537.841,0
2026-05-17 10:00:00,4537.747,4537.951,4537.679,4537.847,0
2026-05-17 11:00:00,4537.747,4537.951,4537.679,4537.849,0
2026-05-17 12:00:00,4537.747,4537.951,4537.679,4537.845,0
2026-05-17 13:00:00,4537.747,4537.951,4537.679,4537.837,0
2026-05-17 14:00:00,4537.747,4537.951,4537.679,4537.825,0
2026-05-17 15:00:00,4537.747,4537.951,4537.679,4537.810,0
2026-05-17 16:00:00,4537.747,4537.951,4537.679,4537.818,0
2026-05-17 17:00:00,4537.747,4537.951,4537.679,4537.835,0
2026-05-17 18:00:00,4537.747,4537.951,4537.656,4537.832,0
2026-05-17 19:00:00,4537.732,4537.962,4537.411,4537.669,0
2026-05-17 20:00:00,4537.690,4537.964,4537.617,4537.715,0
2026-05-17 21:00:00,4537.734,4540.337,4537.617,4540.176,0
2026-05-17 22:00:00,4540.079,4554.960,4529.885,4546.176,0
2026-05-17 23:00:00,4546.556,4548.677,4531.339,4536.684,0
2026-05-18 00:00:00,4536.760,4538.731,4476.899,4504.252,0
2026-05-18 01:00:00,4504.325,4532.589,4492.800,4527.190,0
2026-05-18 02:00:00,4528.217,4542.865,4523.189,4534.325,0
2026-05-18 03:00:00,4534.273,4547.278,4526.321,4543.506,0
2026-05-18 04:00:00,4543.178,4547.728,4528.576,4539.897,0
2026-05-18 05:00:00,4539.836,4551.524,4531.752,4532.777,0
2026-05-18 06:00:00,4534.621,4547.222,4531.418,4546.253,0
2026-05-18 07:00:00,4546.470,4559.803,4537.751,4547.104,0
2026-05-18 08:00:00,4547.052,4556.626,4542.815,4552.416,0
2026-05-18 09:00:00,4552.764,4553.196,4540.211,4543.586,0
2026-05-18 10:00:00,4543.455,4547.470,4533.657,4540.119,0
2026-05-18 11:00:00,4539.972,4565.938,4533.943,4552.007,0
2026-05-18 12:00:00,4553.035,4575.159,4544.539,4568.384,0
2026-05-18 13:00:00,4564.290,4584.422,4563.177,4578.614,0
2026-05-18 14:00:00,4579.414,4579.414,4539.883,4545.371,0
2026-05-18 15:00:00,4544.917,4547.315,4533.708,4543.243,0
2026-05-18 16:00:00,4543.652,4553.669,4535.765,4551.778,0
2026-05-18 17:00:00,4552.736,4558.093,4545.868,4546.752,0
2026-05-18 18:00:00,4546.337,4548.190,4535.940,4536.792,0
2026-05-18 19:00:00,4538.017,4562.460,4528.858,4558.900,0
2026-05-18 20:00:00,4560.294,4567.499,4557.470,4566.174,0
2026-05-18 21:00:00,4565.995,4567.882,4565.995,4566.641,0
2026-05-18 22:00:00,4566.559,4578.755,4563.412,4573.146,0
2026-05-18 23:00:00,4573.060,4588.840,4571.275,4579.923,0
2026-05-19 00:00:00,4580.471,4593.463,4564.139,4566.966,0
2026-05-19 01:00:00,4565.770,4572.574,4553.556,4565.956,0
2026-05-19 02:00:00,4565.448,4565.572,4547.108,4547.331,0
2026-05-19 03:00:00,4547.705,4555.694,4544.215,4546.001,0
2026-05-19 04:00:00,4545.751,4547.584,4538.699,4541.724,0
2026-05-19 05:00:00,4541.907,4546.488,4532.681,4541.864,0
2026-05-19 06:00:00,4541.793,4553.941,4533.691,4548.010,0
2026-05-19 07:00:00,4548.096,4559.132,4542.117,4557.083,0
2026-05-19 08:00:00,4557.165,4557.434,4536.942,4543.140,0
2026-05-19 09:00:00,4543.388,4546.695,4536.391,4545.077,0
2026-05-19 10:00:00,4544.143,4544.143,4526.525,4542.965,0
2026-05-19 11:00:00,4542.152,4547.491,4531.221,4531.412,0
2026-05-19 12:00:00,4531.741,4546.772,4528.986,4538.924,0
2026-05-19 13:00:00,4540.273,4540.273,4466.878,4506.086,0
2026-05-19 14:00:00,4504.850,4509.990,4484.269,4493.426,0
2026-05-19 15:00:00,4490.291,4508.363,4490.291,4507.856,0
2026-05-19 16:00:00,4507.427,4512.043,4496.605,4508.407,0
2026-05-19 17:00:00,4507.941,4510.425,4499.842,4500.983,0
2026-05-19 18:00:00,4500.624,4503.324,4490.951,4494.533,0
2026-05-19 19:00:00,4494.361,4497.212,4481.291,4481.570,0
2026-05-19 20:00:00,4482.017,4487.726,4481.432,4481.854,0
2026-05-19 21:00:00,4482.106,4482.898,4481.874,4482.513,0
2026-05-19 22:00:00,4482.364,4486.115,4477.938,4484.051,0
2026-05-19 23:00:00,4483.526,4496.201,4480.086,4489.486,0
2026-05-20 00:00:00,4490.368,4507.347,4480.688,4498.933,0
2026-05-20 01:00:00,4499.653,4501.463,4460.303,4479.558,0
2026-05-20 02:00:00,4480.063,4486.719,4458.580,4465.915,0
2026-05-20 03:00:00,4464.841,4467.933,4454.145,4464.345,0
2026-05-20 04:00:00,4463.654,4470.273,4456.725,4461.650,0
2026-05-20 05:00:00,4461.529,4478.772,4460.064,4472.509,0
2026-05-20 06:00:00,4472.918,4478.302,4462.493,4473.811,0
2026-05-20 07:00:00,4473.917,4485.311,4472.872,4478.402,0
2026-05-20 08:00:00,4477.944,4489.002,4476.677,4485.128,0
2026-05-20 09:00:00,4485.143,4490.144,4472.597,4485.679,0
2026-05-20 10:00:00,4486.356,4496.605,4484.707,4494.258,0
2026-05-20 11:00:00,4494.158,4500.096,4490.524,4496.994,0
2026-05-20 12:00:00,4497.662,4505.316,4492.968,4495.048,0
2026-05-20 13:00:00,4495.482,4505.722,4483.268,4483.563,0
2026-05-20 14:00:00,4484.080,4536.793,4467.277,4534.677,0
2026-05-20 15:00:00,4534.539,4550.833,4515.685,4527.835,0
2026-05-20 16:00:00,4528.985,4535.353,4524.273,4532.604,0
2026-05-20 17:00:00,4532.731,4536.999,4530.217,4530.960,0
2026-05-20 18:00:00,4531.167,4545.661,4530.011,4543.171,0
2026-05-20 19:00:00,4543.659,4550.486,4541.945,4547.557,0
2026-05-20 20:00:00,4547.293,4548.556,4542.564,4544.059,0
2026-05-20 21:00:00,4543.914,4545.713,4543.802,4544.539,0
2026-05-20 22:00:00,4544.418,4548.763,4535.765,4539.880,0
2026-05-20 23:00:00,4540.702,4546.488,4534.605,4543.879,0
2026-05-21 00:00:00,4544.697,4551.247,4536.185,4545.913,0
2026-05-21 01:00:00,4545.978,4571.011,4538.670,4560.843,0
2026-05-21 02:00:00,4560.772,4565.950,4532.552,4535.960,0
2026-05-21 03:00:00,4535.318,4540.295,4527.550,4529.335,0
2026-05-21 04:00:00,4529.189,4540.068,4528.119,4538.547,0
2026-05-21 05:00:00,4538.197,4539.883,4520.796,4529.497,0
2026-05-21 06:00:00,4528.889,4538.647,4519.956,4519.958,0
2026-05-21 07:00:00,4519.959,4523.659,4512.228,4522.702,0
2026-05-21 08:00:00,4522.202,4535.765,4518.549,4534.022,0
2026-05-21 09:00:00,4533.781,4542.564,4529.191,4530.353,0
2026-05-21 10:00:00,4530.443,4534.914,4506.331,4512.773,0
2026-05-21 11:00:00,4513.741,4519.978,4508.973,4512.475,0
2026-05-21 12:00:00,4512.284,4520.139,4503.085,4503.397,0
2026-05-21 13:00:00,4503.976,4520.563,4490.749,4513.737,0
2026-05-21 14:00:00,4514.583,4515.593,4499.033,4506.855,0
2026-05-22 00:00:00,4507.000,4511.684,4501.807,4507.586,5033
2026-05-22 01:00:00,4507.586,4515.252,4502.410,4505.852,5179
2026-05-22 02:00:00,4505.852,4521.057,4502.866,4507.919,5525
2026-05-22 03:00:00,4507.919,4515.922,4495.000,4513.745,5987
2026-05-22 04:00:00,4513.745,4520.878,4496.598,4497.600,6545
2026-05-22 05:00:00,4497.600,4517.552,4497.078,4503.330,6447
2026-05-22 06:00:00,4503.330,4517.373,4501.332,4501.348,5889
2026-05-22 07:00:00,4501.348,4517.325,4496.790,4500.538,6386
2026-05-22 08:00:00,4500.538,4525.141,4499.786,4519.608,5679
2026-05-22 09:00:00,4519.608,4528.740,4496.027,4503.911,5782
2026-05-22 10:00:00,4503.911,4527.234,4500.658,4519.233,6704
2026-05-22 11:00:00,4519.233,4540.000,4495.000,4506.911,6318
2026-05-22 12:00:00,4506.911,4531.869,4498.626,4515.973,5497
2026-05-22 13:00:00,4515.973,4535.783,4503.689,4514.049,5817
2026-05-22 14:00:00,4514.049,4530.043,4503.640,4527.374,6080
2026-05-22 15:00:00,4527.374,4533.532,4503.200,4513.441,6181
2026-05-22 16:00:00,4513.441,4529.690,4500.541,4500.612,6381
2026-05-22 17:00:00,4500.612,4540.000,4498.995,4522.091,6183
2026-05-22 18:00:00,4522.091,4537.565,4509.190,4512.336,5697
2026-05-22 19:00:00,4512.336,4528.488,4503.601,4513.311,7093
2026-05-22 20:00:00,4513.311,4539.720,4506.711,4530.020,6110
2026-05-22 21:00:00,4530.020,4530.243,4511.454,4522.739,5650
2026-05-22 22:00:00,4522.739,4529.888,4516.823,4518.297,6006
2026-05-22 23:00:00,4518.297,4525.623,4514.733,4522.000,6166
2026-05-25 00:00:00,4518.250,4529.440,4514.325,4529.329,5241
2026-05-25 01:00:00,4529.329,4531.571,4512.951,4523.595,6547
2026-05-25 02:00:00,4523.595,4532.928,4513.439,4531.265,6335
2026-05-25 03:00:00,4531.265,4535.411,4514.165,4526.204,5601
2026-05-25 04:00:00,4526.204,4540.114,4506.250,4506.250,4803
2026-05-25 05:00:00,4506.250,4555.000,4506.250,4530.557,6249
2026-05-25 06:00:00,4530.557,4531.530,4514.884,4530.812,6027
2026-05-25 07:00:00,4530.812,4540.384,4511.599,4534.599,6175
2026-05-25 08:00:00,4534.599,4542.339,4519.960,4534.244,6423
2026-05-25 09:00:00,4534.244,4541.397,4519.700,4523.406,6803
2026-05-25 10:00:00,4523.406,4543.439,4509.549,4518.286,6247
2026-05-25 11:00:00,4518.286,4548.568,4511.131,4520.508,5818
2026-05-25 12:00:00,4520.508,4541.574,4506.568,4521.190,5776
2026-05-25 13:00:00,4521.190,4548.140,4517.752,4531.753,5753
2026-05-25 14:00:00,4531.753,4540.817,4516.607,4536.137,5770
2026-05-25 15:00:00,4536.137,4555.000,4523.355,4536.209,6397
2026-05-25 16:00:00,4536.209,4550.478,4522.262,4531.306,5785
2026-05-25 17:00:00,4531.306,4546.621,4520.401,4524.232,6003
2026-05-25 18:00:00,4524.232,4546.864,4515.738,4533.951,5421
2026-05-25 19:00:00,4533.951,4547.721,4523.796,4525.208,6046
2026-05-25 20:00:00,4525.208,4549.256,4525.105,4539.226,5314
2026-05-25 21:00:00,4539.226,4551.120,4528.818,4543.160,5892
2026-05-25 22:00:00,4543.160,4545.473,4535.081,4538.561,7140
2026-05-25 23:00:00,4538.561,4542.284,4531.905,4541.500,5733
2026-05-26 00:00:00,4522.000,4533.163,4521.488,4526.362,5657
2026-05-26 01:00:00,4526.362,4533.199,4513.400,4527.163,4893
2026-05-26 02:00:00,4527.163,4542.984,4513.218,4531.897,6497
2026-05-26 03:00:00,4531.897,4537.643,4511.322,4528.905,6862
2026-05-26 04:00:00,4528.905,4560.000,4520.219,4560.000,5274
2026-05-26 05:00:00,4560.000,4560.000,4510.000,4527.656,6483
2026-05-26 06:00:00,4527.656,4541.853,4512.000,4516.666,6068
2026-05-26 07:00:00,4516.666,4541.623,4515.638,4524.230,5355
2026-05-26 08:00:00,4524.230,4547.917,4510.501,4526.152,5599
2026-05-26 09:00:00,4526.152,4553.505,4510.000,4533.831,5906
2026-05-26 10:00:00,4533.831,4552.148,4518.889,4535.671,7233
2026-05-26 11:00:00,4535.671,4560.000,4523.982,4541.145,6138
2026-05-26 12:00:00,4541.145,4546.939,4518.411,4530.443,6270
2026-05-26 13:00:00,4530.443,4550.375,4519.084,4519.160,5307
2026-05-26 14:00:00,4519.160,4556.219,4518.709,4551.704,6194
2026-05-26 15:00:00,4551.704,4560.000,4518.932,4545.052,4663
2026-05-26 16:00:00,4545.052,4556.740,4534.875,4543.007,5401
2026-05-26 17:00:00,4543.007,4558.192,4526.110,4557.658,5735
2026-05-26 18:00:00,4557.658,4557.666,4535.779,4536.558,5130
2026-05-26 19:00:00,4536.558,4559.032,4530.168,4532.006,5388
2026-05-26 20:00:00,4532.006,4555.553,4529.940,4547.486,6678
2026-05-26 21:00:00,4547.486,4559.870,4534.962,4553.959,6270
2026-05-26 22:00:00,4553.959,4554.743,4541.203,4549.027,6610
2026-05-26 23:00:00,4549.027,4554.107,4544.636,4548.000,6134
2026-05-27 00:00:00,4535.000,4538.210,4527.168,4528.311,6171
2026-05-27 01:00:00,4528.311,4541.300,4524.022,4538.286,5205
2026-05-27 02:00:00,4538.286,4545.507,4526.918,4533.667,5777
2026-05-27 03:00:00,4533.667,4548.608,4526.309,4539.768,5517
2026-05-27 04:00:00,4539.768,4544.595,4525.102,4534.402,5884
2026-05-27 05:00:00,4534.402,4551.395,4522.500,4541.760,5370
2026-05-27 06:00:00,4541.760,4553.210,4525.806,4552.942,6113
2026-05-27 07:00:00,4552.942,4553.491,4522.595,4544.855,6299
2026-05-27 08:00:00,4544.855,4557.534,4527.123,4547.235,5811
2026-05-27 09:00:00,4547.235,4561.964,4522.500,4541.957,5186
2026-05-27 10:00:00,4541.957,4562.366,4530.255,4538.375,6182
2026-05-27 11:00:00,4538.375,4567.625,4524.463,4526.744,6466
2026-05-27 12:00:00,4526.744,4559.105,4524.553,4547.188,6628
2026-05-27 13:00:00,4547.188,4566.086,4534.113,4551.678,5734
2026-05-27 14:00:00,4551.678,4562.288,4528.885,4544.645,5519
2026-05-27 15:00:00,4544.645,4560.847,4528.650,4552.133,5911
2026-05-27 16:00:00,4552.133,4566.036,4531.991,4547.311,6133
2026-05-27 17:00:00,4547.311,4565.641,4530.523,4542.247,5714
2026-05-27 18:00:00,4542.247,4570.000,4522.500,4522.500,6271
2026-05-27 19:00:00,4522.500,4560.503,4522.500,4544.387,5705
2026-05-27 20:00:00,4544.387,4555.795,4541.801,4545.594,6254
2026-05-27 21:00:00,4545.594,4559.289,4544.003,4552.771,6640
2026-05-27 22:00:00,4552.771,4566.774,4546.159,4549.752,6881
2026-05-27 23:00:00,4549.752,4561.363,4544.295,4555.000,6121
2026-05-28 00:00:00,4548.000,4557.586,4546.729,4549.742,5870
2026-05-28 01:00:00,4549.742,4559.985,4539.242,4559.034,5343
2026-05-28 02:00:00,4559.034,4559.649,4547.488,4555.166,5663
2026-05-28 03:00:00,4555.166,4569.846,4543.461,4568.206,5997
2026-05-28 04:00:00,4568.206,4569.217,4537.073,4556.403,5388
2026-05-28 05:00:00,4556.403,4564.977,4543.396,4553.151,6525
2026-05-28 06:00:00,4553.151,4562.990,4548.527,4560.642,6263
2026-05-28 07:00:00,4560.642,4563.973,4540.269,4563.704,6107
2026-05-28 08:00:00,4563.704,4569.254,4535.000,4557.880,6017
2026-05-28 09:00:00,4557.880,4574.587,4538.177,4550.465,6659
2026-05-28 10:00:00,4550.465,4564.144,4535.000,4548.802,6180
2026-05-28 11:00:00,4548.802,4573.187,4541.557,4558.935,6462
2026-05-28 12:00:00,4558.935,4580.000,4536.799,4555.374,5640
2026-05-28 13:00:00,4555.374,4568.380,4547.289,4559.072,5446
2026-05-28 14:00:00,4559.072,4574.733,4535.000,4561.717,5716
2026-05-28 15:00:00,4561.717,4575.152,4548.930,4555.357,6067
2026-05-28 16:00:00,4555.357,4574.306,4541.302,4556.712,5448
2026-05-28 17:00:00,4556.712,4570.781,4546.007,4553.189,7186
2026-05-28 18:00:00,4553.189,4580.000,4546.094,4580.000,5855
2026-05-28 19:00:00,4580.000,4580.000,4549.555,4553.022,6132
2026-05-28 20:00:00,4553.022,4573.734,4552.178,4573.288,6052
2026-05-28 21:00:00,4573.288,4573.850,4555.010,4560.268,6414
2026-05-28 22:00:00,4560.268,4570.710,4557.468,4559.668,5562
2026-05-28 23:00:00,4559.668,4566.926,4558.841,4562.000,6348
2026-05-29 00:00:00,4550.800,4557.708,4545.910,4547.963,5808
2026-05-29 01:00:00,4547.963,4584.000,4545.887,4547.880,5427
2026-05-29 02:00:00,4547.880,4564.093,4545.359,4547.710,6047
2026-05-29 03:00:00,4547.710,4563.770,4545.979,4555.949,5632
2026-05-29 04:00:00,4555.949,4571.101,4540.871,4546.637,5851
2026-05-29 05:00:00,4546.637,4561.722,4539.879,4554.303,5884
2026-05-29 06:00:00,4554.303,4566.816,4537.000,4537.000,5726
2026-05-29 07:00:00,4537.000,4566.802,4537.000,4553.262,6085
2026-05-29 08:00:00,4553.262,4574.966,4545.634,4565.897,6230
2026-05-29 09:00:00,4565.897,4572.616,4552.416,4563.031,6234
2026-05-29 10:00:00,4563.031,4574.218,4553.838,4555.715,6597
2026-05-29 11:00:00,4555.715,4571.771,4549.681,4561.766,6308
2026-05-29 12:00:00,4561.766,4580.708,4545.275,4557.236,5382
2026-05-29 13:00:00,4557.236,4565.874,4545.196,4560.525,6395
2026-05-29 14:00:00,4560.525,4584.000,4537.000,4541.479,6008
2026-05-29 15:00:00,4541.479,4572.360,4540.284,4571.685,5708
2026-05-29 16:00:00,4571.685,4574.595,4552.859,4569.665,5920
2026-05-29 17:00:00,4569.665,4573.003,4541.611,4559.569,6045
2026-05-29 18:00:00,4559.569,4572.892,4545.461,4562.536,6287
2026-05-29 19:00:00,4562.536,4568.266,4542.384,4551.942,5944
2026-05-29 20:00:00,4551.942,4569.776,4551.334,4561.488,5400
2026-05-29 21:00:00,4561.488,4571.513,4551.816,4561.455,5175
2026-05-29 22:00:00,4561.455,4572.681,4557.374,4566.124,6200
2026-05-29 23:00:00,4566.124,4568.543,4560.225,4565.600,5826
2026-06-01 00:00:00,4559.200,4563.326,4543.000,4554.771,5698
2026-06-01 01:00:00,4554.771,4569.799,4547.096,4565.511,5524
2026-06-01 02:00:00,4565.511,4569.851,4543.585,4543.929,5961
2026-06-01 03:00:00,4543.929,4577.263,4543.000,4551.151,6920
2026-06-01 04:00:00,4551.151,4596.000,4545.295,4551.678,5802
2026-06-01 05:00:00,4551.678,4571.318,4550.007,4558.213,5994
2026-06-01 06:00:00,4558.213,4568.265,4545.561,4558.526,5617
2026-06-01 07:00:00,4558.526,4575.521,4547.537,4563.198,5991
2026-06-01 08:00:00,4563.198,4580.932,4555.759,4563.453,5418
2026-06-01 09:00:00,4563.453,4584.439,4543.000,4559.359,5724
2026-06-01 10:00:00,4559.359,4590.899,4546.240,4588.930,6039
2026-06-01 11:00:00,4588.930,4590.294,4543.000,4563.849,4877
2026-06-01 12:00:00,4563.849,4577.712,4543.187,4577.025,6191
2026-06-01 13:00:00,4577.025,4577.753,4547.714,4573.814,6015
2026-06-01 14:00:00,4573.814,4579.270,4553.245,4564.882,5905
2026-06-01 15:00:00,4564.882,4579.317,4552.388,4569.011,6578
2026-06-01 16:00:00,4569.011,4574.137,4552.282,4561.196,5964
2026-06-01 17:00:00,4561.196,4596.000,4555.922,4557.110,6141
2026-06-01 18:00:00,4557.110,4584.142,4556.998,4578.601,5561
2026-06-01 19:00:00,4578.601,4584.321,4559.150,4569.998,6438
2026-06-01 20:00:00,4569.998,4583.017,4559.738,4573.307,6122
2026-06-01 21:00:00,4573.307,4575.999,4566.133,4566.344,5813
2026-06-01 22:00:00,4566.344,4577.599,4564.808,4575.027,6516
2026-06-01 23:00:00,4575.027,4578.703,4568.386,4576.400,6764
2026-06-02 00:00:00,4562.000,4567.651,4555.908,4565.535,5937
2026-06-02 01:00:00,4565.535,4580.810,4552.236,4553.588,5735
2026-06-02 02:00:00,4553.588,4570.568,4545.000,4566.986,5269
2026-06-02 03:00:00,4566.986,4574.298,4548.665,4572.710,5002
2026-06-02 04:00:00,4572.710,4574.459,4550.208,4567.254,5712
2026-06-02 05:00:00,4567.254,4578.733,4549.139,4567.682,6241
2026-06-02 06:00:00,4567.682,4581.604,4546.301,4553.123,6219
2026-06-02 07:00:00,4553.123,4587.407,4548.816,4570.480,7053
2026-06-02 08:00:00,4570.480,4586.730,4548.095,4584.933,6353
2026-06-02 09:00:00,4584.933,4585.157,4550.964,4555.729,6733
2026-06-02 10:00:00,4555.729,4583.182,4548.262,4567.701,5814
2026-06-02 11:00:00,4567.701,4579.020,4552.104,4558.498,5483
2026-06-02 12:00:00,4558.498,4588.741,4552.008,4567.402,5002
2026-06-02 13:00:00,4567.402,4586.106,4555.321,4572.382,6216
2026-06-02 14:00:00,4572.382,4586.476,4556.436,4572.763,4954
2026-06-02 15:00:00,4572.763,4586.355,4552.666,4576.440,5783
2026-06-02 16:00:00,4576.440,4600.000,4559.564,4568.458,5550
2026-06-02 17:00:00,4568.458,4589.878,4560.274,4578.733,6400
2026-06-02 18:00:00,4578.733,4586.083,4559.331,4561.061,6453
2026-06-02 19:00:00,4561.061,4592.461,4545.000,4590.987,6677
2026-06-02 20:00:00,4590.987,4591.367,4557.684,4566.548,4934
2026-06-02 21:00:00,4566.548,4592.858,4564.941,4568.496,6232
2026-06-02 22:00:00,4568.496,4600.000,4564.443,4573.371,5672
2026-06-02 23:00:00,4573.371,4585.103,4565.597,4580.000,5211
