datetime,open,high,low,close,volume
2026-04-08 00:45:00,4813.535,4815.955,4808.615,4814.965,5
2026-04-08 00:50:00,4815.015,4826.805,4815.015,4821.635,5
2026-04-08 00:55:00,4821.555,4823.415,4809.995,4817.335,5
2026-04-08 01:00:00,4817.375,4824.958,4805.898,4806.585,5
2026-04-08 01:05:00,4806.748,4819.515,4806.748,4818.625,5
2026-04-08 01:10:00,4818.135,4822.315,4815.145,4819.775,5
2026-04-08 01:15:00,4819.775,4821.925,4800.095,4802.195,5
2026-04-08 01:20:00,4802.155,4807.735,4793.395,4801.335,5
2026-04-08 01:25:00,4801.315,4804.575,4791.875,4793.605,5
2026-04-08 01:30:00,4793.635,4799.275,4787.965,4799.095,5
2026-04-08 01:35:00,4799.125,4804.205,4797.895,4798.365,5
2026-04-08 01:40:00,4798.105,4802.875,4796.365,4799.845,5
2026-04-08 01:45:00,4799.865,4807.825,4798.165,4807.775,5
2026-04-08 01:50:00,4807.815,4814.035,4807.325,4809.265,5
2026-04-08 01:55:00,4809.485,4811.918,4807.005,4809.905,5
2026-04-08 02:00:00,4809.808,4825.165,4809.808,4816.885,5
2026-04-08 02:05:00,4816.935,4818.595,4815.225,4816.185,5
2026-04-08 02:10:00,4816.065,4819.175,4813.315,4813.578,5
2026-04-08 02:15:00,4813.645,4813.645,4811.048,4812.135,5
2026-04-08 02:20:00,4812.185,4813.465,4809.535,4809.705,5
2026-04-08 02:25:00,4809.675,4813.205,4807.508,4811.425,5
2026-04-08 02:30:00,4811.405,4815.695,4809.655,4814.535,5
2026-04-08 02:35:00,4814.435,4820.575,4812.055,4813.708,5
2026-04-08 02:40:00,4813.875,4814.175,4805.905,4806.575,5
2026-04-08 02:45:00,4806.425,4808.585,4804.295,4805.755,5
2026-04-08 02:50:00,4805.735,4808.925,4802.685,4803.875,5
2026-04-08 02:55:00,4803.605,4804.015,4798.455,4803.695,5
2026-04-08 03:00:00,4803.675,4805.625,4802.725,4803.295,5
2026-04-08 03:05:00,4803.245,4803.585,4800.158,4802.165,5
2026-04-08 03:10:00,4802.145,4802.845,4797.715,4798.615,5
2026-04-08 03:15:00,4798.575,4799.555,4796.145,4797.455,5
2026-04-08 03:20:00,4797.435,4801.535,4796.645,4800.175,5
2026-04-08 03:25:00,4800.175,4805.005,4798.825,4802.775,5
2026-04-08 03:30:00,4802.685,4803.395,4794.725,4799.905,5
2026-04-08 03:35:00,4799.885,4801.345,4796.595,4797.135,5
2026-04-08 03:40:00,4797.085,4804.705,4797.085,4799.985,5
2026-04-08 03:45:00,4799.965,4800.855,4797.525,4798.445,5
2026-04-08 03:50:00,4798.495,4804.335,4798.015,4800.025,5
2026-04-08 03:55:00,4800.055,4801.755,4796.115,4797.215,5
2026-04-08 04:00:00,4797.295,4801.005,4796.645,4797.315,5
2026-04-08 04:05:00,4797.285,4798.495,4793.355,4794.195,5
2026-04-08 04:10:00,4794.225,4797.765,4793.905,4797.125,5
2026-04-08 04:15:00,4797.105,4798.325,4791.605,4794.555,5
2026-04-08 04:20:00,4794.585,4794.715,4789.985,4790.905,5
2026-04-08 04:25:00,4790.925,4803.996,4790.495,4802.035,5
2026-04-08 04:30:00,4802.185,4804.505,4800.655,4801.025,5
2026-04-08 04:35:00,4800.995,4805.355,4800.575,4804.065,5
2026-04-08 04:40:00,4804.085,4806.475,4802.188,4802.555,5
2026-04-08 04:45:00,4802.795,4803.765,4797.625,4798.515,5
2026-04-08 04:50:00,4798.485,4802.045,4797.835,4800.135,5
2026-04-08 04:55:00,4800.085,4803.665,4798.765,4803.345,5
2026-04-08 05:00:00,4803.305,4806.565,4800.135,4805.955,5
2026-04-08 05:05:00,4805.995,4810.135,4805.365,4808.095,5
2026-04-08 05:10:00,4808.055,4810.375,4805.455,4809.205,5
2026-04-08 05:15:00,4809.235,4810.115,4806.425,4809.535,5
2026-04-08 05:20:00,4809.555,4812.015,4808.175,4810.965,5
2026-04-08 05:25:00,4810.965,4816.365,4810.305,4815.525,5
2026-04-08 05:30:00,4815.495,4823.145,4813.575,4821.765,5
2026-04-08 05:35:00,4821.785,4822.545,4816.945,4819.835,5
2026-04-08 05:40:00,4819.745,4824.965,4819.745,4822.165,5
2026-04-08 05:45:00,4822.135,4831.385,4820.595,4831.275,5
2026-04-08 05:50:00,4831.295,4843.505,4830.705,4836.275,5
2026-04-08 05:55:00,4836.255,4836.335,4824.805,4827.275,5
2026-04-08 06:00:00,4827.235,4834.835,4826.975,4830.435,5
2026-04-08 06:05:00,4830.455,4831.555,4820.815,4824.225,5
2026-04-08 06:10:00,4824.265,4827.505,4823.505,4826.235,5
2026-04-08 06:15:00,4826.245,4830.515,4824.295,4830.205,5
2026-04-08 06:20:00,4830.155,4835.495,4829.015,4833.445,5
2026-04-08 06:25:00,4833.495,4836.355,4831.025,4836.145,5
2026-04-08 06:30:00,4836.205,4836.735,4828.925,4832.655,5
2026-04-08 06:35:00,4832.635,4839.575,4829.945,4831.175,5
2026-04-08 06:40:00,4831.265,4836.975,4830.575,4835.475,5
2026-04-08 06:45:00,4835.455,4839.325,4832.075,4832.095,5
2026-04-08 06:50:00,4831.965,4832.785,4821.005,4823.045,5
2026-04-08 06:55:00,4823.025,4823.525,4819.645,4819.695,5
2026-04-08 07:00:00,4819.675,4820.595,4807.145,4812.615,5
2026-04-08 07:05:00,4812.625,4817.095,4811.995,4815.015,5
2026-04-08 07:10:00,4814.965,4815.405,4809.185,4812.225,5
2026-04-08 07:15:00,4812.175,4815.095,4810.668,4812.295,5
2026-04-08 07:20:00,4812.265,4816.115,4809.145,4815.745,5
2026-04-08 07:25:00,4815.725,4821.105,4815.255,4818.395,5
2026-04-08 07:30:00,4818.335,4818.495,4807.785,4809.705,5
2026-04-08 07:35:00,4809.695,4814.145,4806.505,4810.205,5
2026-04-08 07:40:00,4810.155,4810.805,4804.925,4808.845,5
2026-04-08 07:45:00,4808.835,4814.635,4808.195,4814.565,5
2026-04-08 07:50:00,4815.075,4819.825,4813.485,4818.745,5
2026-04-08 07:55:00,4818.785,4820.245,4812.935,4813.045,5
2026-04-08 08:00:00,4813.355,4816.415,4807.855,4816.385,5
2026-04-08 08:05:00,4816.518,4819.255,4814.775,4815.805,5
2026-04-08 08:10:00,4815.775,4816.455,4811.245,4814.938,5
2026-04-08 08:15:00,4815.205,4819.555,4814.575,4818.665,5
2026-04-08 08:20:00,4818.695,4818.975,4807.035,4807.775,5
2026-04-08 08:25:00,4807.398,4809.435,4798.235,4808.325,5
2026-04-08 08:30:00,4808.295,4808.375,4802.358,4802.705,5
2026-04-08 08:35:00,4802.575,4807.065,4801.435,4802.475,5
2026-04-08 08:40:00,4802.495,4804.465,4790.145,4793.255,5
2026-04-08 08:45:00,4793.235,4798.795,4790.485,4794.895,5
2026-04-08 08:50:00,4795.225,4803.245,4793.295,4796.225,5
2026-04-08 08:55:00,4796.335,4798.285,4793.475,4793.585,5
2026-04-08 09:00:00,4793.615,4798.325,4792.898,4796.265,5
2026-04-08 09:05:00,4796.235,4798.918,4795.105,4796.915,5
2026-04-08 09:10:00,4796.855,4800.825,4794.975,4800.295,5
2026-04-08 09:15:00,4800.255,4800.255,4795.135,4796.965,5
2026-04-08 09:20:00,4796.878,4803.115,4794.758,4801.805,5
2026-04-08 09:25:00,4801.838,4806.405,4796.085,4798.005,5
2026-04-08 09:30:00,4797.985,4803.328,4795.758,4797.135,5
2026-04-08 09:35:00,4797.265,4801.165,4793.405,4794.375,5
2026-04-08 09:40:00,4794.258,4795.145,4776.355,4782.185,5
2026-04-08 09:45:00,4782.215,4786.255,4775.728,4785.085,5
2026-04-08 09:50:00,4785.335,4788.435,4783.325,4784.135,5
2026-04-08 09:55:00,4784.175,4785.198,4778.495,4782.798,5
2026-04-08 10:00:00,4782.838,4789.965,4781.375,4788.345,5
2026-04-08 10:05:00,4788.655,4789.095,4785.405,4787.425,5
2026-04-08 10:10:00,4787.405,4788.015,4782.385,4782.398,5
2026-04-08 10:15:00,4782.115,4782.715,4770.885,4775.995,5
2026-04-08 10:20:00,4776.495,4780.705,4771.555,4778.358,5
2026-04-08 10:25:00,4778.358,4782.978,4778.078,4782.218,5
2026-04-08 10:30:00,4782.218,4784.798,4779.575,4782.615,5
2026-04-08 10:35:00,4782.625,4789.145,4781.375,4787.178,5
2026-04-08 10:40:00,4787.198,4791.885,4784.715,4791.315,5
2026-04-08 10:45:00,4791.175,4794.855,4791.155,4792.945,5
2026-04-08 10:50:00,4792.905,4795.805,4790.325,4790.445,5
2026-04-08 10:55:00,4790.975,4791.015,4782.098,4782.298,5
2026-04-08 11:00:00,4782.298,4785.785,4779.425,4782.045,5
2026-04-08 11:05:00,4782.015,4790.565,4779.625,4790.245,5
2026-04-08 11:10:00,4790.245,4790.245,4786.138,4786.898,5
2026-04-08 11:15:00,4786.898,4787.498,4782.598,4784.365,5
2026-04-08 11:20:00,4784.395,4787.125,4782.615,4785.648,5
2026-04-08 11:25:00,4785.648,4796.815,4784.438,4789.418,5
2026-04-08 11:30:00,4789.625,4792.235,4784.695,4787.855,5
2026-04-08 11:35:00,4787.815,4787.815,4777.865,4782.825,5
2026-04-08 11:40:00,4782.785,4791.095,4780.425,4789.955,5
2026-04-08 11:45:00,4790.005,4796.215,4789.165,4796.105,5
2026-04-08 11:50:00,4796.035,4800.455,4794.405,4796.385,5
2026-04-08 11:55:00,4796.225,4802.655,4796.225,4798.138,5
2026-04-08 12:00:00,4798.085,4804.015,4797.995,4803.545,5
2026-04-08 12:05:00,4803.675,4805.665,4799.835,4800.475,5
2026-04-08 12:10:00,4800.475,4807.005,4797.685,4805.005,5
2026-04-08 12:15:00,4805.065,4805.125,4792.195,4793.175,5
2026-04-08 12:20:00,4792.845,4794.395,4768.128,4769.235,5
2026-04-08 12:25:00,4769.365,4784.335,4769.365,4783.925,5
2026-04-08 12:30:00,4783.955,4793.455,4783.165,4792.955,5
2026-04-08 12:35:00,4793.275,4797.905,4791.258,4796.505,5
2026-04-08 12:40:00,4796.475,4797.625,4793.865,4794.575,5
2026-04-08 12:45:00,4794.585,4801.225,4794.555,4797.155,5
2026-04-08 12:50:00,4797.065,4801.685,4794.265,4801.115,5
2026-04-08 12:55:00,4801.095,4802.185,4798.305,4799.325,5
2026-04-08 13:00:00,4799.295,4806.405,4798.685,4802.065,5
2026-04-08 13:05:00,4802.045,4802.275,4795.575,4797.435,5
2026-04-08 13:10:00,4797.595,4797.865,4790.518,4792.815,5
2026-04-08 13:15:00,4792.758,4797.045,4790.985,4792.805,5
2026-04-08 13:20:00,4792.755,4797.865,4789.335,4797.485,5
2026-04-08 13:25:00,4797.398,4798.975,4788.695,4789.908,5
2026-04-08 13:30:00,4789.918,4794.398,4773.935,4782.445,5
2026-04-08 13:35:00,4782.555,4787.465,4773.575,4776.565,5
2026-04-08 13:40:00,4777.105,4780.258,4773.298,4773.938,5
2026-04-08 13:45:00,4773.918,4788.105,4773.438,4787.885,5
2026-04-08 13:50:00,4787.845,4788.545,4771.125,4771.878,5
2026-04-08 13:55:00,4771.895,4780.265,4767.945,4777.295,5
2026-04-08 14:00:00,4777.168,4791.338,4776.095,4785.508,5
2026-04-08 14:05:00,4785.485,4791.565,4776.335,4785.995,5
2026-04-08 14:10:00,4785.925,4786.815,4778.495,4779.725,5
2026-04-08 14:15:00,4779.785,4785.018,4772.165,4772.685,5
2026-04-08 14:20:00,4772.915,4779.975,4771.478,4774.175,5
2026-04-08 14:25:00,4774.325,4774.418,4760.998,4767.375,5
2026-04-08 14:30:00,4767.495,4768.015,4750.665,4753.915,5
2026-04-08 14:35:00,4753.945,4766.295,4751.015,4760.495,5
2026-04-08 14:40:00,4760.708,4769.895,4757.848,4759.788,5
2026-04-08 14:45:00,4759.778,4764.748,4749.315,4755.555,5
2026-04-08 14:50:00,4755.645,4756.385,4744.738,4752.585,5
2026-04-08 14:55:00,4752.285,4753.275,4731.905,4735.845,5
2026-04-08 15:00:00,4735.905,4747.938,4735.338,4746.558,5
2026-04-08 15:05:00,4746.538,4749.125,4741.385,4742.245,5
2026-04-08 15:10:00,4742.225,4747.485,4733.855,4743.325,5
2026-04-08 15:15:00,4743.098,4754.335,4742.545,4754.055,5
2026-04-08 15:20:00,4753.995,4757.545,4752.995,4754.725,5
2026-04-08 15:25:00,4754.765,4757.365,4749.835,4750.765,5
2026-04-08 15:30:00,4750.735,4756.895,4750.255,4756.745,5
2026-04-08 15:35:00,4756.695,4760.825,4756.155,4760.005,5
2026-04-08 15:40:00,4759.965,4761.525,4753.995,4755.425,5
2026-04-08 15:45:00,4755.565,4759.445,4754.305,4758.685,5
2026-04-08 15:50:00,4758.895,4762.865,4757.195,4757.215,5
2026-04-08 15:55:00,4757.245,4759.105,4754.875,4756.205,5
2026-04-08 16:00:00,4756.175,4762.495,4755.645,4757.205,5
2026-04-08 16:05:00,4757.245,4758.725,4754.795,4757.525,5
2026-04-08 16:10:00,4757.595,4760.405,4753.565,4753.798,5
2026-04-08 16:15:00,4753.798,4754.815,4745.005,4747.855,5
2026-04-08 16:20:00,4747.785,4752.875,4746.905,4752.165,5
2026-04-08 16:25:00,4752.098,4753.775,4748.465,4749.845,5
2026-04-08 16:30:00,4749.875,4757.215,4747.835,4755.485,5
2026-04-08 16:35:00,4755.625,4758.855,4753.065,4758.735,5
2026-04-08 16:40:00,4758.815,4759.935,4756.778,4758.265,5
2026-04-08 16:45:00,4758.255,4761.998,4756.215,4760.508,5
2026-04-08 16:50:00,4760.548,4765.298,4759.928,4760.648,5
2026-04-08 16:55:00,4760.515,4762.298,4759.295,4760.098,5
2026-04-08 17:00:00,4760.098,4764.115,4758.808,4759.915,5
2026-04-08 17:05:00,4759.885,4760.218,4755.988,4757.598,5
2026-04-08 17:10:00,4757.485,4761.748,4757.205,4760.435,5
2026-04-08 17:15:00,4760.465,4762.265,4754.378,4755.248,5
2026-04-08 17:20:00,4755.248,4756.745,4746.048,4748.398,5
2026-04-08 17:25:00,4748.418,4753.458,4745.205,4750.658,5
2026-04-08 17:30:00,4750.618,4754.105,4742.485,4744.465,5
2026-04-08 17:35:00,4744.515,4744.765,4736.498,4736.748,5
2026-04-08 17:40:00,4736.698,4742.205,4735.818,4740.325,5
2026-04-08 17:45:00,4740.305,4740.945,4735.565,4737.995,5
2026-04-08 17:50:00,4738.035,4741.375,4735.825,4736.255,5
2026-04-08 17:55:00,4736.295,4737.525,4731.288,4733.745,5
2026-04-08 18:00:00,4733.525,4739.935,4726.835,4739.835,5
2026-04-08 18:05:00,4739.805,4743.548,4738.925,4743.175,5
2026-04-08 18:10:00,4743.175,4744.295,4740.555,4743.475,5
2026-04-08 18:15:00,4743.495,4744.335,4716.935,4729.285,5
2026-04-08 18:20:00,4729.325,4731.675,4721.175,4723.605,5
2026-04-08 18:25:00,4723.545,4726.815,4717.795,4722.315,5
2026-04-08 18:30:00,4722.933,4724.835,4720.375,4722.675,5
2026-04-08 18:35:00,4722.955,4723.225,4713.255,4714.545,5
2026-04-08 18:40:00,4714.525,4716.515,4707.935,4709.125,5
2026-04-08 18:45:00,4709.095,4716.785,4708.065,4710.115,5
2026-04-08 18:50:00,4710.115,4711.695,4704.045,4707.605,5
2026-04-08 18:55:00,4707.535,4707.835,4703.635,4705.105,5
2026-04-08 19:00:00,4704.825,4708.375,4701.275,4701.775,5
2026-04-08 19:05:00,4701.935,4708.815,4699.235,4707.625,5
2026-04-08 19:10:00,4707.675,4716.205,4706.365,4715.315,5
2026-04-08 19:15:00,4715.295,4718.385,4710.065,4711.275,5
2026-04-08 19:20:00,4711.275,4712.085,4708.355,4710.535,5
2026-04-08 19:25:00,4710.555,4714.345,4707.195,4708.405,5
2026-04-08 19:30:00,4708.335,4718.685,4707.815,4716.645,5
2026-04-08 19:35:00,4716.975,4724.455,4715.975,4723.565,5
2026-04-08 19:40:00,4723.365,4724.545,4720.375,4721.645,5
2026-04-08 19:45:00,4721.545,4726.365,4721.375,4725.495,5
2026-04-08 19:50:00,4725.465,4730.155,4725.465,4729.555,5
2026-04-08 19:55:00,4729.725,4731.698,4727.475,4730.465,5
2026-04-08 20:00:00,4730.298,4731.975,4728.605,4731.475,5
2026-04-08 20:05:00,4731.285,4731.885,4727.325,4727.385,5
2026-04-08 20:10:00,4727.345,4728.045,4726.255,4727.605,5
2026-04-08 20:15:00,4727.605,4729.825,4723.865,4724.235,5
2026-04-08 20:20:00,4724.275,4724.585,4722.315,4724.535,5
2026-04-08 20:25:00,4724.505,4724.555,4721.395,4722.805,5
2026-04-08 20:30:00,4722.825,4723.705,4720.765,4723.445,5
2026-04-08 20:35:00,4723.455,4723.645,4720.855,4722.415,5
2026-04-08 20:40:00,4722.165,4723.475,4721.675,4722.075,5
2026-04-08 20:45:00,4722.055,4724.195,4719.545,4719.675,5
2026-04-08 20:50:00,4719.695,4720.588,4716.865,4718.665,5
2026-04-08 20:55:00,4718.695,4720.485,4715.735,4715.835,5
2026-04-08 22:00:00,4718.098,4732.525,4718.085,4727.115,5
2026-04-08 22:05:00,4727.085,4729.195,4720.315,4722.105,5
2026-04-08 22:10:00,4722.235,4723.308,4708.925,4711.888,5
2026-04-08 22:15:00,4711.868,4716.938,4707.415,4711.388,5
2026-04-08 22:20:00,4711.398,4713.238,4704.075,4712.255,5
2026-04-08 22:25:00,4711.718,4713.248,4708.698,4713.248,5
2026-04-08 22:30:00,4713.288,4716.885,4705.355,4716.318,5
2026-04-08 22:35:00,4716.665,4719.145,4712.575,4713.205,5
2026-04-08 22:40:00,4713.185,4717.295,4710.745,4712.435,5
2026-04-08 22:45:00,4712.485,4715.885,4711.335,4714.985,5
2026-04-08 22:50:00,4715.195,4718.365,4713.835,4716.315,5
2026-04-08 22:55:00,4716.395,4720.055,4714.755,4717.085,5
2026-04-08 23:00:00,4715.715,4716.988,4708.905,4713.768,5
2026-04-08 23:05:00,4713.768,4717.278,4706.708,4706.998,5
2026-04-08 23:10:00,4706.938,4711.078,4704.998,4708.245,5
2026-04-08 23:15:00,4708.205,4713.108,4705.485,4712.618,5
2026-04-08 23:20:00,4712.618,4715.665,4710.105,4713.075,5
2026-04-08 23:25:00,4713.055,4713.055,4709.605,4709.805,5
2026-04-08 23:30:00,4709.805,4710.855,4706.765,4710.245,5
2026-04-08 23:35:00,4710.215,4713.155,4709.585,4712.365,5
2026-04-08 23:40:00,4712.325,4715.435,4712.035,4713.125,5
2026-04-08 23:45:00,4713.085,4717.695,4712.465,4717.255,5
2026-04-08 23:50:00,4717.275,4719.795,4714.595,4714.755,5
2026-04-08 23:55:00,4714.735,4716.355,4712.285,4715.215,5
2026-04-09 00:00:00,4715.375,4715.405,4702.958,4705.018,5
2026-04-09 00:05:00,4705.038,4705.158,4698.085,4700.205,5
2026-04-09 00:10:00,4700.285,4703.338,4698.628,4702.065,5
2026-04-09 00:15:00,4702.005,4704.795,4700.588,4703.825,5
2026-04-09 00:20:00,4703.895,4711.838,4701.475,4710.455,5
2026-04-09 00:25:00,4710.465,4712.055,4706.105,4706.105,5
2026-04-09 00:30:00,4706.075,4713.915,4705.215,4712.075,5
2026-04-09 00:35:00,4712.095,4714.905,4711.515,4712.835,5
2026-04-09 00:40:00,4712.865,4718.195,4712.865,4718.075,5
2026-04-09 00:45:00,4718.115,4718.885,4713.265,4715.415,5
2026-04-09 00:50:00,4715.415,4716.705,4707.875,4709.155,5
2026-04-09 00:55:00,4709.135,4710.415,4705.605,4706.515,5
2026-04-09 01:00:00,4706.365,4716.125,4699.178,4712.445,5
2026-04-09 01:05:00,4712.305,4716.815,4708.375,4715.675,5
2026-04-09 01:10:00,4715.695,4721.775,4711.015,4720.455,5
2026-04-09 01:15:00,4720.535,4723.195,4716.415,4720.615,5
2026-04-09 01:20:00,4720.565,4720.585,4708.785,4711.435,5
2026-04-09 01:25:00,4711.385,4711.915,4702.695,4704.695,5
2026-04-09 01:30:00,4704.385,4719.335,4703.745,4718.175,5
2026-04-09 01:35:00,4718.205,4719.085,4714.785,4718.635,5
2026-04-09 01:40:00,4718.715,4721.355,4715.315,4717.345,5
2026-04-09 01:45:00,4717.875,4722.745,4717.555,4722.065,5
2026-04-09 01:50:00,4722.015,4724.298,4721.348,4723.265,5
2026-04-09 01:55:00,4723.585,4728.125,4721.205,4727.155,5
2026-04-09 02:00:00,4727.235,4728.665,4720.775,4721.755,5
2026-04-09 02:05:00,4721.795,4725.745,4721.745,4722.005,5
2026-04-09 02:10:00,4721.975,4723.905,4721.068,4722.725,5
2026-04-09 02:15:00,4722.765,4727.755,4722.345,4726.615,5
2026-04-09 02:20:00,4726.635,4727.755,4724.685,4726.255,5
2026-04-09 02:25:00,4726.475,4726.475,4723.475,4725.285,5
2026-04-09 02:30:00,4725.315,4729.945,4725.175,4725.735,5
2026-04-09 02:35:00,4725.845,4732.435,4725.505,4730.745,5
2026-04-09 02:40:00,4730.565,4732.295,4728.985,4732.065,5
2026-04-09 02:45:00,4732.005,4732.595,4725.395,4725.985,5
2026-04-09 02:50:00,4726.015,4728.275,4722.778,4722.958,5
2026-04-09 02:55:00,4722.865,4723.965,4717.075,4718.825,5
2026-04-09 03:00:00,4718.775,4720.065,4715.415,4718.818,5
2026-04-09 03:05:00,4718.798,4719.538,4715.095,4717.885,5
2026-04-09 03:10:00,4717.865,4717.885,4711.158,4712.225,5
2026-04-09 03:15:00,4712.275,4713.015,4705.538,4707.425,5
2026-04-09 03:20:00,4707.465,4710.205,4704.898,4708.455,5
2026-04-09 03:25:00,4708.485,4712.635,4708.135,4712.258,5
2026-04-09 03:30:00,4712.335,4714.585,4712.045,4713.445,5
2026-04-09 03:35:00,4713.555,4714.125,4711.485,4714.105,5
2026-04-09 03:40:00,4714.218,4714.635,4713.005,4714.525,5
2026-04-09 03:45:00,4714.555,4714.605,4706.275,4710.675,5
2026-04-09 03:50:00,4710.765,4713.755,4707.648,4711.125,5
2026-04-09 03:55:00,4711.385,4713.665,4710.358,4711.165,5
2026-04-09 04:00:00,4711.185,4715.615,4709.435,4714.995,5
2026-04-09 04:05:00,4714.885,4720.715,4714.638,4720.355,5
2026-04-09 04:10:00,4720.405,4722.145,4720.075,4721.375,5
2026-04-09 04:15:00,4721.575,4722.948,4719.548,4720.095,5
2026-04-09 04:20:00,4720.065,4720.235,4717.725,4717.995,5
2026-04-09 04:25:00,4718.025,4719.385,4716.778,4716.778,5
2026-04-09 04:30:00,4716.778,4717.585,4714.105,4715.605,5
2026-04-09 04:35:00,4715.625,4720.885,4715.105,4717.845,5
2026-04-09 04:40:00,4717.825,4723.165,4717.695,4720.548,5
2026-04-09 04:45:00,4720.765,4722.085,4719.625,4720.965,5
2026-04-09 04:50:00,4720.945,4725.038,4720.695,4723.985,5
2026-04-09 04:55:00,4724.005,4724.005,4720.485,4720.505,5
2026-04-09 05:00:00,4720.545,4723.348,4719.205,4719.275,5
2026-04-09 05:05:00,4719.225,4719.768,4714.865,4716.095,5
2026-04-09 05:10:00,4716.035,4716.035,4710.445,4713.615,5
2026-04-09 05:15:00,4713.635,4720.215,4713.125,4720.215,5
2026-04-09 05:20:00,4720.195,4723.495,4719.735,4720.545,5
2026-04-09 05:25:00,4720.548,4726.295,4720.025,4726.035,5
2026-04-09 05:30:00,4726.015,4726.375,4716.555,4719.485,5
2026-04-09 05:35:00,4719.315,4721.815,4715.835,4719.465,5
2026-04-09 05:40:00,4719.445,4724.245,4719.025,4723.595,5
2026-04-09 05:45:00,4723.475,4724.085,4714.255,4714.255,5
2026-04-09 05:50:00,4714.275,4714.498,4705.515,4708.295,5
2026-04-09 05:55:00,4708.315,4715.355,4706.855,4712.705,5
2026-04-09 06:00:00,4712.725,4722.378,4711.085,4721.528,5
2026-04-09 06:05:00,4721.475,4724.995,4720.185,4720.205,5
2026-04-09 06:10:00,4720.258,4723.708,4717.405,4718.825,5
2026-04-09 06:15:00,4718.888,4721.565,4716.025,4716.055,5
2026-04-09 06:20:00,4716.015,4720.855,4713.965,4714.755,5
2026-04-09 06:25:00,4714.705,4718.215,4712.138,4718.045,5
2026-04-09 06:30:00,4718.155,4722.815,4716.388,4718.755,5
2026-04-09 06:35:00,4718.735,4718.765,4711.238,4714.618,5
2026-04-09 06:40:00,4714.578,4718.628,4712.265,4713.205,5
2026-04-09 06:45:00,4713.185,4714.745,4711.045,4711.455,5
2026-04-09 06:50:00,4711.485,4712.995,4703.185,4707.815,5
2026-04-09 06:55:00,4707.878,4713.785,4707.745,4712.125,5
2026-04-09 07:00:00,4712.245,4716.445,4708.145,4715.155,5
2026-04-09 07:05:00,4715.215,4728.375,4714.385,4724.885,5
2026-04-09 07:10:00,4724.865,4730.068,4721.675,4724.195,5
2026-04-09 07:15:00,4724.205,4724.455,4714.615,4715.458,5
2026-04-09 07:20:00,4715.378,4715.815,4709.785,4713.275,5
2026-04-09 07:25:00,4713.185,4714.335,4705.335,4708.275,5
2026-04-09 07:30:00,4708.305,4722.365,4708.305,4718.685,5
2026-04-09 07:35:00,4718.778,4730.995,4718.065,4729.035,5
2026-04-09 07:40:00,4728.995,4729.045,4721.825,4722.215,5
2026-04-09 07:45:00,4722.185,4723.315,4716.285,4717.905,5
2026-04-09 07:50:00,4717.845,4717.925,4711.235,4717.355,5
2026-04-09 07:55:00,4717.245,4724.448,4716.445,4724.065,5
2026-04-09 08:00:00,4724.005,4726.028,4720.295,4721.365,5
2026-04-09 08:05:00,4721.268,4723.345,4719.428,4722.515,5
2026-04-09 08:10:00,4722.535,4725.295,4721.415,4723.795,5
2026-04-09 08:15:00,4723.725,4725.085,4721.185,4723.065,5
2026-04-09 08:20:00,4723.135,4727.545,4722.795,4726.115,5
2026-04-09 08:25:00,4726.085,4726.185,4720.645,4720.955,5
2026-04-09 08:30:00,4721.015,4727.285,4719.895,4725.705,5
2026-04-09 08:35:00,4725.495,4729.948,4723.825,4728.525,5
2026-04-09 08:40:00,4728.475,4732.735,4726.555,4729.328,5
2026-04-09 08:45:00,4729.358,4733.095,4729.045,4730.815,5
2026-04-09 08:50:00,4730.845,4731.105,4726.775,4729.055,5
2026-04-09 08:55:00,4729.055,4729.335,4725.785,4726.025,5
2026-04-09 09:00:00,4726.055,4727.815,4723.515,4725.595,5
2026-04-09 09:05:00,4725.665,4731.665,4722.685,4731.105,5
2026-04-09 09:10:00,4731.155,4732.965,4729.345,4730.535,5
2026-04-09 09:15:00,4730.565,4732.825,4728.955,4730.305,5
2026-04-09 09:20:00,4730.285,4732.345,4729.245,4731.075,5
2026-04-09 09:25:00,4731.295,4733.375,4728.685,4729.555,5
2026-04-09 09:30:00,4729.378,4730.665,4727.205,4729.655,5
2026-04-09 09:35:00,4729.765,4732.485,4727.705,4732.465,5
2026-04-09 09:40:00,4732.465,4732.465,4726.378,4726.458,5
2026-04-09 09:45:00,4726.408,4729.205,4723.318,4728.745,5
2026-04-09 09:50:00,4728.695,4730.415,4726.405,4728.135,5
2026-04-09 09:55:00,4727.905,4730.225,4726.445,4728.938,5
2026-04-09 10:00:00,4728.918,4732.578,4727.985,4728.625,5
2026-04-09 10:05:00,4728.575,4729.285,4725.505,4728.665,5
2026-04-09 10:10:00,4728.685,4729.875,4725.715,4727.115,5
2026-04-09 10:15:00,4727.165,4729.585,4723.485,4728.845,5
2026-04-09 10:20:00,4728.815,4738.525,4728.495,4737.995,5
2026-04-09 10:25:00,4738.025,4739.585,4735.898,4737.885,5
2026-04-09 10:30:00,4737.925,4741.155,4737.665,4738.445,5
2026-04-09 10:35:00,4738.425,4740.055,4737.095,4739.775,5
2026-04-09 10:40:00,4739.805,4740.955,4736.068,4740.515,5
2026-04-09 10:45:00,4740.515,4744.118,4739.045,4743.915,5
2026-04-09 10:50:00,4744.135,4746.085,4741.725,4744.398,5
2026-04-09 10:55:00,4744.398,4746.445,4739.475,4740.838,5
2026-04-09 11:00:00,4740.798,4743.825,4738.185,4740.185,5
2026-04-09 11:05:00,4740.215,4741.345,4738.235,4739.775,5
2026-04-09 11:10:00,4739.805,4741.045,4738.735,4738.875,5
2026-04-09 11:15:00,4738.945,4742.945,4738.435,4742.945,5
2026-04-09 11:20:00,4742.915,4745.915,4742.655,4743.345,5
2026-04-09 11:25:00,4743.325,4747.495,4741.885,4745.685,5
2026-04-09 11:30:00,4745.655,4747.665,4742.875,4744.785,5
2026-04-09 11:35:00,4744.825,4748.675,4742.905,4748.605,5
2026-04-09 11:40:00,4748.585,4751.115,4748.055,4750.728,5
2026-04-09 11:45:00,4750.755,4757.005,4750.375,4755.888,5
2026-04-09 11:50:00,4755.868,4756.975,4755.145,4756.065,5
2026-04-09 11:55:00,4756.065,4757.465,4753.175,4756.335,5
2026-04-09 12:00:00,4756.615,4759.385,4748.765,4750.665,5
2026-04-09 12:05:00,4750.475,4750.695,4744.315,4744.585,5
2026-04-09 12:10:00,4744.615,4747.105,4741.665,4742.175,5
2026-04-09 12:15:00,4742.195,4743.975,4738.945,4738.985,5
2026-04-09 12:20:00,4739.365,4741.555,4736.198,4739.185,5
2026-04-09 12:25:00,4739.475,4741.435,4734.695,4737.415,5
2026-04-09 12:30:00,4737.415,4743.365,4734.885,4741.945,5
2026-04-09 12:35:00,4741.515,4744.798,4739.505,4741.725,5
2026-04-09 12:40:00,4741.705,4747.755,4740.075,4743.505,5
2026-04-09 12:45:00,4743.525,4744.365,4737.188,4742.295,5
2026-04-09 12:50:00,4742.335,4745.845,4740.345,4741.325,5
2026-04-09 12:55:00,4741.278,4747.175,4741.165,4745.665,5
2026-04-09 13:00:00,4745.745,4746.785,4738.505,4742.805,5
2026-04-09 13:05:00,4742.825,4749.585,4742.385,4749.475,5
2026-04-09 13:10:00,4749.495,4756.338,4748.438,4754.485,5
2026-04-09 13:15:00,4754.658,4758.535,4752.715,4753.145,5
2026-04-09 13:20:00,4753.145,4758.245,4752.385,4753.865,5
2026-04-09 13:25:00,4753.695,4756.058,4751.148,4752.238,5
2026-04-09 13:30:00,4752.258,4757.248,4750.175,4756.625,5
2026-04-09 13:35:00,4756.645,4771.065,4756.505,4769.948,5
2026-04-09 13:40:00,4769.948,4777.015,4769.385,4775.585,5
2026-04-09 13:45:00,4775.585,4776.525,4768.478,4771.308,5
2026-04-09 13:50:00,4771.258,4771.445,4759.365,4763.195,5
2026-04-09 13:55:00,4763.415,4768.715,4762.278,4764.048,5
2026-04-09 14:00:00,4764.048,4775.715,4761.558,4772.448,5
2026-04-09 14:05:00,4772.448,4772.988,4765.545,4767.005,5
2026-04-09 14:10:00,4766.755,4775.935,4765.665,4770.608,5
2026-04-09 14:15:00,4770.535,4772.995,4759.915,4761.145,5
2026-04-09 14:20:00,4761.215,4770.868,4760.785,4770.315,5
2026-04-09 14:25:00,4770.315,4772.665,4763.085,4765.285,5
2026-04-09 14:30:00,4765.128,4767.295,4754.965,4755.568,5
2026-04-09 14:35:00,4755.568,4759.275,4747.075,4758.825,5
2026-04-09 14:40:00,4758.485,4761.205,4751.065,4755.935,5
2026-04-09 14:45:00,4755.885,4763.015,4755.005,4761.405,5
2026-04-09 14:50:00,4761.385,4765.675,4761.115,4763.335,5
2026-04-09 14:55:00,4763.355,4768.785,4762.678,4768.545,5
2026-04-09 15:00:00,4768.575,4769.205,4760.948,4763.645,5
2026-04-09 15:05:00,4763.675,4766.275,4761.095,4762.105,5
2026-04-09 15:10:00,4762.155,4770.325,4761.705,4768.815,5
2026-04-09 15:15:00,4768.885,4783.285,4768.885,4782.925,5
2026-04-09 15:20:00,4782.955,4786.295,4779.338,4784.505,5
2026-04-09 15:25:00,4784.455,4784.525,4777.668,4778.705,5
2026-04-09 15:30:00,4778.865,4791.935,4778.135,4791.768,5
2026-04-09 15:35:00,4791.858,4797.855,4787.815,4791.315,5
2026-04-09 15:40:00,4791.215,4795.995,4789.838,4789.865,5
2026-04-09 15:45:00,4790.095,4794.035,4784.435,4784.575,5
2026-04-09 15:50:00,4784.595,4790.535,4784.015,4787.705,5
2026-04-09 15:55:00,4787.905,4793.875,4784.405,4792.515,5
2026-04-09 16:00:00,4792.738,4800.695,4791.195,4796.585,5
2026-04-09 16:05:00,4796.645,4797.405,4792.035,4792.095,5
2026-04-09 16:10:00,4792.075,4794.135,4787.645,4788.015,5
2026-04-09 16:15:00,4787.825,4797.515,4787.495,4795.315,5
2026-04-09 16:20:00,4795.525,4796.795,4791.355,4794.685,5
2026-04-09 16:25:00,4794.635,4794.635,4790.715,4792.455,5
2026-04-09 16:30:00,4792.745,4795.315,4790.645,4794.195,5
2026-04-09 16:35:00,4794.155,4794.565,4787.985,4792.235,5
2026-04-09 16:40:00,4792.185,4792.185,4785.625,4787.095,5
2026-04-09 16:45:00,4787.125,4789.065,4784.195,4784.235,5
2026-04-09 16:50:00,4784.415,4791.055,4784.415,4787.908,5
2026-04-09 16:55:00,4788.235,4789.235,4786.365,4788.595,5
2026-04-09 17:00:00,4788.645,4790.715,4786.485,4788.605,5
2026-04-09 17:05:00,4788.685,4793.795,4788.225,4792.455,5
2026-04-09 17:10:00,4792.485,4793.585,4789.795,4792.885,5
2026-04-09 17:15:00,4792.748,4798.048,4792.395,4797.218,5
2026-04-09 17:20:00,4797.265,4797.605,4791.775,4792.285,5
2026-04-09 17:25:00,4792.215,4795.608,4789.855,4792.615,5
2026-04-09 17:30:00,4793.312,4794.025,4787.385,4793.055,5
2026-04-09 17:35:00,4793.005,4800.545,4792.158,4798.605,5
2026-04-09 17:40:00,4798.585,4801.015,4794.128,4795.025,5
2026-04-09 17:45:00,4795.095,4800.845,4795.025,4800.245,5
2026-04-09 17:50:00,4800.225,4800.325,4795.925,4797.675,5
2026-04-09 17:55:00,4797.645,4799.435,4796.848,4797.525,5
2026-04-09 18:00:00,4797.625,4797.765,4781.858,4785.185,5
2026-04-09 18:05:00,4785.365,4789.995,4781.125,4785.555,5
2026-04-09 18:10:00,4785.445,4788.098,4780.255,4783.525,5
2026-04-09 18:15:00,4783.558,4788.035,4782.085,4785.385,5
2026-04-09 18:20:00,4785.445,4786.785,4777.505,4779.938,5
2026-04-09 18:25:00,4779.958,4783.165,4778.355,4781.875,5
2026-04-09 18:30:00,4781.798,4782.115,4772.018,4776.715,5
2026-04-09 18:35:00,4776.685,4779.455,4773.525,4776.285,5
2026-04-09 18:40:00,4776.245,4776.305,4768.245,4770.298,5
2026-04-09 18:45:00,4770.325,4772.778,4767.498,4772.318,5
2026-04-09 18:50:00,4772.218,4772.635,4769.025,4769.525,5
2026-04-09 18:55:00,4769.555,4774.185,4769.005,4771.785,5
2026-04-09 19:00:00,4771.755,4776.505,4768.675,4776.105,5
2026-04-09 19:05:00,4776.185,4781.695,4774.535,4781.475,5
2026-04-09 19:10:00,4781.535,4782.385,4778.055,4779.265,5
2026-04-09 19:15:00,4779.295,4780.275,4772.905,4773.605,5
2026-04-09 19:20:00,4773.495,4776.095,4772.165,4775.745,5
2026-04-09 19:25:00,4775.765,4778.015,4772.998,4773.405,5
2026-04-09 19:30:00,4773.335,4777.815,4769.365,4771.305,5
2026-04-09 19:35:00,4771.285,4772.905,4770.155,4771.055,5
2026-04-09 19:40:00,4771.085,4775.445,4769.305,4771.965,5
2026-04-09 19:45:00,4771.915,4772.615,4768.785,4769.615,5
2026-04-09 19:50:00,4769.725,4773.715,4769.725,4771.825,5
2026-04-09 19:55:00,4771.785,4771.785,4766.675,4768.665,5
2026-04-09 20:00:00,4768.855,4771.175,4766.678,4770.305,5
2026-04-09 20:05:00,4770.025,4770.755,4768.575,4770.305,5
2026-04-09 20:10:00,4770.265,4771.055,4769.175,4769.585,5
2026-04-09 20:15:00,4769.725,4770.655,4766.005,4770.355,5
2026-04-09 20:20:00,4770.325,4773.135,4770.115,4772.095,5
2026-04-09 20:25:00,4772.085,4772.675,4769.285,4769.675,5
2026-04-09 20:30:00,4769.665,4771.185,4768.945,4768.975,5
2026-04-09 20:35:00,4768.955,4769.205,4762.945,4764.145,5
2026-04-09 20:40:00,4764.195,4764.495,4760.505,4763.975,5
2026-04-09 20:45:00,4764.115,4766.605,4763.435,4764.835,5
2026-04-09 20:50:00,4764.395,4768.645,4764.355,4767.585,5
2026-04-09 20:55:00,4767.435,4767.625,4763.345,4763.345,5
2026-04-09 22:00:00,4766.498,4779.285,4765.285,4771.965,5
2026-04-09 22:05:00,4771.935,4772.145,4766.668,4770.305,5
2026-04-09 22:10:00,4770.155,4771.445,4767.455,4769.845,5
2026-04-09 22:15:00,4769.815,4770.735,4765.055,4765.838,5
2026-04-09 22:20:00,4765.798,4769.645,4764.438,4767.095,5
2026-04-09 22:25:00,4766.795,4769.025,4763.475,4764.245,5
2026-04-09 22:30:00,4764.385,4767.325,4762.275,4764.865,5
2026-04-09 22:35:00,4764.855,4765.435,4759.105,4759.485,5
2026-04-09 22:40:00,4759.165,4762.395,4759.085,4760.975,5
2026-04-09 22:45:00,4761.085,4762.055,4758.735,4760.185,5
2026-04-09 22:50:00,4760.245,4762.665,4758.375,4761.695,5
2026-04-09 22:55:00,4761.675,4764.475,4760.435,4763.838,5
2026-04-09 23:00:00,4763.858,4763.918,4758.665,4762.298,5
2026-04-09 23:05:00,4762.298,4762.738,4757.108,4761.658,5
2026-04-09 23:10:00,4761.618,4761.835,4757.025,4759.395,5
2026-04-09 23:15:00,4759.345,4761.575,4759.345,4760.265,5
2026-04-09 23:20:00,4760.255,4760.445,4756.745,4757.665,5
2026-04-09 23:25:00,4757.705,4758.145,4756.695,4758.085,5
2026-04-09 23:30:00,4758.105,4761.675,4758.085,4761.345,5
2026-04-09 23:35:00,4761.435,4762.885,4760.115,4760.485,5
2026-04-09 23:40:00,4760.515,4760.705,4758.165,4759.845,5
2026-04-09 23:45:00,4759.875,4764.065,4758.285,4762.155,5
2026-04-09 23:50:00,4762.065,4762.685,4759.975,4761.865,5
2026-04-09 23:55:00,4762.145,4763.725,4760.975,4763.435,5
2026-04-10 00:00:00,4763.485,4763.485,4753.305,4757.125,5
2026-04-10 00:05:00,4756.865,4757.505,4750.475,4754.085,5
2026-04-10 00:10:00,4753.795,4754.685,4750.515,4754.005,5
2026-04-10 00:15:00,4754.015,4757.225,4751.005,4755.045,5
2026-04-10 00:20:00,4755.145,4758.155,4752.748,4753.575,5
2026-04-10 00:25:00,4753.535,4754.935,4750.575,4753.415,5
2026-04-10 00:30:00,4753.445,4758.815,4753.445,4758.705,5
2026-04-10 00:35:00,4758.865,4760.915,4757.405,4759.265,5
2026-04-10 00:40:00,4759.225,4760.085,4754.248,4755.315,5
2026-04-10 00:45:00,4755.255,4755.975,4754.455,4755.375,5
2026-04-10 00:50:00,4755.455,4758.475,4755.455,4755.815,5
2026-04-10 00:55:00,4756.545,4762.935,4755.495,4762.745,5
2026-04-10 01:00:00,4762.705,4767.215,4760.255,4760.545,5
2026-04-10 01:05:00,4760.485,4764.585,4758.245,4758.915,5
2026-04-10 01:10:00,4758.885,4762.065,4757.665,4760.515,5
2026-04-10 01:15:00,4760.495,4765.245,4757.925,4763.415,5
2026-04-10 01:20:00,4763.445,4764.135,4758.515,4758.635,5
2026-04-10 01:25:00,4758.615,4763.225,4758.335,4762.235,5
2026-04-10 01:30:00,4762.295,4771.245,4760.125,4771.215,5
2026-04-10 01:35:00,4771.265,4777.035,4769.735,4773.105,5
2026-04-10 01:40:00,4773.075,4775.465,4769.355,4771.645,5
2026-04-10 01:45:00,4771.505,4773.345,4764.698,4766.195,5
2026-04-10 01:50:00,4766.225,4766.225,4760.018,4765.345,5
2026-04-10 01:55:00,4765.855,4767.275,4761.445,4764.335,5
2026-04-10 02:00:00,4764.385,4765.235,4754.355,4754.895,5
2026-04-10 02:05:00,4754.805,4760.015,4754.575,4759.265,5
2026-04-10 02:10:00,4759.205,4759.275,4748.245,4752.305,5
2026-04-10 02:15:00,4752.335,4753.975,4746.175,4747.505,5
2026-04-10 02:20:00,4747.525,4749.875,4742.125,4744.975,5
2026-04-10 02:25:00,4745.085,4749.215,4743.665,4744.385,5
2026-04-10 02:30:00,4744.345,4745.595,4737.715,4743.765,5
2026-04-10 02:35:00,4743.825,4748.895,4742.745,4747.545,5
2026-04-10 02:40:00,4747.585,4749.775,4746.195,4749.375,5
2026-04-10 02:45:00,4749.635,4751.215,4747.215,4749.345,5
2026-04-10 02:50:00,4749.125,4751.755,4747.355,4749.245,5
2026-04-10 02:55:00,4749.245,4753.545,4748.015,4752.925,5
2026-04-10 03:00:00,4752.815,4756.455,4752.805,4754.625,5
2026-04-10 03:05:00,4754.665,4757.935,4753.605,4757.705,5
2026-04-10 03:10:00,4757.648,4761.575,4757.195,4759.835,5
2026-04-10 03:15:00,4759.775,4761.715,4758.435,4761.225,5
2026-04-10 03:20:00,4761.175,4761.748,4757.245,4758.098,5
2026-04-10 03:25:00,4758.098,4758.205,4754.698,4755.635,5
2026-04-10 03:30:00,4755.635,4762.395,4755.465,4762.015,5
2026-04-10 03:35:00,4762.265,4768.265,4761.895,4764.475,5
2026-04-10 03:40:00,4764.735,4765.738,4762.798,4764.995,5
2026-04-10 03:45:00,4765.015,4769.235,4764.515,4766.645,5
2026-04-10 03:50:00,4766.585,4766.915,4763.868,4764.275,5
2026-04-10 03:55:00,4764.228,4766.785,4763.625,4766.355,5
2026-04-10 04:00:00,4766.325,4767.845,4765.955,4766.965,5
2026-04-10 04:05:00,4766.945,4767.475,4765.035,4765.665,5
2026-04-10 04:10:00,4765.775,4767.285,4764.508,4767.035,5
2026-04-10 04:15:00,4767.105,4770.525,4765.795,4770.345,5
2026-04-10 04:20:00,4770.375,4770.455,4766.638,4766.638,5
2026-04-10 04:25:00,4766.638,4767.355,4765.105,4765.175,5
2026-04-10 04:30:00,4765.205,4765.435,4763.278,4763.378,5
2026-04-10 04:35:00,4763.458,4764.195,4761.815,4762.845,5
2026-04-10 04:40:00,4762.905,4763.575,4761.375,4762.145,5
2026-04-10 04:45:00,4762.075,4763.135,4761.275,4763.115,5
2026-04-10 04:50:00,4763.185,4765.335,4760.825,4762.475,5
2026-04-10 04:55:00,4762.385,4762.505,4757.635,4758.255,5
2026-04-10 05:00:00,4758.315,4762.185,4756.928,4761.915,5
2026-04-10 05:05:00,4762.045,4763.085,4759.875,4761.575,5
2026-04-10 05:10:00,4761.615,4761.865,4758.745,4759.745,5
2026-04-10 05:15:00,4759.765,4760.265,4758.325,4759.825,5
2026-04-10 05:20:00,4759.875,4763.885,4759.845,4760.845,5
2026-04-10 05:25:00,4760.905,4763.785,4759.175,4759.385,5
2026-04-10 05:30:00,4759.715,4765.355,4759.045,4764.695,5
2026-04-10 05:35:00,4764.575,4768.055,4763.415,4764.885,5
2026-04-10 05:40:00,4764.905,4766.615,4761.305,4764.735,5
2026-04-10 05:45:00,4764.705,4767.105,4764.455,4766.065,5
2026-04-10 05:50:00,4766.035,4768.915,4765.395,4766.945,5
2026-04-10 05:55:00,4766.875,4767.535,4765.175,4765.465,5
2026-04-10 06:00:00,4765.505,4765.625,4760.125,4761.605,5
2026-04-10 06:05:00,4761.635,4763.775,4758.845,4759.075,5
2026-04-10 06:10:00,4759.045,4761.145,4755.385,4756.035,5
2026-04-10 06:15:00,4756.045,4757.385,4751.935,4752.525,5
2026-04-10 06:20:00,4752.475,4754.595,4751.495,4753.625,5
2026-04-10 06:25:00,4753.675,4755.785,4752.415,4755.255,5
2026-04-10 06:30:00,4755.275,4758.395,4753.985,4757.975,5
2026-04-10 06:35:00,4757.935,4758.275,4749.198,4752.205,5
2026-04-10 06:40:00,4752.015,4753.905,4749.635,4750.535,5
2026-04-10 06:45:00,4750.565,4754.045,4743.645,4743.645,5
2026-04-10 06:50:00,4743.685,4747.055,4742.655,4744.525,5
2026-04-10 06:55:00,4744.555,4748.085,4744.075,4746.165,5
2026-04-10 07:00:00,4745.725,4750.595,4741.045,4750.275,5
2026-04-10 07:05:00,4750.345,4752.035,4748.665,4751.515,5
2026-04-10 07:10:00,4751.485,4752.505,4745.458,4746.855,5
2026-04-10 07:15:00,4746.965,4753.145,4746.035,4752.415,5
2026-04-10 07:20:00,4752.515,4754.645,4751.135,4754.045,5
2026-04-10 07:25:00,4754.175,4755.835,4752.485,4753.365,5
2026-04-10 07:30:00,4753.605,4755.915,4751.335,4755.585,5
2026-04-10 07:35:00,4755.555,4756.965,4754.405,4755.435,5
2026-04-10 07:40:00,4755.395,4757.345,4752.425,4753.805,5
2026-04-10 07:45:00,4753.775,4754.765,4751.655,4753.795,5
2026-04-10 07:50:00,4753.775,4753.775,4749.695,4750.545,5
2026-04-10 07:55:00,4750.505,4751.885,4747.965,4749.355,5
2026-04-10 08:00:00,4749.385,4753.155,4747.365,4747.365,5
2026-04-10 08:05:00,4747.475,4750.825,4746.985,4749.835,5
2026-04-10 08:10:00,4749.805,4751.955,4748.735,4749.675,5
2026-04-10 08:15:00,4749.625,4749.895,4742.005,4745.285,5
2026-04-10 08:20:00,4745.335,4746.835,4743.995,4745.768,5
2026-04-10 08:25:00,4745.785,4747.855,4744.885,4746.775,5
2026-04-10 08:30:00,4746.555,4752.145,4746.145,4749.815,5
2026-04-10 08:35:00,4749.665,4751.955,4747.775,4749.205,5
2026-04-10 08:40:00,4749.255,4749.675,4740.825,4742.135,5
2026-04-10 08:45:00,4742.315,4743.755,4732.805,4735.245,5
2026-04-10 08:50:00,4735.225,4736.475,4730.205,4736.365,5
2026-04-10 08:55:00,4736.205,4741.995,4734.395,4740.398,5
2026-04-10 09:00:00,4740.735,4745.155,4740.545,4744.325,5
2026-04-10 09:05:00,4744.345,4745.865,4741.355,4741.985,5
2026-04-10 09:10:00,4742.005,4746.585,4741.348,4746.565,5
2026-04-10 09:15:00,4746.475,4760.555,4744.365,4759.165,5
2026-04-10 09:20:00,4759.125,4759.245,4752.345,4752.745,5
2026-04-10 09:25:00,4752.655,4753.245,4748.545,4748.545,5
2026-04-10 09:30:00,4748.365,4749.995,4746.045,4747.375,5
2026-04-10 09:35:00,4747.425,4750.235,4747.065,4748.385,5
2026-04-10 09:40:00,4748.345,4750.825,4747.575,4750.225,5
2026-04-10 09:45:00,4750.195,4750.225,4747.725,4749.535,5
2026-04-10 09:50:00,4749.505,4752.408,4748.515,4751.355,5
2026-04-10 09:55:00,4751.245,4752.915,4750.015,4751.355,5
2026-04-10 10:00:00,4751.335,4753.125,4746.925,4747.245,5
2026-04-10 10:05:00,4747.195,4747.225,4742.095,4745.595,5
2026-04-10 10:10:00,4745.545,4747.315,4742.925,4746.875,5
2026-04-10 10:15:00,4746.905,4752.005,4746.178,4751.865,5
2026-04-10 10:20:00,4751.925,4758.598,4751.555,4758.245,5
2026-04-10 10:25:00,4758.185,4760.468,4757.415,4757.995,5
2026-04-10 10:30:00,4758.025,4759.485,4756.625,4759.385,5
2026-04-10 10:35:00,4759.335,4759.355,4753.648,4754.098,5
2026-04-10 10:40:00,4754.198,4756.075,4753.835,4755.345,5
2026-04-10 10:45:00,4755.305,4757.828,4753.895,4757.695,5
2026-04-10 10:50:00,4757.975,4759.525,4756.055,4756.855,5
2026-04-10 10:55:00,4756.825,4758.215,4755.288,4756.895,5
2026-04-10 11:00:00,4756.915,4759.325,4756.245,4759.295,5
2026-04-10 11:05:00,4759.275,4759.315,4754.825,4755.615,5
2026-04-10 11:10:00,4755.465,4756.485,4753.025,4755.415,5
2026-04-10 11:15:00,4755.415,4758.225,4754.175,4758.165,5
2026-04-10 11:20:00,4758.145,4762.245,4757.555,4761.045,5
2026-04-10 11:25:00,4761.025,4762.125,4757.865,4761.475,5
2026-04-10 11:30:00,4761.405,4762.955,4758.268,4758.915,5
2026-04-10 11:35:00,4758.945,4762.525,4758.795,4761.248,5
2026-04-10 11:40:00,4761.248,4766.775,4760.025,4766.775,5
2026-04-10 11:45:00,4766.795,4766.795,4762.868,4763.105,5
2026-04-10 11:50:00,4763.285,4766.085,4762.615,4764.445,5
2026-04-10 11:55:00,4764.465,4768.445,4763.185,4767.965,5
2026-04-10 12:00:00,4768.115,4769.755,4763.815,4766.375,5
2026-04-10 12:05:00,4766.305,4767.785,4763.365,4764.555,5
2026-04-10 12:10:00,4764.535,4767.175,4763.948,4766.675,5
2026-04-10 12:15:00,4766.725,4770.898,4765.485,4768.105,5
2026-04-10 12:20:00,4767.905,4768.415,4759.575,4759.905,5
2026-04-10 12:25:00,4759.925,4762.675,4759.565,4762.435,5
2026-04-10 12:30:00,4762.465,4782.315,4761.195,4780.375,5
2026-04-10 12:35:00,4780.495,4782.135,4770.505,4775.718,5
2026-04-10 12:40:00,4775.698,4778.405,4768.655,4772.445,5
2026-04-10 12:45:00,4772.485,4773.995,4763.385,4767.285,5
2026-04-10 12:50:00,4767.315,4770.875,4764.565,4764.638,5
2026-04-10 12:55:00,4764.765,4772.145,4764.415,4771.565,5
2026-04-10 13:00:00,4771.615,4773.365,4767.825,4770.855,5
2026-04-10 13:05:00,4770.815,4777.485,4768.998,4774.025,5
2026-04-10 13:10:00,4773.995,4774.215,4770.005,4772.145,5
2026-04-10 13:15:00,4772.278,4773.268,4765.825,4772.165,5
2026-04-10 13:20:00,4772.115,4779.815,4770.415,4775.755,5
2026-04-10 13:25:00,4775.775,4779.875,4773.945,4775.545,5
2026-04-10 13:30:00,4775.635,4778.625,4768.985,4769.845,5
2026-04-10 13:35:00,4769.885,4777.215,4764.615,4775.595,5
2026-04-10 13:40:00,4775.545,4775.765,4766.445,4768.935,5
2026-04-10 13:45:00,4768.905,4773.785,4765.825,4773.275,5
2026-04-10 13:50:00,4773.275,4777.215,4768.855,4777.045,5
2026-04-10 13:55:00,4777.075,4777.455,4773.795,4774.405,5
2026-04-10 14:00:00,4775.015,4780.165,4769.005,4776.095,5
2026-04-10 14:05:00,4776.178,4780.378,4774.495,4775.535,5
2026-04-10 14:10:00,4775.615,4780.265,4766.868,4779.965,5
2026-04-10 14:15:00,4780.005,4788.445,4778.895,4788.175,5
2026-04-10 14:20:00,4788.085,4790.965,4785.645,4790.135,5
2026-04-10 14:25:00,4790.155,4792.745,4787.175,4790.405,5
2026-04-10 14:30:00,4790.345,4794.765,4787.395,4787.558,5
2026-04-10 14:35:00,4787.558,4790.805,4786.415,4786.448,5
2026-04-10 14:40:00,4786.595,4788.475,4773.805,4780.545,5
2026-04-10 14:45:00,4780.715,4783.055,4771.565,4771.935,5
2026-04-10 14:50:00,4771.985,4781.655,4770.595,4774.105,5
2026-04-10 14:55:00,4774.185,4779.278,4770.518,4774.418,5
2026-04-10 15:00:00,4774.418,4778.568,4773.175,4774.045,5
2026-04-10 15:05:00,4774.065,4779.785,4769.185,4779.395,5
2026-04-10 15:10:00,4779.455,4783.535,4778.985,4781.555,5
2026-04-10 15:15:00,4781.725,4786.335,4781.445,4781.735,5
2026-04-10 15:20:00,4781.705,4787.195,4781.445,4785.995,5
2026-04-10 15:25:00,4785.995,4785.995,4775.815,4775.875,5
2026-04-10 15:30:00,4775.825,4778.155,4772.345,4774.395,5
2026-04-10 15:35:00,4774.495,4774.985,4755.245,4760.225,5
2026-04-10 15:40:00,4760.245,4766.925,4759.475,4765.665,5
2026-04-10 15:45:00,4765.485,4769.465,4762.765,4766.145,5
2026-04-10 15:50:00,4766.125,4769.725,4764.715,4766.215,5
2026-04-10 15:55:00,4766.325,4766.325,4758.318,4761.898,5
2026-04-10 16:00:00,4761.875,4762.975,4753.115,4753.475,5
2026-04-10 16:05:00,4753.655,4756.545,4747.105,4756.245,5
2026-04-10 16:10:00,4756.225,4763.285,4755.965,4763.195,5
2026-04-10 16:15:00,4763.255,4765.155,4760.855,4761.715,5
2026-04-10 16:20:00,4761.735,4761.975,4753.985,4760.635,5
2026-04-10 16:25:00,4760.565,4762.095,4756.725,4757.985,5
2026-04-10 16:30:00,4758.275,4763.065,4756.545,4760.885,5
2026-04-10 16:35:00,4760.915,4765.125,4760.395,4762.085,5
2026-04-10 16:40:00,4762.035,4762.725,4755.948,4756.398,5
2026-04-10 16:45:00,4756.748,4761.955,4755.658,4760.995,5
2026-04-10 16:50:00,4760.965,4765.785,4760.545,4765.075,5
2026-04-10 16:55:00,4765.125,4765.285,4761.858,4763.525,5
2026-04-10 17:00:00,4763.605,4764.325,4758.865,4759.715,5
2026-04-10 17:05:00,4759.535,4763.075,4757.715,4761.715,5
2026-04-10 17:10:00,4761.805,4766.025,4759.955,4764.325,5
2026-04-10 17:15:00,4764.275,4768.325,4763.235,4766.795,5
2026-04-10 17:20:00,4766.785,4768.305,4761.175,4764.165,5
2026-04-10 17:25:00,4764.195,4768.405,4761.115,4762.515,5
2026-04-10 17:30:00,4762.675,4765.495,4758.835,4760.445,5
2026-04-10 17:35:00,4760.465,4762.605,4757.995,4761.205,5
2026-04-10 17:40:00,4761.185,4762.025,4758.665,4758.815,5
2026-04-10 17:45:00,4758.695,4764.065,4758.455,4763.525,5
2026-04-10 17:50:00,4763.495,4764.745,4760.185,4761.035,5
2026-04-10 17:55:00,4761.005,4761.735,4758.725,4760.155,5
2026-04-10 18:00:00,4760.125,4760.645,4752.855,4753.045,5
2026-04-10 18:05:00,4753.075,4757.825,4750.705,4755.955,5
2026-04-10 18:10:00,4755.978,4763.655,4755.805,4763.175,5
2026-04-10 18:15:00,4763.215,4767.795,4762.505,4767.605,5
2026-04-10 18:20:00,4767.655,4769.245,4763.665,4764.195,5
2026-04-10 18:25:00,4764.215,4766.595,4763.275,4765.765,5
2026-04-10 18:30:00,4765.885,4771.455,4765.785,4770.875,5
2026-04-10 18:35:00,4770.855,4772.765,4768.035,4771.375,5
2026-04-10 18:40:00,4771.365,4772.515,4767.815,4767.975,5
2026-04-10 18:45:00,4767.975,4768.035,4762.995,4763.715,5
2026-04-10 18:50:00,4763.745,4767.645,4763.555,4767.615,5
2026-04-10 18:55:00,4767.635,4767.835,4764.355,4764.895,5
2026-04-10 19:00:00,4764.935,4767.145,4764.165,4766.725,5
2026-04-10 19:05:00,4766.725,4767.815,4764.805,4765.055,5
2026-04-10 19:10:00,4765.135,4766.865,4764.805,4766.595,5
2026-04-10 19:15:00,4766.545,4769.805,4765.435,4769.085,5
2026-04-10 19:20:00,4769.065,4770.325,4766.585,4767.405,5
2026-04-10 19:25:00,4767.385,4768.385,4762.845,4763.325,5
2026-04-10 19:30:00,4763.465,4765.245,4761.105,4764.305,5
2026-04-10 19:35:00,4764.345,4764.725,4761.465,4762.475,5
2026-04-10 19:40:00,4762.395,4763.915,4760.505,4763.555,5
2026-04-10 19:45:00,4763.565,4764.305,4758.665,4759.605,5
2026-04-10 19:50:00,4759.638,4761.915,4758.085,4758.885,5
2026-04-10 19:55:00,4758.915,4760.345,4758.225,4759.585,5
2026-04-10 20:00:00,4759.655,4759.785,4752.518,4752.518,5
2026-04-10 20:05:00,4752.758,4754.185,4750.958,4753.498,5
2026-04-10 20:10:00,4753.515,4755.178,4752.585,4753.178,5
2026-04-10 20:15:00,4753.195,4753.218,4750.358,4751.125,5
2026-04-10 20:20:00,4750.765,4750.938,4747.695,4748.238,5
2026-04-10 20:25:00,4748.238,4748.738,4740.598,4745.218,5
2026-04-10 20:30:00,4745.158,4749.118,4744.778,4746.678,5
2026-04-10 20:35:00,4746.728,4749.598,4746.178,4749.598,5
2026-04-10 20:40:00,4749.758,4752.098,4749.358,4750.648,5
2026-04-10 20:45:00,4750.645,4751.288,4748.848,4750.085,5
2026-04-10 20:50:00,4750.095,4751.628,4747.458,4748.715,5
2026-04-10 20:55:00,4748.675,4750.265,4745.125,4746.935,5
2026-04-12 22:00:00,4634.998,4690.685,4634.998,4668.895,5
2026-04-12 22:05:00,4669.145,4682.715,4665.595,4665.818,5
2026-04-12 22:10:00,4666.645,4684.455,4665.325,4675.635,5
2026-04-12 22:15:00,4675.585,4682.425,4667.995,4667.995,5
2026-04-12 22:20:00,4667.865,4671.965,4653.598,4656.855,5
2026-04-12 22:25:00,4656.855,4658.125,4643.178,4646.898,5
2026-04-12 22:30:00,4647.098,4654.685,4644.478,4653.265,5
2026-04-12 22:35:00,4653.458,4656.425,4649.798,4656.425,5
2026-04-12 22:40:00,4656.415,4658.488,4650.198,4657.298,5
2026-04-12 22:45:00,4657.255,4658.638,4651.008,4658.498,5
2026-04-12 22:50:00,4658.528,4659.288,4653.898,4655.098,5
2026-04-12 22:55:00,4655.088,4659.798,4654.098,4658.398,5
2026-04-12 23:00:00,4658.398,4660.008,4652.598,4658.438,5
2026-04-12 23:05:00,4658.438,4658.768,4651.338,4656.398,5
2026-04-12 23:10:00,4656.378,4659.475,4654.575,4659.185,5
2026-04-12 23:15:00,4659.365,4659.645,4648.325,4651.855,5
2026-04-12 23:20:00,4651.895,4652.005,4644.015,4646.935,5
2026-04-12 23:25:00,4646.805,4653.798,4646.805,4653.225,5
2026-04-12 23:30:00,4653.165,4656.085,4649.805,4654.755,5
2026-04-12 23:35:00,4654.735,4659.975,4654.155,4657.595,5
2026-04-12 23:40:00,4657.615,4659.375,4653.845,4655.195,5
2026-04-12 23:45:00,4655.205,4660.625,4655.165,4659.775,5
2026-04-12 23:50:00,4659.755,4670.988,4659.715,4666.715,5
2026-04-12 23:55:00,4666.545,4671.685,4665.915,4671.155,5
2026-04-13 00:00:00,4671.175,4671.905,4664.325,4668.245,5
2026-04-13 00:05:00,4668.555,4671.765,4667.045,4671.095,5
2026-04-13 00:10:00,4671.065,4672.928,4668.965,4671.995,5
2026-04-13 00:15:00,4671.965,4675.885,4671.645,4673.285,5
2026-04-13 00:20:00,4673.255,4674.715,4668.815,4672.735,5
2026-04-13 00:25:00,4672.755,4675.475,4670.135,4672.725,5
2026-04-13 00:30:00,4672.595,4680.595,4670.645,4680.015,5
2026-04-13 00:35:00,4679.805,4682.945,4675.225,4677.175,5
2026-04-13 00:40:00,4677.175,4681.785,4676.675,4678.185,5
2026-04-13 00:45:00,4678.155,4686.798,4677.775,4686.765,5
2026-04-13 00:50:00,4686.975,4690.945,4684.745,4689.315,5
2026-04-13 00:55:00,4689.445,4698.615,4686.485,4695.275,5
2026-04-13 01:00:00,4694.795,4708.915,4693.405,4704.145,5
2026-04-13 01:05:00,4704.115,4708.445,4699.755,4707.955,5
2026-04-13 01:10:00,4707.595,4719.425,4705.585,4715.215,5
2026-04-13 01:15:00,4715.095,4717.905,4711.365,4716.505,5
2026-04-13 01:20:00,4716.565,4721.425,4714.235,4715.455,5
2026-04-13 01:25:00,4715.625,4720.235,4713.985,4717.255,5
2026-04-13 01:30:00,4717.285,4721.155,4710.505,4721.155,5
2026-04-13 01:35:00,4721.125,4721.395,4713.125,4716.845,5
2026-04-13 01:40:00,4716.685,4718.585,4711.995,4714.145,5
2026-04-13 01:45:00,4714.115,4717.885,4709.645,4714.785,5
2026-04-13 01:50:00,4714.785,4723.435,4714.295,4722.215,5
2026-04-13 01:55:00,4722.045,4728.035,4720.585,4721.035,5
2026-04-13 02:00:00,4721.005,4725.465,4718.695,4722.485,5
2026-04-13 02:05:00,4722.635,4725.715,4718.905,4722.915,5
2026-04-13 02:10:00,4722.885,4723.955,4720.655,4722.355,5
2026-04-13 02:15:00,4722.305,4724.105,4719.505,4721.915,5
2026-04-13 02:20:00,4721.945,4721.995,4719.215,4720.515,5
2026-04-13 02:25:00,4720.575,4724.595,4718.865,4719.665,5
2026-04-13 02:30:00,4719.695,4727.795,4719.115,4725.305,5
2026-04-13 02:35:00,4725.305,4725.305,4715.735,4715.735,5
2026-04-13 02:40:00,4715.695,4719.395,4714.895,4715.205,5
2026-04-13 02:45:00,4715.155,4717.815,4710.925,4712.185,5
2026-04-13 02:50:00,4711.865,4718.885,4711.125,4718.345,5
2026-04-13 02:55:00,4718.785,4721.325,4718.585,4720.295,5
2026-04-13 03:00:00,4720.135,4721.465,4714.735,4715.245,5
2026-04-13 03:05:00,4715.285,4715.305,4712.345,4714.355,5
2026-04-13 03:10:00,4714.315,4715.205,4711.875,4713.485,5
2026-04-13 03:15:00,4713.455,4717.155,4712.745,4715.265,5
2026-04-13 03:20:00,4715.245,4717.305,4713.435,4716.775,5
2026-04-13 03:25:00,4716.745,4720.775,4716.105,4718.665,5
2026-04-13 03:30:00,4718.625,4721.745,4718.105,4721.015,5
2026-04-13 03:35:00,4721.025,4721.565,4717.085,4718.525,5
2026-04-13 03:40:00,4718.575,4723.625,4718.365,4721.925,5
2026-04-13 03:45:00,4721.865,4722.205,4718.475,4720.485,5
2026-04-13 03:50:00,4720.465,4720.525,4717.645,4718.205,5
2026-04-13 03:55:00,4718.245,4719.915,4716.935,4717.695,5
2026-04-13 04:00:00,4717.675,4718.165,4712.715,4714.635,5
2026-04-13 04:05:00,4714.665,4715.185,4708.335,4712.375,5
2026-04-13 04:10:00,4712.435,4714.645,4710.735,4714.355,5
2026-04-13 04:15:00,4714.415,4715.585,4710.545,4712.065,5
2026-04-13 04:20:00,4712.155,4712.308,4709.375,4712.145,5
2026-04-13 04:25:00,4712.125,4715.265,4712.035,4712.395,5
2026-04-13 04:30:00,4712.445,4713.505,4708.585,4712.765,5
2026-04-13 04:35:00,4712.805,4712.805,4710.005,4711.945,5
2026-04-13 04:40:00,4711.995,4719.105,4711.995,4718.425,5
2026-04-13 04:45:00,4717.935,4718.925,4715.875,4718.518,5
2026-04-13 04:50:00,4718.518,4723.545,4717.845,4722.865,5
2026-04-13 04:55:00,4722.905,4724.595,4721.305,4722.738,5
2026-04-13 05:00:00,4722.755,4726.165,4720.635,4721.235,5
2026-04-13 05:05:00,4721.355,4723.115,4719.795,4720.905,5
2026-04-13 05:10:00,4720.905,4722.615,4717.998,4718.965,5
2026-04-13 05:15:00,4718.985,4720.965,4716.715,4716.735,5
2026-04-13 05:20:00,4716.875,4718.755,4716.075,4716.255,5
2026-04-13 05:25:00,4716.285,4721.335,4716.285,4720.275,5
2026-04-13 05:30:00,4720.235,4721.975,4717.815,4721.975,5
2026-04-13 05:35:00,4721.945,4724.575,4719.645,4722.515,5
2026-04-13 05:40:00,4722.575,4723.295,4719.785,4720.965,5
2026-04-13 05:45:00,4720.905,4725.475,4720.495,4722.578,5
2026-04-13 05:50:00,4722.578,4724.315,4720.335,4720.425,5
2026-04-13 05:55:00,4720.375,4730.605,4720.295,4729.145,5
2026-04-13 06:00:00,4729.125,4729.535,4723.165,4725.965,5
2026-04-13 06:05:00,4725.885,4729.255,4724.315,4727.815,5
2026-04-13 06:10:00,4727.745,4729.155,4724.125,4725.845,5
2026-04-13 06:15:00,4725.918,4731.635,4725.918,4728.455,5
2026-04-13 06:20:00,4728.435,4728.605,4725.175,4726.925,5
2026-04-13 06:25:00,4726.905,4731.685,4725.475,4731.375,5
2026-04-13 06:30:00,4731.625,4732.425,4728.315,4729.195,5
2026-04-13 06:35:00,4729.215,4730.775,4725.275,4726.705,5
2026-04-13 06:40:00,4726.725,4727.995,4725.215,4726.155,5
2026-04-13 06:45:00,4726.175,4726.205,4720.635,4721.365,5
2026-04-13 06:50:00,4721.385,4725.415,4721.035,4724.875,5
2026-04-13 06:55:00,4724.825,4725.508,4722.675,4725.445,5
2026-04-13 07:00:00,4725.405,4738.465,4725.365,4736.815,5
2026-04-13 07:05:00,4736.958,4737.345,4726.375,4726.375,5
2026-04-13 07:10:00,4726.315,4730.125,4724.485,4727.975,5
2026-04-13 07:15:00,4727.945,4732.555,4726.245,4731.015,5
2026-04-13 07:20:00,4731.088,4731.835,4729.035,4729.845,5
2026-04-13 07:25:00,4729.865,4731.575,4726.965,4730.585,5
2026-04-13 07:30:00,4730.715,4733.585,4730.185,4731.435,5
2026-04-13 07:35:00,4731.465,4732.085,4727.185,4729.635,5
2026-04-13 07:40:00,4729.615,4732.415,4728.295,4732.035,5
2026-04-13 07:45:00,4731.995,4738.845,4731.775,4738.775,5
2026-04-13 07:50:00,4738.745,4739.815,4734.095,4734.555,5
2026-04-13 07:55:00,4734.505,4736.285,4727.955,4733.435,5
2026-04-13 08:00:00,4733.465,4738.495,4733.075,4736.145,5
2026-04-13 08:05:00,4736.195,4737.045,4732.215,4733.945,5
2026-04-13 08:10:00,4734.215,4735.795,4732.555,4732.815,5
2026-04-13 08:15:00,4732.815,4733.295,4730.065,4732.845,5
2026-04-13 08:20:00,4732.825,4733.895,4730.105,4733.045,5
2026-04-13 08:25:00,4733.075,4734.165,4731.895,4731.945,5
2026-04-13 08:30:00,4731.905,4736.205,4730.425,4732.495,5
2026-04-13 08:35:00,4732.475,4734.415,4728.935,4729.815,5
2026-04-13 08:40:00,4729.755,4729.985,4720.785,4721.215,5
2026-04-13 08:45:00,4721.205,4729.575,4720.065,4728.495,5
2026-04-13 08:50:00,4728.215,4728.535,4723.895,4725.055,5
2026-04-13 08:55:00,4725.055,4726.585,4723.145,4723.265,5
2026-04-13 09:00:00,4723.285,4728.575,4722.695,4726.715,5
2026-04-13 09:05:00,4726.795,4727.155,4717.345,4717.445,5
2026-04-13 09:10:00,4717.555,4721.725,4715.745,4718.995,5
2026-04-13 09:15:00,4718.965,4720.485,4716.245,4719.925,5
2026-04-13 09:20:00,4719.905,4721.255,4716.695,4720.595,5
2026-04-13 09:25:00,4720.725,4720.725,4714.145,4715.015,5
2026-04-13 09:30:00,4715.015,4719.845,4713.855,4714.075,5
2026-04-13 09:35:00,4713.975,4715.705,4710.635,4715.705,5
2026-04-13 09:40:00,4715.675,4715.845,4710.385,4714.055,5
2026-04-13 09:45:00,4713.748,4716.205,4710.735,4713.515,5
2026-04-13 09:50:00,4713.345,4716.355,4711.955,4715.135,5
2026-04-13 09:55:00,4714.835,4716.495,4713.955,4714.545,5
2026-04-13 10:00:00,4714.565,4716.765,4714.495,4715.515,5
2026-04-13 10:05:00,4715.445,4718.525,4713.545,4718.075,5
2026-04-13 10:10:00,4717.955,4718.915,4714.475,4717.765,5
2026-04-13 10:15:00,4717.825,4718.005,4712.235,4712.985,5
2026-04-13 10:20:00,4712.905,4714.395,4710.985,4711.675,5
2026-04-13 10:25:00,4711.585,4712.275,4708.135,4712.205,5
2026-04-13 10:30:00,4712.278,4716.005,4711.475,4715.835,5
2026-04-13 10:35:00,4715.885,4717.215,4714.645,4717.215,5
2026-04-13 10:40:00,4717.105,4718.355,4714.515,4717.935,5
2026-04-13 10:45:00,4717.905,4721.845,4717.245,4721.425,5
2026-04-13 10:50:00,4721.445,4723.745,4719.885,4720.015,5
2026-04-13 10:55:00,4720.045,4722.065,4719.055,4721.905,5
2026-04-13 11:00:00,4721.975,4726.486,4720.845,4725.005,5
2026-04-13 11:05:00,4724.855,4728.955,4722.605,4722.685,5
2026-04-13 11:10:00,4722.705,4723.675,4719.845,4721.335,5
2026-04-13 11:15:00,4721.445,4722.865,4719.708,4719.925,5
2026-04-13 11:20:00,4719.945,4723.445,4718.865,4720.075,5
2026-04-13 11:25:00,4720.045,4721.125,4718.405,4720.835,5
2026-04-13 11:30:00,4720.645,4722.245,4719.388,4719.765,5
2026-04-13 11:35:00,4719.805,4719.825,4710.365,4712.005,5
2026-04-13 11:40:00,4711.885,4712.615,4703.935,4707.505,5
2026-04-13 11:45:00,4707.485,4711.255,4703.165,4708.545,5
2026-04-13 11:50:00,4708.515,4712.015,4705.425,4707.695,5
2026-04-13 11:55:00,4707.675,4711.035,4704.785,4706.875,5
2026-04-13 12:00:00,4706.745,4712.725,4703.515,4709.325,5
2026-04-13 12:05:00,4709.345,4715.125,4709.345,4714.025,5
2026-04-13 12:10:00,4713.925,4719.945,4713.925,4716.985,5
2026-04-13 12:15:00,4717.335,4717.625,4713.095,4713.775,5
2026-04-13 12:20:00,4713.805,4714.365,4705.575,4706.965,5
2026-04-13 12:25:00,4706.985,4711.005,4703.485,4710.455,5
2026-04-13 12:30:00,4710.455,4715.475,4709.745,4713.645,5
2026-04-13 12:35:00,4713.695,4715.695,4708.785,4711.115,5
2026-04-13 12:40:00,4711.145,4716.215,4710.435,4715.495,5
2026-04-13 12:45:00,4715.435,4722.025,4715.218,4721.055,5
2026-04-13 12:50:00,4721.055,4724.715,4719.305,4723.485,5
2026-04-13 12:55:00,4723.425,4724.895,4720.485,4723.315,5
2026-04-13 13:00:00,4723.218,4729.335,4722.545,4726.775,5
2026-04-13 13:05:00,4726.855,4730.225,4726.515,4728.115,5
2026-04-13 13:10:00,4728.225,4735.975,4725.598,4734.015,5
2026-04-13 13:15:00,4734.065,4737.165,4731.795,4734.998,5
2026-04-13 13:20:00,4735.035,4735.505,4728.588,4730.638,5
2026-04-13 13:25:00,4730.455,4733.988,4729.725,4732.888,5
2026-04-13 13:30:00,4733.355,4736.948,4730.365,4733.378,5
2026-04-13 13:35:00,4733.378,4734.555,4726.625,4726.915,5
2026-04-13 13:40:00,4726.945,4730.105,4724.275,4726.645,5
2026-04-13 13:45:00,4726.615,4740.025,4722.175,4739.125,5
2026-04-13 13:50:00,4739.335,4744.315,4721.015,4726.118,5
2026-04-13 13:55:00,4726.218,4731.635,4722.218,4730.158,5
2026-04-13 14:00:00,4730.115,4730.878,4720.415,4724.035,5
2026-04-13 14:05:00,4724.015,4727.315,4720.718,4724.915,5
2026-04-13 14:10:00,4724.885,4728.335,4723.635,4727.025,5
2026-04-13 14:15:00,4727.185,4727.885,4716.665,4718.105,5
2026-04-13 14:20:00,4718.165,4721.095,4709.125,4716.865,5
2026-04-13 14:25:00,4717.035,4717.365,4712.785,4715.105,5
2026-04-13 14:30:00,4715.065,4719.965,4708.285,4719.675,5
2026-04-13 14:35:00,4719.675,4720.108,4714.665,4718.715,5
2026-04-13 14:40:00,4718.805,4722.345,4716.955,4721.575,5
2026-04-13 14:45:00,4721.555,4723.228,4714.555,4714.975,5
2026-04-13 14:50:00,4714.895,4715.525,4709.785,4713.845,5
2026-04-13 14:55:00,4713.865,4720.055,4711.335,4718.775,5
2026-04-13 15:00:00,4718.715,4719.565,4705.635,4707.305,5
2026-04-13 15:05:00,4707.285,4708.355,4700.025,4705.255,5
2026-04-13 15:10:00,4705.275,4709.955,4702.978,4707.555,5
2026-04-13 15:15:00,4707.575,4711.345,4706.175,4706.515,5
2026-04-13 15:20:00,4706.715,4710.185,4704.355,4704.465,5
2026-04-13 15:25:00,4704.395,4706.055,4702.865,4703.595,5
2026-04-13 15:30:00,4703.645,4709.205,4702.065,4708.975,5
2026-04-13 15:35:00,4709.045,4718.015,4708.975,4715.755,5
2026-04-13 15:40:00,4715.795,4716.165,4710.845,4712.225,5
2026-04-13 15:45:00,4712.205,4715.135,4710.485,4714.875,5
2026-04-13 15:50:00,4714.835,4715.585,4712.028,4712.028,5
2026-04-13 15:55:00,4712.055,4714.645,4711.735,4714.225,5
2026-04-13 16:00:00,4714.195,4715.765,4709.915,4711.265,5
2026-04-13 16:05:00,4711.118,4719.045,4708.975,4716.505,5
2026-04-13 16:10:00,4716.555,4720.695,4715.015,4719.495,5
2026-04-13 16:15:00,4719.745,4729.355,4718.475,4725.605,5
2026-04-13 16:20:00,4725.545,4730.985,4722.145,4726.165,5
2026-04-13 16:25:00,4726.185,4733.798,4726.095,4729.875,5
2026-04-13 16:30:00,4729.888,4736.078,4728.415,4733.715,5
2026-04-13 16:35:00,4733.575,4736.885,4731.915,4735.465,5
2026-04-13 16:40:00,4735.595,4740.315,4729.805,4740.015,5
2026-04-13 16:45:00,4740.045,4746.090,4736.185,4737.425,5
2026-04-13 16:50:00,4737.455,4743.235,4734.825,4736.995,5
2026-04-13 16:55:00,4737.045,4737.745,4731.985,4732.785,5
2026-04-13 17:00:00,4732.795,4738.155,4732.785,4738.155,5
2026-04-13 17:05:00,4737.785,4737.945,4725.258,4728.635,5
2026-04-13 17:10:00,4728.675,4731.605,4728.405,4730.755,5
2026-04-13 17:15:00,4730.945,4744.498,4729.365,4744.165,5
2026-04-13 17:20:00,4744.145,4747.525,4741.065,4744.355,5
2026-04-13 17:25:00,4744.345,4749.725,4742.535,4742.805,5
2026-04-13 17:30:00,4742.635,4747.225,4742.595,4743.245,5
2026-04-13 17:35:00,4743.135,4746.635,4743.035,4745.855,5
2026-04-13 17:40:00,4745.825,4746.575,4742.475,4743.795,5
2026-04-13 17:45:00,4743.775,4743.995,4736.905,4738.415,5
2026-04-13 17:50:00,4738.435,4740.105,4727.035,4730.165,5
2026-04-13 17:55:00,4730.165,4731.475,4728.515,4729.648,5
2026-04-13 18:00:00,4729.725,4732.695,4728.915,4731.538,5
2026-04-13 18:05:00,4731.515,4732.305,4728.628,4729.355,5
2026-04-13 18:10:00,4729.295,4732.145,4729.015,4730.025,5
2026-04-13 18:15:00,4729.995,4730.955,4724.375,4724.505,5
2026-04-13 18:20:00,4724.485,4730.045,4724.198,4728.825,5
2026-04-13 18:25:00,4728.785,4728.825,4723.295,4727.145,5
2026-04-13 18:30:00,4727.035,4733.825,4726.615,4733.105,5
2026-04-13 18:35:00,4732.995,4735.165,4731.045,4731.555,5
2026-04-13 18:40:00,4731.635,4733.395,4730.655,4733.395,5
2026-04-13 18:45:00,4733.355,4736.295,4733.315,4735.625,5
2026-04-13 18:50:00,4735.685,4740.195,4733.925,4739.185,5
2026-04-13 18:55:00,4739.155,4740.525,4737.135,4738.245,5
2026-04-13 19:00:00,4738.165,4739.265,4735.035,4735.325,5
2026-04-13 19:05:00,4735.295,4735.625,4730.345,4734.245,5
2026-04-13 19:10:00,4734.215,4734.835,4732.215,4734.485,5
2026-04-13 19:15:00,4734.565,4738.015,4734.565,4737.065,5
2026-04-13 19:20:00,4736.795,4741.445,4736.795,4741.185,5
2026-04-13 19:25:00,4741.235,4743.755,4741.085,4742.965,5
2026-04-13 19:30:00,4742.785,4747.235,4742.515,4743.265,5
2026-04-13 19:35:00,4743.245,4745.478,4741.305,4741.305,5
2026-04-13 19:40:00,4741.258,4742.278,4738.745,4741.585,5
2026-04-13 19:45:00,4741.505,4741.665,4739.115,4740.858,5
2026-04-13 19:50:00,4740.858,4745.495,4740.858,4744.188,5
2026-04-13 19:55:00,4744.685,4745.305,4739.348,4740.968,5
2026-04-13 20:00:00,4740.938,4743.035,4739.438,4742.055,5
2026-04-13 20:05:00,4742.055,4743.378,4741.535,4742.378,5
2026-04-13 20:10:00,4742.378,4743.788,4741.745,4742.185,5
2026-04-13 20:15:00,4742.205,4742.525,4741.205,4741.665,5
2026-04-13 20:20:00,4741.595,4743.555,4740.178,4740.385,5
2026-04-13 20:25:00,4740.415,4740.585,4738.215,4739.075,5
2026-04-13 20:30:00,4739.048,4740.308,4738.225,4739.165,5
2026-04-13 20:35:00,4739.165,4739.855,4738.205,4738.265,5
2026-04-13 20:40:00,4738.158,4739.768,4738.158,4739.645,5
2026-04-13 20:45:00,4739.548,4740.775,4738.355,4738.845,5
2026-04-13 20:50:00,4738.865,4741.325,4737.915,4740.585,5
2026-04-13 20:55:00,4740.115,4742.485,4739.645,4739.645,5
2026-04-13 22:00:00,4742.318,4755.725,4742.318,4746.535,5
2026-04-13 22:05:00,4746.565,4750.485,4746.155,4747.815,5
2026-04-13 22:10:00,4747.845,4751.725,4747.055,4748.118,5
2026-04-13 22:15:00,4748.128,4749.475,4746.228,4748.305,5
2026-04-13 22:20:00,4748.245,4748.545,4745.705,4746.875,5
2026-04-13 22:25:00,4746.985,4748.675,4745.445,4748.535,5
2026-04-13 22:30:00,4748.465,4749.445,4746.705,4747.205,5
2026-04-13 22:35:00,4747.235,4749.115,4746.035,4747.695,5
2026-04-13 22:40:00,4747.585,4750.175,4747.585,4750.175,5
2026-04-13 22:45:00,4750.358,4753.005,4748.985,4750.655,5
2026-04-13 22:50:00,4750.675,4755.635,4750.675,4755.265,5
2026-04-13 22:55:00,4755.295,4759.375,4755.065,4757.468,5
2026-04-13 23:00:00,4757.395,4764.798,4757.305,4763.978,5
2026-04-13 23:05:00,4763.938,4765.238,4762.295,4764.498,5
2026-04-13 23:10:00,4764.468,4765.668,4762.215,4762.665,5
2026-04-13 23:15:00,4762.705,4763.225,4759.455,4760.215,5
2026-04-13 23:20:00,4760.235,4760.235,4757.365,4758.345,5
2026-04-13 23:25:00,4758.385,4758.525,4754.475,4755.175,5
2026-04-13 23:30:00,4755.205,4757.565,4754.175,4754.905,5
2026-04-13 23:35:00,4754.935,4759.775,4754.225,4759.445,5
2026-04-13 23:40:00,4759.515,4761.345,4758.955,4759.325,5
2026-04-13 23:45:00,4759.295,4761.518,4758.215,4758.245,5
2026-04-13 23:50:00,4757.915,4760.335,4756.405,4758.605,5
2026-04-13 23:55:00,4758.625,4758.665,4756.655,4757.365,5
2026-04-14 00:00:00,4757.405,4757.825,4751.285,4754.595,5
2026-04-14 00:05:00,4754.615,4757.675,4753.138,4755.945,5
2026-04-14 00:10:00,4755.985,4760.345,4755.255,4759.305,5
2026-04-14 00:15:00,4759.335,4764.255,4759.335,4763.515,5
2026-04-14 00:20:00,4763.528,4764.735,4761.265,4762.595,5
2026-04-14 00:25:00,4762.805,4767.355,4759.258,4762.195,5
2026-04-14 00:30:00,4762.215,4768.148,4761.145,4765.835,5
2026-04-14 00:35:00,4765.765,4771.355,4765.235,4771.235,5
2026-04-14 00:40:00,4771.185,4775.565,4769.465,4769.878,5
2026-04-14 00:45:00,4769.615,4771.538,4767.825,4770.438,5
2026-04-14 00:50:00,4770.438,4771.408,4768.545,4769.685,5
2026-04-14 00:55:00,4769.645,4771.695,4768.428,4769.495,5
2026-04-14 01:00:00,4769.535,4770.665,4762.195,4767.655,5
2026-04-14 01:05:00,4767.685,4776.695,4767.365,4775.225,5
2026-04-14 01:10:00,4775.095,4776.715,4770.465,4775.695,5
2026-04-14 01:15:00,4775.895,4776.515,4770.685,4771.445,5
2026-04-14 01:20:00,4771.475,4773.615,4769.305,4770.355,5
2026-04-14 01:25:00,4770.395,4774.635,4769.945,4770.185,5
2026-04-14 01:30:00,4770.235,4771.075,4764.155,4765.905,5
2026-04-14 01:35:00,4765.935,4769.775,4764.905,4767.995,5
2026-04-14 01:40:00,4768.015,4773.095,4767.825,4772.825,5
2026-04-14 01:45:00,4772.815,4773.785,4767.215,4767.865,5
2026-04-14 01:50:00,4767.885,4768.815,4764.025,4764.765,5
2026-04-14 01:55:00,4764.718,4766.795,4761.465,4764.745,5
2026-04-14 02:00:00,4764.745,4766.725,4762.705,4765.795,5
2026-04-14 02:05:00,4765.615,4770.885,4765.545,4768.655,5
2026-04-14 02:10:00,4768.715,4770.135,4767.265,4767.855,5
2026-04-14 02:15:00,4767.735,4772.395,4767.435,4771.055,5
2026-04-14 02:20:00,4771.035,4771.225,4768.125,4769.275,5
2026-04-14 02:25:00,4769.295,4769.785,4768.345,4768.535,5
2026-04-14 02:30:00,4768.515,4768.615,4761.795,4767.155,5
2026-04-14 02:35:00,4767.225,4769.495,4765.725,4767.805,5
2026-04-14 02:40:00,4767.935,4772.725,4766.525,4772.205,5
2026-04-14 02:45:00,4772.325,4776.835,4772.165,4775.625,5
2026-04-14 02:50:00,4775.595,4777.075,4774.265,4774.315,5
2026-04-14 02:55:00,4774.335,4775.775,4772.985,4774.875,5
2026-04-14 03:00:00,4774.855,4775.295,4771.315,4772.135,5
2026-04-14 03:05:00,4772.215,4772.975,4768.655,4768.785,5
2026-04-14 03:10:00,4768.755,4770.715,4768.415,4768.805,5
2026-04-14 03:15:00,4768.855,4769.565,4766.195,4769.495,5
2026-04-14 03:20:00,4769.525,4771.028,4768.138,4768.278,5
2026-04-14 03:25:00,4768.285,4768.485,4765.775,4768.125,5
2026-04-14 03:30:00,4768.145,4769.375,4765.478,4767.245,5
2026-04-14 03:35:00,4767.185,4767.345,4766.185,4766.545,5
2026-04-14 03:40:00,4766.455,4768.655,4765.298,4767.315,5
2026-04-14 03:45:00,4767.275,4771.155,4767.195,4771.125,5
2026-04-14 03:50:00,4771.165,4771.805,4770.035,4771.265,5
2026-04-14 03:55:00,4771.235,4771.575,4767.195,4767.545,5
2026-04-14 04:00:00,4767.915,4770.225,4766.695,4768.015,5
2026-04-14 04:05:00,4768.035,4768.355,4767.298,4767.705,5
2026-04-14 04:10:00,4767.755,4768.785,4767.635,4768.515,5
2026-04-14 04:15:00,4768.465,4773.505,4768.355,4773.505,5
2026-04-14 04:20:00,4773.485,4775.165,4773.315,4774.125,5
2026-04-14 04:25:00,4774.085,4776.935,4773.905,4775.755,5
2026-04-14 04:30:00,4775.815,4776.135,4773.878,4773.885,5
2026-04-14 04:35:00,4773.905,4775.225,4771.088,4772.815,5
2026-04-14 04:40:00,4772.795,4773.238,4771.815,4773.125,5
2026-04-14 04:45:00,4773.158,4775.555,4772.338,4775.205,5
2026-04-14 04:50:00,4775.145,4775.718,4773.375,4774.325,5
2026-04-14 04:55:00,4774.275,4774.425,4773.385,4773.825,5
2026-04-14 05:00:00,4773.845,4774.045,4770.395,4772.225,5
2026-04-14 05:05:00,4772.185,4772.375,4766.798,4767.098,5
2026-04-14 05:10:00,4767.098,4767.935,4762.978,4765.098,5
2026-04-14 05:15:00,4765.135,4767.295,4764.585,4766.535,5
2026-04-14 05:20:00,4766.395,4767.975,4764.505,4764.575,5
2026-04-14 05:25:00,4764.505,4764.665,4761.415,4764.405,5
2026-04-14 05:30:00,4764.398,4767.045,4760.155,4761.675,5
2026-04-14 05:35:00,4761.635,4763.095,4757.975,4758.785,5
2026-04-14 05:40:00,4758.838,4762.265,4757.638,4761.025,5
2026-04-14 05:45:00,4760.845,4766.375,4758.995,4763.735,5
2026-04-14 05:50:00,4763.465,4766.665,4761.295,4761.365,5
2026-04-14 05:55:00,4761.345,4762.865,4759.355,4759.648,5
2026-04-14 06:00:00,4759.618,4766.615,4759.618,4764.345,5
2026-04-14 06:05:00,4764.365,4769.625,4763.995,4769.255,5
2026-04-14 06:10:00,4769.235,4769.445,4764.875,4765.865,5
2026-04-14 06:15:00,4765.845,4765.845,4763.155,4763.645,5
2026-04-14 06:20:00,4763.605,4767.035,4763.605,4764.885,5
2026-04-14 06:25:00,4764.815,4767.925,4764.325,4767.445,5
2026-04-14 06:30:00,4767.425,4767.825,4764.365,4764.965,5
2026-04-14 06:35:00,4764.995,4767.625,4763.985,4767.355,5
2026-04-14 06:40:00,4767.335,4770.245,4766.998,4769.248,5
2026-04-14 06:45:00,4769.248,4774.105,4768.548,4772.765,5
2026-04-14 06:50:00,4772.745,4781.305,4770.765,4778.625,5
2026-04-14 06:55:00,4778.645,4782.855,4778.395,4782.005,5
2026-04-14 07:00:00,4781.945,4789.785,4780.805,4786.645,5
2026-04-14 07:05:00,4786.615,4796.185,4786.395,4793.415,5
2026-04-14 07:10:00,4793.365,4793.365,4785.945,4789.945,5
2026-04-14 07:15:00,4789.945,4791.455,4784.185,4784.655,5
2026-04-14 07:20:00,4784.735,4786.865,4771.765,4772.515,5
2026-04-14 07:25:00,4772.485,4774.575,4767.575,4772.485,5
2026-04-14 07:30:00,4772.455,4775.735,4772.085,4772.415,5
2026-04-14 07:35:00,4772.505,4777.745,4771.645,4777.745,5
2026-04-14 07:40:00,4777.725,4779.475,4773.995,4777.765,5
2026-04-14 07:45:00,4777.735,4780.475,4777.085,4777.705,5
2026-04-14 07:50:00,4777.715,4777.925,4773.855,4775.095,5
2026-04-14 07:55:00,4775.115,4779.445,4773.605,4777.025,5
2026-04-14 08:00:00,4776.975,4777.915,4774.035,4777.715,5
2026-04-14 08:05:00,4777.655,4782.245,4777.475,4780.295,5
2026-04-14 08:10:00,4780.335,4782.865,4777.715,4780.195,5
2026-04-14 08:15:00,4780.135,4780.498,4777.518,4779.515,5
2026-04-14 08:20:00,4779.508,4781.555,4775.425,4777.295,5
2026-04-14 08:25:00,4777.345,4786.465,4777.275,4785.845,5
2026-04-14 08:30:00,4785.855,4789.095,4784.915,4788.405,5
2026-04-14 08:35:00,4788.445,4789.825,4785.715,4787.778,5
2026-04-14 08:40:00,4787.778,4787.778,4782.445,4784.565,5
2026-04-14 08:45:00,4784.745,4785.635,4783.355,4784.445,5
2026-04-14 08:50:00,4784.405,4785.075,4781.545,4784.205,5
2026-04-14 08:55:00,4784.175,4786.685,4781.168,4786.685,5
2026-04-14 09:00:00,4786.715,4787.925,4784.215,4785.545,5
2026-04-14 09:05:00,4785.485,4785.825,4780.125,4785.305,5
2026-04-14 09:10:00,4785.345,4785.915,4783.505,4785.435,5
2026-04-14 09:15:00,4785.545,4787.165,4784.395,4784.935,5
2026-04-14 09:20:00,4784.955,4789.115,4783.205,4786.645,5
2026-04-14 09:25:00,4786.418,4786.418,4778.375,4778.405,5
2026-04-14 09:30:00,4778.415,4778.995,4771.395,4774.295,5
2026-04-14 09:35:00,4773.885,4779.555,4773.565,4778.895,5
2026-04-14 09:40:00,4778.735,4779.295,4775.665,4778.205,5
2026-04-14 09:45:00,4778.185,4778.755,4772.785,4775.675,5
2026-04-14 09:50:00,4775.735,4778.375,4775.665,4777.145,5
2026-04-14 09:55:00,4777.175,4782.215,4777.145,4777.985,5
2026-04-14 10:00:00,4778.065,4781.965,4777.898,4779.635,5
2026-04-14 10:05:00,4779.665,4784.695,4779.665,4784.355,5
2026-04-14 10:10:00,4784.485,4784.815,4780.115,4782.155,5
2026-04-14 10:15:00,4782.175,4787.015,4781.385,4787.005,5
2026-04-14 10:20:00,4786.975,4787.955,4783.005,4783.905,5
2026-04-14 10:25:00,4783.845,4785.085,4780.205,4783.745,5
2026-04-14 10:30:00,4783.715,4784.405,4781.895,4784.165,5
2026-04-14 10:35:00,4784.215,4784.225,4751.285,4763.005,5
2026-04-14 10:40:00,4762.975,4768.225,4756.635,4767.215,5
2026-04-14 10:45:00,4767.165,4770.235,4766.615,4769.535,5
2026-04-14 10:50:00,4769.565,4772.105,4768.735,4770.135,5
2026-04-14 10:55:00,4770.215,4772.055,4768.105,4768.175,5
2026-04-14 11:00:00,4768.145,4771.445,4766.665,4771.255,5
2026-04-14 11:05:00,4771.225,4776.785,4770.125,4775.865,5
2026-04-14 11:10:00,4775.985,4776.675,4775.018,4776.425,5
2026-04-14 11:15:00,4776.465,4777.825,4774.835,4776.845,5
2026-04-14 11:20:00,4776.845,4778.865,4776.298,4778.088,5
2026-04-14 11:25:00,4778.075,4782.885,4777.295,4777.965,5
2026-04-14 11:30:00,4778.245,4778.245,4772.985,4773.605,5
2026-04-14 11:35:00,4773.645,4777.875,4773.115,4777.625,5
2026-04-14 11:40:00,4777.595,4779.745,4776.645,4777.925,5
2026-04-14 11:45:00,4777.985,4778.795,4774.975,4775.245,5
2026-04-14 11:50:00,4775.155,4775.545,4770.335,4773.118,5
2026-04-14 11:55:00,4773.135,4782.518,4770.298,4774.578,5
2026-04-14 12:00:00,4774.755,4777.055,4773.535,4774.335,5
2026-04-14 12:05:00,4774.138,4777.365,4774.005,4774.735,5
2026-04-14 12:10:00,4774.645,4775.005,4768.545,4769.578,5
2026-04-14 12:15:00,4769.578,4772.445,4765.745,4770.595,5
2026-04-14 12:20:00,4770.655,4770.665,4762.455,4765.965,5
2026-04-14 12:25:00,4766.008,4770.495,4764.965,4768.255,5
2026-04-14 12:30:00,4768.225,4776.015,4767.785,4775.235,5
2026-04-14 12:35:00,4775.135,4775.955,4769.065,4773.098,5
2026-04-14 12:40:00,4773.115,4775.845,4767.935,4768.645,5
2026-04-14 12:45:00,4768.865,4773.485,4765.765,4772.365,5
2026-04-14 12:50:00,4772.395,4773.105,4761.905,4764.185,5
2026-04-14 12:55:00,4764.405,4771.495,4763.655,4771.235,5
2026-04-14 13:00:00,4771.265,4777.805,4770.965,4777.305,5
2026-04-14 13:05:00,4777.365,4777.835,4773.475,4776.635,5
2026-04-14 13:10:00,4776.685,4781.778,4776.675,4781.705,5
2026-04-14 13:15:00,4781.685,4787.485,4780.798,4787.305,5
2026-04-14 13:20:00,4787.345,4792.295,4786.238,4791.385,5
2026-04-14 13:25:00,4791.385,4791.415,4781.368,4782.565,5
2026-04-14 13:30:00,4782.585,4794.195,4779.775,4793.845,5
2026-04-14 13:35:00,4793.865,4803.115,4788.085,4788.868,5
2026-04-14 13:40:00,4788.878,4793.038,4786.308,4792.905,5
2026-04-14 13:45:00,4792.465,4794.615,4790.285,4793.975,5
2026-04-14 13:50:00,4794.015,4795.775,4788.745,4792.895,5
2026-04-14 13:55:00,4792.875,4796.235,4790.005,4794.388,5
2026-04-14 14:00:00,4794.388,4803.465,4794.388,4795.185,5
2026-04-14 14:05:00,4795.205,4802.115,4792.668,4801.725,5
2026-04-14 14:10:00,4801.815,4802.305,4793.785,4794.665,5
2026-04-14 14:15:00,4794.705,4806.125,4794.705,4804.375,5
2026-04-14 14:20:00,4804.435,4804.837,4798.415,4800.645,5
2026-04-14 14:25:00,4800.585,4810.425,4799.455,4808.908,5
2026-04-14 14:30:00,4808.915,4816.015,4806.255,4813.155,5
2026-04-14 14:35:00,4813.315,4817.598,4801.535,4803.875,5
2026-04-14 14:40:00,4803.825,4804.275,4798.158,4798.298,5
2026-04-14 14:45:00,4798.315,4800.715,4794.948,4799.218,5
2026-04-14 14:50:00,4799.218,4801.585,4796.275,4801.455,5
2026-04-14 14:55:00,4801.615,4806.325,4801.095,4803.635,5
2026-04-14 15:00:00,4803.645,4803.665,4795.605,4795.925,5
2026-04-14 15:05:00,4795.855,4797.985,4791.595,4792.615,5
2026-04-14 15:10:00,4792.655,4797.605,4790.995,4794.375,5
2026-04-14 15:15:00,4794.405,4800.575,4792.945,4800.345,5
2026-04-14 15:20:00,4800.325,4805.575,4799.125,4803.265,5
2026-04-14 15:25:00,4803.365,4804.815,4800.535,4802.395,5
2026-04-14 15:30:00,4802.395,4810.155,4802.028,4806.925,5
2026-04-14 15:35:00,4806.978,4813.465,4806.978,4811.785,5
2026-04-14 15:40:00,4811.545,4811.895,4807.005,4808.805,5
2026-04-14 15:45:00,4809.155,4811.155,4807.005,4808.445,5
2026-04-14 15:50:00,4808.505,4815.885,4807.945,4809.998,5
2026-04-14 15:55:00,4810.008,4810.938,4806.285,4807.795,5
2026-04-14 16:00:00,4807.865,4812.835,4804.735,4811.238,5
2026-04-14 16:05:00,4811.485,4813.705,4808.745,4810.705,5
2026-04-14 16:10:00,4810.555,4810.898,4807.065,4809.225,5
2026-04-14 16:15:00,4809.245,4816.475,4806.995,4815.705,5
2026-04-14 16:20:00,4815.685,4817.185,4809.755,4816.235,5
2026-04-14 16:25:00,4816.485,4819.018,4814.868,4816.035,5
2026-04-14 16:30:00,4816.088,4819.995,4814.615,4815.418,5
2026-04-14 16:35:00,4815.435,4816.665,4813.285,4815.855,5
2026-04-14 16:40:00,4815.885,4817.535,4813.945,4814.915,5
2026-04-14 16:45:00,4815.058,4815.058,4810.665,4814.435,5
2026-04-14 16:50:00,4814.478,4817.915,4812.395,4813.328,5
2026-04-14 16:55:00,4813.328,4813.535,4808.808,4809.885,5
2026-04-14 17:00:00,4809.965,4817.128,4809.198,4814.918,5
2026-04-14 17:05:00,4814.765,4832.748,4814.765,4829.148,5
2026-04-14 17:10:00,4829.148,4833.295,4826.715,4826.805,5
2026-04-14 17:15:00,4826.835,4827.855,4824.835,4827.258,5
2026-04-14 17:20:00,4827.305,4831.125,4826.025,4830.565,5
2026-04-14 17:25:00,4830.548,4831.608,4824.598,4825.398,5
2026-04-14 17:30:00,4825.398,4833.798,4824.908,4831.645,5
2026-04-14 17:35:00,4831.685,4839.525,4830.295,4837.675,5
2026-04-14 17:40:00,4837.685,4841.515,4836.458,4836.848,5
2026-04-14 17:45:00,4836.848,4838.965,4835.805,4837.698,5
2026-04-14 17:50:00,4837.698,4839.525,4835.795,4836.335,5
2026-04-14 17:55:00,4836.285,4837.185,4834.265,4834.885,5
2026-04-14 18:00:00,4834.925,4836.958,4834.225,4836.828,5
2026-04-14 18:05:00,4836.828,4842.825,4835.835,4842.545,5
2026-04-14 18:10:00,4842.565,4843.018,4835.368,4838.498,5
2026-04-14 18:15:00,4838.508,4839.668,4834.765,4835.535,5
2026-04-14 18:20:00,4835.535,4836.828,4832.808,4834.965,5
2026-04-14 18:25:00,4835.025,4839.325,4834.018,4837.415,5
2026-04-14 18:30:00,4837.358,4838.298,4835.968,4836.358,5
2026-04-14 18:35:00,4836.358,4838.768,4836.358,4837.338,5
2026-04-14 18:40:00,4837.338,4838.098,4833.815,4834.178,5
2026-04-14 18:45:00,4834.178,4835.228,4832.675,4833.268,5
2026-04-14 18:50:00,4833.238,4833.828,4830.615,4833.615,5
2026-04-14 18:55:00,4833.598,4836.028,4833.598,4835.308,5
2026-04-14 19:00:00,4835.375,4841.245,4835.305,4840.935,5
2026-04-14 19:05:00,4840.898,4841.315,4839.205,4841.315,5
2026-04-14 19:10:00,4841.145,4842.225,4840.398,4840.745,5
2026-04-14 19:15:00,4840.745,4842.098,4838.595,4839.295,5
2026-04-14 19:20:00,4839.285,4841.785,4839.095,4839.655,5
2026-04-14 19:25:00,4839.655,4840.855,4838.158,4840.435,5
2026-04-14 19:30:00,4840.365,4843.485,4839.025,4839.498,5
2026-04-14 19:35:00,4839.495,4842.098,4838.298,4841.568,5
2026-04-14 19:40:00,4841.568,4842.265,4839.708,4840.698,5
2026-04-14 19:45:00,4840.698,4843.105,4839.865,4842.825,5
2026-04-14 19:50:00,4842.825,4843.915,4840.628,4840.898,5
2026-04-14 19:55:00,4840.898,4846.098,4840.678,4844.735,5
2026-04-14 20:00:00,4844.725,4845.955,4842.218,4842.968,5
2026-04-14 20:05:00,4842.918,4844.135,4841.855,4843.398,5
2026-04-14 20:10:00,4843.398,4843.518,4841.685,4842.455,5
2026-04-14 20:15:00,4842.478,4843.105,4839.295,4840.618,5
2026-04-14 20:20:00,4840.718,4841.335,4839.468,4841.275,5
2026-04-14 20:25:00,4841.245,4841.265,4839.385,4839.998,5
2026-04-14 20:30:00,4840.018,4840.818,4839.725,4839.968,5
2026-04-14 20:35:00,4839.868,4840.918,4839.825,4839.825,5
2026-04-14 20:40:00,4839.785,4842.865,4839.605,4841.915,5
2026-04-14 20:45:00,4841.735,4842.995,4841.015,4841.148,5
2026-04-14 20:50:00,4841.355,4841.775,4839.968,4841.545,5
2026-04-14 20:55:00,4841.585,4841.875,4839.548,4841.155,5
2026-04-14 22:00:00,4836.618,4849.935,4836.618,4848.515,5
2026-04-14 22:05:00,4848.575,4850.445,4845.648,4847.608,5
2026-04-14 22:10:00,4847.608,4847.775,4842.975,4844.425,5
2026-04-14 22:15:00,4844.455,4846.705,4837.098,4837.148,5
2026-04-14 22:20:00,4836.738,4842.265,4835.748,4841.838,5
2026-04-14 22:25:00,4841.848,4842.655,4839.438,4839.775,5
2026-04-14 22:30:00,4839.755,4843.105,4837.565,4838.675,5
2026-04-14 22:35:00,4838.695,4840.718,4838.135,4839.605,5
2026-04-14 22:40:00,4839.585,4841.375,4838.748,4840.005,5
2026-04-14 22:45:00,4840.025,4840.175,4837.388,4837.685,5
2026-04-14 22:50:00,4837.645,4838.555,4834.495,4835.765,5
2026-04-14 22:55:00,4835.795,4836.185,4832.928,4834.448,5
2026-04-14 23:00:00,4834.448,4837.848,4833.128,4836.648,5
2026-04-14 23:05:00,4836.648,4843.378,4836.548,4839.098,5
2026-04-14 23:10:00,4838.998,4839.865,4835.645,4836.775,5
2026-04-14 23:15:00,4836.795,4838.995,4834.838,4837.735,5
2026-04-14 23:20:00,4837.715,4838.585,4836.375,4837.915,5
2026-04-14 23:25:00,4837.975,4838.185,4834.598,4835.595,5
2026-04-14 23:30:00,4835.615,4841.545,4834.598,4841.175,5
2026-04-14 23:35:00,4841.175,4842.535,4838.298,4842.125,5
2026-04-14 23:40:00,4842.005,4842.215,4837.198,4842.045,5
2026-04-14 23:45:00,4842.075,4843.905,4840.598,4841.475,5
2026-04-14 23:50:00,4841.435,4841.895,4837.438,4838.585,5
2026-04-14 23:55:00,4838.555,4839.625,4835.878,4836.935,5
2026-04-15 00:00:00,4836.965,4838.885,4832.555,4838.155,5
2026-04-15 00:05:00,4838.215,4839.805,4833.815,4834.355,5
2026-04-15 00:10:00,4834.375,4835.215,4831.135,4833.595,5
2026-04-15 00:15:00,4833.175,4833.595,4828.555,4832.725,5
2026-04-15 00:20:00,4832.695,4835.855,4831.968,4835.585,5
2026-04-15 00:25:00,4835.555,4836.205,4828.415,4833.345,5
2026-04-15 00:30:00,4833.325,4833.375,4828.255,4830.555,5
2026-04-15 00:35:00,4830.505,4831.145,4826.855,4828.995,5
2026-04-15 00:40:00,4829.015,4830.125,4827.748,4829.935,5
2026-04-15 00:45:00,4829.885,4831.985,4828.885,4829.885,5
2026-04-15 00:50:00,4829.645,4831.395,4828.745,4830.655,5
2026-04-15 00:55:00,4830.685,4837.505,4830.555,4835.315,5
2026-04-15 01:00:00,4835.285,4837.755,4827.905,4834.165,5
2026-04-15 01:05:00,4834.168,4840.635,4831.365,4840.495,5
2026-04-15 01:10:00,4840.525,4852.255,4839.165,4849.985,5
2026-04-15 01:15:00,4849.905,4871.165,4848.055,4863.865,5
2026-04-15 01:20:00,4863.835,4865.285,4841.838,4843.185,5
2026-04-15 01:25:00,4843.225,4854.085,4843.225,4850.575,5
2026-04-15 01:30:00,4850.485,4850.565,4844.855,4847.855,5
2026-04-15 01:35:00,4847.965,4849.025,4843.518,4845.185,5
2026-04-15 01:40:00,4845.165,4851.095,4842.148,4843.048,5
2026-04-15 01:45:00,4843.148,4845.845,4839.405,4843.975,5
2026-04-15 01:50:00,4843.995,4847.488,4843.315,4844.208,5
2026-04-15 01:55:00,4844.198,4848.665,4842.535,4846.855,5
2026-04-15 02:00:00,4846.695,4848.848,4845.075,4847.925,5
2026-04-15 02:05:00,4847.905,4853.125,4847.225,4850.635,5
2026-04-15 02:10:00,4850.825,4850.905,4843.978,4844.885,5
2026-04-15 02:15:00,4845.015,4845.735,4841.348,4842.145,5
2026-04-15 02:20:00,4842.195,4842.985,4835.298,4836.785,5
2026-04-15 02:25:00,4836.805,4836.925,4831.948,4834.375,5
2026-04-15 02:30:00,4834.498,4834.798,4824.058,4826.955,5
2026-04-15 02:35:00,4826.875,4829.565,4821.155,4829.015,5
2026-04-15 02:40:00,4829.098,4830.425,4824.938,4827.975,5
2026-04-15 02:45:00,4827.955,4830.185,4825.018,4827.205,5
2026-04-15 02:50:00,4827.265,4829.595,4822.035,4823.665,5
2026-04-15 02:55:00,4823.695,4825.805,4820.395,4823.695,5
2026-04-15 03:00:00,4823.985,4824.865,4816.815,4816.985,5
2026-04-15 03:05:00,4817.025,4820.615,4816.548,4818.835,5
2026-04-15 03:10:00,4818.785,4822.845,4817.948,4820.545,5
2026-04-15 03:15:00,4820.565,4826.235,4820.125,4825.805,5
2026-04-15 03:20:00,4825.775,4825.805,4821.768,4822.525,5
2026-04-15 03:25:00,4822.405,4827.745,4821.928,4826.325,5
2026-04-15 03:30:00,4826.355,4828.325,4825.718,4825.845,5
2026-04-15 03:35:00,4825.818,4828.475,4825.678,4827.735,5
2026-04-15 03:40:00,4827.595,4828.505,4824.918,4828.195,5
2026-04-15 03:45:00,4828.225,4829.395,4825.935,4826.655,5
2026-04-15 03:50:00,4826.635,4828.385,4825.518,4826.475,5
2026-04-15 03:55:00,4826.455,4827.915,4823.728,4823.825,5
2026-04-15 04:00:00,4823.745,4823.745,4820.108,4820.935,5
2026-04-15 04:05:00,4820.955,4823.485,4820.105,4823.045,5
2026-04-15 04:10:00,4823.065,4826.165,4823.045,4824.938,5
2026-04-15 04:15:00,4824.938,4826.325,4822.308,4822.785,5
2026-04-15 04:20:00,4822.545,4824.425,4820.648,4823.698,5
2026-04-15 04:25:00,4823.835,4825.275,4822.445,4824.325,5
2026-04-15 04:30:00,4824.395,4826.955,4824.085,4826.685,5
2026-04-15 04:35:00,4826.655,4827.695,4824.225,4825.325,5
2026-04-15 04:40:00,4824.715,4825.405,4822.678,4823.155,5
2026-04-15 04:45:00,4823.155,4825.565,4821.335,4825.555,5
2026-04-15 04:50:00,4825.575,4825.845,4823.778,4825.125,5
2026-04-15 04:55:00,4824.965,4825.795,4823.358,4824.505,5
2026-04-15 05:00:00,4824.615,4828.285,4823.748,4824.765,5
2026-04-15 05:05:00,4824.745,4827.325,4822.098,4824.958,5
2026-04-15 05:10:00,4824.978,4827.645,4824.405,4826.635,5
2026-04-15 05:15:00,4826.595,4830.325,4825.838,4829.698,5
2026-04-15 05:20:00,4829.698,4829.845,4824.215,4824.818,5
2026-04-15 05:25:00,4824.795,4828.555,4824.298,4826.035,5
2026-04-15 05:30:00,4826.055,4827.845,4822.058,4826.855,5
2026-04-15 05:35:00,4826.885,4826.885,4813.438,4819.905,5
2026-04-15 05:40:00,4819.885,4820.785,4812.445,4816.645,5
2026-04-15 05:45:00,4816.725,4819.715,4814.098,4817.135,5
2026-04-15 05:50:00,4817.165,4821.825,4815.005,4820.848,5
2026-04-15 05:55:00,4821.035,4823.495,4819.045,4819.365,5
2026-04-15 06:00:00,4819.435,4824.695,4819.345,4821.035,5
2026-04-15 06:05:00,4821.075,4821.255,4816.405,4817.385,5
2026-04-15 06:10:00,4817.018,4820.605,4816.295,4818.935,5
2026-04-15 06:15:00,4818.945,4819.445,4815.935,4816.765,5
2026-04-15 06:20:00,4816.765,4817.315,4813.318,4814.635,5
2026-04-15 06:25:00,4814.665,4816.738,4813.435,4814.665,5
2026-04-15 06:30:00,4814.318,4817.165,4810.855,4813.805,5
2026-04-15 06:35:00,4813.815,4817.685,4811.995,4815.775,5
2026-04-15 06:40:00,4815.705,4816.265,4813.258,4815.885,5
2026-04-15 06:45:00,4815.905,4821.995,4815.135,4819.765,5
2026-04-15 06:50:00,4820.085,4820.185,4813.435,4814.545,5
2026-04-15 06:55:00,4814.298,4814.565,4811.038,4811.345,5
2026-04-15 07:00:00,4811.655,4813.418,4803.715,4808.605,5
2026-04-15 07:05:00,4808.695,4812.015,4806.575,4809.105,5
2026-04-15 07:10:00,4809.095,4816.775,4808.055,4815.575,5
2026-04-15 07:15:00,4815.605,4815.965,4809.758,4812.195,5
2026-04-15 07:20:00,4812.235,4813.995,4809.568,4809.735,5
2026-04-15 07:25:00,4809.755,4812.685,4805.375,4812.665,5
2026-04-15 07:30:00,4812.685,4814.335,4808.258,4811.545,5
2026-04-15 07:35:00,4811.515,4815.835,4811.428,4812.628,5
2026-04-15 07:40:00,4812.658,4814.235,4808.868,4810.205,5
2026-04-15 07:45:00,4810.175,4810.305,4805.705,4807.605,5
2026-04-15 07:50:00,4807.575,4810.585,4806.778,4809.885,5
2026-04-15 07:55:00,4809.805,4812.705,4808.278,4810.955,5
2026-04-15 08:00:00,4810.755,4811.465,4806.375,4811.465,5
2026-04-15 08:05:00,4811.445,4812.435,4807.715,4808.385,5
2026-04-15 08:10:00,4808.335,4811.485,4804.215,4811.395,5
2026-04-15 08:15:00,4811.425,4812.935,4809.905,4811.655,5
2026-04-15 08:20:00,4811.685,4811.965,4807.805,4809.898,5
2026-04-15 08:25:00,4809.978,4813.968,4805.735,4809.755,5
2026-04-15 08:30:00,4809.645,4811.785,4805.205,4809.515,5
2026-04-15 08:35:00,4809.245,4811.255,4806.998,4809.615,5
2026-04-15 08:40:00,4809.635,4812.825,4808.565,4809.988,5
2026-04-15 08:45:00,4810.215,4811.845,4809.665,4811.235,5
2026-04-15 08:50:00,4811.305,4815.135,4810.435,4814.345,5
2026-04-15 08:55:00,4814.365,4821.298,4813.948,4818.185,5
2026-04-15 09:00:00,4818.205,4819.345,4812.045,4814.865,5
2026-04-15 09:05:00,4814.945,4814.965,4804.945,4805.855,5
2026-04-15 09:10:00,4805.835,4808.375,4792.495,4804.765,5
2026-04-15 09:15:00,4804.845,4806.325,4801.138,4806.055,5
2026-04-15 09:20:00,4806.075,4807.135,4802.985,4804.125,5
2026-04-15 09:25:00,4804.065,4804.275,4797.238,4797.875,5
2026-04-15 09:30:00,4797.165,4803.755,4796.695,4798.175,5
2026-04-15 09:35:00,4798.195,4800.715,4795.145,4796.275,5
2026-04-15 09:40:00,4796.275,4800.125,4795.838,4795.925,5
2026-04-15 09:45:00,4795.835,4796.385,4785.885,4795.165,5
2026-04-15 09:50:00,4795.085,4798.545,4792.275,4798.325,5
2026-04-15 09:55:00,4798.375,4800.195,4794.165,4798.065,5
2026-04-15 10:00:00,4797.925,4798.785,4794.858,4795.415,5
2026-04-15 10:05:00,4795.485,4802.275,4795.335,4801.445,5
2026-04-15 10:10:00,4801.705,4802.935,4800.498,4801.105,5
2026-04-15 10:15:00,4801.085,4801.215,4793.258,4794.665,5
2026-04-15 10:20:00,4794.635,4798.005,4792.195,4794.105,5
2026-04-15 10:25:00,4794.085,4795.195,4789.915,4794.895,5
2026-04-15 10:30:00,4794.865,4798.725,4792.785,4794.145,5
2026-04-15 10:35:00,4794.115,4796.575,4793.228,4795.985,5
2026-04-15 10:40:00,4796.035,4800.585,4795.355,4800.025,5
2026-04-15 10:45:00,4800.185,4805.025,4799.465,4800.765,5
2026-04-15 10:50:00,4800.715,4804.355,4800.055,4803.205,5
2026-04-15 10:55:00,4803.185,4804.005,4799.695,4799.835,5
2026-04-15 11:00:00,4799.935,4799.955,4795.355,4798.055,5
2026-04-15 11:05:00,4798.095,4800.755,4797.845,4798.935,5
2026-04-15 11:10:00,4798.895,4804.395,4798.715,4802.245,5
2026-04-15 11:15:00,4802.205,4804.395,4799.655,4804.045,5
2026-04-15 11:20:00,4804.105,4806.585,4802.935,4806.245,5
2026-04-15 11:25:00,4806.215,4806.905,4804.565,4804.765,5
2026-04-15 11:30:00,4804.895,4808.515,4802.508,4802.875,5
2026-04-15 11:35:00,4802.905,4806.225,4802.715,4803.905,5
2026-04-15 11:40:00,4803.728,4806.105,4802.498,4805.765,5
2026-04-15 11:45:00,4805.765,4812.105,4803.498,4809.085,5
2026-04-15 11:50:00,4809.085,4814.085,4808.845,4813.955,5
2026-04-15 11:55:00,4813.955,4814.805,4810.245,4812.475,5
2026-04-15 12:00:00,4812.495,4814.125,4807.585,4809.225,5
2026-04-15 12:05:00,4809.205,4812.905,4806.765,4812.618,5
2026-04-15 12:10:00,4813.185,4813.915,4810.515,4813.835,5
2026-04-15 12:15:00,4813.855,4816.025,4812.405,4813.915,5
2026-04-15 12:20:00,4813.885,4813.985,4809.798,4812.975,5
2026-04-15 12:25:00,4813.005,4814.965,4810.258,4812.405,5
2026-04-15 12:30:00,4812.485,4815.965,4810.195,4813.345,5
2026-04-15 12:35:00,4813.325,4814.335,4810.188,4812.915,5
2026-04-15 12:40:00,4812.895,4814.195,4810.165,4811.495,5
2026-04-15 12:45:00,4811.465,4812.275,4808.165,4810.735,5
2026-04-15 12:50:00,4810.765,4813.695,4809.865,4812.485,5
2026-04-15 12:55:00,4812.505,4815.315,4810.758,4811.335,5
2026-04-15 13:00:00,4811.305,4816.138,4808.255,4811.628,5
2026-04-15 13:05:00,4811.628,4815.778,4809.528,4813.698,5
2026-04-15 13:10:00,4813.718,4815.005,4810.895,4813.825,5
2026-04-15 13:15:00,4813.785,4814.595,4809.895,4813.375,5
2026-04-15 13:20:00,4813.345,4819.515,4812.615,4816.645,5
2026-04-15 13:25:00,4817.160,4821.845,4816.935,4821.595,5
2026-04-15 13:30:00,4821.625,4822.075,4816.215,4818.725,5
2026-04-15 13:35:00,4818.745,4825.195,4815.585,4823.505,5
2026-04-15 13:40:00,4823.645,4824.875,4817.645,4820.345,5
2026-04-15 13:45:00,4820.325,4825.585,4819.785,4825.135,5
2026-04-15 13:50:00,4825.215,4827.345,4821.448,4825.375,5
2026-04-15 13:55:00,4825.465,4829.995,4824.095,4828.595,5
2026-04-15 14:00:00,4828.555,4829.525,4820.065,4826.015,5
2026-04-15 14:05:00,4826.055,4827.405,4823.885,4824.515,5
2026-04-15 14:10:00,4824.575,4828.815,4823.955,4828.375,5
2026-04-15 14:15:00,4828.405,4830.435,4824.295,4824.325,5
2026-04-15 14:20:00,4824.355,4827.275,4822.845,4825.695,5
2026-04-15 14:25:00,4825.635,4827.105,4822.085,4825.175,5
2026-04-15 14:30:00,4824.898,4825.495,4817.175,4818.715,5
2026-04-15 14:35:00,4818.765,4821.895,4815.225,4816.055,5
2026-04-15 14:40:00,4816.445,4821.225,4816.445,4819.075,5
2026-04-15 14:45:00,4819.105,4819.335,4815.038,4815.995,5
2026-04-15 14:50:00,4816.105,4818.705,4813.165,4814.485,5
2026-04-15 14:55:00,4814.525,4818.255,4814.205,4815.385,5
2026-04-15 15:00:00,4815.405,4816.025,4809.365,4810.085,5
2026-04-15 15:05:00,4809.935,4810.595,4799.898,4806.965,5
2026-04-15 15:10:00,4806.945,4812.105,4804.425,4809.985,5
2026-04-15 15:15:00,4809.965,4810.745,4803.478,4808.825,5
2026-04-15 15:20:00,4808.895,4809.495,4802.475,4805.085,5
2026-04-15 15:25:00,4804.975,4806.215,4797.318,4798.015,5
2026-04-15 15:30:00,4797.965,4799.665,4786.805,4795.145,5
2026-04-15 15:35:00,4795.195,4803.325,4794.995,4800.595,5
2026-04-15 15:40:00,4800.695,4806.195,4800.675,4803.325,5
2026-04-15 15:45:00,4803.295,4807.395,4802.115,4802.305,5
2026-04-15 15:50:00,4802.565,4806.395,4802.378,4805.045,5
2026-04-15 15:55:00,4804.945,4805.515,4798.438,4801.445,5
2026-04-15 16:00:00,4801.435,4807.295,4800.225,4804.195,5
2026-04-15 16:05:00,4804.215,4807.738,4803.148,4807.145,5
2026-04-15 16:10:00,4807.075,4810.218,4805.905,4808.355,5
2026-04-15 16:15:00,4808.355,4810.265,4804.985,4806.555,5
2026-04-15 16:20:00,4806.125,4810.305,4806.125,4807.905,5
2026-04-15 16:25:00,4807.905,4812.295,4806.975,4810.935,5
2026-04-15 16:30:00,4810.955,4811.655,4807.405,4809.265,5
2026-04-15 16:35:00,4809.325,4811.745,4806.605,4806.835,5
2026-04-15 16:40:00,4806.865,4809.355,4802.608,4804.385,5
2026-04-15 16:45:00,4804.355,4806.955,4802.658,4805.445,5
2026-04-15 16:50:00,4805.455,4807.055,4799.975,4801.785,5
2026-04-15 16:55:00,4801.755,4805.525,4801.225,4803.755,5
2026-04-15 17:00:00,4803.655,4804.745,4800.345,4800.465,5
2026-04-15 17:05:00,4800.495,4802.865,4799.355,4802.405,5
2026-04-15 17:10:00,4802.365,4803.005,4797.955,4797.995,5
2026-04-15 17:15:00,4797.975,4802.365,4797.975,4800.995,5
2026-04-15 17:20:00,4801.055,4807.105,4800.995,4806.135,5
2026-04-15 17:25:00,4806.175,4808.575,4799.855,4801.525,5
2026-04-15 17:30:00,4801.585,4802.505,4797.235,4800.295,5
2026-04-15 17:35:00,4800.295,4802.295,4796.858,4796.858,5
2026-04-15 17:40:00,4796.845,4797.405,4791.965,4793.235,5
2026-04-15 17:45:00,4793.255,4795.745,4793.215,4794.825,5
2026-04-15 17:50:00,4794.755,4795.175,4790.495,4793.125,5
2026-04-15 17:55:00,4793.165,4795.485,4791.505,4792.315,5
2026-04-15 18:00:00,4792.345,4800.595,4790.105,4796.015,5
2026-04-15 18:05:00,4795.748,4797.955,4792.015,4793.655,5
2026-04-15 18:10:00,4793.655,4797.175,4792.108,4796.835,5
2026-04-15 18:15:00,4796.805,4798.565,4794.385,4795.185,5
2026-04-15 18:20:00,4795.215,4796.505,4793.568,4794.375,5
2026-04-15 18:25:00,4794.345,4795.115,4792.638,4794.595,5
2026-04-15 18:30:00,4794.915,4798.255,4794.618,4797.655,5
2026-04-15 18:35:00,4797.685,4797.695,4794.805,4796.505,5
2026-04-15 18:40:00,4796.545,4796.875,4794.415,4796.745,5
2026-04-15 18:45:00,4796.785,4799.115,4796.725,4798.665,5
2026-04-15 18:50:00,4798.695,4801.945,4796.635,4797.065,5
2026-04-15 18:55:00,4797.005,4801.315,4796.698,4799.705,5
2026-04-15 19:00:00,4799.435,4801.405,4797.825,4801.195,5
2026-04-15 19:05:00,4801.165,4803.315,4799.435,4801.915,5
2026-04-15 19:10:00,4801.945,4802.985,4798.525,4798.525,5
2026-04-15 19:15:00,4798.615,4801.195,4797.575,4801.155,5
2026-04-15 19:20:00,4801.185,4802.255,4799.815,4801.235,5
2026-04-15 19:25:00,4801.205,4803.015,4800.865,4802.815,5
2026-04-15 19:30:00,4802.655,4802.725,4800.565,4801.095,5
2026-04-15 19:35:00,4801.145,4801.535,4797.965,4798.155,5
2026-04-15 19:40:00,4798.005,4798.765,4794.898,4796.605,5
2026-04-15 19:45:00,4796.765,4799.365,4796.015,4798.785,5
2026-04-15 19:50:00,4798.705,4801.265,4797.645,4798.715,5
2026-04-15 19:55:00,4798.765,4799.775,4794.375,4795.605,5
2026-04-15 20:00:00,4795.635,4796.515,4793.415,4794.055,5
2026-04-15 20:05:00,4793.905,4794.875,4792.518,4793.965,5
2026-04-15 20:10:00,4793.935,4795.055,4792.615,4793.695,5
2026-04-15 20:15:00,4793.615,4794.315,4793.165,4793.858,5
2026-04-15 20:20:00,4794.035,4795.755,4793.938,4794.165,5
2026-04-15 20:25:00,4794.225,4794.545,4793.595,4793.755,5
2026-04-15 20:30:00,4793.705,4793.705,4790.705,4791.955,5
2026-04-15 20:35:00,4791.935,4791.965,4789.925,4791.155,5
2026-04-15 20:40:00,4791.085,4791.258,4790.278,4790.605,5
2026-04-15 20:45:00,4790.645,4792.798,4787.945,4789.495,5
2026-04-15 20:50:00,4789.475,4790.255,4787.595,4788.145,5
2026-04-15 20:55:00,4788.055,4791.175,4787.705,4789.365,5
2026-04-15 22:00:00,4787.135,4799.185,4787.135,4798.075,5
2026-04-15 22:05:00,4797.548,4798.575,4794.248,4795.305,5
2026-04-15 22:10:00,4795.215,4795.505,4790.585,4791.685,5
2026-04-15 22:15:00,4791.705,4797.935,4791.625,4797.065,5
2026-04-15 22:20:00,4797.035,4802.145,4796.265,4800.595,5
2026-04-15 22:25:00,4800.545,4801.105,4798.275,4801.105,5
2026-04-15 22:30:00,4801.085,4803.245,4800.465,4800.875,5
2026-04-15 22:35:00,4800.825,4801.965,4798.955,4801.785,5
2026-04-15 22:40:00,4801.835,4801.905,4800.338,4800.638,5
2026-04-15 22:45:00,4800.648,4805.445,4800.648,4803.985,5
2026-04-15 22:50:00,4803.945,4810.535,4803.385,4810.205,5
2026-04-15 22:55:00,4810.235,4811.665,4806.978,4807.058,5
2026-04-15 23:00:00,4807.058,4809.628,4806.948,4808.898,5
2026-04-15 23:05:00,4808.938,4810.458,4807.928,4809.598,5
2026-04-15 23:10:00,4809.628,4812.955,4808.765,4812.485,5
2026-04-15 23:15:00,4812.515,4813.995,4812.195,4812.615,5
2026-04-15 23:20:00,4812.565,4815.555,4812.445,4815.065,5
2026-04-15 23:25:00,4815.085,4815.615,4813.815,4814.825,5
2026-04-15 23:30:00,4814.765,4820.615,4814.285,4819.795,5
2026-04-15 23:35:00,4819.855,4822.725,4819.345,4821.295,5
2026-04-15 23:40:00,4821.265,4824.005,4820.885,4822.965,5
2026-04-15 23:45:00,4822.925,4826.275,4822.895,4824.535,5
2026-04-15 23:50:00,4824.575,4826.425,4823.005,4823.165,5
2026-04-15 23:55:00,4823.155,4823.885,4821.795,4823.205,5
2026-04-16 00:00:00,4822.995,4830.945,4822.995,4828.595,5
2026-04-16 00:05:00,4828.645,4831.215,4828.645,4830.305,5
2026-04-16 00:10:00,4830.325,4830.935,4828.625,4829.445,5
2026-04-16 00:15:00,4829.478,4830.985,4828.068,4829.415,5
2026-04-16 00:20:00,4829.385,4829.995,4824.678,4827.135,5
2026-04-16 00:25:00,4827.178,4828.885,4822.218,4824.595,5
2026-04-16 00:30:00,4824.558,4827.085,4820.578,4822.135,5
2026-04-16 00:35:00,4822.105,4828.855,4820.638,4827.495,5
2026-04-16 00:40:00,4827.545,4837.455,4827.385,4832.275,5
2026-04-16 00:45:00,4832.245,4835.985,4830.505,4835.645,5
2026-04-16 00:50:00,4835.815,4837.105,4832.348,4833.025,5
2026-04-16 00:55:00,4833.085,4834.315,4832.215,4832.398,5
2026-04-16 01:00:00,4832.418,4835.985,4829.105,4829.125,5
2026-04-16 01:05:00,4829.005,4831.575,4828.545,4830.425,5
2026-04-16 01:10:00,4830.385,4832.185,4829.278,4829.505,5
2026-04-16 01:15:00,4829.425,4830.185,4824.745,4825.825,5
2026-04-16 01:20:00,4826.115,4828.885,4824.995,4825.105,5
2026-04-16 01:25:00,4825.145,4826.215,4822.535,4823.355,5
2026-04-16 01:30:00,4823.305,4825.365,4820.838,4821.415,5
2026-04-16 01:35:00,4821.445,4821.485,4812.515,4812.595,5
2026-04-16 01:40:00,4812.615,4818.185,4811.048,4815.785,5
2026-04-16 01:45:00,4815.835,4820.495,4815.098,4819.875,5
2026-04-16 01:50:00,4819.955,4821.755,4818.148,4820.385,5
2026-04-16 01:55:00,4820.305,4820.305,4817.125,4817.725,5
2026-04-16 02:00:00,4817.785,4821.825,4817.135,4820.895,5
2026-04-16 02:05:00,4820.865,4823.075,4819.935,4822.165,5
2026-04-16 02:10:00,4821.948,4824.765,4820.748,4820.848,5
2026-04-16 02:15:00,4820.848,4822.465,4820.085,4822.195,5
2026-04-16 02:20:00,4822.165,4823.148,4820.605,4821.835,5
2026-04-16 02:25:00,4821.795,4821.855,4818.938,4818.938,5
2026-04-16 02:30:00,4818.938,4821.195,4813.775,4813.975,5
2026-04-16 02:35:00,4814.035,4816.675,4812.158,4816.675,5
2026-04-16 02:40:00,4816.865,4819.415,4816.165,4816.935,5
2026-04-16 02:45:00,4816.985,4820.685,4815.145,4816.865,5
2026-04-16 02:50:00,4817.005,4820.945,4816.685,4818.225,5
2026-04-16 02:55:00,4818.345,4820.335,4818.325,4819.525,5
2026-04-16 03:00:00,4819.315,4823.215,4818.895,4822.065,5
2026-04-16 03:05:00,4822.105,4826.255,4822.105,4825.695,5
2026-04-16 03:10:00,4825.755,4826.985,4824.798,4826.355,5
2026-04-16 03:15:00,4826.335,4826.485,4822.985,4823.565,5
2026-04-16 03:20:00,4823.535,4824.525,4822.265,4823.848,5
2026-04-16 03:25:00,4823.925,4824.548,4822.315,4823.635,5
2026-04-16 03:30:00,4823.615,4825.735,4822.505,4822.795,5
2026-04-16 03:35:00,4822.715,4822.965,4818.928,4819.075,5
2026-04-16 03:40:00,4819.055,4820.875,4818.765,4820.305,5
2026-04-16 03:45:00,4820.365,4824.985,4820.285,4824.445,5
2026-04-16 03:50:00,4824.465,4826.195,4823.398,4826.085,5
2026-04-16 03:55:00,4826.175,4826.395,4823.815,4823.835,5
2026-04-16 04:00:00,4823.735,4825.025,4823.215,4824.665,5
2026-04-16 04:05:00,4824.625,4825.965,4822.998,4823.945,5
2026-04-16 04:10:00,4823.985,4827.015,4822.998,4826.765,5
2026-04-16 04:15:00,4826.785,4829.785,4826.698,4827.008,5
2026-04-16 04:20:00,4827.008,4827.585,4825.968,4826.405,5
2026-04-16 04:25:00,4826.058,4827.615,4825.448,4826.205,5
2026-04-16 04:30:00,4826.145,4827.635,4824.715,4827.218,5
2026-04-16 04:35:00,4827.218,4831.215,4827.038,4829.355,5
2026-04-16 04:40:00,4829.405,4830.735,4829.245,4830.325,5
2026-04-16 04:45:00,4830.215,4830.995,4829.418,4830.215,5
2026-04-16 04:50:00,4830.155,4830.715,4829.128,4830.305,5
2026-04-16 04:55:00,4830.375,4833.315,4830.345,4832.895,5
2026-04-16 05:00:00,4832.875,4836.098,4832.595,4835.955,5
2026-04-16 05:05:00,4835.798,4838.335,4833.335,4835.075,5
2026-04-16 05:10:00,4835.105,4836.125,4833.598,4834.105,5
2026-04-16 05:15:00,4834.105,4836.015,4833.765,4835.385,5
2026-04-16 05:20:00,4835.345,4835.445,4832.568,4832.568,5
2026-04-16 05:25:00,4832.568,4833.815,4831.498,4833.055,5
2026-04-16 05:30:00,4833.065,4833.505,4826.085,4826.325,5
2026-04-16 05:35:00,4826.418,4828.135,4825.045,4827.715,5
2026-04-16 05:40:00,4827.348,4829.265,4824.298,4824.945,5
2026-04-16 05:45:00,4824.815,4828.595,4824.498,4827.335,5
2026-04-16 05:50:00,4827.315,4829.125,4824.298,4825.915,5
2026-04-16 05:55:00,4825.945,4825.945,4821.085,4821.105,5
2026-04-16 06:00:00,4821.045,4827.835,4820.995,4823.855,5
2026-04-16 06:05:00,4823.835,4825.815,4822.185,4823.945,5
2026-04-16 06:10:00,4823.925,4826.345,4821.918,4822.418,5
2026-04-16 06:15:00,4822.418,4825.125,4820.555,4824.105,5
2026-04-16 06:20:00,4824.155,4824.515,4817.265,4819.775,5
2026-04-16 06:25:00,4819.755,4822.465,4814.105,4815.828,5
2026-04-16 06:30:00,4815.375,4820.105,4814.638,4816.318,5
2026-04-16 06:35:00,4816.358,4819.965,4816.328,4819.538,5
2026-04-16 06:40:00,4819.538,4824.795,4818.058,4823.965,5
2026-04-16 06:45:00,4823.915,4829.525,4822.275,4828.535,5
2026-04-16 06:50:00,4828.585,4830.465,4824.708,4828.285,5
2026-04-16 06:55:00,4828.328,4829.605,4825.558,4825.805,5
2026-04-16 07:00:00,4825.845,4829.545,4822.998,4828.845,5
2026-04-16 07:05:00,4828.945,4830.005,4824.855,4829.718,5
2026-04-16 07:10:00,4829.768,4830.735,4823.058,4824.875,5
2026-04-16 07:15:00,4824.845,4829.475,4820.565,4821.055,5
2026-04-16 07:20:00,4821.025,4824.645,4816.945,4824.125,5
2026-04-16 07:25:00,4824.155,4828.725,4824.065,4827.925,5
2026-04-16 07:30:00,4828.035,4828.385,4824.025,4827.195,5
2026-04-16 07:35:00,4827.195,4829.875,4826.505,4828.855,5
2026-04-16 07:40:00,4828.895,4829.885,4826.045,4827.255,5
2026-04-16 07:45:00,4827.275,4827.875,4822.658,4823.855,5
2026-04-16 07:50:00,4823.815,4825.815,4822.725,4823.825,5
2026-04-16 07:55:00,4823.795,4823.845,4818.888,4820.715,5
2026-04-16 08:00:00,4820.805,4821.645,4812.785,4813.925,5
2026-04-16 08:05:00,4813.925,4813.925,4806.955,4810.675,5
2026-04-16 08:10:00,4810.875,4814.235,4809.108,4811.505,5
2026-04-16 08:15:00,4811.505,4814.475,4811.015,4811.345,5
2026-04-16 08:20:00,4811.345,4813.645,4810.035,4810.895,5
2026-04-16 08:25:00,4810.955,4812.595,4809.088,4811.095,5
2026-04-16 08:30:00,4811.075,4811.225,4806.128,4807.995,5
2026-04-16 08:35:00,4807.995,4810.885,4807.048,4810.005,5
2026-04-16 08:40:00,4810.058,4813.235,4807.905,4811.745,5
2026-04-16 08:45:00,4811.725,4813.205,4809.975,4810.765,5
2026-04-16 08:50:00,4810.735,4811.255,4808.065,4811.098,5
2026-04-16 08:55:00,4811.105,4814.488,4808.935,4813.438,5
2026-04-16 09:00:00,4813.438,4815.155,4811.415,4814.995,5
2026-04-16 09:05:00,4814.915,4817.745,4814.745,4817.695,5
2026-04-16 09:10:00,4817.655,4817.715,4815.135,4815.885,5
2026-04-16 09:15:00,4815.905,4816.085,4813.125,4815.475,5
2026-04-16 09:20:00,4815.505,4816.795,4815.155,4815.275,5
2026-04-16 09:25:00,4815.255,4816.115,4811.085,4812.915,5
2026-04-16 09:30:00,4812.495,4812.965,4806.535,4811.025,5
2026-04-16 09:35:00,4810.965,4812.855,4809.325,4812.035,5
2026-04-16 09:40:00,4812.055,4814.765,4810.365,4814.485,5
2026-04-16 09:45:00,4814.505,4815.165,4812.105,4813.575,5
2026-04-16 09:50:00,4813.535,4814.125,4809.905,4811.765,5
2026-04-16 09:55:00,4812.065,4812.985,4809.925,4812.635,5
2026-04-16 10:00:00,4812.675,4815.485,4809.805,4812.395,5
2026-04-16 10:05:00,4812.395,4814.125,4810.965,4811.545,5
2026-04-16 10:10:00,4811.565,4811.625,4806.705,4806.765,5
2026-04-16 10:15:00,4806.735,4808.158,4804.855,4807.525,5
2026-04-16 10:20:00,4807.445,4809.185,4807.405,4808.025,5
2026-04-16 10:25:00,4808.055,4809.905,4806.545,4806.815,5
2026-04-16 10:30:00,4806.835,4808.035,4804.975,4807.805,5
2026-04-16 10:35:00,4807.765,4810.295,4807.455,4809.805,5
2026-04-16 10:40:00,4809.905,4812.045,4807.945,4808.075,5
2026-04-16 10:45:00,4808.055,4809.825,4806.355,4809.125,5
2026-04-16 10:50:00,4809.095,4810.885,4808.285,4810.825,5
2026-04-16 10:55:00,4810.805,4817.015,4810.805,4816.975,5
2026-04-16 11:00:00,4817.035,4819.965,4816.125,4819.755,5
2026-04-16 11:05:00,4819.735,4820.345,4816.195,4818.055,5
2026-04-16 11:10:00,4818.055,4819.475,4816.755,4817.295,5
2026-04-16 11:15:00,4817.325,4819.805,4816.605,4817.525,5
2026-04-16 11:20:00,4817.375,4819.055,4816.455,4817.305,5
2026-04-16 11:25:00,4817.305,4817.455,4815.195,4815.755,5
2026-04-16 11:30:00,4815.845,4819.548,4815.845,4818.635,5
2026-04-16 11:35:00,4818.605,4819.498,4817.015,4818.035,5
2026-04-16 11:40:00,4818.005,4818.005,4815.558,4817.515,5
2026-04-16 11:45:00,4817.475,4818.838,4815.765,4816.085,5
2026-04-16 11:50:00,4816.145,4819.698,4816.055,4817.885,5
2026-04-16 11:55:00,4817.905,4822.395,4816.765,4822.015,5
2026-04-16 12:00:00,4822.015,4822.915,4818.975,4819.335,5
2026-04-16 12:05:00,4819.365,4820.965,4815.355,4816.185,5
2026-04-16 12:10:00,4816.185,4817.205,4811.415,4817.105,5
2026-04-16 12:15:00,4817.165,4818.135,4815.495,4817.695,5
2026-04-16 12:20:00,4818.075,4818.365,4813.905,4816.405,5
2026-04-16 12:25:00,4816.425,4817.895,4813.675,4814.515,5
2026-04-16 12:30:00,4814.475,4820.045,4811.645,4818.935,5
2026-04-16 12:35:00,4818.908,4820.465,4813.055,4814.935,5
2026-04-16 12:40:00,4814.875,4816.895,4813.385,4816.708,5
2026-04-16 12:45:00,4816.708,4817.585,4813.625,4814.465,5
2026-04-16 12:50:00,4814.485,4817.215,4814.445,4816.215,5
2026-04-16 12:55:00,4816.535,4818.895,4815.875,4815.905,5
2026-04-16 13:00:00,4815.955,4822.875,4815.955,4819.425,5
2026-04-16 13:05:00,4819.445,4821.795,4814.475,4815.595,5
2026-04-16 13:10:00,4815.525,4818.915,4813.875,4816.988,5
2026-04-16 13:15:00,4816.988,4819.735,4816.385,4818.055,5
2026-04-16 13:20:00,4818.025,4821.165,4815.665,4816.495,5
2026-04-16 13:25:00,4816.465,4818.695,4814.875,4815.315,5
2026-04-16 13:30:00,4815.285,4821.895,4812.258,4821.535,5
2026-04-16 13:35:00,4821.505,4823.575,4817.065,4821.355,5
2026-04-16 13:40:00,4821.335,4823.535,4813.065,4816.045,5
2026-04-16 13:45:00,4815.995,4819.395,4809.248,4813.825,5
2026-04-16 13:50:00,4813.795,4815.405,4789.985,4794.265,5
2026-04-16 13:55:00,4794.015,4798.375,4784.745,4794.515,5
2026-04-16 14:00:00,4794.358,4798.195,4787.775,4792.095,5
2026-04-16 14:05:00,4792.035,4800.115,4784.875,4799.495,5
2026-04-16 14:10:00,4799.535,4805.185,4798.685,4800.575,5
2026-04-16 14:15:00,4800.595,4802.855,4793.685,4794.435,5
2026-04-16 14:20:00,4794.465,4797.235,4790.745,4795.695,5
2026-04-16 14:25:00,4795.655,4799.345,4793.435,4799.015,5
2026-04-16 14:30:00,4799.395,4800.565,4793.465,4796.285,5
2026-04-16 14:35:00,4796.215,4797.045,4789.855,4789.855,5
2026-04-16 14:40:00,4789.895,4790.175,4772.898,4787.705,5
2026-04-16 14:45:00,4787.395,4791.975,4785.215,4790.745,5
2026-04-16 14:50:00,4790.495,4793.305,4786.805,4791.355,5
2026-04-16 14:55:00,4791.315,4791.345,4785.305,4788.575,5
2026-04-16 15:00:00,4788.555,4802.005,4788.015,4800.605,5
2026-04-16 15:05:00,4800.625,4811.335,4799.065,4808.205,5
2026-04-16 15:10:00,4808.265,4812.695,4805.635,4806.555,5
2026-04-16 15:15:00,4806.595,4809.385,4802.535,4803.275,5
2026-04-16 15:20:00,4803.295,4806.435,4802.815,4804.275,5
2026-04-16 15:25:00,4804.295,4807.055,4801.785,4801.825,5
2026-04-16 15:30:00,4801.385,4805.665,4799.705,4801.045,5
2026-04-16 15:35:00,4800.975,4810.855,4797.855,4806.495,5
2026-04-16 15:40:00,4806.365,4807.285,4799.895,4802.715,5
2026-04-16 15:45:00,4802.815,4806.945,4800.655,4803.225,5
2026-04-16 15:50:00,4803.265,4807.035,4803.185,4804.765,5
2026-04-16 15:55:00,4804.785,4808.295,4803.635,4806.835,5
2026-04-16 16:00:00,4806.955,4810.098,4805.725,4808.255,5
2026-04-16 16:05:00,4808.315,4808.625,4805.645,4805.775,5
2026-04-16 16:10:00,4806.095,4807.115,4803.205,4804.705,5
2026-04-16 16:15:00,4804.735,4805.725,4802.245,4804.065,5
2026-04-16 16:20:00,4804.035,4804.325,4797.398,4798.185,5
2026-04-16 16:25:00,4798.205,4800.405,4796.505,4799.155,5
2026-04-16 16:30:00,4799.065,4799.715,4786.395,4791.945,5
2026-04-16 16:35:00,4792.115,4797.225,4791.095,4795.965,5
2026-04-16 16:40:00,4795.985,4796.135,4788.005,4789.818,5
2026-04-16 16:45:00,4789.815,4790.405,4784.935,4787.555,5
2026-04-16 16:50:00,4787.575,4793.145,4786.895,4789.725,5
2026-04-16 16:55:00,4789.745,4793.365,4789.665,4791.865,5
2026-04-16 17:00:00,4791.915,4794.955,4789.638,4791.838,5
2026-04-16 17:05:00,4791.825,4794.685,4790.495,4794.265,5
2026-04-16 17:10:00,4794.285,4795.165,4789.535,4791.185,5
2026-04-16 17:15:00,4791.225,4791.905,4788.365,4790.455,5
2026-04-16 17:20:00,4790.705,4793.135,4789.355,4792.585,5
2026-04-16 17:25:00,4792.565,4793.685,4784.425,4784.855,5
2026-04-16 17:30:00,4784.855,4789.125,4783.115,4783.945,5
2026-04-16 17:35:00,4784.045,4786.215,4781.215,4782.175,5
2026-04-16 17:40:00,4782.205,4787.415,4781.745,4786.925,5
2026-04-16 17:45:00,4786.985,4788.795,4784.705,4788.595,5
2026-04-16 17:50:00,4788.545,4788.975,4786.325,4786.855,5
2026-04-16 17:55:00,4786.895,4790.615,4782.255,4789.015,5
2026-04-16 18:00:00,4789.055,4794.235,4785.345,4790.305,5
2026-04-16 18:05:00,4790.335,4793.555,4789.075,4789.635,5
2026-04-16 18:10:00,4789.445,4790.305,4787.435,4789.955,5
2026-04-16 18:15:00,4789.565,4791.025,4788.365,4789.875,5
2026-04-16 18:20:00,4789.835,4792.935,4789.355,4790.075,5
2026-04-16 18:25:00,4790.125,4791.235,4786.438,4786.825,5
2026-04-16 18:30:00,4786.765,4789.975,4786.455,4788.615,5
2026-04-16 18:35:00,4788.595,4789.815,4787.515,4789.255,5
2026-04-16 18:40:00,4789.315,4791.165,4788.355,4790.195,5
2026-04-16 18:45:00,4789.925,4791.215,4788.795,4789.965,5
2026-04-16 18:50:00,4790.035,4792.535,4788.515,4790.065,5
2026-04-16 18:55:00,4790.015,4790.555,4788.055,4789.405,5
2026-04-16 19:00:00,4789.435,4794.845,4789.395,4792.405,5
2026-04-16 19:05:00,4792.425,4794.095,4791.345,4793.255,5
2026-04-16 19:10:00,4793.295,4793.555,4789.258,4789.705,5
2026-04-16 19:15:00,4789.738,4793.435,4789.695,4792.905,5
2026-04-16 19:20:00,4792.918,4793.575,4791.155,4792.515,5
2026-04-16 19:25:00,4792.485,4792.545,4790.405,4790.495,5
2026-04-16 19:30:00,4790.495,4793.585,4790.495,4791.575,5
2026-04-16 19:35:00,4791.605,4793.405,4790.445,4793.395,5
2026-04-16 19:40:00,4793.375,4797.665,4793.085,4797.455,5
2026-04-16 19:45:00,4797.515,4798.395,4793.475,4793.785,5
2026-04-16 19:50:00,4793.735,4794.835,4792.195,4794.505,5
2026-04-16 19:55:00,4794.758,4795.745,4792.355,4793.445,5
2026-04-16 20:00:00,4793.118,4793.655,4791.655,4792.285,5
2026-04-16 20:05:00,4792.245,4792.245,4789.785,4790.675,5
2026-04-16 20:10:00,4790.695,4791.205,4790.095,4790.355,5
2026-04-16 20:15:00,4790.245,4791.465,4790.115,4791.235,5
2026-04-16 20:20:00,4791.265,4791.265,4788.345,4788.525,5
2026-04-16 20:25:00,4788.505,4789.335,4788.215,4788.805,5
2026-04-16 20:30:00,4788.765,4789.615,4786.155,4786.595,5
2026-04-16 20:35:00,4786.535,4790.185,4786.535,4789.385,5
2026-04-16 20:40:00,4789.365,4789.365,4788.005,4788.455,5
2026-04-16 20:45:00,4788.605,4790.475,4788.605,4790.175,5
2026-04-16 20:50:00,4790.145,4790.175,4787.655,4789.195,5
2026-04-16 20:55:00,4789.165,4790.725,4786.135,4787.975,5
2026-04-16 22:00:00,4790.395,4796.475,4790.395,4795.135,5
2026-04-16 22:05:00,4795.015,4797.635,4793.845,4796.045,5
2026-04-16 22:10:00,4796.015,4796.725,4794.555,4795.008,5
2026-04-16 22:15:00,4795.035,4795.765,4792.305,4792.415,5
2026-04-16 22:20:00,4792.335,4793.515,4792.148,4793.505,5
2026-04-16 22:25:00,4793.415,4795.205,4793.325,4793.745,5
2026-04-16 22:30:00,4793.775,4794.915,4790.665,4794.655,5
2026-04-16 22:35:00,4794.585,4795.975,4793.615,4793.695,5
2026-04-16 22:40:00,4793.655,4795.835,4793.135,4795.055,5
2026-04-16 22:45:00,4795.115,4796.715,4794.445,4795.065,5
2026-04-16 22:50:00,4794.835,4796.465,4794.735,4795.885,5
2026-04-16 22:55:00,4795.855,4796.595,4794.558,4794.568,5
2026-04-16 23:00:00,4794.568,4794.568,4791.998,4793.155,5
2026-04-16 23:05:00,4793.188,4794.808,4792.728,4793.038,5
2026-04-16 23:10:00,4793.038,4794.155,4791.895,4792.725,5
2026-04-16 23:15:00,4792.755,4796.515,4792.165,4796.505,5
2026-04-16 23:20:00,4796.465,4797.675,4795.445,4796.375,5
2026-04-16 23:25:00,4796.405,4796.685,4793.745,4794.175,5
2026-04-16 23:30:00,4794.145,4795.625,4792.185,4794.815,5
2026-04-16 23:35:00,4794.755,4795.825,4794.445,4794.835,5
2026-04-16 23:40:00,4794.975,4795.975,4794.575,4795.555,5
2026-04-16 23:45:00,4795.595,4796.465,4793.025,4793.875,5
2026-04-16 23:50:00,4793.845,4795.595,4793.225,4793.625,5
2026-04-16 23:55:00,4793.545,4794.475,4791.505,4791.505,5
2026-04-17 00:00:00,4791.475,4791.475,4787.605,4788.055,5
2026-04-17 00:05:00,4788.025,4790.865,4785.635,4790.305,5
2026-04-17 00:10:00,4790.335,4791.705,4787.445,4789.955,5
2026-04-17 00:15:00,4789.945,4791.995,4787.305,4791.035,5
2026-04-17 00:20:00,4791.075,4791.685,4789.285,4789.395,5
2026-04-17 00:25:00,4789.355,4792.605,4789.045,4792.565,5
2026-04-17 00:30:00,4792.535,4798.045,4792.275,4796.145,5
2026-04-17 00:35:00,4796.195,4796.985,4794.695,4795.975,5
2026-04-17 00:40:00,4795.955,4798.355,4794.435,4798.355,5
2026-04-17 00:45:00,4798.295,4800.985,4797.865,4799.185,5
2026-04-17 00:50:00,4799.135,4799.135,4794.455,4794.855,5
2026-04-17 00:55:00,4794.805,4795.635,4793.515,4794.615,5
2026-04-17 01:00:00,4794.665,4795.495,4786.685,4789.245,5
2026-04-17 01:05:00,4789.225,4790.835,4782.775,4783.035,5
2026-04-17 01:10:00,4783.015,4784.655,4769.175,4778.595,5
2026-04-17 01:15:00,4778.615,4784.995,4778.425,4782.415,5
2026-04-17 01:20:00,4782.435,4783.385,4771.595,4774.195,5
2026-04-17 01:25:00,4774.245,4776.735,4768.000,4768.565,5
2026-04-17 01:30:00,4768.675,4776.055,4768.000,4773.835,5
2026-04-17 01:35:00,4773.855,4777.665,4773.325,4773.645,5
2026-04-17 01:40:00,4773.595,4777.418,4771.915,4777.378,5
2026-04-17 01:45:00,4777.385,4779.155,4774.995,4778.255,5
2026-04-17 01:50:00,4778.275,4786.765,4777.655,4786.275,5
2026-04-17 01:55:00,4786.255,4791.185,4786.015,4789.215,5
2026-04-17 02:00:00,4789.175,4792.375,4788.125,4791.895,5
2026-04-17 02:05:00,4791.925,4794.095,4789.025,4789.715,5
2026-04-17 02:10:00,4789.735,4791.015,4788.055,4790.905,5
2026-04-17 02:15:00,4790.915,4791.555,4788.105,4789.005,5
2026-04-17 02:20:00,4788.985,4791.625,4788.015,4789.308,5
2026-04-17 02:25:00,4789.535,4791.155,4788.575,4788.575,5
2026-04-17 02:30:00,4788.795,4793.035,4788.165,4791.485,5
2026-04-17 02:35:00,4791.405,4794.435,4790.265,4792.815,5
2026-04-17 02:40:00,4792.875,4794.495,4791.085,4791.235,5
2026-04-17 02:45:00,4791.245,4793.435,4789.235,4789.275,5
2026-04-17 02:50:00,4789.205,4789.755,4787.835,4787.865,5
2026-04-17 02:55:00,4787.815,4788.695,4784.145,4784.405,5
2026-04-17 03:00:00,4784.335,4791.825,4784.335,4791.625,5
2026-04-17 03:05:00,4791.595,4797.525,4791.575,4795.235,5
2026-04-17 03:10:00,4795.205,4796.368,4792.235,4795.635,5
2026-04-17 03:15:00,4795.675,4797.915,4793.998,4796.815,5
2026-04-17 03:20:00,4796.895,4797.255,4794.455,4795.585,5
2026-04-17 03:25:00,4795.535,4795.715,4792.655,4793.675,5
2026-04-17 03:30:00,4793.555,4794.805,4792.615,4793.625,5
2026-04-17 03:35:00,4793.795,4794.135,4791.645,4792.745,5
2026-04-17 03:40:00,4792.845,4794.835,4791.945,4794.055,5
2026-04-17 03:45:00,4793.995,4796.065,4793.905,4795.865,5
2026-04-17 03:50:00,4795.875,4796.385,4793.628,4793.728,5
2026-04-17 03:55:00,4793.728,4793.858,4792.415,4792.948,5
2026-04-17 04:00:00,4792.808,4794.095,4792.265,4793.965,5
2026-04-17 04:05:00,4794.165,4795.015,4793.058,4793.625,5
2026-04-17 04:10:00,4793.605,4795.965,4793.525,4795.055,5
2026-04-17 04:15:00,4795.025,4795.915,4793.308,4795.455,5
2026-04-17 04:20:00,4795.425,4795.615,4793.585,4795.025,5
2026-04-17 04:25:00,4794.945,4795.915,4793.965,4795.705,5
2026-04-17 04:30:00,4795.675,4797.185,4795.015,4796.795,5
2026-04-17 04:35:00,4796.825,4799.275,4796.775,4799.185,5
2026-04-17 04:40:00,4799.215,4801.285,4798.645,4800.745,5
2026-04-17 04:45:00,4800.765,4801.165,4798.288,4798.455,5
2026-04-17 04:50:00,4798.438,4800.765,4798.438,4798.985,5
2026-04-17 04:55:00,4799.355,4804.305,4798.338,4802.685,5
2026-04-17 05:00:00,4802.695,4805.375,4800.035,4800.895,5
2026-04-17 05:05:00,4800.885,4805.215,4799.455,4804.165,5
2026-04-17 05:10:00,4804.225,4805.935,4803.765,4804.648,5
2026-04-17 05:15:00,4804.648,4804.648,4801.135,4803.155,5
2026-04-17 05:20:00,4803.185,4804.885,4802.098,4804.248,5
2026-04-17 05:25:00,4804.358,4804.828,4802.378,4803.048,5
2026-04-17 05:30:00,4803.048,4805.048,4797.605,4798.165,5
2026-04-17 05:35:00,4798.325,4802.795,4797.758,4799.135,5
2026-04-17 05:40:00,4799.115,4800.895,4795.365,4796.225,5
2026-04-17 05:45:00,4796.185,4798.185,4794.435,4797.175,5
2026-04-17 05:50:00,4797.195,4800.215,4796.275,4796.775,5
2026-04-17 05:55:00,4796.825,4797.865,4793.425,4794.075,5
2026-04-17 06:00:00,4794.005,4794.315,4789.665,4793.365,5
2026-04-17 06:05:00,4793.475,4795.045,4789.775,4790.355,5
2026-04-17 06:10:00,4790.325,4791.205,4786.655,4787.445,5
2026-04-17 06:15:00,4787.445,4789.605,4784.865,4785.455,5
2026-04-17 06:20:00,4785.435,4788.055,4784.025,4787.335,5
2026-04-17 06:25:00,4787.315,4788.355,4782.918,4783.545,5
2026-04-17 06:30:00,4783.525,4785.655,4781.125,4782.455,5
2026-04-17 06:35:00,4782.505,4786.335,4779.235,4785.615,5
2026-04-17 06:40:00,4785.595,4786.965,4784.405,4785.425,5
2026-04-17 06:45:00,4785.435,4786.445,4783.755,4785.565,5
2026-04-17 06:50:00,4785.535,4787.155,4783.775,4784.515,5
2026-04-17 06:55:00,4784.585,4787.015,4784.005,4784.795,5
2026-04-17 07:00:00,4784.975,4788.835,4784.055,4788.835,5
2026-04-17 07:05:00,4788.945,4790.825,4787.205,4789.315,5
2026-04-17 07:10:00,4789.395,4789.605,4786.545,4786.985,5
2026-04-17 07:15:00,4787.065,4789.605,4784.525,4789.075,5
2026-04-17 07:20:00,4789.105,4789.805,4785.035,4788.725,5
2026-04-17 07:25:00,4788.695,4792.835,4788.695,4791.495,5
2026-04-17 07:30:00,4791.475,4794.565,4790.235,4794.245,5
2026-04-17 07:35:00,4794.315,4794.315,4785.775,4786.545,5
2026-04-17 07:40:00,4786.485,4787.545,4782.305,4785.635,5
2026-04-17 07:45:00,4785.595,4785.935,4779.765,4779.825,5
2026-04-17 07:50:00,4779.785,4785.655,4778.598,4785.275,5
2026-04-17 07:55:00,4785.175,4785.275,4783.115,4784.295,5
2026-04-17 08:00:00,4784.255,4790.295,4784.255,4790.245,5
2026-04-17 08:05:00,4790.505,4790.915,4783.045,4784.155,5
2026-04-17 08:10:00,4784.135,4785.125,4780.695,4783.475,5
2026-04-17 08:15:00,4783.275,4785.185,4782.565,4785.125,5
2026-04-17 08:20:00,4785.525,4786.985,4782.865,4783.905,5
2026-04-17 08:25:00,4784.045,4785.695,4782.935,4784.315,5
2026-04-17 08:30:00,4784.145,4788.125,4784.135,4786.245,5
2026-04-17 08:35:00,4786.215,4789.475,4785.515,4789.325,5
2026-04-17 08:40:00,4789.295,4796.735,4788.135,4796.715,5
2026-04-17 08:45:00,4796.695,4796.775,4791.415,4793.475,5
2026-04-17 08:50:00,4793.445,4794.835,4790.935,4793.325,5
2026-04-17 08:55:00,4793.295,4796.385,4792.035,4795.825,5
2026-04-17 09:00:00,4795.865,4800.785,4795.725,4799.165,5
2026-04-17 09:05:00,4799.135,4799.135,4794.455,4795.895,5
2026-04-17 09:10:00,4795.865,4795.945,4792.525,4792.865,5
2026-04-17 09:15:00,4792.885,4795.565,4791.835,4795.535,5
2026-04-17 09:20:00,4795.575,4798.115,4794.225,4794.365,5
2026-04-17 09:25:00,4794.395,4798.255,4794.395,4795.745,5
2026-04-17 09:30:00,4795.765,4796.935,4794.075,4796.905,5
2026-04-17 09:35:00,4796.935,4798.825,4794.545,4795.165,5
2026-04-17 09:40:00,4795.215,4796.425,4793.875,4794.545,5
2026-04-17 09:45:00,4794.715,4795.085,4790.455,4791.785,5
2026-04-17 09:50:00,4791.825,4792.855,4790.515,4791.535,5
2026-04-17 09:55:00,4791.565,4792.265,4789.665,4790.125,5
2026-04-17 10:00:00,4790.175,4791.945,4788.765,4791.005,5
2026-04-17 10:05:00,4791.045,4791.645,4788.545,4788.755,5
2026-04-17 10:10:00,4788.815,4791.615,4786.835,4791.075,5
2026-04-17 10:15:00,4791.095,4793.755,4790.425,4791.295,5
2026-04-17 10:20:00,4791.325,4793.535,4790.785,4792.505,5
2026-04-17 10:25:00,4792.455,4792.585,4788.505,4789.315,5
2026-04-17 10:30:00,4789.365,4789.565,4786.105,4787.835,5
2026-04-17 10:35:00,4787.895,4788.985,4785.058,4785.245,5
2026-04-17 10:40:00,4785.115,4785.475,4782.045,4784.735,5
2026-04-17 10:45:00,4784.665,4787.800,4783.625,4787.745,5
2026-04-17 10:50:00,4787.765,4788.145,4782.115,4786.065,5
2026-04-17 10:55:00,4785.965,4787.605,4784.045,4787.225,5
2026-04-17 11:00:00,4787.295,4789.595,4783.355,4785.015,5
2026-04-17 11:05:00,4785.065,4787.075,4783.645,4786.955,5
2026-04-17 11:10:00,4786.965,4788.055,4785.285,4786.135,5
2026-04-17 11:15:00,4786.175,4786.955,4784.385,4785.625,5
2026-04-17 11:20:00,4785.355,4790.855,4784.865,4790.585,5
2026-04-17 11:25:00,4790.485,4793.215,4790.025,4792.835,5
2026-04-17 11:30:00,4792.715,4793.775,4789.555,4793.105,5
2026-04-17 11:35:00,4793.195,4794.335,4790.275,4792.395,5
2026-04-17 11:40:00,4792.315,4798.535,4792.175,4798.405,5
2026-04-17 11:45:00,4798.445,4811.555,4798.445,4805.375,5
2026-04-17 11:50:00,4805.448,4806.615,4801.155,4801.285,5
2026-04-17 11:55:00,4801.265,4801.555,4798.515,4798.935,5
2026-04-17 12:00:00,4799.005,4805.515,4797.418,4803.975,5
2026-04-17 12:05:00,4803.985,4805.365,4802.085,4803.935,5
2026-04-17 12:10:00,4803.865,4804.495,4800.695,4803.695,5
2026-04-17 12:15:00,4803.645,4805.875,4802.925,4805.635,5
2026-04-17 12:20:00,4805.665,4812.085,4804.385,4811.985,5
2026-04-17 12:25:00,4812.025,4819.238,4811.395,4816.688,5
2026-04-17 12:30:00,4817.216,4821.758,4814.928,4817.495,5
2026-04-17 12:35:00,4817.458,4823.405,4817.195,4822.455,5
2026-04-17 12:40:00,4822.435,4824.945,4821.335,4823.235,5
2026-04-17 12:45:00,4823.315,4842.235,4821.545,4836.175,5
2026-04-17 12:50:00,4836.225,4845.015,4833.015,4842.975,5
2026-04-17 12:55:00,4843.088,4847.615,4839.358,4846.195,5
2026-04-17 13:00:00,4846.215,4847.295,4834.825,4844.105,5
2026-04-17 13:05:00,4844.125,4863.335,4839.915,4862.545,5
2026-04-17 13:10:00,4862.415,4889.335,4861.675,4882.815,5
2026-04-17 13:15:00,4882.795,4883.505,4862.265,4863.845,5
2026-04-17 13:20:00,4863.895,4864.045,4851.065,4861.345,5
2026-04-17 13:25:00,4861.178,4863.725,4850.028,4851.195,5
2026-04-17 13:30:00,4851.065,4856.885,4848.178,4855.375,5
2026-04-17 13:35:00,4855.395,4869.095,4855.055,4867.455,5
2026-04-17 13:40:00,4867.435,4873.325,4862.855,4864.195,5
2026-04-17 13:45:00,4864.215,4867.578,4851.825,4865.025,5
2026-04-17 13:50:00,4864.935,4878.555,4862.375,4877.175,5
2026-04-17 13:55:00,4877.245,4881.765,4874.825,4880.175,5
2026-04-17 14:00:00,4880.613,4885.145,4874.628,4875.378,5
2026-04-17 14:05:00,4875.408,4877.258,4868.445,4871.718,5
2026-04-17 14:10:00,4871.718,4872.158,4860.525,4866.895,5
2026-04-17 14:15:00,4866.955,4874.075,4866.845,4870.395,5
2026-04-17 14:20:00,4870.365,4879.275,4865.095,4878.185,5
2026-04-17 14:25:00,4878.235,4880.195,4871.035,4871.195,5
2026-04-17 14:30:00,4871.745,4877.815,4868.925,4877.315,5
2026-04-17 14:35:00,4877.285,4880.055,4871.005,4875.165,5
2026-04-17 14:40:00,4875.465,4882.678,4874.398,4877.008,5
2026-04-17 14:45:00,4877.108,4880.878,4873.315,4879.798,5
2026-04-17 14:50:00,4879.798,4879.798,4869.285,4876.265,5
2026-04-17 14:55:00,4876.335,4877.505,4872.288,4872.705,5
2026-04-17 15:00:00,4872.885,4873.335,4862.185,4867.835,5
2026-04-17 15:05:00,4868.145,4880.275,4867.705,4872.465,5
2026-04-17 15:10:00,4872.395,4873.135,4865.665,4867.445,5
2026-04-17 15:15:00,4867.595,4874.435,4863.455,4864.895,5
2026-04-17 15:20:00,4864.895,4873.085,4862.965,4869.985,5
2026-04-17 15:25:00,4869.965,4870.975,4865.095,4865.745,5
2026-04-17 15:30:00,4865.995,4873.698,4864.545,4873.585,5
2026-04-17 15:35:00,4873.495,4873.495,4868.005,4869.425,5
2026-04-17 15:40:00,4869.525,4870.215,4854.595,4858.408,5
2026-04-17 15:45:00,4858.538,4864.245,4857.718,4863.405,5
2026-04-17 15:50:00,4863.245,4869.865,4863.245,4868.805,5
2026-04-17 15:55:00,4868.795,4871.655,4866.435,4867.145,5
2026-04-17 16:00:00,4867.078,4870.515,4863.375,4866.595,5
2026-04-17 16:05:00,4866.655,4873.065,4865.235,4871.025,5
2026-04-17 16:10:00,4871.215,4872.975,4870.045,4871.155,5
2026-04-17 16:15:00,4871.125,4873.098,4869.725,4870.388,5
2026-04-17 16:20:00,4870.418,4872.698,4869.498,4870.145,5
2026-04-17 16:25:00,4870.185,4871.075,4867.235,4867.425,5
2026-04-17 16:30:00,4867.445,4871.485,4867.445,4870.975,5
2026-04-17 16:35:00,4871.055,4872.695,4869.895,4871.215,5
2026-04-17 16:40:00,4871.185,4872.305,4867.245,4868.085,5
2026-04-17 16:45:00,4868.115,4868.705,4865.058,4865.915,5
2026-04-17 16:50:00,4865.935,4867.325,4864.518,4865.918,5
2026-04-17 16:55:00,4865.918,4867.235,4864.945,4866.645,5
2026-04-17 17:00:00,4866.685,4869.315,4864.795,4866.475,5
2026-04-17 17:05:00,4866.445,4868.255,4857.705,4861.245,5
2026-04-17 17:10:00,4861.275,4864.045,4857.565,4862.635,5
2026-04-17 17:15:00,4862.685,4864.835,4862.195,4862.945,5
2026-04-17 17:20:00,4862.985,4863.485,4853.515,4853.755,5
2026-04-17 17:25:00,4853.915,4859.055,4853.725,4858.275,5
2026-04-17 17:30:00,4858.225,4862.685,4856.925,4861.465,5
2026-04-17 17:35:00,4861.425,4861.878,4855.235,4857.045,5
2026-04-17 17:40:00,4857.285,4858.315,4853.875,4854.665,5
2026-04-17 17:45:00,4854.558,4860.778,4854.415,4860.015,5
2026-04-17 17:50:00,4860.015,4862.458,4859.558,4861.358,5
2026-04-17 17:55:00,4861.245,4863.078,4860.738,4862.248,5
2026-04-17 18:00:00,4862.325,4864.218,4861.448,4861.845,5
2026-04-17 18:05:00,4861.825,4866.105,4861.465,4862.965,5
2026-04-17 18:10:00,4863.098,4863.498,4859.945,4860.645,5
2026-04-17 18:15:00,4860.705,4863.965,4860.475,4861.395,5
2026-04-17 18:20:00,4861.305,4865.698,4858.435,4864.598,5
2026-04-17 18:25:00,4864.625,4867.798,4860.315,4860.315,5
2026-04-17 18:30:00,4860.455,4866.335,4859.975,4865.545,5
2026-04-17 18:35:00,4865.725,4865.805,4861.715,4862.698,5
2026-04-17 18:40:00,4862.698,4863.138,4860.018,4861.868,5
2026-04-17 18:45:00,4861.758,4862.598,4859.538,4860.118,5
2026-04-17 18:50:00,4860.148,4860.898,4855.378,4856.445,5
2026-04-17 18:55:00,4856.478,4859.418,4855.818,4857.858,5
2026-04-17 19:00:00,4857.858,4858.518,4855.385,4857.878,5
2026-04-17 19:05:00,4857.878,4857.918,4854.238,4854.605,5
2026-04-17 19:10:00,4854.635,4857.045,4853.475,4856.335,5
2026-04-17 19:15:00,4856.265,4857.845,4855.295,4855.565,5
2026-04-17 19:20:00,4855.798,4857.505,4853.878,4855.025,5
2026-04-17 19:25:00,4854.975,4856.635,4854.295,4856.595,5
2026-04-17 19:30:00,4856.555,4858.315,4855.555,4857.378,5
2026-04-17 19:35:00,4857.418,4860.525,4855.775,4859.615,5
2026-04-17 19:40:00,4859.575,4860.985,4857.858,4859.975,5
2026-04-17 19:45:00,4859.975,4859.975,4857.315,4858.355,5
2026-04-17 19:50:00,4858.298,4859.065,4854.295,4854.655,5
2026-04-17 19:55:00,4854.715,4855.035,4852.485,4854.098,5
2026-04-17 20:00:00,4854.135,4854.955,4849.715,4849.905,5
2026-04-17 20:05:00,4849.905,4850.785,4845.805,4847.105,5
2026-04-17 20:10:00,4847.125,4847.595,4844.445,4845.765,5
2026-04-17 20:15:00,4845.695,4851.835,4844.815,4851.345,5
2026-04-17 20:20:00,4851.315,4851.355,4848.165,4848.215,5
2026-04-17 20:25:00,4848.245,4848.305,4844.258,4845.518,5
2026-04-17 20:30:00,4845.518,4846.538,4844.238,4846.018,5
2026-04-17 20:35:00,4846.018,4846.018,4839.998,4841.348,5
2026-04-17 20:40:00,4841.328,4841.678,4833.418,4835.298,5
2026-04-17 20:45:00,4835.238,4837.058,4832.428,4833.038,5
2026-04-17 20:50:00,4832.938,4835.278,4830.958,4834.005,5
2026-04-17 20:55:00,4834.015,4834.205,4825.925,4829.115,5
2026-04-19 22:00:00,4767.405,4789.565,4758.085,4773.635,5
2026-04-19 22:05:00,4773.775,4792.548,4769.435,4792.548,5
2026-04-19 22:10:00,4792.548,4794.225,4780.191,4789.805,5
2026-04-19 22:15:00,4789.865,4794.635,4785.015,4791.145,5
2026-04-19 22:20:00,4791.295,4793.188,4783.568,4783.988,5
2026-04-19 22:25:00,4783.965,4788.625,4783.538,4784.565,5
2026-04-19 22:30:00,4784.648,4790.365,4784.285,4785.078,5
2026-04-19 22:35:00,4785.008,4786.688,4782.488,4783.905,5
2026-04-19 22:40:00,4783.885,4784.278,4778.788,4780.065,5
2026-04-19 22:45:00,4780.005,4785.378,4779.885,4784.915,5
2026-04-19 22:50:00,4784.908,4786.418,4781.698,4781.698,5
2026-04-19 22:55:00,4781.698,4782.698,4777.498,4778.698,5
2026-04-19 23:00:00,4778.698,4778.848,4772.248,4775.598,5
2026-04-19 23:05:00,4775.618,4776.688,4771.308,4775.248,5
2026-04-19 23:10:00,4775.868,4778.795,4771.905,4772.215,5
2026-04-19 23:15:00,4772.175,4775.735,4770.485,4772.645,5
2026-04-19 23:20:00,4772.585,4772.705,4768.405,4770.365,5
2026-04-19 23:25:00,4770.385,4771.875,4767.925,4768.945,5
2026-04-19 23:30:00,4769.115,4773.205,4767.865,4771.125,5
2026-04-19 23:35:00,4771.035,4771.515,4759.245,4763.805,5
2026-04-19 23:40:00,4763.605,4764.055,4740.768,4751.615,5
2026-04-19 23:45:00,4751.945,4751.965,4736.635,4743.535,5
2026-04-19 23:50:00,4743.505,4752.338,4743.385,4752.135,5
2026-04-19 23:55:00,4752.085,4755.115,4749.635,4754.945,5
2026-04-20 00:00:00,4754.995,4754.995,4744.295,4749.445,5
2026-04-20 00:05:00,4749.595,4754.035,4746.515,4752.065,5
2026-04-20 00:10:00,4752.075,4754.935,4749.105,4751.985,5
2026-04-20 00:15:00,4752.005,4758.935,4751.455,4758.005,5
2026-04-20 00:20:00,4757.965,4762.665,4756.455,4762.435,5
2026-04-20 00:25:00,4762.395,4765.635,4761.755,4765.255,5
2026-04-20 00:30:00,4765.215,4767.825,4761.665,4765.825,5
2026-04-20 00:35:00,4765.795,4766.185,4760.975,4764.915,5
2026-04-20 00:40:00,4764.725,4765.635,4763.415,4763.975,5
2026-04-20 00:45:00,4764.025,4767.955,4762.495,4764.225,5
2026-04-20 00:50:00,4764.325,4764.995,4759.205,4763.415,5
2026-04-20 00:55:00,4763.435,4774.185,4761.325,4772.105,5
2026-04-20 01:00:00,4772.165,4788.465,4771.345,4787.505,5
2026-04-20 01:05:00,4787.475,4789.235,4781.135,4788.105,5
2026-04-20 01:10:00,4788.185,4794.245,4786.285,4793.605,5
2026-04-20 01:15:00,4793.675,4794.685,4788.395,4792.395,5
2026-04-20 01:20:00,4792.405,4798.155,4791.545,4796.995,5
2026-04-20 01:25:00,4797.495,4803.625,4795.695,4802.685,5
2026-04-20 01:30:00,4802.785,4812.085,4801.185,4807.495,5
2026-04-20 01:35:00,4807.585,4809.728,4802.845,4807.855,5
2026-04-20 01:40:00,4807.825,4810.095,4805.585,4806.198,5
2026-04-20 01:45:00,4806.198,4813.745,4805.715,4810.098,5
2026-04-20 01:50:00,4810.098,4814.035,4807.988,4812.675,5
2026-04-20 01:55:00,4812.755,4813.375,4807.105,4807.525,5
2026-04-20 02:00:00,4807.415,4808.825,4803.805,4804.175,5
2026-04-20 02:05:00,4803.935,4805.625,4802.655,4802.855,5
2026-04-20 02:10:00,4802.815,4804.475,4800.505,4800.735,5
2026-04-20 02:15:00,4800.705,4802.175,4799.495,4800.655,5
2026-04-20 02:20:00,4800.635,4803.645,4797.685,4803.055,5
2026-04-20 02:25:00,4803.085,4803.215,4798.635,4800.085,5
2026-04-20 02:30:00,4800.105,4801.765,4798.125,4801.105,5
2026-04-20 02:35:00,4801.455,4801.735,4795.535,4796.495,5
2026-04-20 02:40:00,4796.545,4797.735,4794.565,4795.935,5
2026-04-20 02:45:00,4795.965,4797.225,4792.915,4795.125,5
2026-04-20 02:50:00,4795.065,4797.275,4793.175,4795.475,5
2026-04-20 02:55:00,4795.435,4797.125,4792.908,4796.905,5
2026-04-20 03:00:00,4796.935,4798.285,4793.975,4794.935,5
2026-04-20 03:05:00,4794.905,4797.485,4793.425,4793.425,5
2026-04-20 03:10:00,4793.335,4793.335,4790.098,4791.185,5
2026-04-20 03:15:00,4791.198,4792.535,4788.445,4791.555,5
2026-04-20 03:20:00,4791.598,4794.975,4791.598,4794.705,5
2026-04-20 03:25:00,4794.648,4795.745,4792.915,4794.895,5
2026-04-20 03:30:00,4794.795,4796.585,4789.575,4791.875,5
2026-04-20 03:35:00,4791.835,4794.145,4790.388,4793.765,5
2026-04-20 03:40:00,4793.805,4794.805,4791.765,4793.095,5
2026-04-20 03:45:00,4793.065,4793.285,4791.125,4791.855,5
2026-04-20 03:50:00,4791.865,4794.485,4790.635,4791.245,5
2026-04-20 03:55:00,4791.285,4791.825,4788.708,4790.645,5
2026-04-20 04:00:00,4790.975,4793.545,4790.508,4793.185,5
2026-04-20 04:05:00,4793.155,4795.455,4792.195,4794.205,5
2026-04-20 04:10:00,4794.185,4794.915,4792.005,4792.575,5
2026-04-20 04:15:00,4792.165,4794.605,4791.555,4793.105,5
2026-04-20 04:20:00,4793.105,4793.975,4791.525,4793.785,5
2026-04-20 04:25:00,4793.815,4795.575,4792.745,4794.455,5
2026-04-20 04:30:00,4794.415,4794.535,4787.898,4788.885,5
2026-04-20 04:35:00,4788.855,4790.775,4788.035,4790.475,5
2026-04-20 04:40:00,4790.525,4791.245,4786.858,4787.095,5
2026-04-20 04:45:00,4787.175,4793.055,4787.175,4792.715,5
2026-04-20 04:50:00,4792.505,4792.925,4788.425,4788.605,5
2026-04-20 04:55:00,4788.635,4789.725,4787.178,4788.715,5
2026-04-20 05:00:00,4788.785,4792.905,4787.285,4789.645,5
2026-04-20 05:05:00,4789.665,4790.955,4786.115,4786.915,5
2026-04-20 05:10:00,4786.845,4788.435,4784.195,4786.145,5
2026-04-20 05:15:00,4786.225,4789.325,4786.195,4787.575,5
2026-04-20 05:20:00,4787.555,4788.665,4786.135,4787.265,5
2026-04-20 05:25:00,4787.235,4788.805,4784.778,4787.715,5
2026-04-20 05:30:00,4787.725,4795.845,4787.418,4794.365,5
2026-04-20 05:35:00,4794.345,4795.655,4791.705,4792.285,5
2026-04-20 05:40:00,4792.315,4793.875,4779.285,4780.565,5
2026-04-20 05:45:00,4780.545,4785.705,4780.545,4785.515,5
2026-04-20 05:50:00,4785.615,4791.265,4782.495,4790.435,5
2026-04-20 05:55:00,4790.405,4792.935,4789.295,4790.705,5
2026-04-20 06:00:00,4790.665,4793.895,4785.405,4790.365,5
2026-04-20 06:05:00,4790.385,4791.925,4788.305,4791.505,5
2026-04-20 06:10:00,4791.505,4793.745,4789.375,4790.445,5
2026-04-20 06:15:00,4790.435,4790.485,4786.748,4787.145,5
2026-04-20 06:20:00,4787.235,4788.265,4783.578,4787.075,5
2026-04-20 06:25:00,4787.105,4787.835,4783.815,4785.835,5
2026-04-20 06:30:00,4785.875,4791.855,4785.275,4786.865,5
2026-04-20 06:35:00,4786.825,4790.355,4785.935,4790.175,5
2026-04-20 06:40:00,4790.225,4790.825,4786.925,4789.935,5
2026-04-20 06:45:00,4789.915,4789.985,4785.805,4787.245,5
2026-04-20 06:50:00,4787.195,4788.795,4785.265,4786.875,5
2026-04-20 06:55:00,4786.905,4795.305,4786.325,4795.255,5
2026-04-20 07:00:00,4795.635,4801.325,4794.595,4797.395,5
2026-04-20 07:05:00,4797.385,4798.515,4793.955,4795.685,5
2026-04-20 07:10:00,4795.555,4797.585,4793.695,4797.355,5
2026-04-20 07:15:00,4797.285,4803.875,4794.065,4802.685,5
2026-04-20 07:20:00,4802.685,4805.605,4801.085,4801.645,5
2026-04-20 07:25:00,4801.615,4801.815,4796.485,4797.665,5
2026-04-20 07:30:00,4797.645,4798.485,4790.335,4794.265,5
2026-04-20 07:35:00,4794.235,4796.498,4789.955,4796.195,5
2026-04-20 07:40:00,4796.215,4798.635,4794.745,4797.395,5
2026-04-20 07:45:00,4797.325,4797.455,4792.165,4792.385,5
2026-04-20 07:50:00,4792.235,4793.815,4787.965,4788.055,5
2026-04-20 07:55:00,4788.015,4791.045,4786.605,4789.465,5
2026-04-20 08:00:00,4789.445,4790.715,4785.835,4788.545,5
2026-04-20 08:05:00,4788.575,4791.135,4786.685,4788.045,5
2026-04-20 08:10:00,4788.055,4791.545,4787.485,4788.865,5
2026-04-20 08:15:00,4788.865,4789.215,4786.285,4788.515,5
2026-04-20 08:20:00,4788.555,4791.408,4787.055,4788.665,5
2026-04-20 08:25:00,4788.545,4792.365,4788.345,4791.785,5
2026-04-20 08:30:00,4791.785,4792.245,4788.635,4789.965,5
2026-04-20 08:35:00,4789.995,4790.515,4788.395,4789.385,5
2026-04-20 08:40:00,4789.355,4792.405,4788.765,4792.255,5
2026-04-20 08:45:00,4792.275,4795.025,4792.045,4794.345,5
2026-04-20 08:50:00,4794.365,4796.015,4793.085,4793.645,5
2026-04-20 08:55:00,4793.605,4796.125,4792.355,4796.085,5
2026-04-20 09:00:00,4796.025,4797.565,4793.335,4795.495,5
2026-04-20 09:05:00,4795.295,4797.765,4793.245,4794.825,5
2026-04-20 09:10:00,4794.845,4797.175,4793.865,4795.525,5
2026-04-20 09:15:00,4795.665,4795.665,4791.775,4794.115,5
2026-04-20 09:20:00,4794.135,4795.575,4793.105,4793.375,5
2026-04-20 09:25:00,4793.355,4793.635,4791.505,4791.995,5
2026-04-20 09:30:00,4792.405,4794.085,4783.235,4785.975,5
2026-04-20 09:35:00,4785.995,4789.385,4784.615,4788.075,5
2026-04-20 09:40:00,4788.485,4792.245,4787.625,4791.865,5
2026-04-20 09:45:00,4791.815,4795.965,4791.125,4795.035,5
2026-04-20 09:50:00,4795.055,4796.875,4791.305,4791.715,5
2026-04-20 09:55:00,4791.665,4793.765,4788.995,4791.335,5
2026-04-20 10:00:00,4791.315,4793.525,4789.485,4791.065,5
2026-04-20 10:05:00,4791.085,4799.145,4790.618,4797.585,5
2026-04-20 10:10:00,4797.655,4799.405,4794.835,4795.545,5
2026-04-20 10:15:00,4795.525,4800.215,4795.025,4799.985,5
2026-04-20 10:20:00,4799.805,4800.765,4797.655,4797.865,5
2026-04-20 10:25:00,4797.885,4798.935,4796.655,4797.955,5
2026-04-20 10:30:00,4798.005,4799.915,4796.695,4796.895,5
2026-04-20 10:35:00,4797.035,4797.485,4795.785,4796.365,5
2026-04-20 10:40:00,4796.135,4796.995,4794.815,4794.865,5
2026-04-20 10:45:00,4794.915,4796.675,4794.595,4796.175,5
2026-04-20 10:50:00,4796.155,4796.405,4794.305,4795.865,5
2026-04-20 10:55:00,4795.635,4796.955,4795.035,4795.685,5
2026-04-20 11:00:00,4795.575,4795.985,4790.095,4790.615,5
2026-04-20 11:05:00,4790.555,4793.715,4790.255,4792.355,5
2026-04-20 11:10:00,4792.205,4792.835,4786.675,4789.555,5
2026-04-20 11:15:00,4789.395,4790.755,4786.515,4787.715,5
2026-04-20 11:20:00,4787.695,4789.225,4786.315,4789.035,5
2026-04-20 11:25:00,4789.135,4790.225,4787.445,4788.155,5
2026-04-20 11:30:00,4788.135,4791.715,4787.455,4790.035,5
2026-04-20 11:35:00,4790.055,4791.725,4788.825,4790.915,5
2026-04-20 11:40:00,4790.948,4794.655,4789.855,4794.655,5
2026-04-20 11:45:00,4794.655,4802.105,4794.515,4801.675,5
2026-04-20 11:50:00,4801.625,4808.795,4801.345,4806.305,5
2026-04-20 11:55:00,4806.205,4810.775,4806.185,4810.395,5
2026-04-20 12:00:00,4810.325,4811.645,4805.895,4809.155,5
2026-04-20 12:05:00,4809.245,4812.108,4802.605,4807.415,5
2026-04-20 12:10:00,4807.435,4812.965,4807.415,4810.865,5
2026-04-20 12:15:00,4810.915,4815.625,4807.675,4814.545,5
2026-04-20 12:20:00,4814.665,4821.848,4813.525,4813.585,5
2026-04-20 12:25:00,4813.645,4813.915,4803.625,4805.375,5
2026-04-20 12:30:00,4805.345,4809.365,4804.115,4805.995,5
2026-04-20 12:35:00,4805.945,4806.175,4798.795,4803.605,5
2026-04-20 12:40:00,4803.575,4807.475,4802.895,4805.915,5
2026-04-20 12:45:00,4805.965,4808.305,4803.815,4806.115,5
2026-04-20 12:50:00,4806.045,4807.335,4801.415,4803.275,5
2026-04-20 12:55:00,4803.295,4804.095,4800.825,4803.295,5
2026-04-20 13:00:00,4803.245,4804.765,4799.365,4803.305,5
2026-04-20 13:05:00,4803.385,4814.635,4802.535,4810.965,5
2026-04-20 13:10:00,4810.845,4816.845,4809.735,4815.315,5
2026-04-20 13:15:00,4815.345,4817.145,4811.775,4815.565,5
2026-04-20 13:20:00,4815.615,4819.735,4814.865,4816.195,5
2026-04-20 13:25:00,4816.215,4825.805,4814.715,4824.148,5
2026-04-20 13:30:00,4824.148,4826.188,4815.885,4821.605,5
2026-04-20 13:35:00,4821.465,4825.145,4815.515,4817.725,5
2026-04-20 13:40:00,4817.745,4823.815,4816.285,4822.255,5
2026-04-20 13:45:00,4822.235,4824.295,4818.498,4819.988,5
2026-04-20 13:50:00,4819.988,4821.765,4817.305,4820.985,5
2026-04-20 13:55:00,4821.035,4822.835,4816.568,4817.545,5
2026-04-20 14:00:00,4817.855,4817.985,4810.765,4817.625,5
2026-04-20 14:05:00,4817.645,4817.785,4811.325,4812.378,5
2026-04-20 14:10:00,4812.355,4816.748,4806.655,4815.848,5
2026-04-20 14:15:00,4815.845,4818.215,4814.155,4816.285,5
2026-04-20 14:20:00,4816.418,4825.585,4815.595,4825.415,5
2026-04-20 14:25:00,4825.328,4826.465,4821.465,4823.025,5
2026-04-20 14:30:00,4823.055,4827.348,4816.775,4817.915,5
2026-04-20 14:35:00,4817.945,4818.445,4812.875,4813.875,5
2026-04-20 14:40:00,4813.985,4814.815,4810.155,4813.795,5
2026-04-20 14:45:00,4813.765,4814.515,4809.958,4813.035,5
2026-04-20 14:50:00,4813.065,4813.975,4792.045,4808.865,5
2026-04-20 14:55:00,4808.775,4809.095,4799.195,4804.895,5
2026-04-20 15:00:00,4804.858,4807.105,4796.205,4797.835,5
2026-04-20 15:05:00,4797.745,4800.785,4795.115,4797.235,5
2026-04-20 15:10:00,4797.175,4802.305,4792.425,4797.965,5
2026-04-20 15:15:00,4798.005,4800.005,4793.815,4797.875,5
2026-04-20 15:20:00,4797.825,4804.625,4796.015,4803.635,5
2026-04-20 15:25:00,4803.595,4809.315,4802.615,4807.845,5
2026-04-20 15:30:00,4808.055,4809.075,4803.335,4804.015,5
2026-04-20 15:35:00,4803.925,4804.375,4800.338,4801.745,5
2026-04-20 15:40:00,4801.705,4804.378,4799.185,4799.945,5
2026-04-20 15:45:00,4799.925,4801.465,4797.455,4799.695,5
2026-04-20 15:50:00,4799.665,4799.915,4795.175,4795.205,5
2026-04-20 15:55:00,4795.038,4800.845,4795.015,4799.495,5
2026-04-20 16:00:00,4799.515,4801.218,4794.055,4794.535,5
2026-04-20 16:05:00,4794.595,4797.935,4793.975,4797.535,5
2026-04-20 16:10:00,4797.495,4799.375,4797.415,4798.178,5
2026-04-20 16:15:00,4798.195,4799.705,4792.725,4796.585,5
2026-04-20 16:20:00,4796.635,4799.345,4796.375,4797.558,5
2026-04-20 16:25:00,4797.555,4801.765,4797.165,4800.975,5
2026-04-20 16:30:00,4801.025,4804.125,4799.845,4800.095,5
2026-04-20 16:35:00,4800.045,4800.585,4798.655,4799.765,5
2026-04-20 16:40:00,4799.775,4804.298,4798.725,4801.775,5
2026-04-20 16:45:00,4801.665,4804.515,4801.455,4803.555,5
2026-04-20 16:50:00,4803.575,4806.065,4803.095,4804.738,5
2026-04-20 16:55:00,4804.678,4805.505,4803.295,4805.225,5
2026-04-20 17:00:00,4805.445,4808.378,4803.558,4807.208,5
2026-04-20 17:05:00,4807.188,4809.498,4806.485,4809.105,5
2026-04-20 17:10:00,4809.135,4810.215,4808.175,4808.485,5
2026-04-20 17:15:00,4808.495,4810.015,4807.325,4808.865,5
2026-04-20 17:20:00,4808.885,4811.205,4806.905,4807.525,5
2026-04-20 17:25:00,4807.745,4810.065,4806.015,4809.865,5
2026-04-20 17:30:00,4809.955,4811.765,4804.808,4804.975,5
2026-04-20 17:35:00,4804.995,4810.645,4804.865,4809.585,5
2026-04-20 17:40:00,4809.705,4811.935,4807.935,4809.285,5
2026-04-20 17:45:00,4809.255,4809.355,4807.585,4808.825,5
2026-04-20 17:50:00,4808.845,4809.555,4807.335,4809.145,5
2026-04-20 17:55:00,4809.055,4809.345,4805.398,4806.515,5
2026-04-20 18:00:00,4806.535,4811.645,4806.535,4811.115,5
2026-04-20 18:05:00,4811.235,4814.885,4810.545,4813.785,5
2026-04-20 18:10:00,4813.655,4815.755,4810.245,4815.225,5
2026-04-20 18:15:00,4815.235,4815.365,4812.468,4813.195,5
2026-04-20 18:20:00,4813.235,4814.928,4812.098,4813.155,5
2026-04-20 18:25:00,4813.055,4814.298,4811.525,4813.068,5
2026-04-20 18:30:00,4813.068,4815.215,4811.615,4814.508,5
2026-04-20 18:35:00,4814.528,4814.998,4810.498,4811.798,5
2026-04-20 18:40:00,4811.788,4815.098,4811.788,4814.098,5
2026-04-20 18:45:00,4813.975,4815.798,4813.698,4814.598,5
2026-04-20 18:50:00,4814.598,4816.198,4814.388,4814.748,5
2026-04-20 18:55:00,4814.748,4815.948,4812.778,4813.798,5
2026-04-20 19:00:00,4813.588,4818.448,4813.478,4817.238,5
2026-04-20 19:05:00,4817.238,4819.765,4817.038,4819.598,5
2026-04-20 19:10:00,4819.698,4821.058,4818.348,4820.098,5
2026-04-20 19:15:00,4820.098,4820.168,4817.648,4818.248,5
2026-04-20 19:20:00,4818.348,4818.898,4816.555,4818.178,5
2026-04-20 19:25:00,4818.178,4818.298,4815.738,4816.698,5
2026-04-20 19:30:00,4816.698,4816.955,4813.498,4814.298,5
2026-04-20 19:35:00,4814.218,4814.425,4810.055,4810.625,5
2026-04-20 19:40:00,4810.545,4812.525,4810.085,4811.178,5
2026-04-20 19:45:00,4811.185,4812.875,4811.145,4812.225,5
2026-04-20 19:50:00,4812.245,4813.055,4810.995,4810.995,5
2026-04-20 19:55:00,4811.025,4814.165,4810.775,4814.135,5
2026-04-20 20:00:00,4813.978,4816.628,4813.695,4814.925,5
2026-04-20 20:05:00,4814.875,4815.675,4813.945,4814.155,5
2026-04-20 20:10:00,4814.025,4814.375,4812.475,4813.365,5
2026-04-20 20:15:00,4813.395,4814.265,4811.975,4812.935,5
2026-04-20 20:20:00,4812.965,4815.345,4812.585,4815.315,5
2026-04-20 20:25:00,4815.245,4816.725,4814.825,4815.735,5
2026-04-20 20:30:00,4815.675,4816.628,4812.888,4813.785,5
2026-04-20 20:35:00,4813.628,4815.745,4812.655,4815.268,5
2026-04-20 20:40:00,4814.955,4817.018,4814.575,4816.265,5
2026-04-20 20:45:00,4816.315,4817.535,4816.028,4817.005,5
2026-04-20 20:50:00,4817.035,4820.735,4817.035,4819.705,5
2026-04-20 20:55:00,4819.745,4821.705,4819.595,4820.265,5
2026-04-20 22:00:00,4821.098,4830.765,4819.395,4825.088,5
2026-04-20 22:05:00,4824.665,4831.075,4823.315,4829.535,5
2026-04-20 22:10:00,4829.485,4832.275,4827.565,4828.795,5
2026-04-20 22:15:00,4828.765,4832.785,4828.705,4831.365,5
2026-04-20 22:20:00,4831.295,4832.845,4829.975,4830.955,5
2026-04-20 22:25:00,4830.925,4832.255,4828.275,4828.565,5
2026-04-20 22:30:00,4828.505,4828.765,4824.895,4827.505,5
2026-04-20 22:35:00,4827.545,4830.485,4827.545,4828.695,5
2026-04-20 22:40:00,4828.775,4830.785,4828.615,4830.465,5
2026-04-20 22:45:00,4830.315,4831.545,4829.175,4829.515,5
2026-04-20 22:50:00,4829.585,4829.775,4826.745,4827.255,5
2026-04-20 22:55:00,4827.345,4827.675,4825.075,4827.318,5
2026-04-20 23:00:00,4827.078,4831.338,4825.178,4825.978,5
2026-04-20 23:05:00,4826.178,4826.778,4823.638,4824.278,5
2026-04-20 23:10:00,4824.278,4826.525,4824.178,4825.675,5
2026-04-20 23:15:00,4825.645,4825.695,4823.635,4824.405,5
2026-04-20 23:20:00,4824.485,4825.995,4824.325,4825.685,5
2026-04-20 23:25:00,4825.725,4826.725,4824.995,4825.555,5
2026-04-20 23:30:00,4825.515,4825.515,4822.795,4823.665,5
2026-04-20 23:35:00,4823.645,4824.825,4822.635,4824.555,5
2026-04-20 23:40:00,4824.525,4824.615,4822.955,4823.845,5
2026-04-20 23:45:00,4823.995,4824.535,4820.025,4820.855,5
2026-04-20 23:50:00,4820.885,4821.665,4819.875,4820.505,5
2026-04-20 23:55:00,4820.435,4821.635,4819.525,4821.485,5
2026-04-21 00:00:00,4821.795,4825.565,4820.045,4824.315,5
2026-04-21 00:05:00,4824.205,4828.275,4823.955,4828.235,5
2026-04-21 00:10:00,4828.345,4830.565,4827.535,4828.415,5
2026-04-21 00:15:00,4828.035,4829.085,4825.915,4827.705,5
2026-04-21 00:20:00,4827.735,4828.595,4825.115,4825.365,5
2026-04-21 00:25:00,4825.365,4825.435,4819.275,4819.505,5
2026-04-21 00:30:00,4819.915,4820.555,4816.815,4817.745,5
2026-04-21 00:35:00,4817.715,4820.125,4816.575,4819.465,5
2026-04-21 00:40:00,4819.485,4824.665,4819.205,4822.445,5
2026-04-21 00:45:00,4822.525,4825.825,4821.325,4824.955,5
2026-04-21 00:50:00,4824.925,4825.325,4822.295,4823.815,5
2026-04-21 00:55:00,4823.835,4826.005,4823.245,4823.825,5
2026-04-21 01:00:00,4823.845,4824.485,4816.395,4818.205,5
2026-04-21 01:05:00,4818.005,4820.045,4816.585,4818.215,5
2026-04-21 01:10:00,4818.255,4818.695,4812.825,4814.545,5
2026-04-21 01:15:00,4814.575,4817.715,4814.175,4817.415,5
2026-04-21 01:20:00,4817.445,4817.855,4814.785,4816.795,5
2026-04-21 01:25:00,4816.845,4818.485,4814.315,4818.225,5
2026-04-21 01:30:00,4818.075,4818.635,4815.625,4817.685,5
2026-04-21 01:35:00,4817.715,4818.655,4812.595,4813.065,5
2026-04-21 01:40:00,4812.955,4813.455,4808.945,4813.195,5
2026-04-21 01:45:00,4813.215,4813.815,4810.085,4812.075,5
2026-04-21 01:50:00,4812.325,4812.688,4808.485,4809.255,5
2026-04-21 01:55:00,4809.305,4810.238,4805.365,4809.798,5
2026-04-21 02:00:00,4809.805,4810.065,4806.365,4806.765,5
2026-04-21 02:05:00,4806.745,4810.115,4806.385,4808.045,5
2026-04-21 02:10:00,4808.095,4809.415,4805.715,4806.895,5
2026-04-21 02:15:00,4806.945,4808.445,4806.065,4806.895,5
2026-04-21 02:20:00,4806.855,4807.085,4803.365,4805.755,5
2026-04-21 02:25:00,4805.725,4808.425,4805.195,4807.325,5
2026-04-21 02:30:00,4807.275,4807.485,4802.225,4803.345,5
2026-04-21 02:35:00,4803.375,4806.145,4802.525,4805.965,5
2026-04-21 02:40:00,4805.955,4806.955,4804.898,4806.255,5
2026-04-21 02:45:00,4806.225,4807.125,4802.115,4803.645,5
2026-04-21 02:50:00,4803.575,4807.045,4803.275,4806.405,5
2026-04-21 02:55:00,4806.355,4807.805,4805.945,4806.595,5
2026-04-21 03:00:00,4806.645,4807.555,4804.835,4807.215,5
2026-04-21 03:05:00,4807.195,4807.495,4801.855,4803.175,5
2026-04-21 03:10:00,4803.155,4803.885,4800.015,4800.245,5
2026-04-21 03:15:00,4800.295,4802.025,4796.338,4797.305,5
2026-04-21 03:20:00,4797.345,4799.255,4794.085,4794.085,5
2026-04-21 03:25:00,4794.105,4798.835,4793.335,4798.385,5
2026-04-21 03:30:00,4798.325,4799.645,4797.485,4798.315,5
2026-04-21 03:35:00,4798.435,4798.875,4793.705,4794.505,5
2026-04-21 03:40:00,4794.485,4794.795,4792.345,4794.795,5
2026-04-21 03:45:00,4794.765,4795.355,4793.445,4795.025,5
2026-04-21 03:50:00,4795.058,4796.865,4794.375,4795.065,5
2026-04-21 03:55:00,4795.165,4797.585,4794.655,4796.945,5
2026-04-21 04:00:00,4797.155,4797.645,4796.355,4797.315,5
2026-04-21 04:05:00,4797.285,4797.675,4793.665,4794.065,5
2026-04-21 04:10:00,4794.115,4795.355,4793.318,4793.778,5
2026-04-21 04:15:00,4793.758,4796.365,4791.878,4792.785,5
2026-04-21 04:20:00,4792.875,4794.945,4790.928,4791.975,5
2026-04-21 04:25:00,4792.215,4794.985,4791.368,4791.875,5
2026-04-21 04:30:00,4791.835,4792.685,4789.395,4791.835,5
2026-04-21 04:35:00,4791.945,4793.165,4791.755,4792.805,5
2026-04-21 04:40:00,4792.855,4794.105,4790.878,4791.385,5
2026-04-21 04:45:00,4791.405,4793.265,4789.378,4789.435,5
2026-04-21 04:50:00,4789.475,4790.725,4788.825,4789.585,5
2026-04-21 04:55:00,4789.605,4791.445,4788.465,4788.765,5
2026-04-21 05:00:00,4789.055,4790.835,4785.675,4790.835,5
2026-04-21 05:05:00,4790.795,4792.835,4789.455,4789.695,5
2026-04-21 05:10:00,4789.765,4790.215,4787.375,4789.375,5
2026-04-21 05:15:00,4789.405,4791.135,4788.555,4788.695,5
2026-04-21 05:20:00,4788.725,4789.875,4786.325,4789.215,5
2026-04-21 05:25:00,4789.265,4790.625,4785.545,4787.385,5
2026-04-21 05:30:00,4787.365,4792.675,4786.565,4791.775,5
2026-04-21 05:35:00,4791.735,4796.535,4790.765,4795.655,5
2026-04-21 05:40:00,4795.605,4796.725,4794.685,4796.115,5
2026-04-21 05:45:00,4796.155,4796.415,4790.225,4790.345,5
2026-04-21 05:50:00,4790.295,4790.585,4782.785,4787.525,5
2026-04-21 05:55:00,4787.545,4788.225,4783.515,4783.925,5
2026-04-21 06:00:00,4783.945,4785.325,4775.365,4782.515,5
2026-04-21 06:05:00,4782.555,4787.425,4779.535,4787.315,5
2026-04-21 06:10:00,4787.295,4790.535,4783.955,4784.845,5
2026-04-21 06:15:00,4784.835,4785.815,4779.145,4780.385,5
2026-04-21 06:20:00,4780.335,4783.295,4776.885,4781.315,5
2026-04-21 06:25:00,4781.205,4781.205,4775.575,4778.555,5
2026-04-21 06:30:00,4778.615,4782.245,4776.895,4778.305,5
2026-04-21 06:35:00,4778.325,4779.895,4775.815,4778.135,5
2026-04-21 06:40:00,4778.135,4780.845,4776.418,4780.175,5
2026-04-21 06:45:00,4780.125,4783.245,4776.515,4777.585,5
2026-04-21 06:50:00,4777.555,4778.295,4774.298,4776.175,5
2026-04-21 06:55:00,4776.145,4779.655,4775.798,4778.535,5
2026-04-21 07:00:00,4778.065,4779.425,4772.395,4774.445,5
2026-04-21 07:05:00,4774.445,4781.085,4774.178,4780.938,5
2026-04-21 07:10:00,4780.938,4785.438,4780.278,4782.358,5
2026-04-21 07:15:00,4782.838,4787.248,4782.598,4784.065,5
2026-04-21 07:20:00,4784.045,4784.098,4780.085,4783.325,5
2026-04-21 07:25:00,4783.398,4785.235,4782.145,4783.165,5
2026-04-21 07:30:00,4783.165,4784.545,4780.898,4781.298,5
2026-04-21 07:35:00,4781.228,4783.998,4781.215,4781.405,5
2026-04-21 07:40:00,4781.418,4786.975,4780.458,4786.295,5
2026-04-21 07:45:00,4786.235,4790.555,4785.905,4790.255,5
2026-04-21 07:50:00,4790.255,4792.405,4787.618,4788.425,5
2026-04-21 07:55:00,4788.255,4789.715,4784.005,4785.548,5
2026-04-21 08:00:00,4785.495,4787.315,4784.035,4785.185,5
2026-04-21 08:05:00,4785.305,4785.705,4777.628,4779.885,5
2026-04-21 08:10:00,4779.885,4781.135,4774.318,4775.598,5
2026-04-21 08:15:00,4775.565,4783.575,4774.858,4782.995,5
2026-04-21 08:20:00,4783.025,4789.045,4782.675,4786.525,5
2026-04-21 08:25:00,4787.085,4788.195,4784.455,4787.055,5
2026-04-21 08:30:00,4786.965,4789.075,4784.595,4787.885,5
2026-04-21 08:35:00,4787.845,4788.495,4785.705,4788.235,5
2026-04-21 08:40:00,4788.215,4792.715,4786.895,4791.515,5
2026-04-21 08:45:00,4791.535,4792.735,4789.475,4789.485,5
2026-04-21 08:50:00,4789.545,4789.695,4786.025,4788.295,5
2026-04-21 08:55:00,4788.365,4788.395,4785.895,4785.895,5
2026-04-21 09:00:00,4786.250,4786.315,4781.235,4785.235,5
2026-04-21 09:05:00,4785.235,4786.745,4783.825,4785.925,5
2026-04-21 09:10:00,4785.915,4786.765,4783.975,4784.085,5
2026-04-21 09:15:00,4784.065,4787.255,4783.325,4786.795,5
2026-04-21 09:20:00,4786.885,4787.775,4784.475,4785.275,5
2026-04-21 09:25:00,4785.375,4786.235,4780.895,4781.978,5
2026-04-21 09:30:00,4781.948,4784.795,4781.665,4784.675,5
2026-04-21 09:35:00,4784.655,4785.695,4781.965,4783.255,5
2026-04-21 09:40:00,4782.955,4787.365,4782.785,4787.105,5
2026-04-21 09:45:00,4787.175,4787.755,4783.075,4784.905,5
2026-04-21 09:50:00,4784.925,4788.105,4784.385,4787.285,5
2026-04-21 09:55:00,4787.883,4789.345,4783.255,4783.415,5
2026-04-21 10:00:00,4783.435,4785.505,4782.285,4783.095,5
2026-04-21 10:05:00,4783.145,4785.675,4783.035,4785.225,5
2026-04-21 10:10:00,4785.195,4785.415,4782.125,4782.685,5
2026-04-21 10:15:00,4782.865,4783.675,4780.545,4782.735,5
2026-04-21 10:20:00,4782.705,4784.715,4782.005,4782.395,5
2026-04-21 10:25:00,4782.335,4784.265,4781.805,4782.715,5
2026-04-21 10:30:00,4782.875,4785.775,4782.365,4784.455,5
2026-04-21 10:35:00,4784.235,4787.735,4784.195,4786.925,5
2026-04-21 10:40:00,4786.985,4787.125,4785.225,4786.115,5
2026-04-21 10:45:00,4786.095,4787.685,4785.955,4786.665,5
2026-04-21 10:50:00,4786.715,4790.115,4786.695,4789.955,5
2026-04-21 10:55:00,4789.795,4790.295,4788.725,4789.685,5
2026-04-21 11:00:00,4789.655,4790.055,4786.745,4787.095,5
2026-04-21 11:05:00,4787.155,4788.785,4775.195,4780.135,5
2026-04-21 11:10:00,4780.165,4782.625,4779.005,4781.605,5
2026-04-21 11:15:00,4781.545,4782.835,4780.685,4781.535,5
2026-04-21 11:20:00,4781.705,4784.245,4781.285,4781.425,5
2026-04-21 11:25:00,4781.455,4783.805,4779.005,4783.295,5
2026-04-21 11:30:00,4783.265,4790.295,4782.995,4787.385,5
2026-04-21 11:35:00,4787.355,4790.535,4787.335,4789.685,5
2026-04-21 11:40:00,4789.735,4794.855,4789.025,4793.005,5
2026-04-21 11:45:00,4793.095,4797.935,4791.545,4795.565,5
2026-04-21 11:50:00,4795.685,4796.815,4792.495,4793.755,5
2026-04-21 11:55:00,4793.715,4796.185,4793.205,4794.415,5
2026-04-21 12:00:00,4794.595,4796.895,4793.235,4793.235,5
2026-04-21 12:05:00,4792.985,4795.825,4791.225,4795.585,5
2026-04-21 12:10:00,4795.525,4795.695,4790.658,4790.835,5
2026-04-21 12:15:00,4790.775,4791.425,4783.265,4783.435,5
2026-04-21 12:20:00,4783.445,4785.015,4778.955,4782.365,5
2026-04-21 12:25:00,4782.425,4784.285,4779.895,4779.925,5
2026-04-21 12:30:00,4779.945,4787.495,4764.475,4786.965,5
2026-04-21 12:35:00,4786.935,4790.305,4779.945,4780.435,5
2026-04-21 12:40:00,4780.405,4782.695,4775.855,4778.675,5
2026-04-21 12:45:00,4778.615,4782.805,4777.285,4777.685,5
2026-04-21 12:50:00,4777.615,4781.325,4776.685,4779.885,5
2026-04-21 12:55:00,4779.845,4782.235,4775.975,4778.535,5
2026-04-21 13:00:00,4778.955,4783.715,4777.945,4779.145,5
2026-04-21 13:05:00,4779.065,4779.505,4767.345,4767.795,5
2026-04-21 13:10:00,4767.815,4770.845,4764.525,4764.955,5
2026-04-21 13:15:00,4765.085,4771.975,4759.585,4768.175,5
2026-04-21 13:20:00,4768.145,4772.075,4767.155,4769.745,5
2026-04-21 13:25:00,4769.965,4775.175,4769.065,4774.685,5
2026-04-21 13:30:00,4774.455,4781.055,4773.745,4775.615,5
2026-04-21 13:35:00,4775.665,4785.495,4769.925,4783.995,5
2026-04-21 13:40:00,4784.028,4792.465,4783.965,4788.915,5
2026-04-21 13:45:00,4788.875,4794.165,4785.645,4788.665,5
2026-04-21 13:50:00,4788.515,4793.355,4786.605,4788.915,5
2026-04-21 13:55:00,4788.875,4789.115,4777.075,4778.825,5
2026-04-21 14:00:00,4778.795,4781.145,4773.135,4780.175,5
2026-04-21 14:05:00,4780.145,4782.485,4778.915,4780.625,5
2026-04-21 14:10:00,4780.425,4780.485,4775.955,4778.325,5
2026-04-21 14:15:00,4778.255,4780.405,4776.645,4777.595,5
2026-04-21 14:20:00,4777.535,4778.085,4771.855,4772.475,5
2026-04-21 14:25:00,4772.425,4774.925,4769.515,4773.925,5
2026-04-21 14:30:00,4773.845,4774.925,4761.825,4767.775,5
2026-04-21 14:35:00,4768.035,4769.345,4760.275,4761.435,5
2026-04-21 14:40:00,4761.305,4763.125,4743.585,4744.715,5
2026-04-21 14:45:00,4744.625,4745.515,4723.360,4727.595,5
2026-04-21 14:50:00,4727.625,4739.075,4723.485,4738.585,5
2026-04-21 14:55:00,4738.615,4741.745,4733.475,4738.915,5
2026-04-21 15:00:00,4739.095,4740.698,4730.655,4734.125,5
2026-04-21 15:05:00,4734.185,4740.415,4727.595,4740.415,5
2026-04-21 15:10:00,4740.365,4750.625,4739.935,4747.785,5
2026-04-21 15:15:00,4747.815,4756.455,4744.945,4755.085,5
2026-04-21 15:20:00,4755.285,4757.385,4748.145,4750.185,5
2026-04-21 15:25:00,4749.855,4750.085,4741.665,4742.245,5
2026-04-21 15:30:00,4742.265,4745.555,4741.155,4743.865,5
2026-04-21 15:35:00,4743.835,4744.585,4736.615,4742.605,5
2026-04-21 15:40:00,4742.885,4747.545,4738.735,4745.545,5
2026-04-21 15:45:00,4745.585,4749.885,4743.795,4745.995,5
2026-04-21 15:50:00,4745.975,4746.205,4739.455,4740.875,5
2026-04-21 15:55:00,4740.855,4741.545,4738.555,4741.425,5
2026-04-21 16:00:00,4741.385,4746.860,4739.915,4740.045,5
2026-04-21 16:05:00,4740.005,4741.175,4734.475,4735.025,5
2026-04-21 16:10:00,4734.985,4735.025,4726.635,4730.105,5
2026-04-21 16:15:00,4729.935,4733.945,4728.275,4732.125,5
2026-04-21 16:20:00,4732.065,4732.315,4727.635,4730.425,5
2026-04-21 16:25:00,4730.315,4730.355,4719.745,4720.545,5
2026-04-21 16:30:00,4720.585,4725.765,4719.348,4724.095,5
2026-04-21 16:35:00,4723.975,4727.415,4719.778,4723.585,5
2026-04-21 16:40:00,4723.555,4725.525,4720.405,4720.718,5
2026-04-21 16:45:00,4720.718,4722.565,4718.295,4721.335,5
2026-04-21 16:50:00,4721.175,4721.355,4708.065,4709.225,5
2026-04-21 16:55:00,4709.255,4712.665,4708.615,4710.865,5
2026-04-21 17:00:00,4710.935,4718.955,4710.145,4712.355,5
2026-04-21 17:05:00,4712.315,4712.415,4707.248,4710.235,5
2026-04-21 17:10:00,4710.325,4711.325,4700.865,4706.205,5
2026-04-21 17:15:00,4706.125,4708.475,4699.438,4700.575,5
2026-04-21 17:20:00,4700.625,4705.575,4699.648,4703.285,5
2026-04-21 17:25:00,4703.275,4705.445,4697.415,4699.625,5
2026-04-21 17:30:00,4699.815,4706.025,4696.645,4705.275,5
2026-04-21 17:35:00,4704.895,4710.855,4703.885,4708.865,5
2026-04-21 17:40:00,4708.765,4722.055,4706.698,4717.495,5
2026-04-21 17:45:00,4717.535,4718.298,4711.035,4711.628,5
2026-04-21 17:50:00,4711.628,4712.238,4706.715,4706.925,5
2026-04-21 17:55:00,4706.925,4711.195,4705.745,4710.875,5
2026-04-21 18:00:00,4710.785,4714.455,4709.875,4710.405,5
2026-04-21 18:05:00,4710.425,4713.195,4707.875,4707.985,5
2026-04-21 18:10:00,4707.965,4708.098,4703.475,4704.255,5
2026-04-21 18:15:00,4704.225,4704.665,4694.235,4695.865,5
2026-04-21 18:20:00,4695.905,4697.575,4692.955,4695.005,5
2026-04-21 18:25:00,4694.865,4696.245,4692.088,4696.245,5
2026-04-21 18:30:00,4696.265,4702.895,4696.265,4702.045,5
2026-04-21 18:35:00,4702.065,4703.355,4699.898,4701.125,5
2026-04-21 18:40:00,4701.155,4703.505,4699.248,4702.905,5
2026-04-21 18:45:00,4702.905,4703.985,4701.005,4701.805,5
2026-04-21 18:50:00,4701.775,4710.415,4698.805,4709.125,5
2026-04-21 18:55:00,4709.155,4713.805,4704.205,4709.165,5
2026-04-21 19:00:00,4709.605,4712.115,4707.075,4709.175,5
2026-04-21 19:05:00,4709.245,4710.955,4707.635,4709.445,5
2026-04-21 19:10:00,4709.445,4712.755,4704.078,4707.085,5
2026-04-21 19:15:00,4707.085,4710.145,4704.845,4706.295,5
2026-04-21 19:20:00,4706.275,4714.005,4705.245,4714.005,5
2026-04-21 19:25:00,4714.085,4714.825,4709.935,4713.715,5
2026-04-21 19:30:00,4713.785,4714.565,4709.925,4710.285,5
2026-04-21 19:35:00,4710.285,4710.285,4698.715,4700.715,5
2026-04-21 19:40:00,4700.898,4701.055,4668.275,4671.445,5
2026-04-21 19:45:00,4671.795,4684.555,4670.725,4682.025,5
2026-04-21 19:50:00,4681.765,4685.525,4676.465,4679.898,5
2026-04-21 19:55:00,4680.005,4684.195,4676.405,4678.875,5
2026-04-21 20:00:00,4678.875,4679.375,4674.205,4676.545,5
2026-04-21 20:05:00,4676.615,4682.815,4668.685,4679.438,5
2026-04-21 20:10:00,4681.225,4702.045,4678.965,4696.755,5
2026-04-21 20:15:00,4697.375,4709.895,4694.525,4702.935,5
2026-04-21 20:20:00,4702.885,4711.035,4702.055,4709.615,5
2026-04-21 20:25:00,4709.525,4710.395,4704.895,4705.395,5
2026-04-21 20:30:00,4705.425,4710.065,4705.028,4709.955,5
2026-04-21 20:35:00,4709.985,4713.525,4709.558,4712.285,5
2026-04-21 20:40:00,4712.305,4712.655,4710.105,4711.175,5
2026-04-21 20:45:00,4711.138,4713.915,4709.218,4713.065,5
2026-04-21 20:50:00,4713.145,4718.505,4711.365,4716.875,5
2026-04-21 20:55:00,4716.895,4720.585,4716.365,4720.045,5
2026-04-21 22:00:00,4720.145,4729.035,4715.055,4725.345,5
2026-04-21 22:05:00,4725.495,4725.845,4717.743,4720.415,5
2026-04-21 22:10:00,4720.385,4723.245,4718.365,4721.565,5
2026-04-21 22:15:00,4721.535,4721.635,4719.005,4720.335,5
2026-04-21 22:20:00,4720.305,4720.435,4716.165,4717.855,5
2026-04-21 22:25:00,4718.048,4719.925,4716.645,4718.775,5
2026-04-21 22:30:00,4718.745,4719.055,4716.315,4717.295,5
2026-04-21 22:35:00,4717.315,4719.375,4717.105,4718.285,5
2026-04-21 22:40:00,4718.305,4718.705,4715.765,4716.655,5
2026-04-21 22:45:00,4716.645,4718.625,4715.735,4716.465,5
2026-04-21 22:50:00,4716.495,4719.235,4715.275,4718.355,5
2026-04-21 22:55:00,4718.585,4719.795,4717.088,4718.998,5
2026-04-21 23:00:00,4718.968,4722.338,4717.528,4721.085,5
2026-04-21 23:05:00,4721.308,4725.548,4720.945,4724.578,5
2026-04-21 23:10:00,4724.568,4729.535,4724.508,4727.195,5
2026-04-21 23:15:00,4727.175,4732.795,4726.085,4731.465,5
2026-04-21 23:20:00,4731.275,4732.815,4730.215,4732.445,5
2026-04-21 23:25:00,4732.425,4732.845,4729.755,4729.755,5
2026-04-21 23:30:00,4729.805,4733.175,4729.205,4732.195,5
2026-04-21 23:35:00,4732.125,4733.605,4728.665,4730.265,5
2026-04-21 23:40:00,4730.295,4732.595,4729.105,4731.525,5
2026-04-21 23:45:00,4731.495,4738.255,4731.285,4737.935,5
2026-04-21 23:50:00,4737.885,4740.345,4736.455,4738.875,5
2026-04-21 23:55:00,4738.815,4739.305,4736.865,4737.795,5
2026-04-22 00:00:00,4737.765,4745.285,4737.765,4742.895,5
2026-04-22 00:05:00,4742.955,4747.305,4740.525,4744.335,5
2026-04-22 00:10:00,4744.165,4746.195,4742.505,4742.645,5
2026-04-22 00:15:00,4742.675,4745.345,4740.935,4743.185,5
2026-04-22 00:20:00,4743.145,4745.565,4741.045,4741.495,5
2026-04-22 00:25:00,4741.465,4744.795,4740.168,4742.295,5
2026-04-22 00:30:00,4742.265,4746.845,4741.915,4744.995,5
2026-04-22 00:35:00,4744.945,4745.285,4743.075,4744.685,5
2026-04-22 00:40:00,4744.725,4745.025,4741.175,4741.915,5
2026-04-22 00:45:00,4741.895,4746.575,4741.005,4743.415,5
2026-04-22 00:50:00,4743.345,4744.195,4739.395,4739.805,5
2026-04-22 00:55:00,4739.835,4741.645,4738.258,4739.595,5
2026-04-22 01:00:00,4739.505,4745.005,4737.325,4740.285,5
2026-04-22 01:05:00,4740.495,4741.445,4735.565,4738.825,5
2026-04-22 01:10:00,4738.855,4739.955,4735.815,4738.075,5
2026-04-22 01:15:00,4737.955,4743.175,4737.655,4740.205,5
2026-04-22 01:20:00,4740.355,4749.005,4740.355,4745.935,5
2026-04-22 01:25:00,4745.665,4747.415,4743.595,4746.105,5
2026-04-22 01:30:00,4746.075,4749.985,4746.055,4747.885,5
2026-04-22 01:35:00,4747.865,4753.155,4747.418,4751.295,5
2026-04-22 01:40:00,4751.245,4753.635,4748.885,4749.575,5
2026-04-22 01:45:00,4749.545,4754.185,4747.755,4752.535,5
2026-04-22 01:50:00,4752.555,4754.585,4750.805,4753.695,5
2026-04-22 01:55:00,4753.775,4754.395,4751.785,4751.985,5
2026-04-22 02:00:00,4752.205,4753.105,4749.728,4752.265,5
2026-04-22 02:05:00,4752.325,4753.545,4750.848,4753.025,5
2026-04-22 02:10:00,4753.095,4755.865,4753.025,4755.515,5
2026-04-22 02:15:00,4755.445,4757.385,4753.335,4757.355,5
2026-04-22 02:20:00,4757.425,4757.815,4755.085,4755.225,5
2026-04-22 02:25:00,4755.145,4756.075,4754.655,4755.355,5
2026-04-22 02:30:00,4755.375,4758.495,4755.325,4756.365,5
2026-04-22 02:35:00,4756.385,4756.755,4753.135,4753.165,5
2026-04-22 02:40:00,4753.125,4753.245,4751.155,4751.195,5
2026-04-22 02:45:00,4751.088,4754.305,4750.835,4751.505,5
2026-04-22 02:50:00,4751.505,4755.415,4751.355,4755.095,5
2026-04-22 02:55:00,4755.125,4757.055,4753.155,4755.525,5
2026-04-22 03:00:00,4755.485,4758.945,4752.705,4758.735,5
2026-04-22 03:05:00,4758.705,4760.735,4758.155,4759.185,5
2026-04-22 03:10:00,4759.215,4759.895,4756.495,4757.315,5
2026-04-22 03:15:00,4757.365,4759.605,4756.815,4758.405,5
2026-04-22 03:20:00,4758.345,4760.355,4756.555,4759.335,5
2026-04-22 03:25:00,4759.435,4763.125,4758.758,4762.915,5
2026-04-22 03:30:00,4762.835,4764.795,4760.425,4760.885,5
2026-04-22 03:35:00,4760.825,4761.138,4756.575,4757.975,5
2026-04-22 03:40:00,4757.815,4759.508,4756.925,4758.925,5
2026-04-22 03:45:00,4758.988,4759.955,4758.035,4758.595,5
2026-04-22 03:50:00,4758.525,4760.455,4757.555,4757.588,5
2026-04-22 03:55:00,4757.575,4759.605,4756.915,4757.965,5
2026-04-22 04:00:00,4757.935,4759.395,4757.255,4758.815,5
2026-04-22 04:05:00,4758.845,4759.185,4758.105,4758.105,5
2026-04-22 04:10:00,4757.995,4758.525,4756.538,4757.165,5
2026-04-22 04:15:00,4757.205,4757.665,4755.175,4756.265,5
2026-04-22 04:20:00,4756.295,4757.125,4755.558,4755.945,5
2026-04-22 04:25:00,4755.915,4756.185,4754.138,4755.665,5
2026-04-22 04:30:00,4755.625,4757.125,4754.825,4754.895,5
2026-04-22 04:35:00,4754.865,4755.655,4753.158,4753.418,5
2026-04-22 04:40:00,4753.605,4756.535,4752.498,4756.195,5
2026-04-22 04:45:00,4756.058,4759.128,4755.885,4757.555,5
2026-04-22 04:50:00,4757.515,4757.535,4753.265,4754.565,5
2026-04-22 04:55:00,4754.495,4755.145,4751.868,4754.355,5
2026-04-22 05:00:00,4754.375,4754.665,4751.965,4752.905,5
2026-04-22 05:05:00,4752.885,4755.685,4752.165,4755.425,5
2026-04-22 05:10:00,4755.668,4756.695,4754.055,4756.545,5
2026-04-22 05:15:00,4756.525,4769.195,4755.925,4768.375,5
2026-04-22 05:20:00,4768.505,4771.385,4768.295,4768.395,5
2026-04-22 05:25:00,4768.415,4770.885,4764.435,4765.885,5
2026-04-22 05:30:00,4765.895,4766.848,4763.535,4765.385,5
2026-04-22 05:35:00,4765.415,4768.095,4765.145,4766.305,5
2026-04-22 05:40:00,4766.365,4769.285,4764.565,4767.135,5
2026-04-22 05:45:00,4767.165,4770.795,4765.845,4769.025,5
2026-04-22 05:50:00,4769.045,4771.935,4767.365,4767.815,5
2026-04-22 05:55:00,4767.785,4768.695,4763.915,4767.345,5
2026-04-22 06:00:00,4767.335,4767.575,4759.045,4759.115,5
2026-04-22 06:05:00,4759.125,4763.075,4758.595,4760.445,5
2026-04-22 06:10:00,4760.395,4762.985,4760.395,4762.595,5
2026-04-22 06:15:00,4762.585,4763.705,4760.315,4763.395,5
2026-04-22 06:20:00,4763.395,4764.855,4762.625,4763.315,5
2026-04-22 06:25:00,4763.315,4767.145,4762.515,4766.875,5
2026-04-22 06:30:00,4766.625,4767.595,4764.765,4765.885,5
2026-04-22 06:35:00,4765.855,4766.155,4764.075,4764.735,5
2026-04-22 06:40:00,4764.715,4766.195,4763.525,4763.535,5
2026-04-22 06:45:00,4763.505,4766.265,4763.125,4765.845,5
2026-04-22 06:50:00,4765.825,4767.525,4765.365,4766.395,5
2026-04-22 06:55:00,4766.295,4767.685,4765.915,4767.555,5
2026-04-22 07:00:00,4767.525,4770.155,4766.615,4768.625,5
2026-04-22 07:05:00,4768.675,4772.165,4767.005,4769.855,5
2026-04-22 07:10:00,4769.595,4769.745,4764.965,4765.495,5
2026-04-22 07:15:00,4765.455,4765.495,4762.395,4763.605,5
2026-04-22 07:20:00,4763.575,4767.805,4763.445,4766.145,5
2026-04-22 07:25:00,4766.165,4767.735,4762.995,4765.875,5
2026-04-22 07:30:00,4765.855,4766.338,4763.585,4764.115,5
2026-04-22 07:35:00,4764.155,4766.305,4764.155,4764.585,5
2026-04-22 07:40:00,4764.505,4764.505,4761.965,4763.615,5
2026-04-22 07:45:00,4763.635,4764.145,4760.725,4760.985,5
2026-04-22 07:50:00,4761.085,4762.145,4759.345,4760.045,5
2026-04-22 07:55:00,4760.075,4763.265,4760.025,4760.245,5
2026-04-22 08:00:00,4760.315,4761.435,4758.535,4759.175,5
2026-04-22 08:05:00,4759.365,4761.385,4758.745,4759.835,5
2026-04-22 08:10:00,4759.865,4762.065,4757.555,4757.775,5
2026-04-22 08:15:00,4757.845,4759.825,4756.055,4758.645,5
2026-04-22 08:20:00,4758.675,4758.965,4753.995,4754.395,5
2026-04-22 08:25:00,4754.365,4756.115,4753.945,4754.125,5
2026-04-22 08:30:00,4754.095,4756.815,4752.255,4752.755,5
2026-04-22 08:35:00,4752.675,4753.815,4751.645,4753.105,5
2026-04-22 08:40:00,4753.135,4756.065,4751.695,4755.915,5
2026-04-22 08:45:00,4755.825,4756.535,4753.845,4755.095,5
2026-04-22 08:50:00,4755.115,4757.235,4753.525,4757.105,5
2026-04-22 08:55:00,4757.015,4758.245,4756.395,4756.815,5
2026-04-22 09:00:00,4756.845,4760.615,4756.475,4759.625,5
2026-04-22 09:05:00,4759.605,4761.665,4759.245,4760.685,5
2026-04-22 09:10:00,4760.745,4760.925,4759.365,4760.445,5
2026-04-22 09:15:00,4760.415,4761.555,4759.845,4759.945,5
2026-04-22 09:20:00,4759.905,4761.625,4759.245,4760.785,5
2026-04-22 09:25:00,4760.715,4760.815,4756.165,4756.165,5
2026-04-22 09:30:00,4756.108,4757.035,4754.875,4755.745,5
2026-04-22 09:35:00,4755.595,4758.705,4755.585,4758.525,5
2026-04-22 09:40:00,4758.525,4762.285,4758.005,4758.285,5
2026-04-22 09:45:00,4758.305,4759.015,4755.825,4757.745,5
2026-04-22 09:50:00,4757.785,4758.085,4753.645,4754.545,5
2026-04-22 09:55:00,4754.495,4756.635,4752.315,4755.065,5
2026-04-22 10:00:00,4755.235,4757.595,4747.925,4748.715,5
2026-04-22 10:05:00,4748.685,4752.035,4747.265,4748.335,5
2026-04-22 10:10:00,4748.315,4749.575,4745.585,4748.395,5
2026-04-22 10:15:00,4748.395,4753.915,4748.245,4753.445,5
2026-04-22 10:20:00,4753.425,4755.905,4749.685,4750.305,5
2026-04-22 10:25:00,4750.285,4754.645,4749.825,4754.425,5
2026-04-22 10:30:00,4754.465,4758.255,4753.368,4757.905,5
2026-04-22 10:35:00,4757.965,4759.335,4756.145,4757.275,5
2026-04-22 10:40:00,4757.225,4757.225,4754.205,4756.305,5
2026-04-22 10:45:00,4756.325,4757.585,4755.025,4756.735,5
2026-04-22 10:50:00,4756.705,4758.225,4756.245,4757.205,5
2026-04-22 10:55:00,4756.945,4760.125,4755.975,4759.045,5
2026-04-22 11:00:00,4759.075,4760.315,4756.265,4757.475,5
2026-04-22 11:05:00,4757.585,4758.835,4756.285,4756.365,5
2026-04-22 11:10:00,4756.325,4758.855,4756.325,4757.135,5
2026-04-22 11:15:00,4757.075,4760.555,4756.985,4759.515,5
2026-04-22 11:20:00,4759.865,4760.625,4756.945,4757.055,5
2026-04-22 11:25:00,4757.075,4758.665,4756.188,4757.055,5
2026-04-22 11:30:00,4757.075,4759.635,4756.585,4757.245,5
2026-04-22 11:35:00,4757.215,4758.175,4754.675,4754.725,5
2026-04-22 11:40:00,4754.725,4755.085,4748.225,4748.365,5
2026-04-22 11:45:00,4748.395,4753.015,4747.655,4751.755,5
2026-04-22 11:50:00,4751.675,4753.015,4750.025,4750.615,5
2026-04-22 11:55:00,4750.545,4751.165,4749.095,4750.115,5
2026-04-22 12:00:00,4750.155,4757.285,4750.155,4756.525,5
2026-04-22 12:05:00,4756.585,4756.795,4750.975,4752.575,5
2026-04-22 12:10:00,4752.458,4752.665,4749.405,4752.095,5
2026-04-22 12:15:00,4752.125,4752.535,4747.515,4747.515,5
2026-04-22 12:20:00,4747.495,4752.385,4746.925,4751.485,5
2026-04-22 12:25:00,4751.725,4759.495,4751.725,4752.925,5
2026-04-22 12:30:00,4752.985,4754.085,4748.805,4753.085,5
2026-04-22 12:35:00,4753.065,4753.065,4746.865,4750.265,5
2026-04-22 12:40:00,4750.265,4750.265,4745.435,4746.565,5
2026-04-22 12:45:00,4746.485,4748.125,4742.655,4743.925,5
2026-04-22 12:50:00,4743.945,4746.925,4742.845,4746.355,5
2026-04-22 12:55:00,4746.295,4746.465,4743.405,4744.035,5
2026-04-22 13:00:00,4744.065,4747.018,4739.965,4741.265,5
2026-04-22 13:05:00,4741.295,4750.525,4738.995,4744.585,5
2026-04-22 13:10:00,4744.535,4744.535,4740.118,4742.145,5
2026-04-22 13:15:00,4742.175,4744.325,4736.195,4743.155,5
2026-04-22 13:20:00,4743.175,4748.845,4740.045,4746.905,5
2026-04-22 13:25:00,4746.875,4749.905,4745.435,4749.798,5
2026-04-22 13:30:00,4749.758,4750.605,4742.015,4744.915,5
2026-04-22 13:35:00,4744.575,4752.485,4742.975,4748.375,5
2026-04-22 13:40:00,4748.355,4756.375,4746.865,4755.155,5
2026-04-22 13:45:00,4755.255,4760.825,4754.995,4756.735,5
2026-04-22 13:50:00,4756.765,4758.245,4750.645,4754.785,5
2026-04-22 13:55:00,4754.805,4754.915,4751.255,4752.735,5
2026-04-22 14:00:00,4752.685,4757.325,4744.995,4745.295,5
2026-04-22 14:05:00,4745.265,4747.165,4742.125,4745.865,5
2026-04-22 14:10:00,4745.905,4747.545,4742.355,4745.225,5
2026-04-22 14:15:00,4745.255,4749.465,4745.055,4746.585,5
2026-04-22 14:20:00,4746.635,4750.535,4743.335,4745.405,5
2026-04-22 14:25:00,4745.355,4748.535,4742.915,4743.725,5
2026-04-22 14:30:00,4743.705,4744.415,4733.045,4735.935,5
2026-04-22 14:35:00,4735.665,4738.335,4729.835,4736.985,5
2026-04-22 14:40:00,4736.905,4740.555,4732.345,4733.125,5
2026-04-22 14:45:00,4733.065,4739.495,4732.038,4737.755,5
2026-04-22 14:50:00,4737.735,4738.195,4732.645,4737.945,5
2026-04-22 14:55:00,4737.535,4738.225,4733.185,4735.825,5
2026-04-22 15:00:00,4735.885,4738.175,4734.265,4735.355,5
2026-04-22 15:05:00,4735.235,4739.605,4734.795,4736.075,5
2026-04-22 15:10:00,4736.045,4740.045,4735.945,4737.575,5
2026-04-22 15:15:00,4737.605,4737.605,4729.595,4733.345,5
2026-04-22 15:20:00,4733.215,4734.045,4730.465,4733.855,5
2026-04-22 15:25:00,4733.815,4736.145,4730.675,4735.085,5
2026-04-22 15:30:00,4735.105,4735.335,4731.055,4732.735,5
2026-04-22 15:35:00,4732.915,4733.395,4726.665,4727.755,5
2026-04-22 15:40:00,4728.025,4730.445,4725.875,4727.018,5
2026-04-22 15:45:00,4727.175,4729.995,4726.555,4728.215,5
2026-04-22 15:50:00,4728.145,4728.325,4724.815,4727.375,5
2026-04-22 15:55:00,4727.405,4731.205,4727.185,4727.415,5
2026-04-22 16:00:00,4727.395,4730.925,4725.655,4730.455,5
2026-04-22 16:05:00,4730.415,4734.765,4730.285,4733.425,5
2026-04-22 16:10:00,4733.445,4733.475,4729.345,4730.115,5
2026-04-22 16:15:00,4730.135,4730.315,4724.555,4724.755,5
2026-04-22 16:20:00,4724.755,4727.895,4724.015,4725.075,5
2026-04-22 16:25:00,4725.075,4727.955,4724.045,4726.905,5
2026-04-22 16:30:00,4726.905,4728.705,4723.685,4728.365,5
2026-04-22 16:35:00,4728.385,4731.205,4728.225,4730.765,5
2026-04-22 16:40:00,4730.765,4731.945,4727.985,4728.015,5
2026-04-22 16:45:00,4727.865,4730.145,4726.115,4729.885,5
2026-04-22 16:50:00,4729.855,4730.685,4727.365,4729.915,5
2026-04-22 16:55:00,4729.915,4730.025,4726.155,4728.495,5
2026-04-22 17:00:00,4728.495,4736.075,4728.385,4735.305,5
2026-04-22 17:05:00,4735.335,4736.665,4733.645,4736.335,5
2026-04-22 17:10:00,4736.375,4739.285,4734.885,4735.085,5
2026-04-22 17:15:00,4735.145,4736.905,4732.895,4733.525,5
2026-04-22 17:20:00,4733.525,4737.475,4733.085,4735.465,5
2026-04-22 17:25:00,4735.415,4736.595,4732.605,4734.945,5
2026-04-22 17:30:00,4735.215,4737.905,4734.835,4736.725,5
2026-04-22 17:35:00,4736.745,4738.035,4734.955,4734.955,5
2026-04-22 17:40:00,4735.055,4736.695,4734.238,4736.005,5
2026-04-22 17:45:00,4736.145,4738.205,4733.445,4736.465,5
2026-04-22 17:50:00,4736.415,4738.235,4735.005,4736.745,5
2026-04-22 17:55:00,4736.765,4737.865,4735.735,4736.915,5
2026-04-22 18:00:00,4736.935,4737.515,4734.875,4736.735,5
2026-04-22 18:05:00,4736.645,4738.465,4736.465,4737.225,5
2026-04-22 18:10:00,4737.125,4737.125,4735.395,4735.575,5
2026-04-22 18:15:00,4735.335,4735.785,4731.975,4732.625,5
2026-04-22 18:20:00,4732.625,4732.625,4729.725,4732.235,5
2026-04-22 18:25:00,4732.205,4733.495,4729.925,4730.045,5
2026-04-22 18:30:00,4730.145,4734.645,4730.075,4733.095,5
2026-04-22 18:35:00,4733.075,4738.035,4732.235,4737.895,5
2026-04-22 18:40:00,4737.875,4739.455,4735.395,4739.375,5
2026-04-22 18:45:00,4739.165,4749.565,4738.635,4746.625,5
2026-04-22 18:50:00,4746.505,4747.325,4741.795,4741.835,5
2026-04-22 18:55:00,4741.905,4742.235,4739.465,4741.525,5
2026-04-22 19:00:00,4741.545,4743.405,4739.125,4741.645,5
2026-04-22 19:05:00,4741.635,4743.325,4739.535,4740.125,5
2026-04-22 19:10:00,4740.105,4740.115,4736.685,4738.425,5
2026-04-22 19:15:00,4738.435,4741.795,4738.005,4741.105,5
2026-04-22 19:20:00,4741.085,4742.475,4740.415,4741.695,5
2026-04-22 19:25:00,4741.665,4745.265,4741.655,4744.195,5
2026-04-22 19:30:00,4744.455,4744.535,4740.645,4741.715,5
2026-04-22 19:35:00,4741.765,4741.765,4739.005,4739.375,5
2026-04-22 19:40:00,4739.395,4740.585,4738.285,4739.105,5
2026-04-22 19:45:00,4739.185,4740.005,4737.175,4738.395,5
2026-04-22 19:50:00,4738.365,4741.515,4736.795,4740.355,5
2026-04-22 19:55:00,4740.335,4741.715,4739.125,4739.985,5
2026-04-22 20:00:00,4740.025,4740.295,4737.265,4738.595,5
2026-04-22 20:05:00,4738.605,4739.965,4737.418,4737.885,5
2026-04-22 20:10:00,4737.875,4737.875,4734.605,4735.815,5
2026-04-22 20:15:00,4735.835,4737.525,4735.715,4736.545,5
2026-04-22 20:20:00,4736.505,4737.025,4734.815,4735.455,5
2026-04-22 20:25:00,4735.485,4737.175,4734.265,4736.755,5
2026-04-22 20:30:00,4736.755,4739.315,4736.715,4738.625,5
2026-04-22 20:35:00,4738.585,4738.585,4736.355,4737.565,5
2026-04-22 20:40:00,4737.535,4737.875,4736.075,4737.315,5
2026-04-22 20:45:00,4737.285,4739.655,4737.045,4738.605,5
2026-04-22 20:50:00,4738.575,4739.755,4737.815,4738.595,5
2026-04-22 20:55:00,4738.575,4740.525,4738.215,4739.355,5
2026-04-22 22:00:00,4739.945,4746.245,4738.755,4741.445,5
2026-04-22 22:05:00,4741.425,4741.715,4736.265,4738.575,5
2026-04-22 22:10:00,4738.555,4738.835,4735.738,4736.235,5
2026-04-22 22:15:00,4736.345,4738.095,4735.075,4736.035,5
2026-04-22 22:20:00,4736.205,4737.705,4734.925,4735.095,5
2026-04-22 22:25:00,4735.095,4735.995,4732.215,4732.675,5
2026-04-22 22:30:00,4732.795,4735.095,4732.198,4734.115,5
2026-04-22 22:35:00,4733.945,4734.045,4729.995,4730.715,5
2026-04-22 22:40:00,4730.745,4731.515,4729.565,4729.725,5
2026-04-22 22:45:00,4729.745,4731.615,4728.755,4729.935,5
2026-04-22 22:50:00,4729.958,4731.725,4729.575,4730.545,5
2026-04-22 22:55:00,4730.598,4730.605,4725.205,4725.638,5
2026-04-22 23:00:00,4725.638,4726.398,4723.008,4724.068,5
2026-04-22 23:05:00,4724.068,4725.768,4723.348,4725.648,5
2026-04-22 23:10:00,4725.768,4728.085,4725.335,4725.635,5
2026-04-22 23:15:00,4725.655,4728.875,4725.655,4728.735,5
2026-04-22 23:20:00,4728.755,4729.715,4726.105,4726.245,5
2026-04-22 23:25:00,4726.395,4728.055,4725.115,4727.855,5
2026-04-22 23:30:00,4727.895,4727.895,4725.845,4727.135,5
2026-04-22 23:35:00,4727.115,4727.465,4724.245,4724.545,5
2026-04-22 23:40:00,4724.625,4725.295,4723.535,4724.255,5
2026-04-22 23:45:00,4724.235,4728.305,4724.235,4727.805,5
2026-04-22 23:50:00,4727.775,4727.775,4725.395,4727.275,5
2026-04-22 23:55:00,4727.335,4728.945,4726.365,4727.525,5
2026-04-23 00:00:00,4727.505,4727.905,4719.998,4721.365,5
2026-04-23 00:05:00,4721.095,4722.115,4713.825,4715.215,5
2026-04-23 00:10:00,4715.125,4715.585,4698.535,4699.205,5
2026-04-23 00:15:00,4699.285,4723.575,4693.638,4722.185,5
2026-04-23 00:20:00,4722.405,4733.765,4722.085,4727.175,5
2026-04-23 00:25:00,4727.135,4742.095,4726.915,4741.235,5
2026-04-23 00:30:00,4741.275,4751.808,4740.935,4746.525,5
2026-04-23 00:35:00,4746.435,4748.005,4742.605,4745.555,5
2026-04-23 00:40:00,4745.605,4747.265,4742.165,4744.565,5
2026-04-23 00:45:00,4744.545,4749.905,4743.325,4747.135,5
2026-04-23 00:50:00,4747.325,4753.585,4746.985,4747.855,5
2026-04-23 00:55:00,4747.885,4748.005,4744.455,4747.815,5
2026-04-23 01:00:00,4747.485,4749.675,4742.525,4744.075,5
2026-04-23 01:05:00,4744.045,4745.795,4741.895,4743.635,5
2026-04-23 01:10:00,4743.805,4743.805,4735.735,4736.655,5
2026-04-23 01:15:00,4736.675,4738.445,4732.835,4734.095,5
2026-04-23 01:20:00,4734.115,4735.115,4728.245,4733.515,5
2026-04-23 01:25:00,4733.515,4735.155,4726.915,4728.015,5
2026-04-23 01:30:00,4728.045,4732.935,4725.655,4728.985,5
2026-04-23 01:35:00,4729.285,4732.625,4728.675,4732.485,5
2026-04-23 01:40:00,4732.455,4735.535,4731.575,4733.425,5
2026-04-23 01:45:00,4733.445,4736.785,4733.045,4733.805,5
2026-04-23 01:50:00,4733.785,4736.055,4724.065,4724.535,5
2026-04-23 01:55:00,4724.565,4727.965,4722.255,4723.045,5
2026-04-23 02:00:00,4723.165,4724.535,4719.855,4720.345,5
2026-04-23 02:05:00,4720.285,4721.865,4711.625,4714.325,5
2026-04-23 02:10:00,4714.255,4714.495,4706.285,4706.985,5
2026-04-23 02:15:00,4706.885,4711.235,4704.685,4710.435,5
2026-04-23 02:20:00,4710.465,4717.955,4710.465,4715.495,5
2026-04-23 02:25:00,4715.445,4717.755,4713.495,4713.815,5
2026-04-23 02:30:00,4713.785,4714.725,4708.015,4712.355,5
2026-04-23 02:35:00,4712.325,4715.495,4706.865,4711.685,5
2026-04-23 02:40:00,4711.705,4713.085,4700.145,4701.085,5
2026-04-23 02:45:00,4701.045,4706.315,4698.725,4706.315,5
2026-04-23 02:50:00,4706.095,4707.075,4702.485,4703.155,5
2026-04-23 02:55:00,4703.285,4703.735,4698.145,4698.745,5
2026-04-23 03:00:00,4698.695,4708.265,4698.695,4708.225,5
2026-04-23 03:05:00,4708.265,4708.455,4701.385,4703.325,5
2026-04-23 03:10:00,4703.315,4703.625,4698.095,4701.825,5
2026-04-23 03:15:00,4701.855,4704.485,4697.985,4700.415,5
2026-04-23 03:20:00,4700.015,4705.605,4698.795,4703.845,5
2026-04-23 03:25:00,4703.915,4705.585,4701.215,4702.895,5
2026-04-23 03:30:00,4702.925,4705.155,4701.168,4702.915,5
2026-04-23 03:35:00,4702.915,4704.065,4701.435,4702.395,5
2026-04-23 03:40:00,4702.375,4706.795,4700.618,4704.535,5
2026-04-23 03:45:00,4704.625,4707.045,4703.325,4706.505,5
2026-04-23 03:50:00,4706.575,4707.255,4704.495,4705.305,5
2026-04-23 03:55:00,4705.545,4705.795,4702.255,4703.705,5
2026-04-23 04:00:00,4703.705,4704.135,4701.135,4702.525,5
2026-04-23 04:05:00,4702.555,4706.015,4700.475,4704.105,5
2026-04-23 04:10:00,4704.075,4706.165,4703.855,4706.035,5
2026-04-23 04:15:00,4706.055,4706.175,4703.625,4704.275,5
2026-04-23 04:20:00,4704.245,4706.945,4703.515,4703.765,5
2026-04-23 04:25:00,4703.745,4706.168,4702.525,4705.375,5
2026-04-23 04:30:00,4705.245,4706.675,4704.465,4705.745,5
2026-04-23 04:35:00,4705.705,4706.885,4701.975,4703.085,5
2026-04-23 04:40:00,4703.115,4703.565,4701.275,4701.465,5
2026-04-23 04:45:00,4701.435,4702.615,4698.455,4702.015,5
2026-04-23 04:50:00,4701.915,4703.715,4701.635,4702.455,5
2026-04-23 04:55:00,4702.335,4704.355,4700.895,4704.115,5
2026-04-23 05:00:00,4704.155,4708.405,4703.065,4706.865,5
2026-04-23 05:05:00,4706.785,4709.725,4706.015,4709.485,5
2026-04-23 05:10:00,4709.555,4710.105,4707.275,4707.505,5
2026-04-23 05:15:00,4707.505,4707.725,4705.565,4706.755,5
2026-04-23 05:20:00,4706.575,4709.155,4705.845,4706.225,5
2026-04-23 05:25:00,4706.205,4707.305,4705.085,4705.565,5
2026-04-23 05:30:00,4705.705,4707.115,4692.078,4705.935,5
2026-04-23 05:35:00,4705.945,4706.275,4701.645,4702.715,5
2026-04-23 05:40:00,4702.615,4703.685,4700.575,4701.485,5
2026-04-23 05:45:00,4701.455,4710.365,4701.445,4710.345,5
2026-04-23 05:50:00,4710.435,4715.225,4710.285,4711.795,5
2026-04-23 05:55:00,4711.765,4714.995,4710.745,4713.095,5
2026-04-23 06:00:00,4713.215,4718.075,4713.025,4714.465,5
2026-04-23 06:05:00,4714.535,4717.085,4711.125,4712.885,5
2026-04-23 06:10:00,4712.585,4715.515,4710.425,4711.675,5
2026-04-23 06:15:00,4711.675,4712.265,4709.105,4710.085,5
2026-04-23 06:20:00,4710.025,4712.365,4708.305,4712.215,5
2026-04-23 06:25:00,4712.245,4714.135,4710.865,4711.815,5
2026-04-23 06:30:00,4711.785,4713.138,4710.155,4711.795,5
2026-04-23 06:35:00,4711.798,4714.148,4708.875,4713.155,5
2026-04-23 06:40:00,4713.135,4717.025,4712.945,4714.925,5
2026-04-23 06:45:00,4715.015,4719.878,4713.425,4716.085,5
2026-04-23 06:50:00,4716.225,4721.035,4714.165,4714.195,5
2026-04-23 06:55:00,4714.265,4717.005,4711.745,4712.665,5
2026-04-23 07:00:00,4712.615,4713.275,4707.215,4712.525,5
2026-04-23 07:05:00,4712.585,4715.205,4709.195,4709.895,5
2026-04-23 07:10:00,4709.895,4716.235,4708.738,4712.105,5
2026-04-23 07:15:00,4712.065,4713.715,4708.795,4712.475,5
2026-04-23 07:20:00,4712.375,4712.875,4702.945,4705.585,5
2026-04-23 07:25:00,4705.385,4709.755,4704.715,4705.885,5
2026-04-23 07:30:00,4705.785,4711.505,4703.245,4710.675,5
2026-04-23 07:35:00,4710.695,4713.305,4709.045,4709.235,5
2026-04-23 07:40:00,4709.085,4713.585,4708.185,4713.515,5
2026-04-23 07:45:00,4713.485,4720.285,4713.165,4720.175,5
2026-04-23 07:50:00,4720.175,4720.345,4715.385,4715.935,5
2026-04-23 07:55:00,4715.835,4720.085,4715.765,4719.045,5
2026-04-23 08:00:00,4718.965,4724.695,4718.835,4721.285,5
2026-04-23 08:05:00,4721.315,4723.075,4717.925,4718.495,5
2026-04-23 08:10:00,4718.495,4720.625,4717.305,4718.155,5
2026-04-23 08:15:00,4718.155,4721.005,4717.325,4720.165,5
2026-04-23 08:20:00,4720.355,4721.645,4716.685,4718.115,5
2026-04-23 08:25:00,4718.125,4720.865,4714.805,4715.115,5
2026-04-23 08:30:00,4715.405,4716.055,4708.315,4709.555,5
2026-04-23 08:35:00,4709.575,4710.705,4704.575,4707.595,5
2026-04-23 08:40:00,4707.505,4708.985,4703.275,4703.635,5
2026-04-23 08:45:00,4703.545,4706.305,4701.395,4705.775,5
2026-04-23 08:50:00,4705.845,4707.355,4703.765,4704.495,5
2026-04-23 08:55:00,4704.775,4706.275,4703.045,4703.155,5
2026-04-23 09:00:00,4703.105,4703.515,4695.035,4696.655,5
2026-04-23 09:05:00,4696.875,4700.375,4694.575,4695.325,5
2026-04-23 09:10:00,4695.305,4700.885,4695.205,4696.815,5
2026-04-23 09:15:00,4696.745,4702.545,4695.455,4699.735,5
2026-04-23 09:20:00,4699.765,4702.565,4698.955,4701.925,5
2026-04-23 09:25:00,4701.945,4702.975,4699.575,4700.715,5
2026-04-23 09:30:00,4700.715,4702.955,4700.365,4701.185,5
2026-04-23 09:35:00,4701.185,4702.915,4699.275,4700.515,5
2026-04-23 09:40:00,4700.155,4701.625,4698.815,4700.745,5
2026-04-23 09:45:00,4700.715,4702.075,4698.245,4698.725,5
2026-04-23 09:50:00,4698.785,4701.265,4694.515,4697.065,5
2026-04-23 09:55:00,4697.035,4699.685,4695.465,4697.395,5
2026-04-23 10:00:00,4697.125,4701.215,4696.195,4700.565,5
2026-04-23 10:05:00,4700.515,4701.525,4691.065,4691.118,5
2026-04-23 10:10:00,4691.115,4692.635,4685.015,4688.925,5
2026-04-23 10:15:00,4688.835,4692.475,4688.025,4688.025,5
2026-04-23 10:20:00,4687.995,4690.425,4684.205,4687.155,5
2026-04-23 10:25:00,4687.095,4692.085,4686.345,4686.535,5
2026-04-23 10:30:00,4686.625,4693.105,4684.095,4692.155,5
2026-04-23 10:35:00,4692.485,4693.935,4689.555,4693.715,5
2026-04-23 10:40:00,4693.715,4696.785,4689.715,4690.575,5
2026-04-23 10:45:00,4690.545,4693.575,4689.235,4689.985,5
2026-04-23 10:50:00,4689.965,4691.805,4689.675,4691.175,5
2026-04-23 10:55:00,4691.135,4697.055,4691.025,4696.425,5
2026-04-23 11:00:00,4696.465,4699.815,4695.605,4698.475,5
2026-04-23 11:05:00,4698.535,4699.795,4695.285,4697.595,5
2026-04-23 11:10:00,4697.635,4700.085,4696.195,4697.745,5
2026-04-23 11:15:00,4697.515,4702.355,4696.275,4702.195,5
2026-04-23 11:20:00,4702.155,4703.165,4700.115,4701.035,5
2026-04-23 11:25:00,4701.055,4701.845,4697.065,4699.045,5
2026-04-23 11:30:00,4699.175,4701.235,4696.395,4697.465,5
2026-04-23 11:35:00,4697.455,4703.345,4697.145,4702.275,5
2026-04-23 11:40:00,4702.215,4705.795,4701.845,4705.215,5
2026-04-23 11:45:00,4705.235,4710.795,4704.685,4705.965,5
2026-04-23 11:50:00,4706.015,4715.105,4705.205,4714.785,5
2026-04-23 11:55:00,4714.785,4720.825,4713.815,4720.515,5
2026-04-23 12:00:00,4720.585,4732.175,4719.525,4730.425,5
2026-04-23 12:05:00,4730.208,4738.538,4728.945,4729.575,5
2026-04-23 12:10:00,4729.605,4735.455,4727.525,4729.035,5
2026-04-23 12:15:00,4729.025,4734.505,4725.795,4731.375,5
2026-04-23 12:20:00,4731.905,4733.815,4728.045,4732.535,5
2026-04-23 12:25:00,4732.555,4734.825,4730.475,4733.055,5
2026-04-23 12:30:00,4731.586,4741.285,4731.341,4738.465,5
2026-04-23 12:35:00,4738.505,4739.655,4735.465,4736.425,5
2026-04-23 12:40:00,4736.415,4742.365,4736.065,4739.295,5
2026-04-23 12:45:00,4739.275,4742.105,4731.325,4735.455,5
2026-04-23 12:50:00,4735.445,4738.525,4733.525,4737.345,5
2026-04-23 12:55:00,4737.415,4742.985,4736.375,4739.905,5
2026-04-23 13:00:00,4740.005,4740.615,4729.775,4733.275,5
2026-04-23 13:05:00,4733.255,4733.875,4726.895,4727.155,5
2026-04-23 13:10:00,4727.105,4729.095,4723.675,4725.425,5
2026-04-23 13:15:00,4725.495,4730.365,4725.195,4726.245,5
2026-04-23 13:20:00,4726.335,4730.615,4726.035,4729.495,5
2026-04-23 13:25:00,4729.325,4729.605,4725.815,4727.245,5
2026-04-23 13:30:00,4727.285,4732.545,4724.465,4724.745,5
2026-04-23 13:35:00,4724.825,4731.065,4724.825,4730.735,5
2026-04-23 13:40:00,4730.735,4735.515,4729.615,4733.918,5
2026-04-23 13:45:00,4733.918,4738.185,4729.851,4737.305,5
2026-04-23 13:50:00,4737.298,4741.095,4733.955,4735.295,5
2026-04-23 13:55:00,4735.265,4735.515,4724.085,4724.225,5
2026-04-23 14:00:00,4724.115,4725.215,4716.775,4723.495,5
2026-04-23 14:05:00,4723.175,4728.605,4719.055,4721.235,5
2026-04-23 14:10:00,4721.225,4724.475,4719.015,4724.045,5
2026-04-23 14:15:00,4723.985,4727.985,4723.465,4724.115,5
2026-04-23 14:20:00,4724.015,4731.015,4723.285,4730.375,5
2026-04-23 14:25:00,4730.345,4735.755,4729.675,4731.205,5
2026-04-23 14:30:00,4731.185,4734.255,4729.055,4729.165,5
2026-04-23 14:35:00,4729.165,4734.535,4725.625,4728.025,5
2026-04-23 14:40:00,4727.998,4731.455,4726.998,4730.725,5
2026-04-23 14:45:00,4730.755,4733.505,4727.795,4730.595,5
2026-04-23 14:50:00,4730.605,4735.915,4728.485,4734.995,5
2026-04-23 14:55:00,4734.955,4736.465,4733.045,4733.495,5
2026-04-23 15:00:00,4733.515,4734.685,4731.205,4733.158,5
2026-04-23 15:05:00,4733.205,4733.485,4726.615,4728.475,5
2026-04-23 15:10:00,4728.495,4732.685,4728.495,4730.635,5
2026-04-23 15:15:00,4730.655,4740.905,4729.655,4738.275,5
2026-04-23 15:20:00,4738.255,4739.885,4735.868,4736.865,5
2026-04-23 15:25:00,4736.865,4737.905,4733.045,4733.365,5
2026-04-23 15:30:00,4733.405,4734.635,4729.585,4732.955,5
2026-04-23 15:35:00,4732.955,4733.275,4730.365,4731.395,5
2026-04-23 15:40:00,4731.275,4733.495,4727.875,4727.945,5
2026-04-23 15:45:00,4727.995,4728.435,4719.815,4724.725,5
2026-04-23 15:50:00,4724.775,4725.015,4716.635,4716.895,5
2026-04-23 15:55:00,4716.895,4722.015,4715.975,4720.275,5
2026-04-23 16:00:00,4720.345,4721.565,4716.945,4717.565,5
2026-04-23 16:05:00,4717.435,4720.265,4715.405,4720.165,5
2026-04-23 16:10:00,4720.155,4722.335,4717.815,4719.235,5
2026-04-23 16:15:00,4719.175,4722.685,4718.805,4722.545,5
2026-04-23 16:20:00,4722.545,4724.465,4720.735,4722.935,5
2026-04-23 16:25:00,4722.965,4724.895,4722.185,4723.055,5
2026-04-23 16:30:00,4722.865,4728.955,4722.515,4728.175,5
2026-04-23 16:35:00,4728.225,4730.225,4726.405,4727.855,5
2026-04-23 16:40:00,4727.855,4734.465,4727.375,4733.905,5
2026-04-23 16:45:00,4733.915,4736.085,4732.685,4734.925,5
2026-04-23 16:50:00,4734.935,4736.985,4733.545,4733.605,5
2026-04-23 16:55:00,4733.625,4735.635,4730.455,4732.835,5
2026-04-23 17:00:00,4732.825,4734.385,4722.525,4725.295,5
2026-04-23 17:05:00,4725.385,4725.505,4708.705,4710.205,5
2026-04-23 17:10:00,4710.425,4716.395,4705.505,4715.875,5
2026-04-23 17:15:00,4715.875,4717.465,4704.395,4708.775,5
2026-04-23 17:20:00,4708.645,4712.178,4704.305,4707.145,5
2026-04-23 17:25:00,4707.165,4717.735,4704.835,4706.245,5
2026-04-23 17:30:00,4706.205,4712.275,4702.218,4711.605,5
2026-04-23 17:35:00,4711.585,4713.825,4697.965,4698.495,5
2026-04-23 17:40:00,4698.735,4699.055,4672.935,4677.315,5
2026-04-23 17:45:00,4677.425,4685.445,4664.045,4683.075,5
2026-04-23 17:50:00,4682.915,4709.345,4678.545,4695.885,5
2026-04-23 17:55:00,4695.955,4710.685,4694.115,4709.135,5
2026-04-23 18:00:00,4709.185,4721.915,4707.675,4714.065,5
2026-04-23 18:05:00,4714.335,4717.495,4710.145,4710.265,5
2026-04-23 18:10:00,4710.355,4719.525,4709.525,4713.735,5
2026-04-23 18:15:00,4713.655,4716.665,4710.985,4713.545,5
2026-04-23 18:20:00,4713.415,4716.185,4710.245,4712.835,5
2026-04-23 18:25:00,4712.795,4716.635,4711.528,4716.475,5
2026-04-23 18:30:00,4716.505,4719.855,4715.735,4718.405,5
2026-04-23 18:35:00,4718.335,4720.125,4713.425,4713.735,5
2026-04-23 18:40:00,4713.775,4714.675,4707.095,4711.145,5
2026-04-23 18:45:00,4711.195,4711.805,4705.865,4706.435,5
2026-04-23 18:50:00,4706.455,4711.635,4705.295,4709.605,5
2026-04-23 18:55:00,4709.505,4709.575,4699.165,4700.745,5
2026-04-23 19:00:00,4700.665,4704.345,4693.385,4695.445,5
2026-04-23 19:05:00,4695.415,4699.395,4695.415,4695.755,5
2026-04-23 19:10:00,4695.755,4697.345,4692.525,4696.165,5
2026-04-23 19:15:00,4696.225,4699.145,4695.335,4698.935,5
2026-04-23 19:20:00,4698.925,4702.205,4696.795,4701.355,5
2026-04-23 19:25:00,4701.375,4702.525,4697.635,4699.985,5
2026-04-23 19:30:00,4699.965,4701.005,4693.315,4694.095,5
2026-04-23 19:35:00,4694.075,4695.825,4689.195,4692.615,5
2026-04-23 19:40:00,4692.915,4695.555,4691.215,4692.215,5
2026-04-23 19:45:00,4692.235,4697.425,4692.005,4696.735,5
2026-04-23 19:50:00,4696.785,4699.965,4693.575,4699.085,5
2026-04-23 19:55:00,4699.065,4699.875,4695.105,4695.915,5
2026-04-23 20:00:00,4695.945,4697.395,4693.785,4697.185,5
2026-04-23 20:05:00,4697.185,4698.045,4694.905,4696.465,5
2026-04-23 20:10:00,4696.445,4697.065,4690.395,4690.545,5
2026-04-23 20:15:00,4690.435,4691.985,4686.415,4691.025,5
2026-04-23 20:20:00,4691.075,4692.415,4689.735,4692.185,5
2026-04-23 20:25:00,4692.165,4692.405,4688.715,4689.145,5
2026-04-23 20:30:00,4689.195,4690.965,4689.025,4689.825,5
2026-04-23 20:35:00,4689.705,4690.255,4687.955,4689.985,5
2026-04-23 20:40:00,4689.985,4691.455,4688.765,4691.075,5
2026-04-23 20:45:00,4691.115,4691.955,4690.405,4690.665,5
2026-04-23 20:50:00,4690.735,4690.875,4688.275,4690.285,5
2026-04-23 20:55:00,4690.325,4694.365,4690.325,4692.355,5
2026-04-23 22:00:00,4698.245,4702.195,4694.315,4694.925,5
2026-04-23 22:05:00,4694.955,4698.845,4694.595,4697.005,5
2026-04-23 22:10:00,4696.985,4699.085,4695.025,4697.105,5
2026-04-23 22:15:00,4697.045,4697.105,4693.105,4693.775,5
2026-04-23 22:20:00,4693.755,4696.225,4692.055,4694.125,5
2026-04-23 22:25:00,4694.095,4694.945,4692.575,4692.575,5
2026-04-23 22:30:00,4692.635,4694.995,4692.535,4693.305,5
2026-04-23 22:35:00,4693.505,4696.365,4691.475,4691.478,5
2026-04-23 22:40:00,4691.545,4693.675,4690.495,4693.435,5
2026-04-23 22:45:00,4693.445,4694.345,4691.845,4692.055,5
2026-04-23 22:50:00,4692.135,4692.835,4689.845,4690.565,5
2026-04-23 22:55:00,4690.885,4692.875,4690.095,4692.865,5
2026-04-23 23:00:00,4692.765,4695.138,4691.545,4693.445,5
2026-04-23 23:05:00,4693.458,4694.015,4689.895,4689.895,5
2026-04-23 23:10:00,4689.925,4692.285,4689.455,4689.455,5
2026-04-23 23:15:00,4689.485,4690.135,4686.625,4688.125,5
2026-04-23 23:20:00,4688.155,4691.505,4688.095,4688.585,5
2026-04-23 23:25:00,4688.595,4694.375,4688.435,4694.175,5
2026-04-23 23:30:00,4694.295,4699.125,4693.285,4698.955,5
2026-04-23 23:35:00,4699.025,4700.515,4696.535,4696.535,5
2026-04-23 23:40:00,4696.555,4698.265,4696.495,4697.105,5
2026-04-23 23:45:00,4697.145,4699.415,4695.885,4696.545,5
2026-04-23 23:50:00,4696.505,4697.275,4695.145,4697.115,5
2026-04-23 23:55:00,4697.275,4697.415,4691.905,4695.025,5
2026-04-24 00:00:00,4695.025,4699.875,4690.495,4691.365,5
2026-04-24 00:05:00,4691.515,4697.745,4691.515,4696.055,5
2026-04-24 00:10:00,4696.035,4698.405,4693.405,4697.865,5
2026-04-24 00:15:00,4697.995,4700.265,4696.695,4696.805,5
2026-04-24 00:20:00,4696.775,4700.985,4696.285,4700.585,5
2026-04-24 00:25:00,4700.545,4705.485,4699.335,4705.275,5
2026-04-24 00:30:00,4705.255,4707.775,4702.655,4704.175,5
2026-04-24 00:35:00,4704.145,4707.235,4703.285,4703.805,5
2026-04-24 00:40:00,4703.835,4704.185,4701.035,4701.385,5
2026-04-24 00:45:00,4701.425,4703.085,4697.115,4699.125,5
2026-04-24 00:50:00,4699.105,4703.125,4697.535,4702.975,5
2026-04-24 00:55:00,4703.155,4705.665,4700.445,4704.365,5
2026-04-24 01:00:00,4704.345,4707.665,4697.405,4698.635,5
2026-04-24 01:05:00,4698.575,4704.195,4695.535,4703.845,5
2026-04-24 01:10:00,4703.825,4709.765,4702.985,4709.155,5
2026-04-24 01:15:00,4709.125,4710.935,4704.665,4705.065,5
2026-04-24 01:20:00,4705.095,4705.185,4701.338,4703.945,5
2026-04-24 01:25:00,4704.125,4704.125,4698.055,4698.125,5
2026-04-24 01:30:00,4698.185,4702.015,4690.415,4693.455,5
2026-04-24 01:35:00,4693.475,4697.525,4692.465,4695.735,5
2026-04-24 01:40:00,4695.615,4697.525,4690.085,4690.565,5
2026-04-24 01:45:00,4690.595,4696.875,4690.025,4696.765,5
2026-04-24 01:50:00,4696.705,4696.755,4692.978,4695.265,5
2026-04-24 01:55:00,4695.225,4700.315,4693.415,4699.225,5
2026-04-24 02:00:00,4699.195,4700.335,4694.705,4696.725,5
2026-04-24 02:05:00,4696.645,4698.755,4694.545,4694.545,5
2026-04-24 02:10:00,4694.295,4694.365,4689.895,4692.945,5
2026-04-24 02:15:00,4692.965,4696.065,4689.985,4691.685,5
2026-04-24 02:20:00,4691.665,4692.345,4684.745,4684.855,5
2026-04-24 02:25:00,4684.905,4686.775,4681.845,4683.405,5
2026-04-24 02:30:00,4683.365,4690.865,4683.365,4688.995,5
2026-04-24 02:35:00,4688.955,4689.245,4682.695,4683.315,5
2026-04-24 02:40:00,4683.345,4683.605,4680.005,4683.205,5
2026-04-24 02:45:00,4683.235,4683.895,4674.985,4675.795,5
2026-04-24 02:50:00,4675.825,4678.695,4674.915,4678.175,5
2026-04-24 02:55:00,4678.195,4678.865,4672.965,4676.445,5
2026-04-24 03:00:00,4676.415,4678.035,4671.175,4672.405,5
2026-04-24 03:05:00,4672.545,4674.605,4669.425,4670.065,5
2026-04-24 03:10:00,4670.015,4671.595,4668.305,4670.215,5
2026-04-24 03:15:00,4670.445,4674.315,4670.045,4673.475,5
2026-04-24 03:20:00,4673.505,4677.285,4673.345,4674.425,5
2026-04-24 03:25:00,4674.355,4677.925,4673.085,4674.305,5
2026-04-24 03:30:00,4674.335,4676.975,4672.645,4676.315,5
2026-04-24 03:35:00,4676.265,4677.425,4674.095,4676.735,5
2026-04-24 03:40:00,4676.665,4678.065,4674.845,4674.965,5
2026-04-24 03:45:00,4674.915,4676.775,4673.765,4675.085,5
2026-04-24 03:50:00,4675.075,4675.795,4673.645,4673.665,5
2026-04-24 03:55:00,4673.485,4673.835,4671.095,4671.975,5
2026-04-24 04:00:00,4671.665,4671.825,4667.255,4670.495,5
2026-04-24 04:05:00,4670.565,4674.285,4669.055,4673.965,5
2026-04-24 04:10:00,4673.915,4674.355,4669.645,4669.715,5
2026-04-24 04:15:00,4669.745,4670.505,4667.755,4668.965,5
2026-04-24 04:20:00,4668.765,4668.825,4661.048,4661.248,5
2026-04-24 04:25:00,4661.248,4662.385,4658.545,4659.335,5
2026-04-24 04:30:00,4659.275,4661.445,4657.485,4661.415,5
2026-04-24 04:35:00,4661.395,4666.065,4660.415,4665.885,5
2026-04-24 04:40:00,4666.005,4668.395,4664.695,4667.975,5
2026-04-24 04:45:00,4668.075,4676.795,4667.945,4675.855,5
2026-04-24 04:50:00,4675.855,4675.895,4673.185,4673.835,5
2026-04-24 04:55:00,4673.845,4675.485,4673.215,4674.205,5
2026-04-24 05:00:00,4674.275,4676.635,4673.075,4673.405,5
2026-04-24 05:05:00,4673.335,4673.985,4669.985,4670.425,5
2026-04-24 05:10:00,4670.445,4673.725,4669.335,4673.405,5
2026-04-24 05:15:00,4673.385,4675.575,4671.745,4674.575,5
2026-04-24 05:20:00,4674.525,4676.195,4673.155,4676.005,5
2026-04-24 05:25:00,4676.035,4678.395,4675.865,4676.335,5
2026-04-24 05:30:00,4676.315,4684.545,4676.295,4684.375,5
2026-04-24 05:35:00,4684.395,4684.738,4681.725,4684.175,5
2026-04-24 05:40:00,4684.155,4687.115,4681.148,4682.445,5
2026-04-24 05:45:00,4682.455,4684.025,4680.025,4680.505,5
2026-04-24 05:50:00,4680.535,4684.345,4680.095,4684.105,5
2026-04-24 05:55:00,4684.055,4686.745,4682.725,4686.345,5
2026-04-24 06:00:00,4686.375,4688.035,4682.965,4683.305,5
2026-04-24 06:05:00,4683.285,4685.015,4682.065,4683.055,5
2026-04-24 06:10:00,4683.075,4683.865,4680.928,4681.645,5
2026-04-24 06:15:00,4681.645,4681.778,4676.385,4678.095,5
2026-04-24 06:20:00,4678.065,4678.155,4673.355,4673.615,5
2026-04-24 06:25:00,4673.635,4674.155,4669.895,4671.375,5
2026-04-24 06:30:00,4671.345,4675.525,4671.345,4671.975,5
2026-04-24 06:35:00,4672.005,4674.955,4671.845,4674.935,5
2026-04-24 06:40:00,4674.955,4676.005,4669.528,4673.605,5
2026-04-24 06:45:00,4673.605,4673.845,4668.615,4669.475,5
2026-04-24 06:50:00,4669.455,4675.045,4666.515,4674.885,5
2026-04-24 06:55:00,4674.865,4676.465,4671.335,4671.685,5
2026-04-24 07:00:00,4671.605,4676.505,4670.735,4674.235,5
2026-04-24 07:05:00,4674.235,4678.405,4673.945,4677.285,5
2026-04-24 07:10:00,4677.155,4681.255,4676.645,4680.405,5
2026-04-24 07:15:00,4680.365,4682.055,4678.045,4681.295,5
2026-04-24 07:20:00,4681.275,4684.145,4679.775,4681.645,5
2026-04-24 07:25:00,4681.655,4684.685,4681.655,4684.245,5
2026-04-24 07:30:00,4684.185,4684.185,4682.155,4683.925,5
2026-04-24 07:35:00,4683.925,4685.635,4683.165,4683.295,5
2026-04-24 07:40:00,4683.245,4686.065,4682.765,4685.435,5
2026-04-24 07:45:00,4685.415,4691.805,4685.135,4690.745,5
2026-04-24 07:50:00,4690.745,4692.605,4690.225,4690.535,5
2026-04-24 07:55:00,4690.535,4694.995,4689.875,4694.285,5
2026-04-24 08:00:00,4694.245,4694.415,4686.335,4688.265,5
2026-04-24 08:05:00,4688.265,4689.805,4686.265,4687.985,5
2026-04-24 08:10:00,4687.955,4689.895,4686.605,4687.275,5
2026-04-24 08:15:00,4687.375,4694.105,4687.335,4693.005,5
2026-04-24 08:20:00,4692.985,4697.315,4691.685,4692.015,5
2026-04-24 08:25:00,4691.995,4692.025,4686.525,4687.715,5
2026-04-24 08:30:00,4687.715,4688.365,4685.645,4685.975,5
2026-04-24 08:35:00,4686.005,4689.005,4684.925,4688.145,5
2026-04-24 08:40:00,4688.175,4690.015,4687.285,4687.955,5
2026-04-24 08:45:00,4687.905,4692.775,4687.575,4691.745,5
2026-04-24 08:50:00,4691.805,4691.805,4689.415,4690.185,5
2026-04-24 08:55:00,4690.095,4691.025,4688.625,4690.615,5
2026-04-24 09:00:00,4690.635,4692.905,4689.425,4691.515,5
2026-04-24 09:05:00,4691.505,4694.005,4690.285,4691.085,5
2026-04-24 09:10:00,4691.085,4695.235,4690.765,4695.135,5
2026-04-24 09:15:00,4695.065,4696.535,4692.625,4694.475,5
2026-04-24 09:20:00,4694.525,4694.665,4685.995,4686.255,5
2026-04-24 09:25:00,4686.175,4687.485,4682.015,4683.095,5
2026-04-24 09:30:00,4683.105,4684.505,4679.235,4682.705,5
2026-04-24 09:35:00,4682.695,4683.905,4680.845,4682.695,5
2026-04-24 09:40:00,4682.645,4688.395,4682.075,4685.785,5
2026-04-24 09:45:00,4685.815,4686.675,4684.285,4684.945,5
2026-04-24 09:50:00,4684.985,4685.005,4679.115,4682.005,5
2026-04-24 09:55:00,4681.975,4684.115,4679.775,4681.815,5
2026-04-24 10:00:00,4681.805,4684.505,4681.355,4683.675,5
2026-04-24 10:05:00,4683.635,4684.565,4680.695,4683.385,5
2026-04-24 10:10:00,4683.405,4683.495,4681.055,4682.185,5
2026-04-24 10:15:00,4682.125,4683.575,4681.315,4682.885,5
2026-04-24 10:20:00,4682.865,4684.385,4680.215,4683.515,5
2026-04-24 10:25:00,4683.475,4686.075,4682.085,4682.085,5
2026-04-24 10:30:00,4682.085,4682.255,4675.055,4675.195,5
2026-04-24 10:35:00,4675.165,4678.695,4674.455,4677.205,5
2026-04-24 10:40:00,4677.235,4680.815,4676.915,4678.855,5
2026-04-24 10:45:00,4678.975,4679.665,4677.535,4679.435,5
2026-04-24 10:50:00,4679.415,4680.535,4676.435,4677.065,5
2026-04-24 10:55:00,4677.065,4680.185,4676.665,4677.625,5
2026-04-24 11:00:00,4677.565,4690.725,4677.565,4689.325,5
2026-04-24 11:05:00,4689.355,4703.075,4687.075,4695.805,5
2026-04-24 11:10:00,4695.855,4701.745,4695.305,4696.965,5
2026-04-24 11:15:00,4696.965,4700.305,4692.265,4695.025,5
2026-04-24 11:20:00,4694.935,4711.565,4692.455,4709.045,5
2026-04-24 11:25:00,4709.435,4716.945,4706.425,4715.205,5
2026-04-24 11:30:00,4715.225,4717.195,4710.025,4712.935,5
2026-04-24 11:35:00,4712.735,4713.065,4705.935,4706.965,5
2026-04-24 11:40:00,4706.985,4709.575,4704.975,4705.255,5
2026-04-24 11:45:00,4705.135,4705.705,4702.725,4704.215,5
2026-04-24 11:50:00,4704.255,4707.115,4703.005,4706.295,5
2026-04-24 11:55:00,4706.255,4708.085,4704.995,4706.685,5
2026-04-24 12:00:00,4706.705,4709.785,4704.865,4707.075,5
2026-04-24 12:05:00,4707.075,4707.695,4703.195,4705.325,5
2026-04-24 12:10:00,4705.395,4710.205,4705.155,4708.495,5
2026-04-24 12:15:00,4708.535,4711.625,4701.335,4705.885,5
2026-04-24 12:20:00,4706.165,4711.405,4703.565,4708.945,5
2026-04-24 12:25:00,4708.785,4710.605,4707.075,4709.995,5
2026-04-24 12:30:00,4709.975,4711.455,4705.635,4705.775,5
2026-04-24 12:35:00,4705.725,4707.255,4703.225,4705.625,5
2026-04-24 12:40:00,4705.715,4706.805,4698.495,4698.605,5
2026-04-24 12:45:00,4698.635,4699.245,4690.155,4692.135,5
2026-04-24 12:50:00,4692.125,4695.225,4690.255,4693.375,5
2026-04-24 12:55:00,4693.495,4700.915,4693.365,4700.555,5
2026-04-24 13:00:00,4700.765,4702.945,4696.075,4697.625,5
2026-04-24 13:05:00,4697.515,4702.705,4695.945,4700.205,5
2026-04-24 13:10:00,4700.535,4705.485,4699.075,4702.825,5
2026-04-24 13:15:00,4702.795,4705.045,4699.535,4702.105,5
2026-04-24 13:20:00,4702.145,4704.125,4695.325,4695.985,5
2026-04-24 13:25:00,4696.015,4697.175,4693.385,4696.925,5
2026-04-24 13:30:00,4696.845,4699.535,4689.545,4692.015,5
2026-04-24 13:35:00,4692.025,4704.305,4691.425,4703.705,5
2026-04-24 13:40:00,4703.725,4709.775,4702.205,4708.105,5
2026-04-24 13:45:00,4708.285,4717.185,4706.005,4711.875,5
2026-04-24 13:50:00,4711.935,4712.475,4704.855,4705.955,5
2026-04-24 13:55:00,4706.005,4712.785,4704.485,4710.665,5
2026-04-24 14:00:00,4711.475,4715.443,4706.725,4712.945,5
2026-04-24 14:05:00,4712.965,4730.945,4712.675,4727.855,5
2026-04-24 14:10:00,4727.855,4739.995,4725.395,4731.425,5
2026-04-24 14:15:00,4731.285,4733.535,4726.735,4731.315,5
2026-04-24 14:20:00,4731.195,4733.875,4726.275,4728.085,5
2026-04-24 14:25:00,4728.085,4728.335,4721.315,4725.325,5
2026-04-24 14:30:00,4725.435,4731.485,4723.495,4728.675,5
2026-04-24 14:35:00,4728.695,4731.935,4725.885,4729.605,5
2026-04-24 14:40:00,4729.605,4732.735,4727.465,4730.235,5
2026-04-24 14:45:00,4730.235,4731.035,4725.105,4727.505,5
2026-04-24 14:50:00,4727.515,4729.185,4724.595,4725.565,5
2026-04-24 14:55:00,4725.625,4727.255,4723.815,4726.225,5
2026-04-24 15:00:00,4726.275,4727.065,4721.578,4721.985,5
2026-04-24 15:05:00,4721.978,4724.515,4718.755,4724.065,5
2026-04-24 15:10:00,4724.035,4725.085,4719.835,4721.795,5
2026-04-24 15:15:00,4721.605,4723.145,4719.665,4721.365,5
2026-04-24 15:20:00,4721.465,4726.245,4720.555,4721.395,5
2026-04-24 15:25:00,4721.415,4722.515,4718.475,4721.785,5
2026-04-24 15:30:00,4721.785,4724.635,4717.995,4718.205,5
2026-04-24 15:35:00,4718.175,4720.125,4717.225,4718.745,5
2026-04-24 15:40:00,4718.735,4729.335,4714.475,4727.555,5
2026-04-24 15:45:00,4727.635,4733.155,4723.835,4723.835,5
2026-04-24 15:50:00,4723.805,4730.465,4723.805,4729.145,5
2026-04-24 15:55:00,4729.205,4729.835,4725.205,4726.935,5
2026-04-24 16:00:00,4726.935,4729.565,4723.705,4725.585,5
2026-04-24 16:05:00,4725.585,4726.405,4720.435,4721.545,5
2026-04-24 16:10:00,4721.485,4723.655,4720.165,4720.455,5
2026-04-24 16:15:00,4720.385,4720.895,4718.965,4720.425,5
2026-04-24 16:20:00,4720.455,4724.415,4720.415,4723.885,5
2026-04-24 16:25:00,4723.915,4725.715,4722.315,4723.215,5
2026-04-24 16:30:00,4723.215,4726.965,4723.215,4725.615,5
2026-04-24 16:35:00,4725.615,4725.625,4723.545,4723.985,5
2026-04-24 16:40:00,4723.985,4724.215,4719.065,4722.375,5
2026-04-24 16:45:00,4722.355,4724.455,4720.185,4721.565,5
2026-04-24 16:50:00,4721.645,4724.665,4721.615,4724.105,5
2026-04-24 16:55:00,4724.255,4727.595,4723.345,4726.655,5
2026-04-24 17:00:00,4726.655,4730.065,4726.655,4728.035,5
2026-04-24 17:05:00,4727.965,4728.905,4725.435,4727.585,5
2026-04-24 17:10:00,4727.565,4727.985,4726.015,4727.735,5
2026-04-24 17:15:00,4727.495,4729.195,4725.795,4728.655,5
2026-04-24 17:20:00,4728.635,4728.835,4722.845,4726.515,5
2026-04-24 17:25:00,4726.595,4727.735,4722.055,4722.628,5
2026-04-24 17:30:00,4722.628,4723.285,4718.785,4720.795,5
2026-04-24 17:35:00,4720.745,4725.385,4720.495,4721.575,5
2026-04-24 17:40:00,4721.545,4723.095,4721.425,4722.395,5
2026-04-24 17:45:00,4722.395,4723.025,4721.205,4721.945,5
2026-04-24 17:50:00,4721.965,4727.695,4720.365,4724.695,5
2026-04-24 17:55:00,4724.805,4726.325,4723.055,4723.245,5
2026-04-24 18:00:00,4723.245,4724.585,4722.205,4722.425,5
2026-04-24 18:05:00,4722.455,4722.655,4719.735,4722.345,5
2026-04-24 18:10:00,4722.305,4724.715,4722.265,4723.615,5
2026-04-24 18:15:00,4723.565,4724.175,4720.585,4721.165,5
2026-04-24 18:20:00,4721.195,4722.475,4719.495,4720.945,5
2026-04-24 18:25:00,4720.955,4721.005,4716.805,4716.875,5
2026-04-24 18:30:00,4716.905,4720.265,4716.605,4719.545,5
2026-04-24 18:35:00,4719.525,4720.335,4718.425,4719.775,5
2026-04-24 18:40:00,4719.775,4720.345,4717.835,4718.715,5
2026-04-24 18:45:00,4718.645,4719.555,4717.588,4718.445,5
2026-04-24 18:50:00,4718.435,4720.985,4717.925,4720.095,5
2026-04-24 18:55:00,4720.095,4723.075,4719.575,4722.585,5
2026-04-24 19:00:00,4722.625,4725.995,4721.445,4723.425,5
2026-04-24 19:05:00,4723.395,4723.995,4721.985,4722.005,5
2026-04-24 19:10:00,4722.015,4722.645,4720.825,4722.245,5
2026-04-24 19:15:00,4722.155,4723.165,4720.005,4721.075,5
2026-04-24 19:20:00,4721.055,4721.055,4717.295,4717.745,5
2026-04-24 19:25:00,4717.695,4718.955,4717.368,4718.845,5
2026-04-24 19:30:00,4718.775,4720.455,4718.185,4718.265,5
2026-04-24 19:35:00,4718.265,4718.355,4715.865,4717.215,5
2026-04-24 19:40:00,4717.215,4717.755,4715.835,4716.525,5
2026-04-24 19:45:00,4716.495,4718.435,4715.605,4716.145,5
2026-04-24 19:50:00,4716.195,4717.425,4715.555,4716.615,5
2026-04-24 19:55:00,4716.595,4717.455,4713.515,4716.265,5
2026-04-24 20:00:00,4716.115,4717.245,4710.945,4711.115,5
2026-04-24 20:05:00,4711.125,4712.135,4708.515,4708.935,5
2026-04-24 20:10:00,4708.935,4710.185,4705.165,4706.515,5
2026-04-24 20:15:00,4706.495,4707.335,4705.085,4705.755,5
2026-04-24 20:20:00,4705.725,4707.945,4705.475,4707.005,5
2026-04-24 20:25:00,4706.945,4709.138,4706.098,4707.895,5
2026-04-24 20:30:00,4707.845,4708.545,4705.285,4705.425,5
2026-04-24 20:35:00,4705.445,4708.675,4705.255,4707.015,5
2026-04-24 20:40:00,4706.985,4707.328,4705.098,4707.105,5
2026-04-24 20:45:00,4707.105,4708.525,4706.425,4706.775,5
2026-04-24 20:50:00,4706.698,4708.818,4706.215,4707.738,5
2026-04-24 20:55:00,4707.698,4710.035,4706.348,4707.865,5
2026-04-26 22:00:00,4697.248,4703.995,4692.135,4696.925,5
2026-04-26 22:05:00,4696.855,4696.875,4681.195,4681.625,5
2026-04-26 22:10:00,4681.655,4685.655,4679.945,4685.185,5
2026-04-26 22:15:00,4685.205,4688.435,4683.815,4688.435,5
2026-04-26 22:20:00,4688.415,4688.415,4683.015,4684.535,5
2026-04-26 22:25:00,4684.505,4687.185,4682.745,4686.585,5
2026-04-26 22:30:00,4686.555,4686.555,4681.855,4683.195,5
2026-04-26 22:35:00,4683.165,4685.935,4682.995,4685.745,5
2026-04-26 22:40:00,4685.715,4685.995,4683.525,4684.165,5
2026-04-26 22:45:00,4684.145,4685.425,4683.125,4684.605,5
2026-04-26 22:50:00,4684.645,4685.255,4681.495,4683.975,5
2026-04-26 22:55:00,4684.075,4685.638,4683.455,4684.078,5
2026-04-26 23:00:00,4684.078,4684.078,4677.075,4680.705,5
2026-04-26 23:05:00,4680.698,4684.028,4680.698,4682.738,5
2026-04-26 23:10:00,4682.738,4684.705,4682.685,4683.415,5
2026-04-26 23:15:00,4683.445,4684.315,4683.115,4683.295,5
2026-04-26 23:20:00,4683.275,4683.525,4680.975,4682.405,5
2026-04-26 23:25:00,4682.355,4682.425,4676.985,4677.095,5
2026-04-26 23:30:00,4677.055,4679.515,4676.265,4678.715,5
2026-04-26 23:35:00,4678.685,4679.655,4675.098,4676.395,5
2026-04-26 23:40:00,4676.425,4677.965,4674.655,4676.685,5
2026-04-26 23:45:00,4676.725,4681.915,4676.725,4680.325,5
2026-04-26 23:50:00,4680.345,4681.605,4678.765,4680.845,5
2026-04-26 23:55:00,4680.948,4681.535,4679.455,4679.825,5
2026-04-27 00:00:00,4679.715,4680.855,4674.865,4678.755,5
2026-04-27 00:05:00,4678.725,4679.385,4672.025,4675.365,5
2026-04-27 00:10:00,4675.395,4679.715,4675.285,4679.595,5
2026-04-27 00:15:00,4679.605,4681.255,4677.615,4678.735,5
2026-04-27 00:20:00,4678.685,4680.195,4677.405,4678.785,5
2026-04-27 00:25:00,4678.815,4682.035,4677.495,4680.545,5
2026-04-27 00:30:00,4680.525,4681.275,4676.885,4677.865,5
2026-04-27 00:35:00,4677.845,4679.185,4676.585,4679.085,5
2026-04-27 00:40:00,4679.075,4680.885,4677.895,4680.465,5
2026-04-27 00:45:00,4680.465,4682.815,4680.425,4682.345,5
2026-04-27 00:50:00,4682.315,4688.715,4682.315,4688.365,5
2026-04-27 00:55:00,4688.395,4698.145,4688.395,4697.605,5
2026-04-27 01:00:00,4697.555,4709.605,4694.465,4707.935,5
2026-04-27 01:05:00,4708.095,4708.675,4696.625,4697.975,5
2026-04-27 01:10:00,4698.065,4702.315,4691.865,4692.535,5
2026-04-27 01:15:00,4692.375,4696.345,4690.535,4695.695,5
2026-04-27 01:20:00,4695.715,4698.675,4694.285,4696.855,5
2026-04-27 01:25:00,4696.765,4697.995,4692.685,4697.895,5
2026-04-27 01:30:00,4697.865,4700.565,4695.515,4697.075,5
2026-04-27 01:35:00,4697.115,4699.775,4695.898,4699.665,5
2026-04-27 01:40:00,4699.635,4700.245,4696.545,4697.655,5
2026-04-27 01:45:00,4697.605,4701.605,4697.495,4701.365,5
2026-04-27 01:50:00,4701.695,4706.335,4701.105,4702.535,5
2026-04-27 01:55:00,4702.705,4704.005,4699.685,4702.415,5
2026-04-27 02:00:00,4702.445,4706.395,4700.695,4702.085,5
2026-04-27 02:05:00,4702.145,4702.155,4696.305,4698.455,5
2026-04-27 02:10:00,4698.405,4700.125,4696.045,4699.485,5
2026-04-27 02:15:00,4699.345,4708.035,4698.735,4705.015,5
2026-04-27 02:20:00,4704.985,4706.965,4704.165,4704.985,5
2026-04-27 02:25:00,4704.955,4706.555,4704.635,4705.455,5
2026-04-27 02:30:00,4705.475,4707.435,4704.135,4705.365,5
2026-04-27 02:35:00,4705.405,4714.235,4705.405,4711.935,5
2026-04-27 02:40:00,4711.985,4713.725,4710.545,4713.295,5
2026-04-27 02:45:00,4713.435,4719.235,4711.865,4718.095,5
2026-04-27 02:50:00,4718.058,4722.745,4717.185,4721.145,5
2026-04-27 02:55:00,4721.215,4723.175,4718.015,4718.055,5
2026-04-27 03:00:00,4717.925,4722.015,4717.905,4720.165,5
2026-04-27 03:05:00,4720.145,4720.895,4718.585,4720.165,5
2026-04-27 03:10:00,4720.185,4721.565,4716.095,4717.565,5
2026-04-27 03:15:00,4717.515,4718.315,4716.335,4716.585,5
2026-04-27 03:20:00,4716.615,4718.215,4715.935,4716.125,5
2026-04-27 03:25:00,4716.235,4716.365,4714.105,4715.425,5
2026-04-27 03:30:00,4715.505,4722.105,4715.005,4721.675,5
2026-04-27 03:35:00,4721.755,4725.335,4720.755,4723.475,5
2026-04-27 03:40:00,4723.505,4729.315,4723.195,4728.105,5
2026-04-27 03:45:00,4728.135,4728.575,4722.895,4724.045,5
2026-04-27 03:50:00,4724.125,4725.975,4722.135,4724.755,5
2026-04-27 03:55:00,4724.775,4726.015,4723.755,4723.925,5
2026-04-27 04:00:00,4723.945,4726.645,4723.365,4726.155,5
2026-04-27 04:05:00,4726.135,4727.355,4726.095,4726.875,5
2026-04-27 04:10:00,4726.855,4727.815,4725.705,4727.215,5
2026-04-27 04:15:00,4727.245,4727.785,4724.695,4726.255,5
2026-04-27 04:20:00,4726.225,4727.385,4725.815,4726.255,5
2026-04-27 04:25:00,4726.215,4726.855,4724.865,4726.715,5
2026-04-27 04:30:00,4726.755,4729.875,4726.665,4727.025,5
2026-04-27 04:35:00,4726.995,4727.915,4725.115,4727.575,5
2026-04-27 04:40:00,4727.745,4727.945,4725.705,4725.915,5
2026-04-27 04:45:00,4725.875,4726.285,4723.685,4723.995,5
2026-04-27 04:50:00,4724.075,4724.585,4722.905,4724.335,5
2026-04-27 04:55:00,4724.295,4726.165,4722.495,4724.775,5
2026-04-27 05:00:00,4724.805,4725.185,4720.725,4720.965,5
2026-04-27 05:05:00,4720.985,4721.725,4719.385,4719.385,5
2026-04-27 05:10:00,4719.475,4720.265,4717.935,4718.075,5
2026-04-27 05:15:00,4718.035,4718.435,4715.745,4717.665,5
2026-04-27 05:20:00,4717.695,4719.045,4717.525,4718.895,5
2026-04-27 05:25:00,4718.855,4719.735,4717.385,4718.015,5
2026-04-27 05:30:00,4718.015,4718.175,4711.245,4712.545,5
2026-04-27 05:35:00,4712.635,4712.725,4709.295,4710.445,5
2026-04-27 05:40:00,4710.455,4712.015,4708.765,4711.465,5
2026-04-27 05:45:00,4711.435,4713.375,4711.015,4711.185,5
2026-04-27 05:50:00,4711.285,4711.675,4708.425,4711.355,5
2026-04-27 05:55:00,4711.395,4713.005,4709.525,4709.875,5
2026-04-27 06:00:00,4709.885,4712.995,4709.135,4710.875,5
2026-04-27 06:05:00,4710.835,4713.325,4709.215,4713.145,5
2026-04-27 06:10:00,4713.205,4715.565,4713.075,4714.335,5
2026-04-27 06:15:00,4714.305,4714.335,4711.445,4712.035,5
2026-04-27 06:20:00,4712.015,4715.035,4711.215,4714.515,5
2026-04-27 06:25:00,4714.495,4715.485,4712.135,4714.215,5
2026-04-27 06:30:00,4714.165,4714.255,4708.945,4710.155,5
2026-04-27 06:35:00,4710.185,4713.965,4709.485,4711.795,5
2026-04-27 06:40:00,4711.795,4712.745,4710.175,4710.535,5
2026-04-27 06:45:00,4710.505,4714.295,4709.825,4714.075,5
2026-04-27 06:50:00,4713.855,4715.265,4713.115,4713.235,5
2026-04-27 06:55:00,4713.275,4714.485,4711.825,4712.595,5
2026-04-27 07:00:00,4712.538,4717.575,4710.565,4717.265,5
2026-04-27 07:05:00,4717.235,4718.195,4714.575,4716.865,5
2026-04-27 07:10:00,4716.855,4717.425,4713.985,4716.995,5
2026-04-27 07:15:00,4716.995,4717.225,4712.135,4715.045,5
2026-04-27 07:20:00,4714.975,4718.205,4713.485,4717.575,5
2026-04-27 07:25:00,4717.545,4718.045,4714.105,4715.985,5
2026-04-27 07:30:00,4715.935,4717.205,4713.535,4716.475,5
2026-04-27 07:35:00,4716.405,4716.455,4713.335,4715.765,5
2026-04-27 07:40:00,4715.715,4716.755,4714.445,4714.765,5
2026-04-27 07:45:00,4714.765,4716.735,4712.975,4714.175,5
2026-04-27 07:50:00,4714.185,4714.565,4709.785,4711.935,5
2026-04-27 07:55:00,4711.925,4714.335,4711.585,4713.235,5
2026-04-27 08:00:00,4713.285,4714.405,4710.305,4712.175,5
2026-04-27 08:05:00,4712.225,4713.445,4710.095,4711.765,5
2026-04-27 08:10:00,4711.815,4713.785,4710.115,4710.915,5
2026-04-27 08:15:00,4710.925,4714.065,4710.435,4710.515,5
2026-04-27 08:20:00,4710.505,4712.335,4709.345,4711.115,5
2026-04-27 08:25:00,4711.175,4711.755,4709.375,4710.655,5
2026-04-27 08:30:00,4710.655,4710.705,4706.885,4709.495,5
2026-04-27 08:35:00,4709.485,4709.795,4706.935,4707.415,5
2026-04-27 08:40:00,4707.365,4711.805,4705.305,4711.775,5
2026-04-27 08:45:00,4711.795,4714.575,4711.365,4712.095,5
2026-04-27 08:50:00,4712.185,4712.315,4706.705,4706.885,5
2026-04-27 08:55:00,4706.855,4708.445,4705.405,4706.735,5
2026-04-27 09:00:00,4706.805,4708.075,4705.475,4706.385,5
2026-04-27 09:05:00,4706.405,4708.145,4704.035,4704.275,5
2026-04-27 09:10:00,4704.455,4705.985,4702.625,4705.085,5
2026-04-27 09:15:00,4705.065,4705.945,4703.335,4705.365,5
2026-04-27 09:20:00,4705.285,4705.975,4704.715,4705.735,5
2026-04-27 09:25:00,4705.705,4706.605,4701.445,4702.135,5
2026-04-27 09:30:00,4702.135,4703.755,4699.155,4702.875,5
2026-04-27 09:35:00,4702.865,4704.225,4700.495,4704.185,5
2026-04-27 09:40:00,4704.145,4705.355,4703.175,4704.535,5
2026-04-27 09:45:00,4704.475,4704.535,4700.055,4700.305,5
2026-04-27 09:50:00,4700.125,4702.495,4699.405,4700.355,5
2026-04-27 09:55:00,4700.405,4704.285,4700.365,4703.555,5
2026-04-27 10:00:00,4703.575,4706.015,4702.675,4705.225,5
2026-04-27 10:05:00,4705.255,4706.755,4703.355,4703.715,5
2026-04-27 10:10:00,4703.555,4704.175,4701.485,4701.845,5
2026-04-27 10:15:00,4701.865,4702.965,4699.405,4702.135,5
2026-04-27 10:20:00,4702.165,4705.765,4702.165,4704.245,5
2026-04-27 10:25:00,4704.315,4705.405,4703.305,4704.975,5
2026-04-27 10:30:00,4704.995,4707.975,4704.525,4707.245,5
2026-04-27 10:35:00,4707.165,4709.555,4705.195,4708.235,5
2026-04-27 10:40:00,4708.315,4710.505,4708.315,4708.955,5
2026-04-27 10:45:00,4709.095,4710.555,4707.715,4708.285,5
2026-04-27 10:50:00,4708.305,4710.115,4707.015,4709.205,5
2026-04-27 10:55:00,4709.245,4710.865,4708.095,4708.765,5
2026-04-27 11:00:00,4708.795,4709.075,4705.235,4705.705,5
2026-04-27 11:05:00,4705.735,4707.765,4705.345,4706.855,5
2026-04-27 11:10:00,4706.835,4706.905,4703.825,4703.935,5
2026-04-27 11:15:00,4703.955,4704.785,4700.485,4703.915,5
2026-04-27 11:20:00,4703.835,4704.675,4700.135,4703.905,5
2026-04-27 11:25:00,4703.935,4706.935,4703.075,4705.105,5
2026-04-27 11:30:00,4705.015,4708.495,4704.295,4705.405,5
2026-04-27 11:35:00,4705.405,4705.625,4700.505,4701.915,5
2026-04-27 11:40:00,4701.865,4704.145,4700.005,4702.555,5
2026-04-27 11:45:00,4702.505,4705.255,4702.505,4702.825,5
2026-04-27 11:50:00,4702.805,4703.255,4700.865,4703.245,5
2026-04-27 11:55:00,4703.295,4705.015,4700.785,4704.785,5
2026-04-27 12:00:00,4704.825,4706.155,4702.465,4705.105,5
2026-04-27 12:05:00,4705.125,4706.155,4702.375,4706.055,5
2026-04-27 12:10:00,4706.055,4709.165,4703.985,4708.835,5
2026-04-27 12:15:00,4708.855,4711.395,4707.115,4710.705,5
2026-04-27 12:20:00,4710.725,4712.475,4707.825,4709.075,5
2026-04-27 12:25:00,4709.055,4709.745,4701.885,4706.895,5
2026-04-27 12:30:00,4706.895,4707.635,4703.865,4704.225,5
2026-04-27 12:35:00,4704.345,4705.155,4700.935,4701.355,5
2026-04-27 12:40:00,4701.405,4702.215,4696.905,4698.685,5
2026-04-27 12:45:00,4698.585,4703.405,4697.325,4703.225,5
2026-04-27 12:50:00,4703.175,4704.295,4701.365,4702.665,5
2026-04-27 12:55:00,4702.645,4702.675,4696.675,4699.015,5
2026-04-27 13:00:00,4699.045,4700.505,4693.155,4696.095,5
2026-04-27 13:05:00,4696.095,4696.785,4693.125,4696.015,5
2026-04-27 13:10:00,4696.035,4699.465,4693.775,4695.825,5
2026-04-27 13:15:00,4695.835,4703.305,4695.365,4700.505,5
2026-04-27 13:20:00,4700.505,4702.935,4698.975,4699.325,5
2026-04-27 13:25:00,4699.165,4700.095,4697.415,4699.785,5
2026-04-27 13:30:00,4699.865,4702.475,4693.505,4694.355,5
2026-04-27 13:35:00,4694.345,4695.405,4688.825,4692.235,5
2026-04-27 13:40:00,4692.235,4694.475,4690.925,4693.195,5
2026-04-27 13:45:00,4693.225,4695.605,4689.395,4689.645,5
2026-04-27 13:50:00,4689.615,4695.645,4689.155,4694.535,5
2026-04-27 13:55:00,4694.555,4697.285,4692.675,4695.935,5
2026-04-27 14:00:00,4695.945,4696.025,4691.705,4693.815,5
2026-04-27 14:05:00,4693.795,4696.075,4688.385,4688.745,5
2026-04-27 14:10:00,4688.765,4692.955,4687.835,4692.365,5
2026-04-27 14:15:00,4692.365,4696.435,4690.445,4695.085,5
2026-04-27 14:20:00,4695.055,4696.175,4691.775,4693.055,5
2026-04-27 14:25:00,4693.055,4694.115,4686.065,4688.805,5
2026-04-27 14:30:00,4688.885,4688.895,4683.365,4685.655,5
2026-04-27 14:35:00,4685.715,4696.585,4685.445,4693.175,5
2026-04-27 14:40:00,4693.215,4695.165,4689.945,4693.315,5
2026-04-27 14:45:00,4693.455,4693.915,4690.275,4690.845,5
2026-04-27 14:50:00,4690.825,4691.815,4679.898,4680.545,5
2026-04-27 14:55:00,4680.535,4681.005,4676.395,4678.005,5
2026-04-27 15:00:00,4678.045,4679.265,4667.755,4668.645,5
2026-04-27 15:05:00,4668.765,4673.425,4667.055,4670.205,5
2026-04-27 15:10:00,4670.435,4676.875,4670.215,4674.395,5
2026-04-27 15:15:00,4674.375,4677.805,4672.715,4677.625,5
2026-04-27 15:20:00,4677.555,4678.305,4671.745,4673.695,5
2026-04-27 15:25:00,4673.695,4681.015,4671.885,4681.015,5
2026-04-27 15:30:00,4681.015,4682.345,4676.835,4678.455,5
2026-04-27 15:35:00,4678.415,4679.235,4677.015,4678.875,5
2026-04-27 15:40:00,4678.875,4680.995,4677.115,4677.325,5
2026-04-27 15:45:00,4677.215,4677.885,4673.985,4674.115,5
2026-04-27 15:50:00,4674.095,4676.155,4670.665,4671.455,5
2026-04-27 15:55:00,4671.225,4672.605,4667.635,4669.805,5
2026-04-27 16:00:00,4669.805,4670.745,4667.055,4670.435,5
2026-04-27 16:05:00,4670.475,4674.245,4670.235,4672.645,5
2026-04-27 16:10:00,4672.615,4674.805,4672.535,4674.445,5
2026-04-27 16:15:00,4674.415,4677.655,4673.935,4676.785,5
2026-04-27 16:20:00,4676.805,4677.255,4674.545,4675.555,5
2026-04-27 16:25:00,4675.585,4676.215,4673.565,4676.175,5
2026-04-27 16:30:00,4676.195,4678.955,4675.845,4677.775,5
2026-04-27 16:35:00,4677.855,4679.325,4676.935,4677.465,5
2026-04-27 16:40:00,4677.465,4677.505,4674.165,4674.655,5
2026-04-27 16:45:00,4674.655,4677.905,4674.545,4675.755,5
2026-04-27 16:50:00,4675.755,4677.545,4674.925,4676.355,5
2026-04-27 16:55:00,4676.375,4677.365,4675.615,4676.525,5
2026-04-27 17:00:00,4676.525,4678.375,4673.725,4673.985,5
2026-04-27 17:05:00,4673.985,4675.275,4672.875,4673.215,5
2026-04-27 17:10:00,4673.315,4674.695,4671.525,4673.575,5
2026-04-27 17:15:00,4673.575,4674.355,4668.115,4671.265,5
2026-04-27 17:20:00,4671.265,4676.805,4669.885,4674.255,5
2026-04-27 17:25:00,4674.245,4679.815,4674.245,4679.625,5
2026-04-27 17:30:00,4679.835,4685.435,4679.275,4684.855,5
2026-04-27 17:35:00,4684.885,4685.935,4679.785,4680.305,5
2026-04-27 17:40:00,4680.625,4683.095,4680.155,4682.975,5
2026-04-27 17:45:00,4682.975,4684.285,4680.855,4681.985,5
2026-04-27 17:50:00,4681.915,4683.155,4681.295,4681.685,5
2026-04-27 17:55:00,4681.725,4683.645,4681.725,4682.015,5
2026-04-27 18:00:00,4682.035,4682.035,4679.945,4680.225,5
2026-04-27 18:05:00,4680.245,4682.055,4678.765,4681.755,5
2026-04-27 18:10:00,4681.715,4682.605,4680.595,4681.295,5
2026-04-27 18:15:00,4681.195,4682.445,4680.425,4681.585,5
2026-04-27 18:20:00,4681.655,4684.385,4681.465,4683.945,5
2026-04-27 18:25:00,4683.925,4685.325,4683.135,4683.905,5
2026-04-27 18:30:00,4683.875,4684.085,4682.885,4683.055,5
2026-04-27 18:35:00,4683.075,4683.995,4682.345,4683.035,5
2026-04-27 18:40:00,4683.015,4685.225,4682.575,4682.685,5
2026-04-27 18:45:00,4682.665,4683.975,4681.375,4683.455,5
2026-04-27 18:50:00,4683.425,4684.885,4683.145,4683.485,5
2026-04-27 18:55:00,4683.405,4683.625,4680.465,4680.465,5
2026-04-27 19:00:00,4680.445,4681.045,4678.295,4678.875,5
2026-04-27 19:05:00,4678.885,4680.165,4678.705,4679.175,5
2026-04-27 19:10:00,4679.135,4680.725,4678.725,4680.105,5
2026-04-27 19:15:00,4680.095,4681.785,4679.625,4681.525,5
2026-04-27 19:20:00,4681.495,4682.505,4680.905,4682.355,5
2026-04-27 19:25:00,4682.405,4682.465,4680.725,4682.065,5
2026-04-27 19:30:00,4682.175,4682.275,4678.195,4678.755,5
2026-04-27 19:35:00,4678.785,4678.895,4676.485,4677.345,5
2026-04-27 19:40:00,4677.345,4679.915,4677.265,4679.745,5
2026-04-27 19:45:00,4679.805,4681.165,4678.215,4680.815,5
2026-04-27 19:50:00,4680.815,4681.075,4678.975,4679.705,5
2026-04-27 19:55:00,4679.705,4680.905,4678.845,4680.695,5
2026-04-27 20:00:00,4680.665,4681.245,4678.275,4678.915,5
2026-04-27 20:05:00,4678.915,4679.015,4677.175,4678.855,5
2026-04-27 20:10:00,4679.155,4679.275,4678.455,4678.995,5
2026-04-27 20:15:00,4678.955,4679.585,4678.895,4679.215,5
2026-04-27 20:20:00,4679.215,4679.415,4678.375,4678.945,5
2026-04-27 20:25:00,4678.885,4680.595,4678.835,4679.585,5
2026-04-27 20:30:00,4679.695,4680.315,4678.525,4679.045,5
2026-04-27 20:35:00,4679.065,4680.005,4678.905,4679.425,5
2026-04-27 20:40:00,4679.425,4680.165,4678.935,4679.975,5
2026-04-27 20:45:00,4679.955,4680.335,4679.025,4679.745,5
2026-04-27 20:50:00,4679.715,4679.875,4678.185,4678.915,5
2026-04-27 20:55:00,4678.865,4682.315,4678.555,4680.565,5
2026-04-27 22:00:00,4681.698,4686.275,4681.175,4682.175,5
2026-04-27 22:05:00,4682.185,4689.235,4682.125,4688.715,5
2026-04-27 22:10:00,4688.745,4690.955,4688.325,4689.055,5
2026-04-27 22:15:00,4688.975,4689.685,4687.045,4688.115,5
2026-04-27 22:20:00,4688.085,4688.185,4686.645,4687.155,5
2026-04-27 22:25:00,4687.185,4689.155,4687.155,4688.745,5
2026-04-27 22:30:00,4688.785,4689.565,4688.315,4688.595,5
2026-04-27 22:35:00,4688.725,4688.725,4686.675,4687.915,5
2026-04-27 22:40:00,4687.885,4688.625,4685.995,4687.025,5
2026-04-27 22:45:00,4687.055,4687.285,4685.925,4686.705,5
2026-04-27 22:50:00,4686.595,4687.475,4686.145,4687.185,5
2026-04-27 22:55:00,4687.205,4687.715,4686.605,4687.455,5
2026-04-27 23:00:00,4687.448,4689.058,4686.785,4688.065,5
2026-04-27 23:05:00,4688.175,4688.175,4686.815,4687.715,5
2026-04-27 23:10:00,4687.675,4689.735,4687.035,4689.635,5
2026-04-27 23:15:00,4689.595,4691.205,4689.228,4690.775,5
2026-04-27 23:20:00,4690.795,4691.045,4689.655,4690.585,5
2026-04-27 23:25:00,4690.515,4691.485,4689.915,4690.495,5
2026-04-27 23:30:00,4690.545,4692.095,4690.235,4691.795,5
2026-04-27 23:35:00,4691.875,4694.195,4691.875,4693.345,5
2026-04-27 23:40:00,4693.375,4694.205,4691.605,4694.095,5
2026-04-27 23:45:00,4694.115,4694.895,4693.115,4694.415,5
2026-04-27 23:50:00,4694.345,4694.795,4693.565,4694.465,5
2026-04-27 23:55:00,4694.495,4694.495,4691.705,4691.705,5
2026-04-28 00:00:00,4691.855,4697.175,4691.445,4696.775,5
2026-04-28 00:05:00,4696.745,4701.015,4696.555,4699.935,5
2026-04-28 00:10:00,4699.985,4700.995,4697.595,4697.705,5
2026-04-28 00:15:00,4697.685,4699.375,4696.325,4696.755,5
2026-04-28 00:20:00,4696.795,4697.395,4695.325,4696.705,5
2026-04-28 00:25:00,4696.745,4697.585,4691.915,4694.755,5
2026-04-28 00:30:00,4694.745,4695.085,4692.325,4692.935,5
2026-04-28 00:35:00,4692.975,4694.455,4691.655,4691.685,5
2026-04-28 00:40:00,4691.785,4694.375,4691.525,4693.475,5
2026-04-28 00:45:00,4693.505,4694.435,4692.245,4693.715,5
2026-04-28 00:50:00,4693.615,4693.925,4692.135,4692.955,5
2026-04-28 00:55:00,4692.975,4693.405,4690.105,4690.275,5
2026-04-28 01:00:00,4690.295,4690.685,4684.305,4689.245,5
2026-04-28 01:05:00,4689.195,4690.485,4686.285,4688.765,5
2026-04-28 01:10:00,4688.745,4690.715,4686.955,4687.805,5
2026-04-28 01:15:00,4687.365,4689.365,4685.475,4689.115,5
2026-04-28 01:20:00,4688.965,4690.565,4686.195,4689.195,5
2026-04-28 01:25:00,4689.225,4689.605,4686.655,4687.405,5
2026-04-28 01:30:00,4687.435,4687.655,4683.745,4684.175,5
2026-04-28 01:35:00,4684.225,4690.205,4684.225,4690.205,5
2026-04-28 01:40:00,4690.275,4691.375,4686.805,4687.185,5
2026-04-28 01:45:00,4687.215,4687.555,4684.755,4684.905,5
2026-04-28 01:50:00,4684.725,4685.505,4680.575,4680.745,5
2026-04-28 01:55:00,4680.715,4680.925,4669.045,4670.345,5
2026-04-28 02:00:00,4670.295,4673.255,4666.065,4672.435,5
2026-04-28 02:05:00,4672.255,4676.365,4672.125,4674.915,5
2026-04-28 02:10:00,4674.975,4677.645,4673.935,4677.175,5
2026-04-28 02:15:00,4677.185,4679.625,4676.915,4677.815,5
2026-04-28 02:20:00,4677.775,4679.305,4675.065,4675.135,5
2026-04-28 02:25:00,4675.335,4677.245,4674.335,4675.345,5
2026-04-28 02:30:00,4675.385,4675.445,4671.195,4673.405,5
2026-04-28 02:35:00,4673.375,4673.735,4670.675,4671.085,5
2026-04-28 02:40:00,4671.005,4673.025,4670.495,4670.955,5
2026-04-28 02:45:00,4670.925,4671.225,4668.475,4670.055,5
2026-04-28 02:50:00,4670.025,4670.615,4668.225,4670.415,5
2026-04-28 02:55:00,4670.375,4670.375,4666.215,4668.825,5
2026-04-28 03:00:00,4668.735,4671.825,4668.115,4670.785,5
2026-04-28 03:05:00,4670.735,4672.995,4670.235,4672.495,5
2026-04-28 03:10:00,4672.465,4673.928,4672.035,4672.615,5
2026-04-28 03:15:00,4672.655,4673.495,4671.085,4672.995,5
2026-04-28 03:20:00,4673.025,4674.805,4671.955,4672.635,5
2026-04-28 03:25:00,4672.655,4675.675,4671.245,4674.665,5
2026-04-28 03:30:00,4674.745,4675.175,4671.535,4672.195,5
2026-04-28 03:35:00,4672.175,4673.775,4671.645,4673.075,5
2026-04-28 03:40:00,4673.035,4673.765,4671.558,4671.785,5
2026-04-28 03:45:00,4671.735,4672.475,4671.175,4671.355,5
2026-04-28 03:50:00,4671.385,4671.665,4669.395,4669.475,5
2026-04-28 03:55:00,4669.405,4671.525,4669.075,4670.765,5
2026-04-28 04:00:00,4670.715,4670.995,4666.545,4667.785,5
2026-04-28 04:05:00,4667.765,4668.685,4666.945,4667.535,5
2026-04-28 04:10:00,4667.555,4669.515,4667.158,4669.475,5
2026-04-28 04:15:00,4669.415,4669.585,4668.275,4668.335,5
2026-04-28 04:20:00,4668.095,4668.285,4666.135,4666.745,5
2026-04-28 04:25:00,4666.695,4667.595,4666.518,4667.305,5
2026-04-28 04:30:00,4667.285,4668.835,4666.608,4668.425,5
2026-04-28 04:35:00,4668.445,4668.915,4667.245,4668.715,5
2026-04-28 04:40:00,4668.675,4669.705,4667.185,4669.615,5
2026-04-28 04:45:00,4669.565,4669.755,4667.075,4667.348,5
2026-04-28 04:50:00,4667.195,4669.455,4667.015,4667.765,5
2026-04-28 04:55:00,4667.735,4668.435,4666.965,4667.485,5
2026-04-28 05:00:00,4667.505,4667.835,4661.468,4663.045,5
2026-04-28 05:05:00,4663.065,4663.255,4648.515,4653.775,5
2026-04-28 05:10:00,4653.855,4654.835,4648.685,4652.145,5
2026-04-28 05:15:00,4652.155,4655.255,4650.895,4654.955,5
2026-04-28 05:20:00,4654.915,4659.355,4654.915,4658.685,5
2026-04-28 05:25:00,4658.755,4659.085,4656.525,4658.075,5
2026-04-28 05:30:00,4657.995,4658.405,4642.545,4644.265,5
2026-04-28 05:35:00,4644.285,4644.335,4637.065,4637.795,5
2026-04-28 05:40:00,4637.625,4637.625,4623.948,4624.395,5
2026-04-28 05:45:00,4624.455,4630.205,4623.618,4627.545,5
2026-04-28 05:50:00,4627.615,4631.765,4626.358,4631.595,5
2026-04-28 05:55:00,4631.595,4634.195,4631.355,4631.795,5
2026-04-28 06:00:00,4631.805,4634.055,4625.745,4634.015,5
2026-04-28 06:05:00,4634.045,4642.785,4634.015,4639.925,5
2026-04-28 06:10:00,4639.945,4641.715,4637.595,4640.415,5
2026-04-28 06:15:00,4640.395,4640.935,4632.755,4633.725,5
2026-04-28 06:20:00,4633.675,4633.675,4623.215,4625.855,5
2026-04-28 06:25:00,4625.835,4632.275,4623.715,4631.435,5
2026-04-28 06:30:00,4631.385,4634.255,4628.175,4629.525,5
2026-04-28 06:35:00,4629.565,4631.585,4625.205,4631.565,5
2026-04-28 06:40:00,4631.545,4634.545,4628.345,4629.595,5
2026-04-28 06:45:00,4629.615,4631.515,4623.505,4625.395,5
2026-04-28 06:50:00,4625.445,4631.145,4623.145,4626.315,5
2026-04-28 06:55:00,4626.275,4631.665,4625.235,4628.715,5
2026-04-28 07:00:00,4628.655,4639.075,4627.025,4638.755,5
2026-04-28 07:05:00,4638.815,4639.195,4632.145,4633.685,5
2026-04-28 07:10:00,4633.655,4636.195,4632.035,4634.045,5
2026-04-28 07:15:00,4633.955,4634.705,4630.345,4632.545,5
2026-04-28 07:20:00,4632.645,4633.735,4628.065,4629.615,5
2026-04-28 07:25:00,4629.645,4630.795,4627.085,4629.545,5
2026-04-28 07:30:00,4629.545,4635.115,4625.875,4626.595,5
2026-04-28 07:35:00,4626.575,4630.195,4625.755,4627.645,5
2026-04-28 07:40:00,4627.625,4633.355,4626.875,4629.225,5
2026-04-28 07:45:00,4629.245,4629.315,4626.045,4628.085,5
2026-04-28 07:50:00,4627.935,4628.075,4623.245,4626.175,5
2026-04-28 07:55:00,4626.125,4633.535,4620.355,4633.035,5
2026-04-28 08:00:00,4632.925,4633.445,4617.295,4620.105,5
2026-04-28 08:05:00,4620.035,4624.845,4615.845,4621.645,5
2026-04-28 08:10:00,4621.715,4623.165,4614.535,4620.095,5
2026-04-28 08:15:00,4620.075,4623.605,4618.955,4621.665,5
2026-04-28 08:20:00,4621.745,4623.435,4619.375,4621.195,5
2026-04-28 08:25:00,4621.245,4626.895,4620.215,4626.555,5
2026-04-28 08:30:00,4626.568,4635.285,4626.295,4632.525,5
2026-04-28 08:35:00,4632.525,4632.555,4628.675,4628.965,5
2026-04-28 08:40:00,4628.965,4630.555,4626.755,4628.065,5
2026-04-28 08:45:00,4627.935,4629.135,4625.015,4625.825,5
2026-04-28 08:50:00,4625.855,4629.245,4625.295,4627.355,5
2026-04-28 08:55:00,4627.535,4630.565,4626.615,4629.465,5
2026-04-28 09:00:00,4629.435,4629.875,4621.555,4622.545,5
2026-04-28 09:05:00,4622.515,4627.505,4621.465,4627.125,5
2026-04-28 09:10:00,4627.145,4627.895,4624.035,4625.305,5
2026-04-28 09:15:00,4624.915,4625.635,4621.705,4621.935,5
2026-04-28 09:20:00,4622.005,4622.135,4613.475,4616.065,5
2026-04-28 09:25:00,4616.045,4618.665,4612.885,4618.135,5
2026-04-28 09:30:00,4618.075,4618.975,4610.745,4611.835,5
2026-04-28 09:35:00,4611.805,4614.285,4609.625,4610.495,5
2026-04-28 09:40:00,4610.315,4613.605,4608.015,4613.605,5
2026-04-28 09:45:00,4613.585,4615.145,4608.165,4610.395,5
2026-04-28 09:50:00,4610.295,4612.825,4609.665,4611.175,5
2026-04-28 09:55:00,4611.195,4611.785,4604.505,4604.755,5
2026-04-28 10:00:00,4604.415,4612.175,4604.415,4607.475,5
2026-04-28 10:05:00,4607.565,4611.455,4605.865,4609.845,5
2026-04-28 10:10:00,4609.725,4613.505,4608.945,4612.565,5
2026-04-28 10:15:00,4612.555,4615.585,4610.735,4614.445,5
2026-04-28 10:20:00,4614.425,4616.365,4611.615,4612.575,5
2026-04-28 10:25:00,4612.575,4613.525,4610.765,4611.415,5
2026-04-28 10:30:00,4611.365,4614.855,4610.865,4612.355,5
2026-04-28 10:35:00,4612.335,4615.105,4611.865,4614.675,5
2026-04-28 10:40:00,4614.645,4615.845,4612.685,4613.135,5
2026-04-28 10:45:00,4613.225,4615.495,4610.955,4613.435,5
2026-04-28 10:50:00,4613.395,4614.095,4607.955,4609.415,5
2026-04-28 10:55:00,4609.455,4609.935,4603.115,4603.115,5
2026-04-28 11:00:00,4603.055,4608.655,4601.675,4605.485,5
2026-04-28 11:05:00,4605.375,4606.165,4600.675,4601.895,5
2026-04-28 11:10:00,4601.915,4602.295,4597.655,4598.495,5
2026-04-28 11:15:00,4598.315,4600.375,4595.535,4597.235,5
2026-04-28 11:20:00,4597.215,4604.115,4593.935,4601.705,5
2026-04-28 11:25:00,4601.675,4603.115,4598.155,4599.315,5
2026-04-28 11:30:00,4599.225,4599.715,4588.795,4590.685,5
2026-04-28 11:35:00,4590.685,4591.575,4568.715,4569.575,5
2026-04-28 11:40:00,4569.695,4574.535,4567.965,4571.985,5
2026-04-28 11:45:00,4571.905,4573.925,4558.445,4558.875,5
2026-04-28 11:50:00,4558.905,4563.065,4555.385,4559.305,5
2026-04-28 11:55:00,4559.325,4564.185,4558.145,4562.375,5
2026-04-28 12:00:00,4562.535,4569.995,4554.675,4569.055,5
2026-04-28 12:05:00,4569.035,4573.575,4567.235,4569.965,5
2026-04-28 12:10:00,4569.735,4581.575,4569.695,4581.425,5
2026-04-28 12:15:00,4581.625,4586.745,4577.545,4579.035,5
2026-04-28 12:20:00,4578.855,4597.905,4576.345,4577.795,5
2026-04-28 12:25:00,4577.785,4581.415,4573.485,4580.045,5
2026-04-28 12:30:00,4580.025,4582.035,4570.375,4578.765,5
2026-04-28 12:35:00,4578.785,4585.545,4578.705,4583.645,5
2026-04-28 12:40:00,4583.555,4588.605,4582.575,4586.745,5
2026-04-28 12:45:00,4586.665,4599.345,4584.125,4598.885,5
2026-04-28 12:50:00,4598.915,4599.945,4593.015,4594.445,5
2026-04-28 12:55:00,4594.715,4599.965,4591.615,4593.515,5
2026-04-28 13:00:00,4593.465,4594.395,4584.045,4584.115,5
2026-04-28 13:05:00,4583.925,4584.135,4571.035,4572.665,5
2026-04-28 13:10:00,4572.695,4581.235,4570.925,4575.985,5
2026-04-28 13:15:00,4576.015,4579.555,4573.025,4577.285,5
2026-04-28 13:20:00,4577.355,4580.915,4575.255,4576.045,5
2026-04-28 13:25:00,4575.975,4584.055,4572.035,4581.235,5
2026-04-28 13:30:00,4580.998,4581.555,4570.625,4577.765,5
2026-04-28 13:35:00,4577.765,4582.535,4575.385,4579.505,5
2026-04-28 13:40:00,4579.425,4591.315,4573.385,4581.595,5
2026-04-28 13:45:00,4581.585,4592.505,4580.045,4586.195,5
2026-04-28 13:50:00,4586.175,4590.285,4579.455,4581.015,5
2026-04-28 13:55:00,4581.035,4582.295,4574.525,4580.305,5
2026-04-28 14:00:00,4580.225,4580.455,4565.115,4565.835,5
2026-04-28 14:05:00,4565.855,4574.795,4564.915,4569.415,5
2026-04-28 14:10:00,4569.515,4572.175,4565.845,4568.115,5
2026-04-28 14:15:00,4568.085,4577.685,4563.808,4571.235,5
2026-04-28 14:20:00,4571.285,4574.265,4564.895,4567.985,5
2026-04-28 14:25:00,4567.885,4572.995,4567.285,4571.345,5
2026-04-28 14:30:00,4571.355,4577.885,4568.875,4569.785,5
2026-04-28 14:35:00,4569.785,4570.395,4559.825,4560.155,5
2026-04-28 14:40:00,4560.155,4565.615,4557.145,4564.055,5
2026-04-28 14:45:00,4564.025,4567.345,4560.665,4562.905,5
2026-04-28 14:50:00,4562.845,4565.285,4557.085,4563.635,5
2026-04-28 14:55:00,4563.635,4574.685,4560.175,4574.395,5
2026-04-28 15:00:00,4574.365,4581.845,4573.935,4575.955,5
2026-04-28 15:05:00,4575.965,4579.885,4570.605,4572.645,5
2026-04-28 15:10:00,4572.605,4574.735,4570.265,4572.585,5
2026-04-28 15:15:00,4572.525,4575.885,4569.825,4572.555,5
2026-04-28 15:20:00,4572.535,4573.095,4566.815,4571.775,5
2026-04-28 15:25:00,4571.785,4577.195,4570.175,4576.805,5
2026-04-28 15:30:00,4576.765,4577.575,4570.965,4571.415,5
2026-04-28 15:35:00,4571.435,4581.205,4571.015,4578.755,5
2026-04-28 15:40:00,4578.695,4580.795,4576.815,4577.675,5
2026-04-28 15:45:00,4577.595,4583.105,4576.485,4581.735,5
2026-04-28 15:50:00,4581.735,4586.035,4581.305,4583.685,5
2026-04-28 15:55:00,4583.675,4586.325,4581.585,4586.215,5
2026-04-28 16:00:00,4586.215,4586.725,4582.135,4583.705,5
2026-04-28 16:05:00,4583.665,4586.225,4582.735,4584.935,5
2026-04-28 16:10:00,4584.935,4585.745,4582.655,4585.055,5
2026-04-28 16:15:00,4585.255,4585.615,4577.655,4580.545,5
2026-04-28 16:20:00,4580.495,4583.095,4580.425,4581.548,5
2026-04-28 16:25:00,4581.525,4585.248,4581.525,4582.528,5
2026-04-28 16:30:00,4582.398,4584.828,4580.758,4580.788,5
2026-04-28 16:35:00,4580.488,4586.625,4580.285,4584.625,5
2026-04-28 16:40:00,4584.625,4585.435,4582.575,4584.745,5
2026-04-28 16:45:00,4584.695,4588.255,4583.605,4586.295,5
2026-04-28 16:50:00,4586.395,4594.215,4586.395,4593.225,5
2026-04-28 16:55:00,4593.275,4594.665,4591.375,4592.095,5
2026-04-28 17:00:00,4592.095,4593.995,4589.575,4589.655,5
2026-04-28 17:05:00,4589.715,4591.695,4588.315,4591.135,5
2026-04-28 17:10:00,4591.085,4594.645,4589.885,4593.565,5
2026-04-28 17:15:00,4593.525,4594.005,4587.235,4588.245,5
2026-04-28 17:20:00,4588.265,4595.315,4587.095,4594.935,5
2026-04-28 17:25:00,4595.005,4597.035,4592.335,4593.275,5
2026-04-28 17:30:00,4593.555,4597.015,4593.555,4595.385,5
2026-04-28 17:35:00,4595.465,4599.175,4595.435,4598.285,5
2026-04-28 17:40:00,4598.305,4601.245,4598.245,4598.795,5
2026-04-28 17:45:00,4598.795,4600.435,4597.565,4597.915,5
2026-04-28 17:50:00,4597.995,4598.295,4596.115,4597.085,5
2026-04-28 17:55:00,4597.085,4597.795,4593.865,4594.565,5
2026-04-28 18:00:00,4594.585,4598.345,4591.875,4593.545,5
2026-04-28 18:05:00,4593.565,4597.425,4593.225,4596.105,5
2026-04-28 18:10:00,4596.105,4596.585,4594.545,4595.845,5
2026-04-28 18:15:00,4595.855,4599.125,4595.855,4597.658,5
2026-04-28 18:20:00,4597.645,4599.965,4596.805,4599.025,5
2026-04-28 18:25:00,4599.085,4600.375,4597.795,4598.785,5
2026-04-28 18:30:00,4598.835,4599.345,4594.395,4594.778,5
2026-04-28 18:35:00,4594.805,4596.545,4593.385,4595.945,5
2026-04-28 18:40:00,4596.165,4597.915,4595.925,4597.555,5
2026-04-28 18:45:00,4597.575,4598.615,4596.855,4597.825,5
2026-04-28 18:50:00,4597.835,4598.398,4594.765,4595.078,5
2026-04-28 18:55:00,4595.078,4595.355,4592.915,4594.015,5
2026-04-28 19:00:00,4594.015,4597.435,4593.695,4595.555,5
2026-04-28 19:05:00,4595.605,4598.565,4595.565,4596.495,5
2026-04-28 19:10:00,4596.495,4597.345,4595.435,4595.485,5
2026-04-28 19:15:00,4595.485,4595.625,4593.995,4594.678,5
2026-04-28 19:20:00,4594.645,4596.145,4593.535,4595.845,5
2026-04-28 19:25:00,4595.925,4597.085,4595.255,4596.095,5
2026-04-28 19:30:00,4596.135,4596.595,4594.525,4596.265,5
2026-04-28 19:35:00,4596.195,4598.425,4596.195,4598.235,5
2026-04-28 19:40:00,4598.255,4599.755,4597.655,4598.395,5
2026-04-28 19:45:00,4598.375,4599.245,4596.235,4597.785,5
2026-04-28 19:50:00,4597.965,4598.205,4593.125,4595.095,5
2026-04-28 19:55:00,4595.115,4596.405,4594.045,4595.385,5
2026-04-28 20:00:00,4595.425,4596.735,4594.635,4596.575,5
2026-04-28 20:05:00,4596.585,4598.205,4595.855,4597.795,5
2026-04-28 20:10:00,4597.715,4598.585,4596.845,4597.175,5
2026-04-28 20:15:00,4597.215,4597.995,4594.035,4594.105,5
2026-04-28 20:20:00,4594.035,4594.065,4591.365,4592.505,5
2026-04-28 20:25:00,4592.535,4593.665,4590.925,4592.685,5
2026-04-28 20:30:00,4592.685,4595.215,4592.605,4593.775,5
2026-04-28 20:35:00,4593.775,4594.935,4592.765,4594.235,5
2026-04-28 20:40:00,4594.195,4594.565,4592.225,4593.195,5
2026-04-28 20:45:00,4593.215,4593.635,4592.715,4592.985,5
2026-04-28 20:50:00,4592.965,4595.715,4592.615,4595.695,5
2026-04-28 20:55:00,4595.745,4597.075,4594.435,4594.435,5
2026-04-28 22:00:00,4596.205,4599.515,4594.205,4598.045,5
2026-04-28 22:05:00,4598.045,4598.125,4593.858,4594.865,5
2026-04-28 22:10:00,4594.865,4596.685,4594.698,4596.175,5
2026-04-28 22:15:00,4596.205,4597.075,4594.698,4596.525,5
2026-04-28 22:20:00,4596.585,4597.005,4595.965,4596.435,5
2026-04-28 22:25:00,4596.405,4596.685,4594.975,4595.535,5
2026-04-28 22:30:00,4595.635,4596.885,4595.625,4596.755,5
2026-04-28 22:35:00,4596.775,4597.015,4593.615,4593.955,5
2026-04-28 22:40:00,4593.915,4594.945,4592.805,4593.455,5
2026-04-28 22:45:00,4593.455,4595.245,4592.715,4593.815,5
2026-04-28 22:50:00,4593.775,4595.005,4592.475,4594.865,5
2026-04-28 22:55:00,4594.825,4594.955,4591.905,4593.585,5
2026-04-28 23:00:00,4593.585,4594.015,4591.775,4592.895,5
2026-04-28 23:05:00,4592.895,4593.055,4590.348,4590.405,5
2026-04-28 23:10:00,4590.705,4590.955,4589.025,4590.595,5
2026-04-28 23:15:00,4590.515,4592.615,4589.975,4591.905,5
2026-04-28 23:20:00,4591.945,4592.095,4591.035,4591.775,5
2026-04-28 23:25:00,4591.795,4592.125,4590.155,4591.955,5
2026-04-28 23:30:00,4591.975,4593.275,4590.445,4591.075,5
2026-04-28 23:35:00,4591.025,4591.165,4587.745,4588.135,5
2026-04-28 23:40:00,4588.195,4590.385,4587.835,4589.645,5
2026-04-28 23:45:00,4589.665,4592.845,4588.545,4589.015,5
2026-04-28 23:50:00,4588.995,4592.185,4588.935,4592.125,5
2026-04-28 23:55:00,4592.165,4596.115,4592.135,4595.365,5
2026-04-29 00:00:00,4595.385,4606.515,4595.015,4606.315,5
2026-04-29 00:05:00,4606.355,4608.235,4604.935,4608.145,5
2026-04-29 00:10:00,4608.095,4610.195,4606.495,4607.175,5
2026-04-29 00:15:00,4607.525,4607.675,4600.515,4600.625,5
2026-04-29 00:20:00,4600.465,4602.925,4599.395,4602.295,5
2026-04-29 00:25:00,4602.245,4604.595,4598.395,4599.855,5
2026-04-29 00:30:00,4599.875,4602.215,4599.465,4601.635,5
2026-04-29 00:35:00,4601.655,4602.695,4599.115,4602.685,5
2026-04-29 00:40:00,4602.715,4604.595,4602.245,4603.455,5
2026-04-29 00:45:00,4603.515,4603.745,4599.195,4599.845,5
2026-04-29 00:50:00,4599.775,4599.775,4595.905,4597.865,5
2026-04-29 00:55:00,4597.835,4601.695,4597.575,4600.045,5
2026-04-29 01:00:00,4600.015,4600.205,4579.885,4582.225,5
2026-04-29 01:05:00,4582.325,4586.325,4575.825,4580.915,5
2026-04-29 01:10:00,4580.875,4585.545,4580.875,4582.135,5
2026-04-29 01:15:00,4581.945,4585.805,4578.975,4585.375,5
2026-04-29 01:20:00,4585.395,4586.345,4581.935,4584.875,5
2026-04-29 01:25:00,4584.825,4585.535,4579.905,4580.215,5
2026-04-29 01:30:00,4580.255,4586.325,4578.685,4585.995,5
2026-04-29 01:35:00,4586.035,4588.995,4583.775,4584.685,5
2026-04-29 01:40:00,4584.705,4591.445,4582.325,4590.485,5
2026-04-29 01:45:00,4590.465,4591.395,4581.955,4583.415,5
2026-04-29 01:50:00,4583.545,4584.025,4580.185,4581.565,5
2026-04-29 01:55:00,4581.585,4585.155,4580.655,4584.665,5
2026-04-29 02:00:00,4584.665,4595.215,4584.655,4592.185,5
2026-04-29 02:05:00,4592.215,4601.035,4591.605,4598.665,5
2026-04-29 02:10:00,4598.765,4602.185,4598.605,4600.715,5
2026-04-29 02:15:00,4600.805,4603.905,4599.745,4601.055,5
2026-04-29 02:20:00,4601.085,4601.465,4598.255,4598.385,5
2026-04-29 02:25:00,4598.265,4602.855,4597.988,4598.765,5
2026-04-29 02:30:00,4598.795,4601.535,4598.098,4599.315,5
2026-04-29 02:35:00,4599.285,4599.285,4595.758,4595.765,5
2026-04-29 02:40:00,4595.758,4598.465,4595.755,4596.575,5
2026-04-29 02:45:00,4596.645,4601.065,4596.225,4599.015,5
2026-04-29 02:50:00,4599.155,4600.235,4592.685,4592.915,5
2026-04-29 02:55:00,4592.965,4594.405,4592.125,4593.565,5
2026-04-29 03:00:00,4593.565,4597.805,4592.505,4596.275,5
2026-04-29 03:05:00,4596.745,4600.175,4596.065,4599.415,5
2026-04-29 03:10:00,4599.445,4602.825,4598.335,4601.585,5
2026-04-29 03:15:00,4601.675,4603.135,4599.455,4599.755,5
2026-04-29 03:20:00,4599.865,4600.785,4598.555,4599.155,5
2026-04-29 03:25:00,4599.185,4600.455,4596.935,4598.425,5
2026-04-29 03:30:00,4598.465,4598.525,4595.705,4596.585,5
2026-04-29 03:35:00,4596.558,4597.115,4594.555,4594.855,5
2026-04-29 03:40:00,4594.815,4594.905,4592.105,4593.555,5
2026-04-29 03:45:00,4593.415,4595.105,4591.885,4592.485,5
2026-04-29 03:50:00,4592.485,4595.555,4592.485,4594.875,5
2026-04-29 03:55:00,4594.905,4596.265,4592.975,4595.195,5
2026-04-29 04:00:00,4595.365,4598.415,4595.065,4597.615,5
2026-04-29 04:05:00,4597.595,4600.005,4596.595,4599.705,5
2026-04-29 04:10:00,4599.755,4603.205,4599.325,4600.635,5
2026-04-29 04:15:00,4600.735,4601.715,4598.675,4599.625,5
2026-04-29 04:20:00,4599.605,4599.905,4598.845,4598.925,5
2026-04-29 04:25:00,4598.905,4601.635,4597.035,4601.525,5
2026-04-29 04:30:00,4601.735,4603.645,4601.455,4602.225,5
2026-04-29 04:35:00,4602.265,4605.445,4601.695,4602.935,5
2026-04-29 04:40:00,4602.955,4603.815,4601.365,4601.955,5
2026-04-29 04:45:00,4601.995,4604.125,4601.995,4603.805,5
2026-04-29 04:50:00,4603.905,4604.415,4602.405,4604.135,5
2026-04-29 04:55:00,4604.115,4605.505,4603.335,4604.635,5
2026-04-29 05:00:00,4604.635,4607.655,4602.595,4604.675,5
2026-04-29 05:05:00,4604.555,4605.875,4601.715,4602.065,5
2026-04-29 05:10:00,4602.225,4602.875,4600.065,4600.755,5
2026-04-29 05:15:00,4600.775,4602.495,4600.275,4600.585,5
2026-04-29 05:20:00,4600.605,4601.605,4598.455,4599.735,5
2026-04-29 05:25:00,4599.705,4600.985,4599.055,4600.505,5
2026-04-29 05:30:00,4600.475,4601.405,4594.745,4595.115,5
2026-04-29 05:35:00,4595.145,4596.538,4593.818,4595.165,5
2026-04-29 05:40:00,4595.185,4599.275,4594.985,4598.865,5
2026-04-29 05:45:00,4598.825,4601.175,4598.375,4599.135,5
2026-04-29 05:50:00,4599.155,4602.935,4597.105,4597.265,5
2026-04-29 05:55:00,4597.245,4597.398,4590.365,4590.775,5
2026-04-29 06:00:00,4590.775,4598.545,4590.085,4596.945,5
2026-04-29 06:05:00,4596.975,4598.415,4591.735,4592.415,5
2026-04-29 06:10:00,4592.435,4592.715,4586.985,4588.325,5
2026-04-29 06:15:00,4588.385,4589.095,4583.675,4585.705,5
2026-04-29 06:20:00,4585.695,4586.455,4581.115,4584.475,5
2026-04-29 06:25:00,4584.535,4587.925,4584.535,4584.765,5
2026-04-29 06:30:00,4584.815,4586.685,4582.315,4583.245,5
2026-04-29 06:35:00,4583.225,4585.195,4580.575,4584.835,5
2026-04-29 06:40:00,4584.815,4587.325,4584.625,4584.815,5
2026-04-29 06:45:00,4584.895,4586.795,4583.945,4584.865,5
2026-04-29 06:50:00,4584.835,4584.835,4580.995,4583.325,5
2026-04-29 06:55:00,4583.375,4584.825,4582.795,4584.325,5
2026-04-29 07:00:00,4584.325,4588.685,4582.935,4587.975,5
2026-04-29 07:05:00,4588.005,4588.415,4578.995,4579.285,5
2026-04-29 07:10:00,4579.295,4581.235,4576.485,4578.495,5
2026-04-29 07:15:00,4578.465,4581.205,4575.725,4576.475,5
2026-04-29 07:20:00,4576.575,4579.615,4574.345,4575.435,5
2026-04-29 07:25:00,4575.495,4576.675,4569.415,4575.055,5
2026-04-29 07:30:00,4574.995,4578.605,4573.455,4577.705,5
2026-04-29 07:35:00,4577.735,4577.865,4570.535,4571.525,5
2026-04-29 07:40:00,4571.535,4574.995,4569.015,4570.225,5
2026-04-29 07:45:00,4570.225,4572.305,4567.335,4569.995,5
2026-04-29 07:50:00,4570.265,4572.305,4569.348,4570.075,5
2026-04-29 07:55:00,4570.075,4570.915,4567.125,4567.645,5
2026-04-29 08:00:00,4568.176,4573.145,4567.305,4568.745,5
2026-04-29 08:05:00,4568.775,4570.105,4564.505,4567.565,5
2026-04-29 08:10:00,4567.535,4569.385,4564.305,4565.085,5
2026-04-29 08:15:00,4565.405,4570.015,4565.405,4569.495,5
2026-04-29 08:20:00,4569.475,4571.005,4565.735,4568.335,5
2026-04-29 08:25:00,4568.575,4571.215,4565.875,4566.135,5
2026-04-29 08:30:00,4565.935,4568.005,4561.985,4562.285,5
2026-04-29 08:35:00,4562.385,4563.085,4557.075,4561.915,5
2026-04-29 08:40:00,4561.945,4568.745,4561.195,4568.195,5
2026-04-29 08:45:00,4568.165,4572.805,4568.145,4570.735,5
2026-04-29 08:50:00,4570.765,4575.165,4570.425,4574.745,5
2026-04-29 08:55:00,4574.755,4576.635,4572.945,4572.995,5
2026-04-29 09:00:00,4573.025,4574.935,4570.155,4574.285,5
2026-04-29 09:05:00,4574.285,4575.535,4571.975,4572.085,5
2026-04-29 09:10:00,4572.085,4575.035,4571.295,4573.815,5
2026-04-29 09:15:00,4573.665,4580.445,4573.305,4579.245,5
2026-04-29 09:20:00,4579.308,4580.555,4571.895,4571.895,5
2026-04-29 09:25:00,4571.895,4571.895,4565.605,4565.645,5
2026-04-29 09:30:00,4565.615,4567.225,4563.565,4567.175,5
2026-04-29 09:35:00,4567.145,4569.495,4562.365,4564.445,5
2026-04-29 09:40:00,4564.445,4565.455,4558.635,4558.915,5
2026-04-29 09:45:00,4558.915,4561.875,4557.825,4559.325,5
2026-04-29 09:50:00,4559.295,4559.435,4551.445,4555.085,5
2026-04-29 09:55:00,4555.105,4556.855,4551.625,4555.615,5
2026-04-29 10:00:00,4555.545,4562.895,4554.845,4562.115,5
2026-04-29 10:05:00,4562.215,4565.355,4561.235,4565.145,5
2026-04-29 10:10:00,4565.145,4568.085,4563.805,4567.815,5
2026-04-29 10:15:00,4567.815,4573.045,4567.815,4571.165,5
2026-04-29 10:20:00,4571.165,4571.615,4568.155,4571.515,5
2026-04-29 10:25:00,4571.435,4573.065,4570.645,4571.655,5
2026-04-29 10:30:00,4571.655,4576.425,4571.655,4573.185,5
2026-04-29 10:35:00,4573.165,4574.305,4569.615,4570.355,5
2026-04-29 10:40:00,4570.355,4570.455,4565.835,4566.145,5
2026-04-29 10:45:00,4566.195,4568.415,4564.725,4567.755,5
2026-04-29 10:50:00,4567.815,4570.575,4564.895,4566.365,5
2026-04-29 10:55:00,4566.385,4569.805,4563.935,4569.745,5
2026-04-29 11:00:00,4569.715,4571.885,4566.515,4567.925,5
2026-04-29 11:05:00,4567.985,4569.605,4565.255,4566.925,5
2026-04-29 11:10:00,4566.905,4570.545,4566.005,4567.805,5
2026-04-29 11:15:00,4567.985,4570.135,4567.055,4568.025,5
2026-04-29 11:20:00,4568.065,4568.215,4564.345,4565.985,5
2026-04-29 11:25:00,4566.035,4568.915,4563.985,4564.595,5
2026-04-29 11:30:00,4564.435,4567.715,4563.585,4567.445,5
2026-04-29 11:35:00,4567.465,4571.675,4566.755,4566.905,5
2026-04-29 11:40:00,4566.955,4567.945,4563.985,4566.755,5
2026-04-29 11:45:00,4566.725,4566.725,4561.845,4563.355,5
2026-04-29 11:50:00,4563.275,4564.525,4559.675,4560.275,5
2026-04-29 11:55:00,4560.255,4563.135,4559.105,4561.455,5
2026-04-29 12:00:00,4561.495,4564.715,4560.395,4563.345,5
2026-04-29 12:05:00,4563.295,4568.095,4562.575,4562.595,5
2026-04-29 12:10:00,4562.655,4566.295,4560.575,4564.415,5
2026-04-29 12:15:00,4564.445,4568.845,4564.445,4565.745,5
2026-04-29 12:20:00,4565.685,4567.515,4561.825,4562.045,5
2026-04-29 12:25:00,4562.115,4564.275,4559.055,4559.065,5
2026-04-29 12:30:00,4559.145,4559.155,4550.965,4554.895,5
2026-04-29 12:35:00,4555.005,4557.675,4551.725,4555.675,5
2026-04-29 12:40:00,4555.705,4559.595,4554.045,4557.545,5
2026-04-29 12:45:00,4557.455,4559.855,4554.805,4555.695,5
2026-04-29 12:50:00,4555.635,4555.715,4544.455,4544.845,5
2026-04-29 12:55:00,4544.845,4548.425,4541.835,4544.745,5
2026-04-29 13:00:00,4544.855,4553.095,4544.855,4547.495,5
2026-04-29 13:05:00,4547.635,4549.805,4545.215,4546.245,5
2026-04-29 13:10:00,4546.255,4550.725,4545.195,4549.735,5
2026-04-29 13:15:00,4549.735,4551.495,4543.135,4543.545,5
2026-04-29 13:20:00,4543.335,4543.535,4534.805,4538.095,5
2026-04-29 13:25:00,4538.135,4539.225,4534.375,4537.695,5
2026-04-29 13:30:00,4537.595,4539.395,4529.745,4532.815,5
2026-04-29 13:35:00,4532.785,4533.825,4523.928,4525.375,5
2026-04-29 13:40:00,4525.305,4526.115,4513.315,4514.495,5
2026-04-29 13:45:00,4514.515,4517.065,4509.875,4514.225,5
2026-04-29 13:50:00,4514.135,4521.235,4514.005,4520.665,5
2026-04-29 13:55:00,4520.665,4529.795,4519.215,4521.515,5
2026-04-29 14:00:00,4521.445,4525.235,4517.615,4525.205,5
2026-04-29 14:05:00,4525.058,4526.475,4517.715,4519.655,5
2026-04-29 14:10:00,4519.565,4528.135,4519.205,4525.975,5
2026-04-29 14:15:00,4525.995,4534.625,4524.095,4534.105,5
2026-04-29 14:20:00,4534.095,4536.825,4531.995,4536.395,5
2026-04-29 14:25:00,4536.415,4537.565,4530.885,4533.105,5
2026-04-29 14:30:00,4533.115,4541.615,4530.685,4539.285,5
2026-04-29 14:35:00,4539.165,4542.555,4537.775,4540.615,5
2026-04-29 14:40:00,4540.615,4540.615,4537.425,4538.565,5
2026-04-29 14:45:00,4538.595,4538.725,4532.565,4532.675,5
2026-04-29 14:50:00,4532.875,4539.415,4531.855,4538.965,5
2026-04-29 14:55:00,4538.915,4540.465,4536.205,4539.195,5
2026-04-29 15:00:00,4539.105,4545.915,4538.735,4542.925,5
2026-04-29 15:05:00,4542.905,4546.875,4539.815,4539.835,5
2026-04-29 15:10:00,4539.895,4542.785,4536.175,4537.865,5
2026-04-29 15:15:00,4537.875,4543.415,4536.085,4541.465,5
2026-04-29 15:20:00,4541.725,4544.525,4540.355,4543.935,5
2026-04-29 15:25:00,4543.935,4546.275,4541.275,4543.435,5
2026-04-29 15:30:00,4543.375,4544.805,4540.035,4543.695,5
2026-04-29 15:35:00,4543.715,4552.635,4543.715,4551.025,5
2026-04-29 15:40:00,4551.045,4556.085,4550.165,4552.975,5
2026-04-29 15:45:00,4552.925,4558.715,4552.775,4554.045,5
2026-04-29 15:50:00,4554.085,4556.575,4541.855,4546.565,5
2026-04-29 15:55:00,4546.535,4548.205,4543.135,4547.445,5
2026-04-29 16:00:00,4547.495,4564.165,4546.785,4561.885,5
2026-04-29 16:05:00,4561.955,4564.715,4559.225,4561.015,5
2026-04-29 16:10:00,4560.925,4563.615,4557.045,4558.895,5
2026-04-29 16:15:00,4558.945,4560.405,4557.385,4560.105,5
2026-04-29 16:20:00,4560.155,4562.698,4556.845,4561.765,5
2026-04-29 16:25:00,4561.845,4563.998,4559.855,4559.905,5
2026-04-29 16:30:00,4559.898,4559.898,4549.475,4550.315,5
2026-04-29 16:35:00,4550.335,4552.395,4545.455,4550.055,5
2026-04-29 16:40:00,4550.055,4551.755,4548.605,4550.175,5
2026-04-29 16:45:00,4550.195,4551.265,4545.975,4546.195,5
2026-04-29 16:50:00,4546.065,4548.425,4543.865,4544.315,5
2026-04-29 16:55:00,4544.275,4545.815,4543.075,4545.235,5
2026-04-29 17:00:00,4545.245,4546.535,4542.498,4544.785,5
2026-04-29 17:05:00,4544.785,4550.825,4543.398,4550.565,5
2026-04-29 17:10:00,4550.595,4552.045,4549.935,4550.535,5
2026-04-29 17:15:00,4550.475,4550.555,4547.635,4549.335,5
2026-04-29 17:20:00,4549.335,4554.265,4549.075,4552.995,5
2026-04-29 17:25:00,4552.965,4553.445,4545.735,4546.985,5
2026-04-29 17:30:00,4546.985,4548.465,4543.675,4544.105,5
2026-04-29 17:35:00,4544.105,4546.365,4542.455,4545.035,5
2026-04-29 17:40:00,4544.995,4545.255,4542.795,4544.615,5
2026-04-29 17:45:00,4544.665,4546.035,4541.465,4543.235,5
2026-04-29 17:50:00,4543.235,4547.335,4542.755,4543.565,5
2026-04-29 17:55:00,4543.565,4546.915,4542.315,4546.375,5
2026-04-29 18:00:00,4546.355,4552.775,4537.975,4540.845,5
2026-04-29 18:05:00,4541.005,4541.885,4531.445,4533.025,5
2026-04-29 18:10:00,4533.045,4535.175,4525.115,4525.425,5
2026-04-29 18:15:00,4525.375,4539.515,4524.945,4531.485,5
2026-04-29 18:20:00,4531.435,4537.325,4531.435,4535.015,5
2026-04-29 18:25:00,4535.105,4535.205,4529.308,4532.715,5
2026-04-29 18:30:00,4532.765,4533.875,4520.355,4521.395,5
2026-04-29 18:35:00,4521.365,4540.675,4521.105,4528.695,5
2026-04-29 18:40:00,4528.725,4528.725,4520.365,4520.365,5
2026-04-29 18:45:00,4520.145,4530.225,4518.145,4528.565,5
2026-04-29 18:50:00,4528.575,4534.705,4528.575,4531.965,5
2026-04-29 18:55:00,4531.945,4540.975,4531.375,4537.915,5
2026-04-29 19:00:00,4537.945,4545.165,4537.195,4537.235,5
2026-04-29 19:05:00,4537.255,4541.415,4533.045,4538.765,5
2026-04-29 19:10:00,4538.745,4548.645,4538.035,4547.565,5
2026-04-29 19:15:00,4547.505,4550.455,4544.955,4547.135,5
2026-04-29 19:20:00,4547.175,4547.555,4541.905,4544.685,5
2026-04-29 19:25:00,4544.655,4545.305,4540.975,4542.635,5
2026-04-29 19:30:00,4542.415,4544.825,4537.475,4538.935,5
2026-04-29 19:35:00,4538.915,4541.735,4537.425,4540.555,5
2026-04-29 19:40:00,4540.615,4542.155,4537.485,4539.355,5
2026-04-29 19:45:00,4539.315,4547.965,4539.205,4547.965,5
2026-04-29 19:50:00,4547.935,4549.705,4546.385,4547.705,5
2026-04-29 19:55:00,4547.815,4548.995,4543.885,4546.745,5
2026-04-29 20:00:00,4546.675,4548.305,4542.345,4547.145,5
2026-04-29 20:05:00,4547.145,4553.465,4543.865,4552.145,5
2026-04-29 20:10:00,4552.145,4553.035,4545.205,4546.345,5
2026-04-29 20:15:00,4546.255,4547.945,4541.175,4544.725,5
2026-04-29 20:20:00,4544.755,4546.775,4543.885,4543.925,5
2026-04-29 20:25:00,4543.945,4545.505,4542.525,4543.165,5
2026-04-29 20:30:00,4543.035,4545.825,4542.265,4543.755,5
2026-04-29 20:35:00,4543.685,4546.365,4543.395,4546.215,5
2026-04-29 20:40:00,4546.195,4546.325,4543.545,4543.555,5
2026-04-29 20:45:00,4543.535,4544.455,4541.605,4541.735,5
2026-04-29 20:50:00,4541.675,4543.495,4541.265,4542.305,5
2026-04-29 20:55:00,4541.945,4543.995,4541.945,4543.425,5
2026-04-29 22:00:00,4543.185,4545.175,4539.075,4539.355,5
2026-04-29 22:05:00,4539.625,4546.485,4539.305,4545.805,5
2026-04-29 22:10:00,4545.835,4548.531,4545.085,4546.085,5
2026-04-29 22:15:00,4546.145,4550.165,4546.145,4549.635,5
2026-04-29 22:20:00,4549.615,4550.655,4548.365,4549.155,5
2026-04-29 22:25:00,4549.005,4549.895,4547.795,4548.825,5
2026-04-29 22:30:00,4548.805,4551.795,4548.005,4549.585,5
2026-04-29 22:35:00,4549.505,4549.815,4547.575,4548.235,5
2026-04-29 22:40:00,4548.295,4549.185,4547.245,4548.175,5
2026-04-29 22:45:00,4548.125,4551.465,4547.595,4551.325,5
2026-04-29 22:50:00,4551.245,4552.075,4550.195,4550.335,5
2026-04-29 22:55:00,4550.365,4552.228,4549.385,4551.548,5
2026-04-29 23:00:00,4551.495,4553.598,4551.485,4552.658,5
2026-04-29 23:05:00,4552.648,4552.648,4549.888,4551.258,5
2026-04-29 23:10:00,4551.258,4553.115,4551.105,4553.035,5
2026-04-29 23:15:00,4553.055,4554.905,4549.335,4551.255,5
2026-04-29 23:20:00,4551.305,4551.925,4550.585,4550.655,5
2026-04-29 23:25:00,4550.885,4552.225,4550.785,4551.365,5
2026-04-29 23:30:00,4551.405,4553.235,4551.125,4552.398,5
2026-04-29 23:35:00,4552.398,4554.358,4551.895,4554.158,5
2026-04-29 23:40:00,4554.168,4554.628,4553.475,4554.145,5
2026-04-29 23:45:00,4554.175,4558.055,4553.625,4557.765,5
2026-04-29 23:50:00,4557.725,4559.505,4557.098,4557.605,5
2026-04-29 23:55:00,4557.505,4561.715,4557.055,4561.345,5
2026-04-30 00:00:00,4561.325,4568.315,4557.735,4558.925,5
2026-04-30 00:05:00,4558.895,4564.805,4557.698,4561.655,5
2026-04-30 00:10:00,4561.685,4562.935,4557.315,4557.605,5
2026-04-30 00:15:00,4557.695,4564.415,4556.168,4561.565,5
2026-04-30 00:20:00,4561.655,4561.655,4558.145,4560.955,5
2026-04-30 00:25:00,4560.835,4563.825,4559.805,4563.255,5
2026-04-30 00:30:00,4563.315,4566.115,4562.205,4564.265,5
2026-04-30 00:35:00,4564.315,4565.035,4561.985,4564.895,5
2026-04-30 00:40:00,4564.875,4566.805,4563.485,4566.805,5
2026-04-30 00:45:00,4566.765,4573.825,4566.415,4573.135,5
2026-04-30 00:50:00,4573.115,4573.515,4570.215,4572.935,5
2026-04-30 00:55:00,4572.925,4573.525,4568.675,4569.585,5
2026-04-30 01:00:00,4569.555,4570.975,4566.765,4567.595,5
2026-04-30 01:05:00,4567.605,4568.235,4565.205,4565.515,5
2026-04-30 01:10:00,4565.535,4568.535,4564.275,4568.165,5
2026-04-30 01:15:00,4568.185,4571.065,4568.185,4570.915,5
2026-04-30 01:20:00,4570.925,4571.215,4565.585,4568.975,5
2026-04-30 01:25:00,4568.945,4580.815,4568.125,4579.575,5
2026-04-30 01:30:00,4579.615,4581.115,4576.885,4577.165,5
2026-04-30 01:35:00,4577.165,4577.315,4570.565,4575.345,5
2026-04-30 01:40:00,4575.345,4578.905,4574.975,4576.145,5
2026-04-30 01:45:00,4576.165,4578.775,4573.725,4578.505,5
2026-04-30 01:50:00,4578.495,4582.178,4576.825,4581.708,5
2026-04-30 01:55:00,4581.975,4581.975,4578.065,4578.725,5
2026-04-30 02:00:00,4578.755,4581.595,4575.948,4576.975,5
2026-04-30 02:05:00,4576.985,4578.715,4576.005,4576.385,5
2026-04-30 02:10:00,4576.365,4579.875,4574.445,4579.385,5
2026-04-30 02:15:00,4579.325,4580.585,4574.385,4575.055,5
2026-04-30 02:20:00,4575.295,4576.775,4573.685,4575.245,5
2026-04-30 02:25:00,4575.295,4575.875,4571.605,4572.765,5
2026-04-30 02:30:00,4572.475,4574.085,4566.755,4567.435,5
2026-04-30 02:35:00,4567.405,4569.405,4561.535,4563.515,5
2026-04-30 02:40:00,4563.545,4564.905,4559.945,4562.165,5
2026-04-30 02:45:00,4562.075,4563.755,4559.595,4561.715,5
2026-04-30 02:50:00,4561.695,4563.955,4560.425,4563.585,5
2026-04-30 02:55:00,4563.565,4565.165,4562.105,4564.625,5
2026-04-30 03:00:00,4564.515,4568.985,4563.725,4566.815,5
2026-04-30 03:05:00,4566.735,4568.345,4564.635,4567.105,5
2026-04-30 03:10:00,4567.155,4568.275,4562.295,4564.675,5
2026-04-30 03:15:00,4565.035,4566.495,4563.035,4565.325,5
2026-04-30 03:20:00,4565.215,4565.305,4563.165,4564.555,5
2026-04-30 03:25:00,4564.545,4566.655,4562.525,4562.965,5
2026-04-30 03:30:00,4563.055,4563.655,4559.815,4560.295,5
2026-04-30 03:35:00,4560.335,4560.515,4557.665,4558.635,5
2026-04-30 03:40:00,4558.595,4562.075,4557.435,4561.425,5
2026-04-30 03:45:00,4561.355,4561.425,4558.085,4558.205,5
2026-04-30 03:50:00,4558.285,4558.745,4556.205,4557.135,5
2026-04-30 03:55:00,4557.085,4557.198,4555.458,4555.855,5
2026-04-30 04:00:00,4555.835,4556.225,4550.605,4553.135,5
2026-04-30 04:05:00,4553.215,4555.735,4551.575,4553.485,5
2026-04-30 04:10:00,4553.495,4556.125,4552.815,4555.105,5
2026-04-30 04:15:00,4555.075,4556.755,4551.675,4552.395,5
2026-04-30 04:20:00,4552.415,4552.805,4548.965,4549.785,5
2026-04-30 04:25:00,4549.855,4550.695,4545.635,4547.045,5
2026-04-30 04:30:00,4546.965,4547.365,4540.625,4540.625,5
2026-04-30 04:35:00,4540.625,4543.135,4540.545,4542.055,5
2026-04-30 04:40:00,4542.065,4544.785,4541.365,4544.395,5
2026-04-30 04:45:00,4544.375,4549.295,4544.365,4546.675,5
2026-04-30 04:50:00,4546.635,4547.975,4545.245,4547.025,5
2026-04-30 04:55:00,4546.985,4547.665,4541.638,4541.785,5
2026-04-30 05:00:00,4541.725,4548.745,4541.638,4546.595,5
2026-04-30 05:05:00,4546.575,4553.275,4545.998,4552.325,5
2026-04-30 05:10:00,4552.285,4553.445,4551.115,4552.985,5
2026-04-30 05:15:00,4553.005,4554.045,4551.745,4553.605,5
2026-04-30 05:20:00,4553.535,4558.835,4552.035,4556.835,5
2026-04-30 05:25:00,4556.885,4556.885,4553.518,4555.445,5
2026-04-30 05:30:00,4555.485,4562.275,4553.465,4562.075,5
2026-04-30 05:35:00,4561.955,4566.505,4561.855,4565.395,5
2026-04-30 05:40:00,4565.445,4566.695,4561.995,4563.725,5
2026-04-30 05:45:00,4563.775,4567.755,4563.505,4566.755,5
2026-04-30 05:50:00,4566.695,4569.445,4565.075,4565.335,5
2026-04-30 05:55:00,4565.465,4566.025,4561.915,4562.405,5
2026-04-30 06:00:00,4562.415,4567.695,4559.935,4561.815,5
2026-04-30 06:05:00,4561.875,4566.055,4561.875,4564.995,5
2026-04-30 06:10:00,4564.995,4567.345,4562.685,4565.855,5
2026-04-30 06:15:00,4565.965,4567.945,4563.245,4566.825,5
2026-04-30 06:20:00,4566.805,4570.845,4565.655,4570.725,5
2026-04-30 06:25:00,4570.685,4570.825,4566.855,4569.465,5
2026-04-30 06:30:00,4569.485,4578.195,4569.485,4576.695,5
2026-04-30 06:35:00,4576.745,4578.345,4575.165,4575.265,5
2026-04-30 06:40:00,4575.285,4575.435,4571.925,4575.005,5
2026-04-30 06:45:00,4575.025,4579.055,4574.485,4578.105,5
2026-04-30 06:50:00,4578.135,4583.895,4577.865,4583.665,5
2026-04-30 06:55:00,4583.635,4591.425,4583.485,4589.345,5
2026-04-30 07:00:00,4589.185,4590.825,4586.025,4586.025,5
2026-04-30 07:05:00,4586.005,4594.675,4585.965,4594.605,5
2026-04-30 07:10:00,4594.555,4595.365,4589.838,4591.535,5
2026-04-30 07:15:00,4591.535,4593.355,4587.395,4588.075,5
2026-04-30 07:20:00,4588.115,4588.735,4584.655,4587.895,5
2026-04-30 07:25:00,4587.895,4591.405,4586.765,4591.375,5
2026-04-30 07:30:00,4591.325,4592.665,4588.468,4588.695,5
2026-04-30 07:35:00,4588.695,4592.375,4588.105,4589.805,5
2026-04-30 07:40:00,4589.805,4597.775,4589.785,4596.535,5
2026-04-30 07:45:00,4596.535,4600.655,4593.308,4600.495,5
2026-04-30 07:50:00,4600.475,4600.985,4596.638,4600.215,5
2026-04-30 07:55:00,4600.195,4605.465,4596.435,4598.295,5
2026-04-30 08:00:00,4598.325,4627.665,4597.155,4626.825,5
2026-04-30 08:05:00,4626.965,4629.545,4616.455,4619.465,5
2026-04-30 08:10:00,4619.475,4621.565,4614.975,4618.555,5
2026-04-30 08:15:00,4618.555,4620.285,4613.145,4614.235,5
2026-04-30 08:20:00,4614.265,4616.078,4611.865,4615.125,5
2026-04-30 08:25:00,4615.045,4620.078,4614.855,4617.098,5
2026-04-30 08:30:00,4617.175,4620.545,4615.145,4616.665,5
2026-04-30 08:35:00,4616.765,4620.435,4613.875,4615.898,5
2026-04-30 08:40:00,4615.855,4615.998,4613.398,4614.755,5
2026-04-30 08:45:00,4614.745,4619.105,4614.025,4617.255,5
2026-04-30 08:50:00,4617.265,4618.365,4615.225,4616.498,5
2026-04-30 08:55:00,4616.498,4617.195,4615.298,4616.115,5
2026-04-30 09:00:00,4616.155,4617.585,4614.905,4616.855,5
2026-04-30 09:05:00,4616.835,4619.865,4614.348,4619.615,5
2026-04-30 09:10:00,4619.615,4619.745,4614.675,4618.635,5
2026-04-30 09:15:00,4618.655,4620.305,4615.845,4616.535,5
2026-04-30 09:20:00,4616.415,4620.355,4615.255,4619.115,5
2026-04-30 09:25:00,4619.075,4626.545,4617.515,4625.315,5
2026-04-30 09:30:00,4625.335,4631.555,4622.708,4624.165,5
2026-04-30 09:35:00,4624.045,4626.285,4620.745,4624.025,5
2026-04-30 09:40:00,4624.005,4624.425,4618.265,4619.135,5
2026-04-30 09:45:00,4619.125,4624.265,4618.055,4623.645,5
2026-04-30 09:50:00,4623.665,4627.135,4621.535,4626.385,5
2026-04-30 09:55:00,4626.455,4626.515,4623.185,4624.995,5
2026-04-30 10:00:00,4624.985,4628.755,4623.455,4623.775,5
2026-04-30 10:05:00,4623.755,4629.045,4623.445,4625.665,5
2026-04-30 10:10:00,4625.715,4628.195,4624.975,4626.505,5
2026-04-30 10:15:00,4626.495,4631.795,4625.915,4628.875,5
2026-04-30 10:20:00,4628.825,4635.215,4628.365,4634.045,5
2026-04-30 10:25:00,4634.075,4643.875,4633.155,4643.545,5
2026-04-30 10:30:00,4643.655,4646.705,4635.555,4635.635,5
2026-04-30 10:35:00,4635.635,4638.698,4634.085,4637.685,5
2026-04-30 10:40:00,4637.705,4640.925,4636.258,4636.395,5
2026-04-30 10:45:00,4636.395,4638.345,4633.905,4636.755,5
2026-04-30 10:50:00,4636.655,4638.065,4635.495,4636.805,5
2026-04-30 10:55:00,4636.805,4639.558,4633.625,4639.475,5
2026-04-30 11:00:00,4639.475,4642.985,4637.475,4641.595,5
2026-04-30 11:05:00,4641.625,4645.545,4638.475,4644.595,5
2026-04-30 11:10:00,4644.335,4644.685,4635.765,4635.805,5
2026-04-30 11:15:00,4635.825,4638.505,4633.285,4635.595,5
2026-04-30 11:20:00,4635.565,4643.475,4633.685,4636.545,5
2026-04-30 11:25:00,4636.565,4637.675,4630.175,4637.395,5
2026-04-30 11:30:00,4637.455,4637.895,4627.995,4629.775,5
2026-04-30 11:35:00,4629.725,4632.495,4628.795,4629.065,5
2026-04-30 11:40:00,4629.005,4630.735,4626.525,4629.525,5
2026-04-30 11:45:00,4629.525,4635.085,4628.415,4634.785,5
2026-04-30 11:50:00,4634.815,4635.205,4627.885,4630.265,5
2026-04-30 11:55:00,4630.305,4631.405,4628.098,4630.015,5
2026-04-30 12:00:00,4630.105,4636.605,4629.295,4635.605,5
2026-04-30 12:05:00,4635.485,4637.355,4630.305,4630.985,5
2026-04-30 12:10:00,4631.005,4635.815,4630.975,4635.595,5
2026-04-30 12:15:00,4635.895,4636.675,4628.275,4631.275,5
2026-04-30 12:20:00,4631.255,4637.455,4631.055,4633.105,5
2026-04-30 12:25:00,4633.065,4635.145,4628.795,4629.635,5
2026-04-30 12:30:00,4629.625,4636.265,4624.115,4627.475,5
2026-04-30 12:35:00,4627.585,4633.595,4626.435,4631.535,5
2026-04-30 12:40:00,4631.318,4631.665,4625.165,4625.545,5
2026-04-30 12:45:00,4625.515,4631.405,4624.375,4626.735,5
2026-04-30 12:50:00,4626.735,4635.465,4625.715,4635.115,5
2026-04-30 12:55:00,4635.085,4639.845,4632.695,4639.415,5
2026-04-30 13:00:00,4639.435,4643.975,4638.148,4639.915,5
2026-04-30 13:05:00,4639.975,4640.435,4634.335,4639.785,5
2026-04-30 13:10:00,4639.735,4642.165,4636.705,4640.875,5
2026-04-30 13:15:00,4640.855,4645.845,4635.175,4638.295,5
2026-04-30 13:20:00,4638.295,4638.855,4633.975,4635.115,5
2026-04-30 13:25:00,4635.135,4638.465,4632.795,4633.355,5
2026-04-30 13:30:00,4633.365,4634.345,4628.215,4628.695,5
2026-04-30 13:35:00,4628.645,4629.535,4623.275,4623.945,5
2026-04-30 13:40:00,4623.945,4626.465,4619.985,4625.295,5
2026-04-30 13:45:00,4625.305,4625.305,4613.355,4618.265,5
2026-04-30 13:50:00,4618.315,4619.755,4611.365,4613.785,5
2026-04-30 13:55:00,4613.765,4614.265,4610.348,4610.625,5
2026-04-30 14:00:00,4610.515,4624.735,4609.255,4620.175,5
2026-04-30 14:05:00,4620.145,4625.515,4617.135,4620.815,5
2026-04-30 14:10:00,4620.785,4622.225,4615.815,4620.305,5
2026-04-30 14:15:00,4620.095,4624.515,4615.975,4621.875,5
2026-04-30 14:20:00,4621.835,4625.825,4619.275,4623.525,5
2026-04-30 14:25:00,4623.505,4624.025,4618.615,4622.745,5
2026-04-30 14:30:00,4622.735,4622.735,4613.015,4617.075,5
2026-04-30 14:35:00,4616.975,4616.975,4610.508,4612.285,5
2026-04-30 14:40:00,4612.265,4620.615,4612.265,4617.555,5
2026-04-30 14:45:00,4617.635,4622.905,4616.945,4619.095,5
2026-04-30 14:50:00,4619.105,4623.715,4618.535,4621.415,5
2026-04-30 14:55:00,4621.395,4622.455,4617.615,4619.535,5
2026-04-30 15:00:00,4619.515,4622.715,4615.445,4616.975,5
2026-04-30 15:05:00,4616.645,4623.755,4614.785,4623.125,5
2026-04-30 15:10:00,4623.205,4623.915,4616.355,4619.925,5
2026-04-30 15:15:00,4619.865,4623.045,4617.065,4619.555,5
2026-04-30 15:20:00,4619.595,4620.825,4615.605,4620.475,5
2026-04-30 15:25:00,4620.495,4624.435,4619.445,4622.835,5
2026-04-30 15:30:00,4622.845,4625.355,4621.425,4623.035,5
2026-04-30 15:35:00,4622.768,4624.285,4614.985,4614.985,5
2026-04-30 15:40:00,4614.955,4617.505,4613.135,4615.295,5
2026-04-30 15:45:00,4615.205,4615.345,4612.425,4614.215,5
2026-04-30 15:50:00,4614.335,4615.365,4611.065,4614.155,5
2026-04-30 15:55:00,4614.225,4617.055,4613.655,4615.045,5
2026-04-30 16:00:00,4615.075,4615.765,4609.805,4614.195,5
2026-04-30 16:05:00,4614.295,4617.295,4613.685,4613.785,5
2026-04-30 16:10:00,4613.745,4615.165,4611.285,4611.485,5
2026-04-30 16:15:00,4611.455,4611.635,4605.355,4607.555,5
2026-04-30 16:20:00,4607.545,4611.095,4606.425,4610.765,5
2026-04-30 16:25:00,4610.765,4611.475,4606.615,4607.815,5
2026-04-30 16:30:00,4607.815,4613.695,4606.875,4612.775,5
2026-04-30 16:35:00,4612.728,4612.765,4609.355,4610.485,5
2026-04-30 16:40:00,4610.448,4611.155,4608.548,4608.845,5
2026-04-30 16:45:00,4608.845,4613.448,4608.248,4613.215,5
2026-04-30 16:50:00,4613.115,4617.548,4611.775,4616.348,5
2026-04-30 16:55:00,4616.348,4616.348,4605.158,4607.398,5
2026-04-30 17:00:00,4607.355,4617.055,4607.305,4616.995,5
2026-04-30 17:05:00,4616.965,4618.325,4614.195,4617.525,5
2026-04-30 17:10:00,4617.555,4619.785,4615.645,4615.645,5
2026-04-30 17:15:00,4615.595,4617.785,4612.585,4617.785,5
2026-04-30 17:20:00,4617.785,4620.575,4616.365,4619.275,5
2026-04-30 17:25:00,4619.185,4620.065,4614.648,4617.395,5
2026-04-30 17:30:00,4617.395,4621.305,4616.185,4617.398,5
2026-04-30 17:35:00,4617.408,4620.255,4615.225,4616.845,5
2026-04-30 17:40:00,4616.765,4618.275,4614.775,4617.675,5
2026-04-30 17:45:00,4617.605,4619.705,4615.725,4616.085,5
2026-04-30 17:50:00,4615.995,4616.745,4615.065,4615.845,5
2026-04-30 17:55:00,4615.865,4617.515,4615.315,4616.645,5
2026-04-30 18:00:00,4616.695,4624.425,4616.625,4623.365,5
2026-04-30 18:05:00,4623.395,4624.345,4621.675,4622.045,5
2026-04-30 18:10:00,4622.105,4623.265,4620.185,4620.505,5
2026-04-30 18:15:00,4620.535,4625.045,4619.925,4623.755,5
2026-04-30 18:20:00,4623.725,4624.275,4621.205,4621.535,5
2026-04-30 18:25:00,4621.555,4623.175,4619.745,4620.555,5
2026-04-30 18:30:00,4620.555,4623.125,4619.375,4619.745,5
2026-04-30 18:35:00,4619.738,4621.545,4619.075,4620.825,5
2026-04-30 18:40:00,4620.728,4621.395,4618.965,4620.425,5
2026-04-30 18:45:00,4620.505,4622.805,4619.855,4621.645,5
2026-04-30 18:50:00,4621.515,4624.315,4620.845,4623.455,5
2026-04-30 18:55:00,4623.425,4624.985,4621.815,4622.275,5
2026-04-30 19:00:00,4622.295,4625.845,4621.928,4624.288,5
2026-04-30 19:05:00,4624.288,4627.275,4623.545,4625.385,5
2026-04-30 19:10:00,4625.395,4626.675,4623.675,4624.035,5
2026-04-30 19:15:00,4624.065,4625.175,4621.515,4621.585,5
2026-04-30 19:20:00,4621.575,4621.585,4617.215,4619.905,5
2026-04-30 19:25:00,4619.875,4619.875,4616.705,4617.385,5
2026-04-30 19:30:00,4617.435,4618.635,4615.105,4617.785,5
2026-04-30 19:35:00,4617.825,4621.395,4616.655,4621.165,5
2026-04-30 19:40:00,4621.125,4622.865,4619.565,4622.505,5
2026-04-30 19:45:00,4622.525,4623.115,4620.378,4620.468,5
2026-04-30 19:50:00,4620.955,4621.025,4614.318,4616.965,5
2026-04-30 19:55:00,4616.868,4618.095,4614.928,4616.925,5
2026-04-30 20:00:00,4617.045,4620.345,4615.805,4616.565,5
2026-04-30 20:05:00,4616.525,4618.285,4615.725,4616.615,5
2026-04-30 20:10:00,4616.725,4617.415,4616.005,4616.195,5
2026-04-30 20:15:00,4616.195,4619.255,4615.895,4618.425,5
2026-04-30 20:20:00,4618.505,4619.095,4616.215,4617.255,5
2026-04-30 20:25:00,4617.255,4617.255,4615.725,4616.675,5
2026-04-30 20:30:00,4616.225,4618.405,4615.215,4618.015,5
2026-04-30 20:35:00,4618.065,4618.185,4616.725,4617.235,5
2026-04-30 20:40:00,4617.075,4617.615,4616.335,4617.125,5
2026-04-30 20:45:00,4617.075,4618.385,4616.565,4618.355,5
2026-04-30 20:50:00,4618.325,4620.725,4618.155,4620.685,5
2026-04-30 20:55:00,4620.745,4622.315,4620.145,4622.035,5
2026-04-30 22:00:00,4624.875,4635.085,4623.675,4628.535,5
2026-04-30 22:05:00,4628.555,4631.695,4626.165,4630.985,5
2026-04-30 22:10:00,4631.025,4632.545,4629.565,4631.095,5
2026-04-30 22:15:00,4631.155,4631.265,4628.525,4630.145,5
2026-04-30 22:20:00,4630.165,4630.815,4629.455,4630.235,5
2026-04-30 22:25:00,4630.325,4631.195,4629.075,4631.085,5
2026-04-30 22:30:00,4631.195,4631.815,4627.865,4627.865,5
2026-04-30 22:35:00,4627.835,4630.485,4626.725,4629.825,5
2026-04-30 22:40:00,4629.975,4632.175,4629.975,4632.175,5
2026-04-30 22:45:00,4632.195,4632.195,4628.315,4631.455,5
2026-04-30 22:50:00,4631.405,4631.405,4628.915,4629.375,5
2026-04-30 22:55:00,4629.405,4631.108,4629.218,4629.858,5
2026-04-30 23:00:00,4629.705,4630.228,4627.558,4628.778,5
2026-04-30 23:05:00,4628.818,4630.578,4628.438,4628.708,5
2026-04-30 23:10:00,4628.805,4631.545,4628.695,4629.955,5
2026-04-30 23:15:00,4629.915,4631.125,4628.855,4629.715,5
2026-04-30 23:20:00,4629.755,4630.575,4629.715,4629.995,5
2026-04-30 23:25:00,4630.025,4631.985,4630.025,4630.515,5
2026-04-30 23:30:00,4630.485,4633.345,4630.425,4632.545,5
2026-04-30 23:35:00,4632.515,4633.885,4631.555,4633.035,5
2026-04-30 23:40:00,4633.015,4633.725,4630.935,4631.025,5
2026-04-30 23:45:00,4631.045,4632.895,4630.115,4630.965,5
2026-04-30 23:50:00,4630.985,4631.995,4629.775,4631.595,5
2026-04-30 23:55:00,4631.625,4632.285,4626.235,4626.395,5
2026-05-01 00:00:00,4626.305,4628.565,4623.035,4627.595,5
2026-05-01 00:05:00,4627.545,4630.915,4625.235,4626.705,5
2026-05-01 00:10:00,4626.725,4627.495,4620.615,4622.215,5
2026-05-01 00:15:00,4622.185,4627.315,4620.795,4625.905,5
2026-05-01 00:20:00,4625.885,4628.305,4623.205,4623.205,5
2026-05-01 00:25:00,4623.165,4625.295,4622.908,4623.385,5
2026-05-01 00:30:00,4623.418,4624.685,4621.055,4621.425,5
2026-05-01 00:35:00,4621.395,4622.055,4618.335,4620.955,5
2026-05-01 00:40:00,4620.915,4621.835,4618.715,4620.585,5
2026-05-01 00:45:00,4620.605,4623.255,4620.435,4622.045,5
2026-05-01 00:50:00,4622.015,4624.105,4620.725,4624.105,5
2026-05-01 00:55:00,4624.195,4624.975,4619.425,4619.545,5
2026-05-01 01:00:00,4619.575,4620.785,4616.715,4617.355,5
2026-05-01 01:05:00,4617.285,4619.485,4615.935,4617.795,5
2026-05-01 01:10:00,4617.825,4619.255,4615.385,4618.305,5
2026-05-01 01:15:00,4618.235,4618.865,4614.255,4614.355,5
2026-05-01 01:20:00,4614.325,4616.465,4613.735,4614.835,5
2026-05-01 01:25:00,4614.905,4616.515,4614.345,4616.165,5
2026-05-01 01:30:00,4616.145,4620.705,4615.935,4619.285,5
2026-05-01 01:35:00,4619.255,4621.245,4618.895,4620.915,5
2026-05-01 01:40:00,4620.895,4621.685,4618.815,4619.875,5
2026-05-01 01:45:00,4619.905,4620.555,4618.785,4619.765,5
2026-05-01 01:50:00,4619.685,4621.435,4618.585,4619.155,5
2026-05-01 01:55:00,4619.085,4622.045,4618.625,4620.765,5
2026-05-01 02:00:00,4620.725,4625.165,4619.585,4624.475,5
2026-05-01 02:05:00,4624.505,4626.015,4623.215,4625.985,5
2026-05-01 02:10:00,4625.955,4634.305,4625.955,4630.575,5
2026-05-01 02:15:00,4630.635,4635.695,4630.048,4633.325,5
2026-05-01 02:20:00,4633.375,4633.785,4628.575,4629.705,5
2026-05-01 02:25:00,4629.745,4630.945,4628.118,4629.125,5
2026-05-01 02:30:00,4629.105,4630.825,4628.335,4628.515,5
2026-05-01 02:35:00,4628.545,4630.318,4627.685,4628.085,5
2026-05-01 02:40:00,4628.045,4628.525,4623.585,4624.055,5
2026-05-01 02:45:00,4624.035,4624.285,4619.085,4620.595,5
2026-05-01 02:50:00,4620.535,4620.635,4617.918,4619.685,5
2026-05-01 02:55:00,4619.735,4619.735,4616.235,4618.875,5
2026-05-01 03:00:00,4618.845,4620.325,4617.535,4618.365,5
2026-05-01 03:05:00,4618.335,4619.485,4617.445,4618.815,5
2026-05-01 03:10:00,4618.785,4621.085,4618.705,4620.465,5
2026-05-01 03:15:00,4620.305,4622.375,4620.258,4620.258,5
2026-05-01 03:20:00,4620.258,4624.205,4620.248,4623.295,5
2026-05-01 03:25:00,4623.345,4626.535,4622.875,4625.975,5
2026-05-01 03:30:00,4626.065,4630.205,4626.065,4630.055,5
2026-05-01 03:35:00,4630.035,4631.705,4629.415,4630.085,5
2026-05-01 03:40:00,4630.005,4630.175,4625.135,4625.935,5
2026-05-01 03:45:00,4625.915,4627.598,4625.558,4626.365,5
2026-05-01 03:50:00,4626.275,4627.745,4625.435,4625.495,5
2026-05-01 03:55:00,4625.415,4627.815,4625.415,4626.415,5
2026-05-01 04:00:00,4626.435,4628.438,4623.865,4624.455,5
2026-05-01 04:05:00,4624.555,4626.265,4619.615,4620.715,5
2026-05-01 04:10:00,4620.665,4623.105,4619.895,4621.485,5
2026-05-01 04:15:00,4621.455,4623.005,4620.925,4622.895,5
2026-05-01 04:20:00,4622.775,4623.195,4620.645,4621.245,5
2026-05-01 04:25:00,4621.335,4621.775,4616.865,4617.235,5
2026-05-01 04:30:00,4617.215,4617.775,4612.005,4613.905,5
2026-05-01 04:35:00,4613.875,4617.145,4613.535,4615.645,5
2026-05-01 04:40:00,4615.685,4615.815,4611.905,4613.245,5
2026-05-01 04:45:00,4613.185,4614.285,4610.295,4610.555,5
2026-05-01 04:50:00,4610.585,4610.635,4609.065,4609.965,5
2026-05-01 04:55:00,4610.035,4611.335,4608.865,4608.865,5
2026-05-01 05:00:00,4608.885,4609.395,4607.235,4608.775,5
2026-05-01 05:05:00,4608.795,4613.845,4608.685,4612.415,5
2026-05-01 05:10:00,4612.485,4614.525,4612.485,4614.025,5
2026-05-01 05:15:00,4614.045,4614.415,4611.405,4613.695,5
2026-05-01 05:20:00,4613.725,4615.035,4613.595,4614.295,5
2026-05-01 05:25:00,4614.315,4615.875,4612.235,4614.355,5
2026-05-01 05:30:00,4614.375,4615.055,4612.405,4614.585,5
2026-05-01 05:35:00,4614.535,4614.605,4609.105,4610.525,5
2026-05-01 05:40:00,4610.565,4611.575,4609.285,4609.635,5
2026-05-01 05:45:00,4609.615,4613.285,4607.025,4611.695,5
2026-05-01 05:50:00,4611.665,4611.848,4608.085,4608.185,5
2026-05-01 05:55:00,4607.975,4607.995,4602.675,4604.635,5
2026-05-01 06:00:00,4604.655,4607.615,4603.655,4604.985,5
2026-05-01 06:05:00,4605.025,4606.965,4601.335,4602.815,5
2026-05-01 06:10:00,4602.835,4603.365,4600.835,4601.275,5
2026-05-01 06:15:00,4601.295,4601.835,4595.755,4596.575,5
2026-05-01 06:20:00,4596.625,4599.165,4595.248,4598.418,5
2026-05-01 06:25:00,4598.378,4598.645,4592.848,4593.245,5
2026-05-01 06:30:00,4593.505,4595.395,4591.845,4594.755,5
2026-05-01 06:35:00,4594.805,4597.445,4590.965,4592.205,5
2026-05-01 06:40:00,4592.235,4593.535,4590.518,4593.158,5
2026-05-01 06:45:00,4593.158,4595.745,4591.758,4592.005,5
2026-05-01 06:50:00,4592.025,4594.158,4590.898,4592.045,5
2026-05-01 06:55:00,4592.295,4594.965,4591.645,4594.555,5
2026-05-01 07:00:00,4594.455,4596.085,4592.375,4592.505,5
2026-05-01 07:05:00,4592.525,4596.085,4589.755,4592.875,5
2026-05-01 07:10:00,4592.905,4596.185,4592.395,4595.655,5
2026-05-01 07:15:00,4595.665,4597.805,4594.335,4595.645,5
2026-05-01 07:20:00,4595.725,4596.355,4584.915,4590.935,5
2026-05-01 07:25:00,4590.905,4592.915,4587.435,4592.095,5
2026-05-01 07:30:00,4592.125,4592.365,4583.455,4585.505,5
2026-05-01 07:35:00,4585.545,4589.805,4583.965,4584.605,5
2026-05-01 07:40:00,4584.615,4586.925,4584.045,4585.115,5
2026-05-01 07:45:00,4585.095,4585.685,4582.078,4583.255,5
2026-05-01 07:50:00,4583.455,4584.565,4579.435,4579.485,5
2026-05-01 07:55:00,4579.445,4580.955,4575.555,4577.885,5
2026-05-01 08:00:00,4577.838,4582.115,4576.975,4581.415,5
2026-05-01 08:05:00,4581.438,4582.225,4579.365,4579.455,5
2026-05-01 08:10:00,4579.475,4579.645,4573.135,4573.775,5
2026-05-01 08:15:00,4573.795,4576.705,4570.815,4571.315,5
2026-05-01 08:20:00,4571.535,4572.665,4567.975,4568.445,5
2026-05-01 08:25:00,4568.295,4568.965,4566.225,4567.075,5
2026-05-01 08:30:00,4566.935,4571.745,4565.905,4571.685,5
2026-05-01 08:35:00,4571.625,4571.925,4565.885,4570.235,5
2026-05-01 08:40:00,4570.315,4571.285,4568.695,4570.975,5
2026-05-01 08:45:00,4570.775,4572.495,4568.375,4571.085,5
2026-05-01 08:50:00,4571.045,4571.045,4564.905,4568.025,5
2026-05-01 08:55:00,4568.065,4569.475,4566.905,4568.725,5
2026-05-01 09:00:00,4568.745,4568.985,4564.125,4565.515,5
2026-05-01 09:05:00,4565.575,4567.385,4564.075,4566.155,5
2026-05-01 09:10:00,4566.195,4567.465,4563.985,4565.455,5
2026-05-01 09:15:00,4565.425,4567.965,4564.305,4567.945,5
2026-05-01 09:20:00,4568.175,4570.975,4567.875,4569.745,5
2026-05-01 09:25:00,4569.715,4570.945,4567.385,4569.115,5
2026-05-01 09:30:00,4569.085,4571.815,4567.495,4571.365,5
2026-05-01 09:35:00,4571.175,4572.745,4569.525,4571.615,5
2026-05-01 09:40:00,4571.545,4572.315,4569.955,4570.175,5
2026-05-01 09:45:00,4570.145,4570.575,4567.675,4568.945,5
2026-05-01 09:50:00,4568.805,4570.015,4560.588,4560.755,5
2026-05-01 09:55:00,4560.735,4563.805,4560.045,4562.555,5
2026-05-01 10:00:00,4562.595,4564.195,4561.185,4563.275,5
2026-05-01 10:05:00,4563.095,4567.795,4563.095,4566.465,5
2026-05-01 10:10:00,4566.485,4567.605,4564.965,4566.495,5
2026-05-01 10:15:00,4566.515,4568.825,4566.385,4568.825,5
2026-05-01 10:20:00,4568.755,4571.835,4568.335,4571.385,5
2026-05-01 10:25:00,4571.275,4572.525,4570.645,4571.965,5
2026-05-01 10:30:00,4571.955,4575.895,4570.585,4570.795,5
2026-05-01 10:35:00,4570.955,4571.285,4567.225,4568.105,5
2026-05-01 10:40:00,4568.115,4570.495,4567.465,4570.165,5
2026-05-01 10:45:00,4570.145,4571.935,4568.725,4568.865,5
2026-05-01 10:50:00,4568.795,4569.085,4566.295,4566.985,5
2026-05-01 10:55:00,4566.945,4568.645,4565.885,4566.695,5
2026-05-01 11:00:00,4566.715,4567.775,4563.665,4567.075,5
2026-05-01 11:05:00,4567.055,4568.745,4564.905,4566.965,5
2026-05-01 11:10:00,4566.895,4566.925,4562.325,4565.615,5
2026-05-01 11:15:00,4565.355,4571.575,4564.445,4571.575,5
2026-05-01 11:20:00,4571.575,4574.025,4571.575,4573.065,5
2026-05-01 11:25:00,4573.045,4576.305,4571.435,4571.655,5
2026-05-01 11:30:00,4571.635,4575.205,4570.105,4574.825,5
2026-05-01 11:35:00,4574.835,4576.925,4573.945,4575.745,5
2026-05-01 11:40:00,4575.845,4577.598,4574.965,4575.475,5
2026-05-01 11:45:00,4575.505,4575.795,4572.935,4574.155,5
2026-05-01 11:50:00,4574.095,4578.115,4572.605,4577.785,5
2026-05-01 11:55:00,4577.795,4579.455,4576.665,4578.525,5
2026-05-01 12:00:00,4578.465,4578.605,4574.835,4577.835,5
2026-05-01 12:05:00,4577.835,4579.615,4575.855,4576.425,5
2026-05-01 12:10:00,4576.395,4590.265,4574.765,4584.435,5
2026-05-01 12:15:00,4584.385,4589.845,4582.605,4588.295,5
2026-05-01 12:20:00,4588.395,4597.855,4587.385,4597.265,5
2026-05-01 12:25:00,4597.235,4607.655,4597.235,4602.755,5
2026-05-01 12:30:00,4602.855,4603.165,4596.085,4597.565,5
2026-05-01 12:35:00,4597.545,4601.365,4595.525,4597.735,5
2026-05-01 12:40:00,4597.765,4599.955,4588.815,4591.685,5
2026-05-01 12:45:00,4591.715,4595.385,4590.695,4592.455,5
2026-05-01 12:50:00,4592.505,4595.085,4592.095,4592.905,5
2026-05-01 12:55:00,4592.935,4593.425,4589.495,4591.065,5
2026-05-01 13:00:00,4591.045,4595.885,4589.605,4592.395,5
2026-05-01 13:05:00,4592.395,4596.375,4591.635,4595.925,5
2026-05-01 13:10:00,4595.875,4597.065,4589.775,4591.115,5
2026-05-01 13:15:00,4591.055,4592.405,4587.335,4591.095,5
2026-05-01 13:20:00,4591.115,4592.725,4590.065,4592.515,5
2026-05-01 13:25:00,4592.485,4593.075,4586.315,4589.085,5
2026-05-01 13:30:00,4589.025,4601.415,4586.405,4598.475,5
2026-05-01 13:35:00,4598.475,4605.275,4598.455,4602.545,5
2026-05-01 13:40:00,4602.545,4608.735,4602.465,4607.605,5
2026-05-01 13:45:00,4607.605,4609.065,4598.525,4601.175,5
2026-05-01 13:50:00,4601.165,4620.555,4599.255,4616.595,5
2026-05-01 13:55:00,4616.585,4628.465,4616.235,4623.900,5
2026-05-01 14:00:00,4624.875,4641.665,4624.095,4634.455,5
2026-05-01 14:05:00,4634.505,4640.215,4632.475,4634.435,5
2026-05-01 14:10:00,4634.415,4659.925,4634.325,4656.015,5
2026-05-01 14:15:00,4655.925,4660.065,4648.958,4654.385,5
2026-05-01 14:20:00,4654.395,4657.925,4648.965,4649.275,5
2026-05-01 14:25:00,4649.215,4651.355,4643.635,4644.335,5
2026-05-01 14:30:00,4644.355,4646.145,4639.365,4643.045,5
2026-05-01 14:35:00,4643.005,4643.175,4635.655,4638.405,5
2026-05-01 14:40:00,4638.675,4639.545,4630.305,4632.965,5
2026-05-01 14:45:00,4632.985,4634.935,4628.885,4630.725,5
2026-05-01 14:50:00,4630.805,4633.865,4627.095,4630.695,5
2026-05-01 14:55:00,4630.665,4635.225,4629.855,4631.925,5
2026-05-01 15:00:00,4631.965,4633.245,4624.565,4626.395,5
2026-05-01 15:05:00,4626.545,4627.965,4618.785,4626.355,5
2026-05-01 15:10:00,4626.535,4636.535,4623.635,4636.535,5
2026-05-01 15:15:00,4636.445,4640.195,4635.155,4639.215,5
2026-05-01 15:20:00,4639.185,4640.505,4634.735,4635.765,5
2026-05-01 15:25:00,4635.735,4636.905,4633.935,4636.065,5
2026-05-01 15:30:00,4636.115,4641.095,4636.115,4637.815,5
2026-05-01 15:35:00,4637.895,4642.615,4635.305,4640.935,5
2026-05-01 15:40:00,4640.955,4644.535,4640.505,4643.445,5
2026-05-01 15:45:00,4643.485,4647.905,4643.075,4644.215,5
2026-05-01 15:50:00,4644.235,4646.655,4632.768,4645.545,5
2026-05-01 15:55:00,4645.605,4646.085,4642.225,4643.055,5
2026-05-01 16:00:00,4642.985,4645.315,4641.325,4643.705,5
2026-05-01 16:05:00,4643.665,4645.205,4639.085,4639.085,5
2026-05-01 16:10:00,4639.055,4643.565,4637.945,4642.615,5
2026-05-01 16:15:00,4642.565,4649.795,4642.565,4646.895,5
2026-05-01 16:20:00,4646.895,4649.645,4638.948,4643.415,5
2026-05-01 16:25:00,4643.395,4643.425,4637.625,4637.705,5
2026-05-01 16:30:00,4637.755,4640.295,4634.705,4636.925,5
2026-05-01 16:35:00,4636.885,4640.515,4633.825,4640.315,5
2026-05-01 16:40:00,4640.185,4641.098,4637.335,4638.745,5
2026-05-01 16:45:00,4638.548,4640.085,4636.885,4640.065,5
2026-05-01 16:50:00,4639.758,4642.665,4636.415,4640.895,5
2026-05-01 16:55:00,4640.895,4642.575,4638.285,4638.605,5
2026-05-01 17:00:00,4638.575,4642.415,4638.295,4638.465,5
2026-05-01 17:05:00,4638.465,4640.085,4637.345,4638.755,5
2026-05-01 17:10:00,4638.755,4639.795,4637.935,4639.705,5
2026-05-01 17:15:00,4639.685,4639.998,4636.635,4638.335,5
2026-05-01 17:20:00,4638.315,4638.755,4634.155,4634.935,5
2026-05-01 17:25:00,4634.945,4636.435,4630.755,4631.535,5
2026-05-01 17:30:00,4631.495,4631.995,4628.405,4629.985,5
2026-05-01 17:35:00,4630.225,4630.635,4627.865,4630.615,5
2026-05-01 17:40:00,4630.585,4631.765,4626.655,4627.915,5
2026-05-01 17:45:00,4627.965,4629.435,4627.085,4627.135,5
2026-05-01 17:50:00,4627.165,4634.765,4627.055,4629.845,5
2026-05-01 17:55:00,4629.845,4631.175,4628.455,4629.195,5
2026-05-01 18:00:00,4629.245,4630.465,4623.155,4624.355,5
2026-05-01 18:05:00,4624.315,4625.485,4622.255,4624.185,5
2026-05-01 18:10:00,4624.215,4624.345,4615.445,4615.615,5
2026-05-01 18:15:00,4615.625,4618.875,4613.535,4618.455,5
2026-05-01 18:20:00,4618.435,4622.345,4618.435,4622.145,5
2026-05-01 18:25:00,4622.155,4623.485,4618.755,4623.035,5
2026-05-01 18:30:00,4622.875,4624.185,4617.365,4617.365,5
2026-05-01 18:35:00,4617.375,4618.645,4616.035,4617.425,5
2026-05-01 18:40:00,4617.445,4622.295,4617.085,4622.155,5
2026-05-01 18:45:00,4622.155,4624.115,4619.825,4623.915,5
2026-05-01 18:50:00,4624.135,4625.765,4623.375,4623.975,5
2026-05-01 18:55:00,4624.015,4624.625,4622.915,4624.095,5
2026-05-01 19:00:00,4624.275,4624.815,4620.395,4620.845,5
2026-05-01 19:05:00,4620.795,4622.995,4620.665,4622.625,5
2026-05-01 19:10:00,4622.625,4626.485,4621.725,4626.085,5
2026-05-01 19:15:00,4626.105,4627.265,4625.795,4627.035,5
2026-05-01 19:20:00,4627.035,4627.375,4625.405,4626.425,5
2026-05-01 19:25:00,4626.315,4627.525,4624.195,4624.225,5
2026-05-01 19:30:00,4624.415,4624.535,4616.685,4618.025,5
2026-05-01 19:35:00,4618.055,4618.765,4614.795,4616.905,5
2026-05-01 19:40:00,4616.915,4617.045,4611.095,4611.605,5
2026-05-01 19:45:00,4611.575,4614.255,4610.775,4614.205,5
2026-05-01 19:50:00,4614.465,4615.038,4608.625,4610.635,5
2026-05-01 19:55:00,4610.605,4612.165,4608.745,4610.615,5
2026-05-01 20:00:00,4610.735,4612.475,4607.365,4609.145,5
2026-05-01 20:05:00,4608.985,4610.105,4606.805,4610.055,5
2026-05-01 20:10:00,4610.065,4611.555,4608.765,4611.025,5
2026-05-01 20:15:00,4611.055,4611.465,4609.825,4609.975,5
2026-05-01 20:20:00,4609.995,4611.905,4609.565,4611.138,5
2026-05-01 20:25:00,4611.135,4615.825,4610.975,4612.938,5
2026-05-01 20:30:00,4613.105,4614.675,4611.978,4613.985,5
2026-05-01 20:35:00,4614.215,4614.215,4609.775,4611.538,5
2026-05-01 20:40:00,4611.638,4614.238,4610.578,4613.358,5
2026-05-01 20:45:00,4613.358,4614.078,4612.098,4612.698,5
2026-05-01 20:50:00,4612.698,4616.635,4612.638,4615.835,5
2026-05-01 20:55:00,4615.558,4615.835,4611.995,4613.558,5
2026-05-03 22:00:00,4632.938,4637.355,4615.848,4625.365,5
2026-05-03 22:05:00,4625.315,4626.765,4620.805,4621.605,5
2026-05-03 22:10:00,4621.625,4623.465,4618.845,4622.825,5
2026-05-03 22:15:00,4622.755,4623.025,4617.045,4621.675,5
2026-05-03 22:20:00,4621.615,4621.615,4612.195,4617.005,5
2026-05-03 22:25:00,4616.935,4622.495,4616.735,4620.625,5
2026-05-03 22:30:00,4620.585,4623.745,4619.525,4623.295,5
2026-05-03 22:35:00,4623.215,4626.735,4622.605,4625.185,5
2026-05-03 22:40:00,4625.295,4629.285,4625.295,4627.895,5
2026-05-03 22:45:00,4627.935,4628.875,4625.455,4626.145,5
2026-05-03 22:50:00,4626.095,4627.335,4619.375,4619.455,5
2026-05-03 22:55:00,4619.515,4621.415,4617.748,4618.228,5
2026-05-03 23:00:00,4618.188,4620.458,4614.688,4618.858,5
2026-05-03 23:05:00,4618.858,4619.558,4612.948,4614.958,5
2026-05-03 23:10:00,4614.958,4615.685,4611.105,4614.915,5
2026-05-03 23:15:00,4614.925,4616.715,4612.875,4615.995,5
2026-05-03 23:20:00,4615.955,4616.035,4613.675,4615.515,5
2026-05-03 23:25:00,4615.485,4617.465,4614.465,4616.805,5
2026-05-03 23:30:00,4616.755,4618.145,4615.075,4617.275,5
2026-05-03 23:35:00,4617.295,4618.155,4614.415,4614.535,5
2026-05-03 23:40:00,4614.565,4614.775,4612.625,4613.395,5
2026-05-03 23:45:00,4613.305,4615.955,4611.295,4614.055,5
2026-05-03 23:50:00,4613.985,4616.475,4612.855,4615.935,5
2026-05-03 23:55:00,4615.745,4616.815,4611.915,4613.605,5
2026-05-04 00:00:00,4613.578,4613.578,4604.155,4608.205,5
2026-05-04 00:05:00,4608.255,4616.205,4606.575,4615.025,5
2026-05-04 00:10:00,4615.205,4615.615,4609.705,4611.875,5
2026-05-04 00:15:00,4611.945,4614.495,4604.665,4607.515,5
2026-05-04 00:20:00,4607.925,4609.245,4601.755,4604.255,5
2026-05-04 00:25:00,4604.305,4606.225,4601.665,4605.785,5
2026-05-04 00:30:00,4605.965,4609.875,4604.805,4608.175,5
2026-05-04 00:35:00,4608.195,4609.675,4605.205,4606.365,5
2026-05-04 00:40:00,4606.275,4608.805,4605.585,4605.585,5
2026-05-04 00:45:00,4605.725,4610.195,4604.515,4609.205,5
2026-05-04 00:50:00,4609.255,4609.675,4606.695,4609.215,5
2026-05-04 00:55:00,4609.245,4613.295,4609.075,4612.735,5
2026-05-04 01:00:00,4612.715,4613.735,4600.275,4601.045,5
2026-05-04 01:05:00,4601.045,4603.275,4597.375,4598.915,5
2026-05-04 01:10:00,4598.895,4601.615,4595.765,4600.325,5
2026-05-04 01:15:00,4600.295,4604.185,4598.405,4598.885,5
2026-05-04 01:20:00,4598.945,4600.065,4597.075,4597.885,5
2026-05-04 01:25:00,4598.125,4598.185,4594.045,4594.465,5
2026-05-04 01:30:00,4594.375,4599.385,4592.425,4598.985,5
2026-05-04 01:35:00,4598.965,4600.205,4597.925,4600.005,5
2026-05-04 01:40:00,4600.025,4601.485,4598.975,4601.385,5
2026-05-04 01:45:00,4601.405,4603.315,4600.805,4600.955,5
2026-05-04 01:50:00,4600.995,4606.515,4600.855,4605.995,5
2026-05-04 01:55:00,4606.015,4613.595,4605.625,4612.795,5
2026-05-04 02:00:00,4612.825,4618.365,4611.795,4612.935,5
2026-05-04 02:05:00,4612.885,4613.175,4607.445,4608.565,5
2026-05-04 02:10:00,4608.595,4609.985,4603.285,4608.065,5
2026-05-04 02:15:00,4607.965,4607.965,4602.225,4604.895,5
2026-05-04 02:20:00,4604.955,4605.055,4597.155,4598.095,5
2026-05-04 02:25:00,4598.155,4598.835,4591.295,4592.835,5
2026-05-04 02:30:00,4592.875,4595.845,4590.795,4595.295,5
2026-05-04 02:35:00,4595.295,4601.365,4595.045,4600.395,5
2026-05-04 02:40:00,4600.425,4603.765,4599.095,4603.655,5
2026-05-04 02:45:00,4603.825,4604.965,4601.125,4604.405,5
2026-05-04 02:50:00,4604.375,4610.155,4602.465,4609.275,5
2026-05-04 02:55:00,4609.185,4610.875,4605.505,4605.575,5
2026-05-04 03:00:00,4605.515,4607.115,4604.165,4605.005,5
2026-05-04 03:05:00,4605.105,4608.905,4604.875,4608.095,5
2026-05-04 03:10:00,4608.175,4611.545,4605.855,4609.785,5
2026-05-04 03:15:00,4609.835,4610.515,4607.925,4608.665,5
2026-05-04 03:20:00,4608.695,4610.115,4608.135,4609.775,5
2026-05-04 03:25:00,4609.755,4610.655,4607.985,4609.615,5
2026-05-04 03:30:00,4609.445,4610.955,4607.315,4607.855,5
2026-05-04 03:35:00,4607.785,4607.865,4601.125,4601.155,5
2026-05-04 03:40:00,4601.585,4604.925,4598.265,4604.805,5
2026-05-04 03:45:00,4605.245,4612.565,4605.165,4609.955,5
2026-05-04 03:50:00,4610.005,4613.945,4609.085,4613.045,5
2026-05-04 03:55:00,4613.045,4616.925,4612.045,4614.835,5
2026-05-04 04:00:00,4614.795,4615.275,4607.445,4610.075,5
2026-05-04 04:05:00,4610.055,4612.015,4609.095,4610.585,5
2026-05-04 04:10:00,4610.535,4611.995,4609.885,4611.025,5
2026-05-04 04:15:00,4611.025,4613.005,4609.925,4611.065,5
2026-05-04 04:20:00,4610.805,4611.595,4607.845,4609.245,5
2026-05-04 04:25:00,4609.215,4610.505,4606.865,4607.815,5
2026-05-04 04:30:00,4607.835,4612.165,4607.195,4610.765,5
2026-05-04 04:35:00,4610.805,4612.735,4609.858,4610.045,5
2026-05-04 04:40:00,4610.085,4610.955,4606.865,4608.955,5
2026-05-04 04:45:00,4609.025,4609.425,4607.108,4607.528,5
2026-05-04 04:50:00,4607.528,4610.325,4607.055,4607.345,5
2026-05-04 04:55:00,4607.325,4607.335,4604.915,4605.605,5
2026-05-04 05:00:00,4605.665,4606.225,4603.175,4604.015,5
2026-05-04 05:05:00,4603.985,4606.515,4603.265,4605.915,5
2026-05-04 05:10:00,4606.005,4606.605,4601.635,4603.545,5
2026-05-04 05:15:00,4603.555,4612.895,4600.625,4610.775,5
2026-05-04 05:20:00,4610.825,4612.435,4604.015,4604.365,5
2026-05-04 05:25:00,4604.148,4604.995,4595.415,4596.415,5
2026-05-04 05:30:00,4596.465,4598.735,4592.075,4595.355,5
2026-05-04 05:35:00,4595.335,4596.615,4592.798,4595.885,5
2026-05-04 05:40:00,4595.855,4598.775,4592.845,4598.655,5
2026-05-04 05:45:00,4598.685,4601.565,4596.785,4597.305,5
2026-05-04 05:50:00,4596.875,4598.585,4594.135,4598.105,5
2026-05-04 05:55:00,4597.905,4601.355,4596.785,4598.835,5
2026-05-04 06:00:00,4598.865,4600.565,4591.265,4593.915,5
2026-05-04 06:05:00,4593.895,4598.365,4587.515,4596.815,5
2026-05-04 06:10:00,4596.835,4598.495,4593.205,4597.285,5
2026-05-04 06:15:00,4597.335,4597.675,4591.135,4596.445,5
2026-05-04 06:20:00,4596.375,4596.375,4589.765,4592.245,5
2026-05-04 06:25:00,4592.395,4594.115,4588.935,4593.825,5
2026-05-04 06:30:00,4593.855,4595.425,4587.165,4589.795,5
2026-05-04 06:35:00,4589.545,4591.535,4584.805,4586.545,5
2026-05-04 06:40:00,4586.375,4588.005,4584.195,4585.235,5
2026-05-04 06:45:00,4585.325,4589.815,4583.595,4589.815,5
2026-05-04 06:50:00,4589.875,4592.265,4588.305,4588.715,5
2026-05-04 06:55:00,4588.685,4590.755,4586.915,4588.485,5
2026-05-04 07:00:00,4588.218,4591.245,4585.355,4587.775,5
2026-05-04 07:05:00,4587.835,4591.545,4587.285,4590.815,5
2026-05-04 07:10:00,4590.805,4593.215,4587.905,4591.925,5
2026-05-04 07:15:00,4591.745,4592.525,4586.715,4588.145,5
2026-05-04 07:20:00,4588.135,4590.885,4587.165,4587.755,5
2026-05-04 07:25:00,4587.678,4588.985,4583.165,4585.805,5
2026-05-04 07:30:00,4585.845,4586.925,4582.755,4585.805,5
2026-05-04 07:35:00,4585.785,4587.865,4582.545,4584.915,5
2026-05-04 07:40:00,4584.915,4587.865,4582.595,4587.865,5
2026-05-04 07:45:00,4587.905,4590.725,4586.595,4587.375,5
2026-05-04 07:50:00,4587.395,4587.445,4581.145,4581.975,5
2026-05-04 07:55:00,4581.975,4582.895,4577.755,4578.835,5
2026-05-04 08:00:00,4578.775,4581.015,4575.105,4575.285,5
2026-05-04 08:05:00,4575.295,4578.535,4574.035,4578.535,5
2026-05-04 08:10:00,4578.505,4580.135,4576.795,4579.995,5
2026-05-04 08:15:00,4580.025,4580.975,4574.285,4575.865,5
2026-05-04 08:20:00,4575.885,4578.515,4575.645,4576.905,5
2026-05-04 08:25:00,4576.975,4579.035,4573.998,4574.805,5
2026-05-04 08:30:00,4574.778,4578.155,4573.455,4577.325,5
2026-05-04 08:35:00,4577.375,4579.095,4575.515,4578.885,5
2026-05-04 08:40:00,4578.915,4581.155,4577.825,4577.875,5
2026-05-04 08:45:00,4577.935,4578.695,4576.435,4577.225,5
2026-05-04 08:50:00,4577.185,4579.335,4576.305,4577.455,5
2026-05-04 08:55:00,4577.475,4579.495,4575.635,4576.845,5
2026-05-04 09:00:00,4576.805,4580.595,4576.005,4580.595,5
2026-05-04 09:05:00,4580.595,4581.355,4579.325,4579.935,5
2026-05-04 09:10:00,4579.925,4584.135,4578.995,4583.865,5
2026-05-04 09:15:00,4583.865,4584.375,4580.975,4582.405,5
2026-05-04 09:20:00,4582.465,4583.245,4580.535,4580.565,5
2026-05-04 09:25:00,4580.555,4582.055,4580.205,4581.175,5
2026-05-04 09:30:00,4581.205,4582.465,4580.275,4582.165,5
2026-05-04 09:35:00,4582.165,4584.345,4582.165,4583.595,5
2026-05-04 09:40:00,4583.615,4583.925,4580.795,4581.145,5
2026-05-04 09:45:00,4581.145,4581.975,4579.125,4581.735,5
2026-05-04 09:50:00,4581.655,4581.748,4577.525,4578.905,5
2026-05-04 09:55:00,4578.895,4579.265,4572.168,4575.255,5
2026-05-04 10:00:00,4575.365,4575.695,4550.805,4560.225,5
2026-05-04 10:05:00,4560.135,4560.135,4542.545,4547.085,5
2026-05-04 10:10:00,4547.105,4548.795,4537.325,4541.795,5
2026-05-04 10:15:00,4541.745,4543.265,4534.158,4537.955,5
2026-05-04 10:20:00,4537.965,4539.375,4525.855,4536.165,5
2026-05-04 10:25:00,4536.305,4545.105,4536.295,4544.865,5
2026-05-04 10:30:00,4544.905,4558.055,4542.935,4557.555,5
2026-05-04 10:35:00,4557.505,4562.555,4555.565,4561.215,5
2026-05-04 10:40:00,4561.215,4563.845,4557.805,4558.295,5
2026-05-04 10:45:00,4558.158,4566.555,4557.945,4566.305,5
2026-05-04 10:50:00,4566.305,4566.415,4561.305,4561.465,5
2026-05-04 10:55:00,4561.465,4564.485,4560.215,4562.365,5
2026-05-04 11:00:00,4562.475,4570.595,4562.088,4562.445,5
2026-05-04 11:05:00,4562.345,4567.505,4561.055,4566.515,5
2026-05-04 11:10:00,4566.655,4567.615,4563.395,4565.085,5
2026-05-04 11:15:00,4565.085,4569.945,4565.085,4568.515,5
2026-05-04 11:20:00,4568.445,4568.785,4563.585,4564.005,5
2026-05-04 11:25:00,4564.145,4565.085,4561.365,4562.025,5
2026-05-04 11:30:00,4561.875,4562.495,4556.495,4556.495,5
2026-05-04 11:35:00,4556.525,4560.235,4551.295,4553.805,5
2026-05-04 11:40:00,4553.775,4557.345,4553.065,4553.295,5
2026-05-04 11:45:00,4553.295,4558.255,4552.915,4555.555,5
2026-05-04 11:50:00,4555.615,4559.658,4555.165,4558.585,5
2026-05-04 11:55:00,4558.615,4562.855,4557.825,4560.215,5
2026-05-04 12:00:00,4560.165,4563.675,4559.085,4562.865,5
2026-05-04 12:05:00,4562.895,4563.045,4559.405,4560.445,5
2026-05-04 12:10:00,4560.425,4565.605,4559.985,4563.435,5
2026-05-04 12:15:00,4563.465,4574.565,4563.035,4573.185,5
2026-05-04 12:20:00,4573.255,4579.155,4571.895,4572.155,5
2026-05-04 12:25:00,4572.005,4572.605,4565.405,4568.425,5
2026-05-04 12:30:00,4568.445,4570.065,4564.695,4565.895,5
2026-05-04 12:35:00,4565.905,4569.725,4560.965,4568.285,5
2026-05-04 12:40:00,4568.305,4571.515,4567.565,4569.855,5
2026-05-04 12:45:00,4569.905,4572.765,4566.275,4570.445,5
2026-05-04 12:50:00,4570.475,4575.895,4570.015,4571.935,5
2026-05-04 12:55:00,4571.795,4573.555,4567.778,4568.195,5
2026-05-04 13:00:00,4568.165,4568.565,4557.155,4565.055,5
2026-05-04 13:05:00,4565.345,4573.255,4563.845,4572.055,5
2026-05-04 13:10:00,4572.905,4576.290,4563.115,4565.865,5
2026-05-04 13:15:00,4565.955,4567.475,4563.555,4564.625,5
2026-05-04 13:20:00,4564.655,4567.045,4561.498,4562.505,5
2026-05-04 13:25:00,4562.505,4565.285,4560.875,4560.885,5
2026-05-04 13:30:00,4561.135,4570.725,4555.475,4569.775,5
2026-05-04 13:35:00,4569.745,4570.915,4563.825,4566.535,5
2026-05-04 13:40:00,4566.545,4570.518,4562.495,4565.265,5
2026-05-04 13:45:00,4565.215,4566.505,4561.155,4561.365,5
2026-05-04 13:50:00,4561.335,4565.315,4557.285,4562.995,5
2026-05-04 13:55:00,4562.885,4566.085,4559.865,4563.875,5
2026-05-04 14:00:00,4563.785,4565.205,4559.085,4560.065,5
2026-05-04 14:05:00,4560.015,4561.105,4553.435,4554.965,5
2026-05-04 14:10:00,4554.765,4562.885,4553.585,4560.015,5
2026-05-04 14:15:00,4560.595,4573.765,4559.428,4572.605,5
2026-05-04 14:20:00,4572.595,4581.935,4572.015,4576.685,5
2026-05-04 14:25:00,4576.635,4577.375,4570.405,4571.085,5
2026-05-04 14:30:00,4571.125,4579.105,4570.115,4575.665,5
2026-05-04 14:35:00,4575.445,4581.308,4574.935,4579.395,5
2026-05-04 14:40:00,4579.415,4583.005,4574.155,4574.345,5
2026-05-04 14:45:00,4574.365,4576.825,4569.075,4570.765,5
2026-05-04 14:50:00,4570.805,4571.245,4566.925,4570.115,5
2026-05-04 14:55:00,4570.145,4572.205,4559.385,4561.295,5
2026-05-04 15:00:00,4561.315,4565.885,4554.535,4561.025,5
2026-05-04 15:05:00,4560.985,4561.885,4555.295,4557.855,5
2026-05-04 15:10:00,4557.815,4559.745,4547.918,4548.295,5
2026-05-04 15:15:00,4548.198,4554.985,4537.565,4540.345,5
2026-05-04 15:20:00,4539.515,4540.875,4514.095,4521.415,5
2026-05-04 15:25:00,4521.435,4539.645,4515.198,4537.705,5
2026-05-04 15:30:00,4538.295,4538.715,4527.185,4534.705,5
2026-05-04 15:35:00,4534.575,4542.655,4529.765,4534.695,5
2026-05-04 15:40:00,4534.555,4537.085,4531.625,4534.775,5
2026-05-04 15:45:00,4534.755,4534.825,4522.775,4522.855,5
2026-05-04 15:50:00,4522.855,4529.785,4512.055,4527.705,5
2026-05-04 15:55:00,4527.765,4530.065,4521.005,4521.455,5
2026-05-04 16:00:00,4521.375,4525.355,4516.595,4522.065,5
2026-05-04 16:05:00,4522.045,4523.455,4504.343,4510.145,5
2026-05-04 16:10:00,4510.075,4516.015,4500.665,4509.405,5
2026-05-04 16:15:00,4509.175,4526.365,4508.048,4522.385,5
2026-05-04 16:20:00,4522.685,4526.795,4520.395,4521.305,5
2026-05-04 16:25:00,4521.275,4523.675,4512.755,4514.565,5
2026-05-04 16:30:00,4514.475,4518.598,4512.998,4517.565,5
2026-05-04 16:35:00,4517.548,4518.295,4511.338,4513.295,5
2026-05-04 16:40:00,4513.285,4516.495,4511.275,4512.315,5
2026-05-04 16:45:00,4512.285,4515.795,4508.005,4509.705,5
2026-05-04 16:50:00,4509.675,4512.245,4507.255,4508.935,5
2026-05-04 16:55:00,4508.945,4511.465,4507.295,4510.565,5
2026-05-04 17:00:00,4510.645,4520.985,4510.645,4520.545,5
2026-05-04 17:05:00,4520.715,4526.035,4520.255,4523.715,5
2026-05-04 17:10:00,4523.745,4525.855,4521.615,4522.205,5
2026-05-04 17:15:00,4522.295,4531.315,4521.475,4528.865,5
2026-05-04 17:20:00,4529.025,4530.455,4525.305,4525.515,5
2026-05-04 17:25:00,4525.505,4526.905,4521.465,4524.215,5
2026-05-04 17:30:00,4524.155,4527.505,4523.585,4525.625,5
2026-05-04 17:35:00,4525.625,4526.455,4521.475,4524.965,5
2026-05-04 17:40:00,4524.875,4526.045,4522.955,4525.975,5
2026-05-04 17:45:00,4525.875,4526.485,4522.195,4522.225,5
2026-05-04 17:50:00,4522.285,4525.645,4521.905,4522.685,5
2026-05-04 17:55:00,4522.735,4523.705,4521.365,4522.215,5
2026-05-04 18:00:00,4522.235,4525.245,4520.975,4523.245,5
2026-05-04 18:05:00,4523.195,4524.255,4518.455,4519.165,5
2026-05-04 18:10:00,4519.135,4521.495,4518.755,4519.865,5
2026-05-04 18:15:00,4519.885,4520.125,4516.695,4517.765,5
2026-05-04 18:20:00,4517.805,4517.805,4513.895,4513.995,5
2026-05-04 18:25:00,4513.975,4514.995,4509.655,4511.775,5
2026-05-04 18:30:00,4511.735,4514.565,4510.365,4514.365,5
2026-05-04 18:35:00,4514.415,4514.875,4511.315,4514.695,5
2026-05-04 18:40:00,4514.695,4514.765,4510.395,4511.745,5
2026-05-04 18:45:00,4511.785,4515.145,4510.585,4514.715,5
2026-05-04 18:50:00,4514.745,4515.665,4511.235,4513.465,5
2026-05-04 18:55:00,4513.545,4516.375,4512.365,4516.165,5
2026-05-04 19:00:00,4516.195,4516.835,4511.125,4511.355,5
2026-05-04 19:05:00,4511.345,4523.235,4511.315,4517.815,5
2026-05-04 19:10:00,4517.785,4519.915,4516.525,4518.715,5
2026-05-04 19:15:00,4518.715,4521.595,4517.285,4520.455,5
2026-05-04 19:20:00,4520.485,4524.495,4519.495,4524.495,5
2026-05-04 19:25:00,4524.495,4525.805,4519.795,4522.235,5
2026-05-04 19:30:00,4522.285,4523.645,4520.765,4522.555,5
2026-05-04 19:35:00,4522.555,4526.955,4522.555,4524.035,5
2026-05-04 19:40:00,4523.975,4525.715,4520.215,4520.945,5
2026-05-04 19:45:00,4520.885,4523.165,4519.215,4521.005,5
2026-05-04 19:50:00,4520.748,4520.748,4518.325,4519.085,5
2026-05-04 19:55:00,4519.085,4520.065,4515.045,4517.585,5
2026-05-04 20:00:00,4517.595,4517.795,4513.675,4515.025,5
2026-05-04 20:05:00,4515.225,4515.705,4513.355,4513.865,5
2026-05-04 20:10:00,4513.835,4514.685,4511.605,4514.535,5
2026-05-04 20:15:00,4514.485,4514.585,4512.095,4512.685,5
2026-05-04 20:20:00,4512.625,4513.555,4511.635,4512.695,5
2026-05-04 20:25:00,4512.625,4515.395,4512.595,4514.955,5
2026-05-04 20:30:00,4514.925,4517.275,4514.925,4517.065,5
2026-05-04 20:35:00,4516.945,4517.525,4515.905,4516.785,5
2026-05-04 20:40:00,4516.815,4518.825,4514.425,4518.575,5
2026-05-04 20:45:00,4518.605,4522.285,4518.565,4521.255,5
2026-05-04 20:50:00,4521.205,4521.345,4519.665,4521.125,5
2026-05-04 20:55:00,4521.175,4523.825,4521.145,4522.315,5
2026-05-04 22:00:00,4521.985,4524.535,4519.925,4519.925,5
2026-05-04 22:05:00,4519.955,4522.385,4517.275,4522.145,5
2026-05-04 22:10:00,4522.155,4522.695,4520.245,4520.805,5
2026-05-04 22:15:00,4520.835,4522.445,4519.635,4519.985,5
2026-05-04 22:20:00,4520.065,4522.105,4519.345,4519.345,5
2026-05-04 22:25:00,4519.458,4520.585,4518.985,4519.315,5
2026-05-04 22:30:00,4519.398,4521.795,4519.298,4520.775,5
2026-05-04 22:35:00,4520.755,4520.855,4519.055,4519.335,5
2026-05-04 22:40:00,4519.325,4520.325,4518.438,4518.695,5
2026-05-04 22:45:00,4518.818,4519.075,4516.535,4517.835,5
2026-05-04 22:50:00,4517.768,4517.845,4515.205,4516.095,5
2026-05-04 22:55:00,4516.045,4517.488,4515.305,4516.988,5
2026-05-04 23:00:00,4516.968,4518.158,4515.738,4517.688,5
2026-05-04 23:05:00,4517.555,4520.038,4517.488,4519.118,5
2026-05-04 23:10:00,4519.008,4520.805,4517.895,4520.195,5
2026-05-04 23:15:00,4520.105,4520.765,4518.855,4519.615,5
2026-05-04 23:20:00,4519.635,4521.415,4519.605,4521.305,5
2026-05-04 23:25:00,4521.345,4521.435,4520.225,4520.855,5
2026-05-04 23:30:00,4520.655,4520.975,4519.415,4520.895,5
2026-05-04 23:35:00,4520.915,4520.915,4519.435,4520.385,5
2026-05-04 23:40:00,4520.365,4521.185,4518.065,4518.255,5
2026-05-04 23:45:00,4518.325,4520.515,4517.665,4519.935,5
2026-05-04 23:50:00,4519.985,4519.985,4516.875,4518.765,5
2026-05-04 23:55:00,4518.745,4520.115,4518.275,4518.815,5
2026-05-05 00:00:00,4518.825,4523.915,4517.385,4522.615,5
2026-05-05 00:05:00,4522.578,4526.415,4522.105,4526.035,5
2026-05-05 00:10:00,4526.005,4528.375,4525.065,4527.525,5
2026-05-05 00:15:00,4527.545,4527.575,4522.265,4523.175,5
2026-05-05 00:20:00,4523.155,4523.415,4516.465,4519.085,5
2026-05-05 00:25:00,4519.135,4519.495,4513.265,4516.695,5
2026-05-05 00:30:00,4516.675,4518.345,4515.735,4517.675,5
2026-05-05 00:35:00,4517.495,4521.135,4517.265,4520.475,5
2026-05-05 00:40:00,4520.505,4524.105,4519.565,4523.565,5
2026-05-05 00:45:00,4523.535,4527.695,4523.535,4526.475,5
2026-05-05 00:50:00,4526.535,4529.455,4525.535,4528.445,5
2026-05-05 00:55:00,4528.385,4530.275,4526.795,4529.885,5
2026-05-05 01:00:00,4529.555,4534.258,4525.045,4534.258,5
2026-05-05 01:05:00,4534.285,4535.535,4533.005,4534.355,5
2026-05-05 01:10:00,4534.405,4539.415,4533.675,4538.575,5
2026-05-05 01:15:00,4538.605,4539.835,4535.715,4536.665,5
2026-05-05 01:20:00,4536.625,4539.755,4536.495,4537.715,5
2026-05-05 01:25:00,4537.705,4538.175,4534.995,4537.705,5
2026-05-05 01:30:00,4537.875,4538.155,4533.775,4534.475,5
2026-05-05 01:35:00,4534.585,4541.945,4534.025,4536.835,5
2026-05-05 01:40:00,4536.805,4539.175,4535.645,4536.665,5
2026-05-05 01:45:00,4536.615,4540.595,4536.035,4539.365,5
2026-05-05 01:50:00,4539.315,4540.375,4537.575,4537.875,5
2026-05-05 01:55:00,4537.935,4541.015,4536.945,4540.665,5
2026-05-05 02:00:00,4540.635,4542.305,4538.935,4538.965,5
2026-05-05 02:05:00,4539.005,4539.565,4537.245,4538.215,5
2026-05-05 02:10:00,4538.145,4539.735,4536.995,4538.275,5
2026-05-05 02:15:00,4538.235,4539.205,4535.305,4535.345,5
2026-05-05 02:20:00,4535.305,4537.995,4534.515,4537.995,5
2026-05-05 02:25:00,4537.975,4541.505,4537.225,4541.305,5
2026-05-05 02:30:00,4541.325,4543.485,4539.915,4541.345,5
2026-05-05 02:35:00,4541.295,4542.545,4540.305,4542.155,5
2026-05-05 02:40:00,4542.155,4545.605,4541.725,4544.295,5
2026-05-05 02:45:00,4544.275,4546.565,4542.695,4544.015,5
2026-05-05 02:50:00,4543.855,4544.245,4541.335,4541.625,5
2026-05-05 02:55:00,4541.595,4541.785,4538.605,4538.855,5
2026-05-05 03:00:00,4538.825,4540.935,4537.225,4540.935,5
2026-05-05 03:05:00,4540.915,4542.035,4539.815,4540.745,5
2026-05-05 03:10:00,4540.625,4541.975,4539.515,4541.845,5
2026-05-05 03:15:00,4541.825,4542.645,4539.475,4540.365,5
2026-05-05 03:20:00,4540.335,4541.725,4537.245,4538.025,5
2026-05-05 03:25:00,4538.055,4539.385,4536.945,4537.785,5
2026-05-05 03:30:00,4537.755,4538.135,4536.455,4538.055,5
2026-05-05 03:35:00,4537.985,4538.805,4537.135,4538.185,5
2026-05-05 03:40:00,4538.205,4538.255,4535.275,4535.735,5
2026-05-05 03:45:00,4535.815,4536.725,4535.375,4536.095,5
2026-05-05 03:50:00,4536.115,4536.365,4534.775,4534.995,5
2026-05-05 03:55:00,4535.045,4535.715,4532.215,4534.385,5
2026-05-05 04:00:00,4534.395,4535.475,4532.925,4534.845,5
2026-05-05 04:05:00,4534.815,4535.355,4532.905,4533.375,5
2026-05-05 04:10:00,4533.415,4533.925,4532.405,4532.715,5
2026-05-05 04:15:00,4532.915,4533.565,4530.365,4530.605,5
2026-05-05 04:20:00,4530.845,4532.705,4529.475,4530.375,5
2026-05-05 04:25:00,4530.515,4530.985,4529.235,4529.355,5
2026-05-05 04:30:00,4529.315,4533.525,4527.725,4532.805,5
2026-05-05 04:35:00,4532.805,4533.285,4531.115,4531.755,5
2026-05-05 04:40:00,4531.735,4531.945,4531.005,4531.415,5
2026-05-05 04:45:00,4531.405,4534.435,4530.945,4534.325,5
2026-05-05 04:50:00,4534.345,4536.475,4533.415,4534.615,5
2026-05-05 04:55:00,4534.575,4534.615,4531.225,4533.405,5
2026-05-05 05:00:00,4533.435,4536.615,4531.065,4536.505,5
2026-05-05 05:05:00,4536.475,4545.335,4535.865,4542.875,5
2026-05-05 05:10:00,4543.185,4543.935,4539.375,4540.015,5
2026-05-05 05:15:00,4539.945,4540.235,4535.515,4536.485,5
2026-05-05 05:20:00,4536.535,4539.225,4536.285,4539.098,5
2026-05-05 05:25:00,4539.095,4540.005,4537.475,4539.825,5
2026-05-05 05:30:00,4539.835,4547.145,4539.498,4546.778,5
2026-05-05 05:35:00,4546.838,4550.815,4546.355,4548.005,5
2026-05-05 05:40:00,4547.975,4551.355,4545.685,4545.755,5
2026-05-05 05:45:00,4545.695,4547.765,4544.925,4547.145,5
2026-05-05 05:50:00,4547.165,4548.705,4544.415,4545.355,5
2026-05-05 05:55:00,4545.415,4546.995,4543.335,4545.475,5
2026-05-05 06:00:00,4545.465,4551.825,4543.665,4543.665,5
2026-05-05 06:05:00,4543.945,4545.515,4541.435,4543.815,5
2026-05-05 06:10:00,4543.785,4545.625,4542.318,4543.475,5
2026-05-05 06:15:00,4543.475,4544.595,4538.655,4538.655,5
2026-05-05 06:20:00,4538.675,4539.635,4533.495,4534.905,5
2026-05-05 06:25:00,4534.925,4537.675,4534.005,4536.665,5
2026-05-05 06:30:00,4536.555,4543.945,4536.025,4542.705,5
2026-05-05 06:35:00,4542.665,4549.345,4542.295,4547.895,5
2026-05-05 06:40:00,4547.825,4548.325,4544.525,4545.945,5
2026-05-05 06:45:00,4545.965,4548.255,4545.245,4548.255,5
2026-05-05 06:50:00,4548.595,4550.695,4547.545,4549.995,5
2026-05-05 06:55:00,4550.015,4550.795,4546.875,4547.955,5
2026-05-05 07:00:00,4547.975,4554.105,4547.345,4552.725,5
2026-05-05 07:05:00,4552.775,4554.595,4551.095,4552.145,5
2026-05-05 07:10:00,4552.155,4554.915,4550.585,4553.885,5
2026-05-05 07:15:00,4553.865,4555.455,4552.255,4554.785,5
2026-05-05 07:20:00,4554.755,4555.375,4551.025,4551.085,5
2026-05-05 07:25:00,4551.055,4551.415,4548.265,4548.725,5
2026-05-05 07:30:00,4548.745,4552.345,4548.745,4552.275,5
2026-05-05 07:35:00,4552.405,4558.055,4551.745,4554.265,5
2026-05-05 07:40:00,4554.235,4555.925,4551.055,4551.065,5
2026-05-05 07:45:00,4551.065,4551.725,4545.468,4545.468,5
2026-05-05 07:50:00,4545.468,4547.825,4544.185,4545.565,5
2026-05-05 07:55:00,4545.445,4545.745,4543.105,4545.285,5
2026-05-05 08:00:00,4545.375,4549.915,4545.225,4549.825,5
2026-05-05 08:05:00,4549.955,4551.405,4546.765,4547.675,5
2026-05-05 08:10:00,4547.675,4553.315,4546.395,4550.945,5
2026-05-05 08:15:00,4550.915,4552.815,4548.925,4550.685,5
2026-05-05 08:20:00,4550.705,4553.655,4549.365,4551.765,5
2026-05-05 08:25:00,4551.765,4554.555,4551.095,4551.155,5
2026-05-05 08:30:00,4550.935,4552.975,4550.448,4551.205,5
2026-05-05 08:35:00,4551.145,4552.985,4547.785,4549.925,5
2026-05-05 08:40:00,4549.925,4551.375,4548.145,4549.725,5
2026-05-05 08:45:00,4549.695,4551.845,4548.218,4551.665,5
2026-05-05 08:50:00,4551.685,4557.585,4551.685,4557.025,5
2026-05-05 08:55:00,4556.925,4559.405,4555.235,4558.255,5
2026-05-05 09:00:00,4558.255,4558.795,4553.445,4554.995,5
2026-05-05 09:05:00,4554.995,4560.345,4554.995,4558.975,5
2026-05-05 09:10:00,4559.025,4560.125,4556.545,4557.545,5
2026-05-05 09:15:00,4557.605,4557.715,4553.675,4554.005,5
2026-05-05 09:20:00,4554.095,4556.695,4553.105,4554.775,5
2026-05-05 09:25:00,4554.725,4555.775,4552.045,4552.125,5
2026-05-05 09:30:00,4552.095,4558.095,4550.825,4553.325,5
2026-05-05 09:35:00,4553.305,4556.645,4552.875,4554.875,5
2026-05-05 09:40:00,4554.698,4556.175,4553.568,4555.285,5
2026-05-05 09:45:00,4555.265,4557.265,4552.895,4553.695,5
2026-05-05 09:50:00,4553.815,4554.505,4552.595,4553.955,5
2026-05-05 09:55:00,4553.975,4556.325,4553.135,4556.055,5
2026-05-05 10:00:00,4556.055,4556.715,4554.375,4555.595,5
2026-05-05 10:05:00,4555.585,4556.275,4551.838,4551.955,5
2026-05-05 10:10:00,4551.985,4554.505,4550.445,4552.795,5
2026-05-05 10:15:00,4552.795,4554.775,4551.155,4552.455,5
2026-05-05 10:20:00,4552.455,4553.725,4552.085,4552.585,5
2026-05-05 10:25:00,4552.545,4552.545,4546.695,4547.675,5
2026-05-05 10:30:00,4547.645,4553.905,4546.335,4553.275,5
2026-05-05 10:35:00,4553.295,4553.825,4550.675,4550.705,5
2026-05-05 10:40:00,4550.665,4550.665,4544.035,4544.925,5
2026-05-05 10:45:00,4545.025,4545.695,4544.055,4544.355,5
2026-05-05 10:50:00,4544.345,4544.785,4539.925,4540.925,5
2026-05-05 10:55:00,4541.005,4544.855,4540.835,4543.635,5
2026-05-05 11:00:00,4543.645,4544.605,4539.815,4543.315,5
2026-05-05 11:05:00,4543.285,4550.015,4542.755,4550.015,5
2026-05-05 11:10:00,4549.995,4553.075,4549.425,4552.675,5
2026-05-05 11:15:00,4552.675,4555.925,4549.745,4549.975,5
2026-05-05 11:20:00,4549.995,4556.285,4549.815,4554.085,5
2026-05-05 11:25:00,4554.245,4557.455,4553.395,4555.985,5
2026-05-05 11:30:00,4556.095,4558.735,4554.975,4556.875,5
2026-05-05 11:35:00,4556.905,4560.755,4556.305,4556.495,5
2026-05-05 11:40:00,4556.535,4564.645,4555.965,4563.245,5
2026-05-05 11:45:00,4563.275,4564.845,4560.335,4562.075,5
2026-05-05 11:50:00,4562.095,4562.105,4559.465,4560.815,5
2026-05-05 11:55:00,4560.845,4562.755,4559.095,4562.755,5
2026-05-05 12:00:00,4562.485,4563.101,4554.115,4556.595,5
2026-05-05 12:05:00,4556.835,4563.655,4555.635,4558.165,5
2026-05-05 12:10:00,4558.135,4566.765,4557.955,4564.865,5
2026-05-05 12:15:00,4565.075,4566.485,4561.045,4561.795,5
2026-05-05 12:20:00,4561.905,4572.015,4561.815,4571.895,5
2026-05-05 12:25:00,4571.875,4574.075,4571.065,4573.468,5
2026-05-05 12:30:00,4573.555,4574.435,4566.615,4569.005,5
2026-05-05 12:35:00,4569.005,4570.875,4566.485,4569.905,5
2026-05-05 12:40:00,4569.855,4570.095,4566.725,4566.865,5
2026-05-05 12:45:00,4566.865,4568.345,4562.825,4563.325,5
2026-05-05 12:50:00,4563.375,4564.615,4561.535,4562.905,5
2026-05-05 12:55:00,4562.895,4565.745,4562.385,4564.425,5
2026-05-05 13:00:00,4564.135,4575.155,4564.045,4573.955,5
2026-05-05 13:05:00,4574.005,4580.435,4573.905,4575.885,5
2026-05-05 13:10:00,4575.945,4580.945,4574.465,4578.635,5
2026-05-05 13:15:00,4578.815,4584.835,4578.125,4580.825,5
2026-05-05 13:20:00,4580.815,4581.595,4575.918,4576.375,5
2026-05-05 13:25:00,4576.345,4581.228,4576.165,4576.655,5
2026-05-05 13:30:00,4576.685,4581.665,4576.235,4580.225,5
2026-05-05 13:35:00,4580.275,4581.215,4572.505,4574.245,5
2026-05-05 13:40:00,4574.275,4576.965,4571.515,4573.568,5
2026-05-05 13:45:00,4573.568,4577.115,4572.605,4575.615,5
2026-05-05 13:50:00,4575.705,4582.825,4575.175,4580.545,5
2026-05-05 13:55:00,4580.505,4581.005,4577.295,4578.765,5
2026-05-05 14:00:00,4578.608,4583.835,4575.295,4578.275,5
2026-05-05 14:05:00,4578.375,4584.065,4577.175,4583.425,5
2026-05-05 14:10:00,4583.475,4583.685,4570.405,4573.175,5
2026-05-05 14:15:00,4573.285,4573.325,4565.575,4570.165,5
2026-05-05 14:20:00,4569.985,4579.355,4567.805,4578.945,5
2026-05-05 14:25:00,4578.835,4586.415,4578.835,4583.995,5
2026-05-05 14:30:00,4584.025,4585.625,4579.995,4581.695,5
2026-05-05 14:35:00,4581.685,4582.515,4577.325,4581.015,5
2026-05-05 14:40:00,4581.045,4585.335,4580.475,4582.755,5
2026-05-05 14:45:00,4582.755,4582.805,4575.575,4577.505,5
2026-05-05 14:50:00,4577.455,4579.135,4575.355,4578.275,5
2026-05-05 14:55:00,4578.255,4582.355,4577.985,4582.145,5
2026-05-05 15:00:00,4582.175,4583.675,4577.508,4583.455,5
2026-05-05 15:05:00,4583.375,4583.395,4579.955,4580.125,5
2026-05-05 15:10:00,4580.105,4581.695,4579.355,4580.655,5
2026-05-05 15:15:00,4580.675,4581.295,4577.885,4578.235,5
2026-05-05 15:20:00,4578.235,4579.845,4575.435,4576.385,5
2026-05-05 15:25:00,4576.455,4579.235,4575.085,4579.095,5
2026-05-05 15:30:00,4578.995,4580.925,4576.295,4577.505,5
2026-05-05 15:35:00,4577.505,4579.185,4574.965,4575.615,5
2026-05-05 15:40:00,4575.625,4575.995,4572.415,4572.695,5
2026-05-05 15:45:00,4572.745,4575.145,4572.025,4573.855,5
2026-05-05 15:50:00,4573.835,4575.685,4569.818,4570.735,5
2026-05-05 15:55:00,4570.655,4570.975,4568.195,4568.325,5
2026-05-05 16:00:00,4568.305,4568.875,4564.295,4566.825,5
2026-05-05 16:05:00,4566.815,4567.785,4562.505,4564.135,5
2026-05-05 16:10:00,4564.165,4566.345,4562.125,4566.065,5
2026-05-05 16:15:00,4566.005,4566.065,4563.298,4564.305,5
2026-05-05 16:20:00,4564.175,4565.445,4561.435,4561.475,5
2026-05-05 16:25:00,4561.535,4561.755,4555.915,4559.575,5
2026-05-05 16:30:00,4559.655,4559.985,4553.515,4557.825,5
2026-05-05 16:35:00,4557.825,4559.185,4555.575,4555.755,5
2026-05-05 16:40:00,4555.755,4558.695,4555.635,4556.535,5
2026-05-05 16:45:00,4556.535,4557.865,4555.535,4557.195,5
2026-05-05 16:50:00,4557.225,4560.255,4557.145,4559.935,5
2026-05-05 16:55:00,4559.885,4562.675,4559.855,4561.055,5
2026-05-05 17:00:00,4561.055,4562.495,4558.565,4559.275,5
2026-05-05 17:05:00,4559.225,4559.645,4553.255,4554.585,5
2026-05-05 17:10:00,4554.635,4556.095,4553.155,4555.985,5
2026-05-05 17:15:00,4556.015,4560.675,4555.885,4560.515,5
2026-05-05 17:20:00,4560.625,4561.245,4558.855,4559.025,5
2026-05-05 17:25:00,4559.005,4559.965,4557.185,4558.425,5
2026-05-05 17:30:00,4558.405,4561.625,4555.925,4561.155,5
2026-05-05 17:35:00,4561.175,4562.595,4559.635,4560.725,5
2026-05-05 17:40:00,4560.755,4562.295,4560.275,4560.295,5
2026-05-05 17:45:00,4560.295,4562.125,4559.525,4561.985,5
2026-05-05 17:50:00,4562.025,4562.025,4558.075,4558.615,5
2026-05-05 17:55:00,4558.535,4560.075,4558.255,4559.705,5
2026-05-05 18:00:00,4559.775,4561.175,4558.675,4559.525,5
2026-05-05 18:05:00,4559.555,4561.925,4559.525,4560.835,5
2026-05-05 18:10:00,4560.835,4564.785,4559.825,4564.195,5
2026-05-05 18:15:00,4564.195,4565.375,4562.295,4562.355,5
2026-05-05 18:20:00,4562.335,4563.395,4561.025,4561.765,5
2026-05-05 18:25:00,4561.745,4563.025,4561.165,4561.985,5
2026-05-05 18:30:00,4561.945,4562.385,4558.775,4558.775,5
2026-05-05 18:35:00,4558.775,4559.835,4558.365,4559.415,5
2026-05-05 18:40:00,4559.365,4562.355,4557.445,4561.355,5
2026-05-05 18:45:00,4561.355,4565.665,4561.335,4562.655,5
2026-05-05 18:50:00,4562.635,4563.285,4560.405,4560.525,5
2026-05-05 18:55:00,4560.515,4561.335,4559.485,4560.875,5
2026-05-05 19:00:00,4560.975,4561.365,4558.165,4558.685,5
2026-05-05 19:05:00,4558.675,4560.045,4557.485,4557.595,5
2026-05-05 19:10:00,4557.595,4558.645,4556.725,4557.035,5
2026-05-05 19:15:00,4557.025,4558.335,4554.765,4558.045,5
2026-05-05 19:20:00,4558.065,4558.655,4556.635,4557.035,5
2026-05-05 19:25:00,4556.945,4557.145,4555.325,4555.985,5
2026-05-05 19:30:00,4556.015,4557.335,4555.935,4556.275,5
2026-05-05 19:35:00,4556.275,4557.995,4555.475,4556.675,5
2026-05-05 19:40:00,4556.635,4556.865,4555.365,4555.385,5
2026-05-05 19:45:00,4555.405,4558.625,4554.775,4558.598,5
2026-05-05 19:50:00,4558.598,4558.598,4554.105,4554.675,5
2026-05-05 19:55:00,4554.655,4555.365,4551.385,4554.485,5
2026-05-05 20:00:00,4555.005,4555.565,4553.785,4554.195,5
2026-05-05 20:05:00,4554.265,4556.215,4554.125,4555.675,5
2026-05-05 20:10:00,4555.655,4556.935,4555.325,4556.775,5
2026-05-05 20:15:00,4556.735,4557.735,4555.795,4556.285,5
2026-05-05 20:20:00,4556.235,4556.635,4555.295,4556.035,5
2026-05-05 20:25:00,4556.055,4559.605,4556.055,4559.055,5
2026-05-05 20:30:00,4559.075,4559.865,4557.365,4557.625,5
2026-05-05 20:35:00,4557.605,4557.605,4555.575,4555.745,5
2026-05-05 20:40:00,4555.725,4556.445,4554.665,4555.365,5
2026-05-05 20:45:00,4555.315,4556.255,4554.635,4555.835,5
2026-05-05 20:50:00,4555.775,4556.435,4554.325,4554.885,5
2026-05-05 20:55:00,4554.845,4557.435,4554.635,4554.875,5
2026-05-05 22:00:00,4555.965,4559.155,4550.075,4552.425,5
2026-05-05 22:05:00,4552.225,4552.345,4548.905,4551.525,5
2026-05-05 22:10:00,4551.495,4552.105,4549.535,4550.335,5
2026-05-05 22:15:00,4550.515,4550.965,4548.465,4548.815,5
2026-05-05 22:20:00,4548.795,4550.025,4547.435,4549.495,5
2026-05-05 22:25:00,4549.445,4549.635,4546.155,4546.395,5
2026-05-05 22:30:00,4546.498,4549.205,4545.975,4548.945,5
2026-05-05 22:35:00,4548.975,4550.755,4548.685,4549.925,5
2026-05-05 22:40:00,4549.945,4550.755,4548.495,4548.495,5
2026-05-05 22:45:00,4548.345,4548.505,4546.818,4547.385,5
2026-05-05 22:50:00,4547.595,4558.655,4547.085,4558.655,5
2026-05-05 22:55:00,4559.035,4576.845,4558.965,4572.758,5
2026-05-05 23:00:00,4572.745,4575.108,4568.908,4574.388,5
2026-05-05 23:05:00,4574.488,4580.018,4572.458,4579.028,5
2026-05-05 23:10:00,4579.028,4590.265,4577.325,4588.465,5
2026-05-05 23:15:00,4588.995,4589.255,4583.275,4585.505,5
2026-05-05 23:20:00,4585.525,4588.965,4582.975,4584.275,5
2026-05-05 23:25:00,4584.115,4584.985,4581.775,4581.965,5
2026-05-05 23:30:00,4581.795,4585.465,4579.165,4584.035,5
2026-05-05 23:35:00,4584.075,4587.345,4583.345,4586.365,5
2026-05-05 23:40:00,4586.385,4588.275,4584.565,4584.735,5
2026-05-05 23:45:00,4584.965,4593.795,4584.405,4593.535,5
2026-05-05 23:50:00,4593.495,4594.755,4591.665,4591.835,5
2026-05-05 23:55:00,4592.285,4595.425,4590.915,4593.775,5
2026-05-06 00:00:00,4593.735,4597.705,4591.525,4595.395,5
2026-05-06 00:05:00,4595.425,4595.875,4591.005,4592.305,5
2026-05-06 00:10:00,4592.355,4592.875,4589.095,4591.455,5
2026-05-06 00:15:00,4591.505,4597.265,4588.015,4596.085,5
2026-05-06 00:20:00,4596.155,4602.635,4595.845,4602.155,5
2026-05-06 00:25:00,4602.085,4604.005,4599.705,4602.005,5
2026-05-06 00:30:00,4601.985,4608.695,4601.815,4608.498,5
2026-05-06 00:35:00,4608.595,4610.185,4607.655,4608.155,5
2026-05-06 00:40:00,4607.955,4610.798,4607.575,4610.015,5
2026-05-06 00:45:00,4610.035,4610.915,4609.248,4609.605,5
2026-05-06 00:50:00,4609.755,4611.465,4609.755,4610.648,5
2026-05-06 00:55:00,4610.648,4619.795,4610.558,4618.475,5
2026-05-06 01:00:00,4618.438,4622.355,4612.745,4615.235,5
2026-05-06 01:05:00,4615.205,4615.435,4610.775,4612.205,5
2026-05-06 01:10:00,4612.275,4612.685,4609.225,4611.205,5
2026-05-06 01:15:00,4611.058,4618.575,4609.435,4617.545,5
2026-05-06 01:20:00,4617.595,4623.605,4616.025,4623.345,5
2026-05-06 01:25:00,4623.305,4625.675,4621.265,4624.755,5
2026-05-06 01:30:00,4624.695,4626.105,4620.315,4622.395,5
2026-05-06 01:35:00,4622.435,4624.515,4620.075,4623.795,5
2026-05-06 01:40:00,4623.765,4624.835,4621.635,4623.695,5
2026-05-06 01:45:00,4623.625,4628.755,4623.235,4628.415,5
2026-05-06 01:50:00,4628.415,4628.625,4623.745,4624.625,5
2026-05-06 01:55:00,4624.665,4626.705,4623.625,4625.885,5
2026-05-06 02:00:00,4625.865,4629.095,4625.095,4627.805,5
2026-05-06 02:05:00,4627.875,4633.385,4627.385,4632.805,5
2026-05-06 02:10:00,4632.855,4634.065,4629.945,4633.285,5
2026-05-06 02:15:00,4633.225,4636.225,4632.245,4633.885,5
2026-05-06 02:20:00,4633.905,4635.625,4631.685,4633.425,5
2026-05-06 02:25:00,4633.305,4634.285,4629.545,4629.785,5
2026-05-06 02:30:00,4630.075,4632.105,4626.545,4631.105,5
2026-05-06 02:35:00,4631.315,4634.055,4630.265,4630.655,5
2026-05-06 02:40:00,4630.695,4634.905,4630.015,4634.365,5
2026-05-06 02:45:00,4634.415,4638.455,4633.545,4635.495,5
2026-05-06 02:50:00,4635.445,4638.635,4634.385,4638.485,5
2026-05-06 02:55:00,4638.395,4641.585,4638.225,4640.465,5
2026-05-06 03:00:00,4640.375,4642.425,4638.315,4640.995,5
2026-05-06 03:05:00,4640.965,4645.425,4640.285,4644.425,5
2026-05-06 03:10:00,4644.485,4650.175,4642.855,4647.625,5
2026-05-06 03:15:00,4647.505,4650.105,4646.095,4649.355,5
2026-05-06 03:20:00,4649.355,4651.035,4644.605,4645.615,5
2026-05-06 03:25:00,4645.485,4646.645,4644.245,4645.485,5
2026-05-06 03:30:00,4645.405,4645.405,4642.345,4643.715,5
2026-05-06 03:35:00,4643.405,4651.755,4643.385,4651.155,5
2026-05-06 03:40:00,4651.035,4651.285,4645.005,4647.525,5
2026-05-06 03:45:00,4647.505,4648.235,4643.995,4644.245,5
2026-05-06 03:50:00,4644.245,4646.375,4643.605,4643.925,5
2026-05-06 03:55:00,4643.965,4644.895,4642.745,4643.455,5
2026-05-06 04:00:00,4643.475,4645.555,4643.248,4644.395,5
2026-05-06 04:05:00,4644.335,4647.625,4643.225,4645.675,5
2026-05-06 04:10:00,4645.755,4647.485,4645.245,4647.485,5
2026-05-06 04:15:00,4647.935,4648.745,4645.555,4645.685,5
2026-05-06 04:20:00,4645.675,4646.255,4645.445,4646.205,5
2026-05-06 04:25:00,4646.255,4653.285,4645.348,4652.298,5
2026-05-06 04:30:00,4652.398,4652.468,4648.945,4649.445,5
2026-05-06 04:35:00,4649.615,4651.225,4648.065,4648.955,5
2026-05-06 04:40:00,4648.925,4650.115,4645.735,4647.415,5
2026-05-06 04:45:00,4647.495,4652.365,4646.915,4650.025,5
2026-05-06 04:50:00,4650.045,4651.635,4648.105,4648.795,5
2026-05-06 04:55:00,4648.765,4650.825,4648.515,4648.655,5
2026-05-06 05:00:00,4648.675,4653.525,4648.545,4651.815,5
2026-05-06 05:05:00,4651.845,4656.305,4650.195,4655.345,5
2026-05-06 05:10:00,4655.315,4655.995,4652.865,4654.615,5
2026-05-06 05:15:00,4654.635,4654.635,4649.268,4651.635,5
2026-05-06 05:20:00,4651.635,4653.715,4649.875,4653.645,5
2026-05-06 05:25:00,4653.585,4655.085,4650.115,4650.185,5
2026-05-06 05:30:00,4650.125,4651.785,4644.615,4646.535,5
2026-05-06 05:35:00,4646.575,4647.335,4644.375,4646.745,5
2026-05-06 05:40:00,4646.715,4650.955,4644.898,4649.805,5
2026-05-06 05:45:00,4649.755,4651.425,4649.015,4649.415,5
2026-05-06 05:50:00,4649.335,4653.135,4649.305,4652.675,5
2026-05-06 05:55:00,4652.935,4663.605,4651.855,4662.875,5
2026-05-06 06:00:00,4662.795,4665.258,4658.195,4658.285,5
2026-05-06 06:05:00,4658.345,4665.745,4656.815,4663.295,5
2026-05-06 06:10:00,4663.295,4664.165,4660.215,4660.215,5
2026-05-06 06:15:00,4660.395,4661.375,4658.025,4658.105,5
2026-05-06 06:20:00,4658.085,4664.525,4657.795,4662.635,5
2026-05-06 06:25:00,4662.685,4666.575,4661.765,4665.925,5
2026-05-06 06:30:00,4665.945,4668.155,4663.135,4663.865,5
2026-05-06 06:35:00,4663.818,4668.525,4662.015,4665.925,5
2026-05-06 06:40:00,4665.948,4667.605,4659.895,4664.065,5
2026-05-06 06:45:00,4664.145,4666.665,4663.415,4664.645,5
2026-05-06 06:50:00,4664.665,4665.325,4662.695,4664.615,5
2026-05-06 06:55:00,4664.585,4669.655,4664.255,4669.175,5
2026-05-06 07:00:00,4669.215,4670.125,4665.305,4667.555,5
2026-05-06 07:05:00,4667.575,4668.075,4665.818,4666.625,5
2026-05-06 07:10:00,4666.695,4667.625,4658.608,4658.608,5
2026-05-06 07:15:00,4658.608,4660.535,4657.255,4660.495,5
2026-05-06 07:20:00,4660.385,4665.235,4659.325,4664.475,5
2026-05-06 07:25:00,4664.475,4669.955,4663.075,4667.355,5
2026-05-06 07:30:00,4667.345,4668.095,4663.115,4665.735,5
2026-05-06 07:35:00,4665.765,4666.645,4663.058,4664.765,5
2026-05-06 07:40:00,4664.755,4670.345,4664.405,4670.345,5
2026-05-06 07:45:00,4670.335,4677.235,4670.105,4675.025,5
2026-05-06 07:50:00,4675.025,4678.055,4673.808,4674.075,5
2026-05-06 07:55:00,4674.075,4681.715,4673.965,4681.495,5
2026-05-06 08:00:00,4681.165,4682.285,4675.595,4677.615,5
2026-05-06 08:05:00,4677.565,4679.895,4674.985,4677.205,5
2026-05-06 08:10:00,4677.235,4681.975,4676.555,4679.245,5
2026-05-06 08:15:00,4679.228,4680.645,4677.298,4678.415,5
2026-05-06 08:20:00,4678.415,4679.298,4676.505,4678.035,5
2026-05-06 08:25:00,4678.035,4679.745,4676.645,4676.805,5
2026-05-06 08:30:00,4676.825,4677.945,4675.015,4675.805,5
2026-05-06 08:35:00,4675.825,4675.875,4671.435,4675.635,5
2026-05-06 08:40:00,4675.635,4678.775,4673.255,4677.385,5
2026-05-06 08:45:00,4677.465,4681.955,4677.325,4679.765,5
2026-05-06 08:50:00,4679.705,4702.298,4679.575,4697.185,5
2026-05-06 08:55:00,4697.355,4701.035,4692.785,4700.005,5
2026-05-06 09:00:00,4700.345,4708.435,4692.225,4692.335,5
2026-05-06 09:05:00,4692.085,4696.555,4688.825,4695.035,5
2026-05-06 09:10:00,4695.265,4698.815,4693.685,4695.775,5
2026-05-06 09:15:00,4695.715,4702.835,4694.805,4699.745,5
2026-05-06 09:20:00,4699.905,4700.105,4691.295,4695.735,5
2026-05-06 09:25:00,4695.925,4704.955,4694.325,4700.165,5
2026-05-06 09:30:00,4699.855,4704.275,4696.235,4703.555,5
2026-05-06 09:35:00,4703.525,4705.755,4701.518,4703.105,5
2026-05-06 09:40:00,4703.185,4704.655,4695.595,4695.825,5
2026-05-06 09:45:00,4695.755,4702.075,4693.998,4701.135,5
2026-05-06 09:50:00,4701.055,4701.055,4697.228,4699.965,5
2026-05-06 09:55:00,4699.995,4702.815,4699.945,4701.565,5
2026-05-06 10:00:00,4701.605,4705.525,4698.715,4700.595,5
2026-05-06 10:05:00,4700.555,4701.645,4695.708,4696.285,5
2026-05-06 10:10:00,4696.515,4699.995,4695.825,4697.985,5
2026-05-06 10:15:00,4697.945,4700.885,4695.275,4698.485,5
2026-05-06 10:20:00,4698.495,4701.895,4697.305,4701.125,5
2026-05-06 10:25:00,4701.155,4704.605,4701.025,4704.425,5
2026-05-06 10:30:00,4704.425,4712.055,4704.405,4709.325,5
2026-05-06 10:35:00,4709.725,4710.845,4707.935,4709.955,5
2026-05-06 10:40:00,4710.055,4716.025,4709.705,4714.085,5
2026-05-06 10:45:00,4714.145,4715.445,4707.118,4710.615,5
2026-05-06 10:50:00,4710.655,4722.825,4709.935,4721.695,5
2026-05-06 10:55:00,4721.695,4721.725,4715.695,4717.795,5
2026-05-06 11:00:00,4717.805,4720.385,4711.425,4713.505,5
2026-05-06 11:05:00,4713.505,4721.025,4713.165,4719.915,5
2026-05-06 11:10:00,4719.945,4720.475,4709.025,4711.795,5
2026-05-06 11:15:00,4711.825,4713.465,4709.058,4711.955,5
2026-05-06 11:20:00,4711.925,4712.585,4708.815,4709.875,5
2026-05-06 11:25:00,4709.895,4712.475,4705.285,4705.345,5
2026-05-06 11:30:00,4705.355,4715.405,4704.098,4713.605,5
2026-05-06 11:35:00,4713.605,4714.955,4709.485,4710.125,5
2026-05-06 11:40:00,4710.235,4711.405,4698.045,4699.405,5
2026-05-06 11:45:00,4699.405,4702.485,4696.835,4697.565,5
2026-05-06 11:50:00,4697.765,4700.225,4695.875,4697.755,5
2026-05-06 11:55:00,4697.825,4697.905,4690.658,4691.748,5
2026-05-06 12:00:00,4691.995,4692.885,4681.465,4685.505,5
2026-05-06 12:05:00,4685.445,4687.395,4679.795,4682.318,5
2026-05-06 12:10:00,4682.318,4682.318,4670.275,4671.855,5
2026-05-06 12:15:00,4671.925,4676.855,4660.195,4670.495,5
2026-05-06 12:20:00,4670.475,4683.605,4669.305,4682.615,5
2026-05-06 12:25:00,4682.635,4688.485,4682.255,4683.105,5
2026-05-06 12:30:00,4683.175,4685.255,4677.925,4683.455,5
2026-05-06 12:35:00,4683.805,4684.055,4678.838,4680.095,5
2026-05-06 12:40:00,4680.075,4683.365,4679.155,4682.535,5
2026-05-06 12:45:00,4682.555,4684.505,4678.795,4680.915,5
2026-05-06 12:50:00,4680.915,4681.345,4676.855,4677.365,5
2026-05-06 12:55:00,4677.335,4683.415,4676.705,4683.045,5
2026-05-06 13:00:00,4683.055,4692.305,4677.145,4683.285,5
2026-05-06 13:05:00,4683.205,4685.245,4668.645,4673.015,5
2026-05-06 13:10:00,4673.785,4683.445,4672.105,4683.445,5
2026-05-06 13:15:00,4683.405,4690.995,4682.655,4682.745,5
2026-05-06 13:20:00,4682.765,4685.615,4679.295,4685.295,5
2026-05-06 13:25:00,4685.305,4686.425,4682.335,4684.955,5
2026-05-06 13:30:00,4684.905,4698.335,4680.055,4697.605,5
2026-05-06 13:35:00,4697.565,4698.995,4692.975,4694.065,5
2026-05-06 13:40:00,4694.165,4698.395,4693.085,4695.155,5
2026-05-06 13:45:00,4695.105,4701.215,4692.295,4700.745,5
2026-05-06 13:50:00,4700.715,4707.655,4693.525,4703.725,5
2026-05-06 13:55:00,4703.765,4705.995,4701.445,4701.925,5
2026-05-06 14:00:00,4701.758,4709.905,4700.645,4705.695,5
2026-05-06 14:05:00,4705.705,4709.045,4697.395,4707.885,5
2026-05-06 14:10:00,4707.875,4712.345,4706.055,4710.835,5
2026-05-06 14:15:00,4710.875,4717.205,4710.875,4712.925,5
2026-05-06 14:20:00,4712.865,4715.285,4708.525,4709.065,5
2026-05-06 14:25:00,4709.075,4712.945,4704.615,4705.465,5
2026-05-06 14:30:00,4705.515,4709.645,4704.485,4706.665,5
2026-05-06 14:35:00,4706.645,4709.755,4704.695,4708.095,5
2026-05-06 14:40:00,4708.145,4714.345,4705.485,4713.075,5
2026-05-06 14:45:00,4713.145,4713.795,4704.785,4705.625,5
2026-05-06 14:50:00,4705.725,4706.765,4700.575,4701.185,5
2026-05-06 14:55:00,4701.195,4706.905,4701.195,4702.895,5
2026-05-06 15:00:00,4702.845,4705.635,4700.225,4705.555,5
2026-05-06 15:05:00,4705.615,4705.685,4697.215,4698.625,5
2026-05-06 15:10:00,4698.475,4700.465,4693.215,4696.585,5
2026-05-06 15:15:00,4696.575,4701.335,4694.025,4701.335,5
2026-05-06 15:20:00,4701.355,4703.255,4698.285,4698.725,5
2026-05-06 15:25:00,4698.745,4698.865,4694.995,4695.265,5
2026-05-06 15:30:00,4695.265,4697.795,4693.225,4694.375,5
2026-05-06 15:35:00,4694.345,4695.525,4691.425,4691.965,5
2026-05-06 15:40:00,4692.025,4694.205,4689.125,4692.805,5
2026-05-06 15:45:00,4692.775,4694.705,4690.655,4692.875,5
2026-05-06 15:50:00,4692.825,4693.805,4690.685,4692.445,5
2026-05-06 15:55:00,4692.115,4693.535,4687.625,4687.625,5
2026-05-06 16:00:00,4687.455,4687.695,4683.595,4685.845,5
2026-05-06 16:05:00,4685.865,4688.315,4681.155,4683.165,5
2026-05-06 16:10:00,4683.275,4685.345,4681.985,4683.555,5
2026-05-06 16:15:00,4683.555,4685.655,4682.385,4684.265,5
2026-05-06 16:20:00,4684.425,4684.985,4682.675,4683.265,5
2026-05-06 16:25:00,4683.245,4688.485,4683.115,4688.195,5
2026-05-06 16:30:00,4688.195,4690.155,4685.395,4687.335,5
2026-05-06 16:35:00,4687.315,4689.995,4686.095,4689.435,5
2026-05-06 16:40:00,4689.505,4692.065,4688.605,4688.645,5
2026-05-06 16:45:00,4688.645,4689.855,4686.185,4687.935,5
2026-05-06 16:50:00,4687.935,4688.755,4683.335,4684.325,5
2026-05-06 16:55:00,4684.295,4685.825,4679.315,4682.915,5
2026-05-06 17:00:00,4682.975,4685.885,4679.565,4685.805,5
2026-05-06 17:05:00,4685.735,4687.985,4684.525,4686.095,5
2026-05-06 17:10:00,4686.115,4686.975,4684.405,4685.465,5
2026-05-06 17:15:00,4685.465,4686.105,4681.265,4681.435,5
2026-05-06 17:20:00,4681.375,4683.295,4680.505,4681.315,5
2026-05-06 17:25:00,4681.205,4684.525,4680.015,4682.975,5
2026-05-06 17:30:00,4683.005,4683.435,4680.425,4682.705,5
2026-05-06 17:35:00,4682.715,4682.715,4679.285,4679.305,5
2026-05-06 17:40:00,4679.305,4681.025,4678.845,4680.495,5
2026-05-06 17:45:00,4680.545,4682.115,4680.315,4680.835,5
2026-05-06 17:50:00,4680.745,4681.875,4680.285,4681.635,5
2026-05-06 17:55:00,4681.615,4684.505,4681.615,4684.005,5
2026-05-06 18:00:00,4684.075,4685.315,4681.805,4682.615,5
2026-05-06 18:05:00,4682.635,4685.385,4682.595,4685.255,5
2026-05-06 18:10:00,4685.195,4687.455,4684.685,4686.745,5
2026-05-06 18:15:00,4686.815,4689.048,4686.298,4688.415,5
2026-05-06 18:20:00,4688.465,4690.435,4687.125,4687.765,5
2026-05-06 18:25:00,4687.695,4688.835,4687.255,4687.635,5
2026-05-06 18:30:00,4687.975,4689.425,4686.665,4689.055,5
2026-05-06 18:35:00,4688.995,4690.205,4687.915,4688.175,5
2026-05-06 18:40:00,4688.175,4688.175,4685.085,4686.075,5
2026-05-06 18:45:00,4686.095,4688.005,4685.485,4686.925,5
2026-05-06 18:50:00,4686.925,4687.495,4684.735,4686.305,5
2026-05-06 18:55:00,4686.305,4687.335,4685.295,4685.915,5
2026-05-06 19:00:00,4685.955,4692.625,4685.905,4691.145,5
2026-05-06 19:05:00,4690.835,4694.615,4690.605,4694.155,5
2026-05-06 19:10:00,4694.095,4695.635,4693.555,4695.005,5
2026-05-06 19:15:00,4695.075,4697.945,4694.805,4696.455,5
2026-05-06 19:20:00,4696.455,4700.025,4696.405,4699.665,5
2026-05-06 19:25:00,4699.665,4699.775,4697.615,4698.245,5
2026-05-06 19:30:00,4698.235,4698.825,4695.605,4697.135,5
2026-05-06 19:35:00,4697.095,4698.735,4696.045,4697.305,5
2026-05-06 19:40:00,4697.505,4697.515,4693.805,4695.195,5
2026-05-06 19:45:00,4695.175,4696.615,4694.325,4694.615,5
2026-05-06 19:50:00,4695.135,4698.275,4695.135,4697.225,5
2026-05-06 19:55:00,4697.225,4697.625,4692.175,4692.245,5
2026-05-06 20:00:00,4692.215,4695.045,4692.215,4695.025,5
2026-05-06 20:05:00,4695.095,4697.035,4694.495,4696.385,5
2026-05-06 20:10:00,4696.365,4699.505,4695.955,4698.815,5
2026-05-06 20:15:00,4698.865,4699.325,4696.985,4697.895,5
2026-05-06 20:20:00,4697.875,4698.345,4693.695,4694.275,5
2026-05-06 20:25:00,4694.265,4694.435,4691.745,4692.465,5
2026-05-06 20:30:00,4692.525,4692.945,4689.895,4689.985,5
2026-05-06 20:35:00,4690.005,4691.995,4689.555,4690.555,5
2026-05-06 20:40:00,4690.425,4690.465,4688.495,4688.515,5
2026-05-06 20:45:00,4688.515,4689.445,4685.005,4689.235,5
2026-05-06 20:50:00,4689.305,4691.045,4687.615,4690.875,5
2026-05-06 20:55:00,4690.935,4691.725,4688.103,4690.965,5
2026-05-06 22:00:00,4691.535,4696.385,4689.115,4690.355,5
2026-05-06 22:05:00,4690.375,4694.515,4690.255,4694.245,5
2026-05-06 22:10:00,4694.185,4698.115,4693.095,4696.925,5
2026-05-06 22:15:00,4696.875,4699.495,4696.065,4699.325,5
2026-05-06 22:20:00,4699.005,4699.625,4696.985,4697.665,5
2026-05-06 22:25:00,4697.725,4698.305,4693.015,4695.135,5
2026-05-06 22:30:00,4695.195,4697.945,4694.225,4697.795,5
2026-05-06 22:35:00,4697.775,4699.355,4696.065,4697.015,5
2026-05-06 22:40:00,4696.915,4699.355,4696.295,4698.355,5
2026-05-06 22:45:00,4698.325,4698.375,4695.645,4697.465,5
2026-05-06 22:50:00,4697.485,4698.285,4695.605,4695.865,5
2026-05-06 22:55:00,4695.755,4696.815,4694.265,4694.495,5
2026-05-06 23:00:00,4694.455,4696.595,4693.775,4696.315,5
2026-05-06 23:05:00,4696.355,4698.165,4695.395,4697.055,5
2026-05-06 23:10:00,4696.605,4696.905,4693.745,4694.115,5
2026-05-06 23:15:00,4694.075,4697.595,4693.735,4696.755,5
2026-05-06 23:20:00,4696.695,4697.065,4692.645,4693.555,5
2026-05-06 23:25:00,4693.535,4693.825,4690.145,4693.145,5
2026-05-06 23:30:00,4693.265,4693.505,4691.515,4692.855,5
2026-05-06 23:35:00,4692.815,4694.295,4692.565,4692.875,5
2026-05-06 23:40:00,4692.915,4693.505,4692.555,4693.325,5
2026-05-06 23:45:00,4693.395,4699.325,4693.265,4696.855,5
2026-05-06 23:50:00,4696.825,4697.585,4695.475,4696.405,5
2026-05-06 23:55:00,4696.375,4698.865,4696.345,4698.745,5
2026-05-07 00:00:00,4698.695,4700.525,4692.585,4693.225,5
2026-05-07 00:05:00,4693.335,4695.615,4689.688,4694.755,5
2026-05-07 00:10:00,4694.715,4700.605,4694.365,4699.655,5
2026-05-07 00:15:00,4699.695,4700.415,4694.835,4697.965,5
2026-05-07 00:20:00,4697.915,4701.025,4696.795,4698.595,5
2026-05-07 00:25:00,4698.338,4698.435,4691.848,4692.175,5
2026-05-07 00:30:00,4692.105,4692.875,4688.545,4691.745,5
2026-05-07 00:35:00,4691.815,4693.045,4690.345,4692.075,5
2026-05-07 00:40:00,4692.125,4692.605,4685.785,4688.085,5
2026-05-07 00:45:00,4688.055,4691.065,4686.095,4689.575,5
2026-05-07 00:50:00,4689.575,4691.395,4685.615,4685.765,5
2026-05-07 00:55:00,4685.805,4688.805,4685.235,4688.385,5
2026-05-07 01:00:00,4688.505,4693.665,4684.965,4692.405,5
2026-05-07 01:05:00,4692.385,4698.605,4691.585,4697.315,5
2026-05-07 01:10:00,4697.355,4710.955,4697.315,4709.465,5
2026-05-07 01:15:00,4709.515,4716.275,4707.595,4712.635,5
2026-05-07 01:20:00,4712.315,4713.005,4708.555,4709.675,5
2026-05-07 01:25:00,4709.835,4710.825,4703.425,4703.905,5
2026-05-07 01:30:00,4703.805,4707.315,4702.135,4705.095,5
2026-05-07 01:35:00,4705.125,4713.195,4704.875,4713.165,5
2026-05-07 01:40:00,4713.185,4718.035,4711.195,4712.655,5
2026-05-07 01:45:00,4712.675,4720.045,4712.425,4718.695,5
2026-05-07 01:50:00,4718.655,4721.225,4716.755,4716.765,5
2026-05-07 01:55:00,4716.835,4717.415,4713.115,4714.588,5
2026-05-07 02:00:00,4714.588,4718.395,4714.275,4714.735,5
2026-05-07 02:05:00,4714.785,4716.815,4712.755,4713.075,5
2026-05-07 02:10:00,4713.055,4713.485,4703.235,4703.775,5
2026-05-07 02:15:00,4703.805,4707.665,4702.625,4705.975,5
2026-05-07 02:20:00,4705.905,4707.335,4701.545,4703.235,5
2026-05-07 02:25:00,4703.385,4705.445,4701.525,4702.515,5
2026-05-07 02:30:00,4702.415,4703.125,4699.645,4700.895,5
2026-05-07 02:35:00,4700.915,4703.785,4700.645,4701.895,5
2026-05-07 02:40:00,4701.915,4705.215,4700.895,4703.935,5
2026-05-07 02:45:00,4704.005,4707.475,4704.005,4706.395,5
2026-05-07 02:50:00,4706.325,4707.125,4704.585,4706.435,5
2026-05-07 02:55:00,4706.415,4709.745,4705.505,4707.005,5
2026-05-07 03:00:00,4706.785,4709.435,4704.615,4709.315,5
2026-05-07 03:05:00,4709.455,4709.615,4706.995,4708.395,5
2026-05-07 03:10:00,4708.425,4708.895,4703.945,4705.605,5
2026-05-07 03:15:00,4705.655,4708.295,4704.835,4708.125,5
2026-05-07 03:20:00,4708.165,4708.535,4704.885,4705.755,5
2026-05-07 03:25:00,4705.675,4706.765,4704.035,4704.235,5
2026-05-07 03:30:00,4704.305,4704.715,4702.065,4703.935,5
2026-05-07 03:35:00,4703.905,4704.825,4702.245,4704.695,5
2026-05-07 03:40:00,4704.715,4704.715,4702.225,4703.625,5
2026-05-07 03:45:00,4703.585,4704.115,4701.505,4704.075,5
2026-05-07 03:50:00,4704.125,4704.665,4702.075,4703.995,5
2026-05-07 03:55:00,4703.925,4703.965,4698.615,4698.835,5
2026-05-07 04:00:00,4698.865,4700.535,4696.855,4698.125,5
2026-05-07 04:05:00,4698.165,4700.745,4697.855,4699.655,5
2026-05-07 04:10:00,4699.655,4700.285,4696.545,4696.605,5
2026-05-07 04:15:00,4696.585,4696.885,4694.815,4695.585,5
2026-05-07 04:20:00,4695.535,4698.255,4695.135,4697.545,5
2026-05-07 04:25:00,4697.585,4698.005,4695.445,4696.615,5
2026-05-07 04:30:00,4696.625,4697.295,4693.275,4693.505,5
2026-05-07 04:35:00,4693.315,4695.935,4692.095,4695.685,5
2026-05-07 04:40:00,4695.645,4698.945,4695.645,4697.765,5
2026-05-07 04:45:00,4697.715,4698.785,4694.325,4695.125,5
2026-05-07 04:50:00,4695.105,4696.425,4693.795,4695.445,5
2026-05-07 04:55:00,4695.315,4697.385,4694.095,4696.195,5
2026-05-07 05:00:00,4696.215,4701.085,4696.055,4699.695,5
2026-05-07 05:05:00,4699.675,4699.675,4698.148,4698.905,5
2026-05-07 05:10:00,4698.875,4700.595,4698.705,4700.125,5
2026-05-07 05:15:00,4700.405,4700.405,4695.595,4695.755,5
2026-05-07 05:20:00,4695.785,4697.395,4694.868,4695.125,5
2026-05-07 05:25:00,4695.105,4696.455,4694.625,4695.775,5
2026-05-07 05:30:00,4695.805,4705.505,4694.795,4703.035,5
2026-05-07 05:35:00,4703.005,4705.835,4702.285,4705.055,5
2026-05-07 05:40:00,4705.055,4705.655,4702.965,4703.365,5
2026-05-07 05:45:00,4703.315,4705.005,4702.215,4704.915,5
2026-05-07 05:50:00,4704.515,4706.365,4702.755,4704.505,5
2026-05-07 05:55:00,4704.525,4704.825,4700.525,4700.895,5
2026-05-07 06:00:00,4700.895,4707.495,4700.895,4705.815,5
2026-05-07 06:05:00,4705.835,4708.105,4704.625,4707.705,5
2026-05-07 06:10:00,4707.675,4710.195,4707.155,4707.915,5
2026-05-07 06:15:00,4707.955,4710.875,4707.095,4709.715,5
2026-05-07 06:20:00,4709.695,4713.845,4709.155,4713.395,5
2026-05-07 06:25:00,4713.385,4717.645,4711.315,4717.125,5
2026-05-07 06:30:00,4717.105,4733.665,4715.775,4732.795,5
2026-05-07 06:35:00,4733.105,4743.945,4732.975,4742.255,5
2026-05-07 06:40:00,4742.368,4749.805,4739.745,4745.685,5
2026-05-07 06:45:00,4745.598,4746.855,4737.548,4737.585,5
2026-05-07 06:50:00,4737.525,4739.928,4735.698,4736.325,5
2026-05-07 06:55:00,4736.245,4739.415,4735.485,4738.885,5
2026-05-07 07:00:00,4738.766,4741.065,4731.345,4734.165,5
2026-05-07 07:05:00,4734.165,4745.565,4732.895,4744.195,5
2026-05-07 07:10:00,4744.198,4750.115,4743.158,4748.885,5
2026-05-07 07:15:00,4748.935,4750.375,4741.875,4743.285,5
2026-05-07 07:20:00,4743.335,4744.715,4739.205,4739.505,5
2026-05-07 07:25:00,4739.805,4742.155,4737.665,4739.325,5
2026-05-07 07:30:00,4739.335,4742.905,4738.045,4741.655,5
2026-05-07 07:35:00,4741.785,4742.805,4739.105,4739.905,5
2026-05-07 07:40:00,4739.895,4743.955,4739.425,4742.765,5
2026-05-07 07:45:00,4742.795,4743.335,4736.935,4738.975,5
2026-05-07 07:50:00,4739.035,4743.825,4738.695,4740.585,5
2026-05-07 07:55:00,4740.675,4744.465,4738.835,4743.125,5
2026-05-07 08:00:00,4743.125,4751.285,4742.495,4749.525,5
2026-05-07 08:05:00,4749.545,4753.275,4745.815,4747.975,5
2026-05-07 08:10:00,4747.975,4748.365,4742.265,4742.475,5
2026-05-07 08:15:00,4742.395,4742.875,4735.385,4736.415,5
2026-05-07 08:20:00,4736.415,4739.745,4735.205,4739.635,5
2026-05-07 08:25:00,4739.635,4742.105,4733.645,4740.035,5
2026-05-07 08:30:00,4739.995,4741.705,4736.285,4737.025,5
2026-05-07 08:35:00,4737.045,4738.405,4733.715,4736.305,5
2026-05-07 08:40:00,4736.335,4738.455,4734.895,4735.125,5
2026-05-07 08:45:00,4735.045,4736.015,4733.185,4735.645,5
2026-05-07 08:50:00,4735.755,4737.135,4732.255,4734.095,5
2026-05-07 08:55:00,4734.095,4734.555,4730.685,4730.845,5
2026-05-07 09:00:00,4730.945,4730.945,4721.665,4726.255,5
2026-05-07 09:05:00,4726.285,4732.745,4726.035,4732.625,5
2026-05-07 09:10:00,4732.645,4736.225,4732.285,4733.975,5
2026-05-07 09:15:00,4733.955,4737.225,4731.365,4735.375,5
2026-05-07 09:20:00,4735.305,4737.685,4733.635,4736.555,5
2026-05-07 09:25:00,4736.538,4738.615,4733.855,4735.425,5
2026-05-07 09:30:00,4735.228,4736.415,4732.945,4735.855,5
2026-05-07 09:35:00,4735.835,4736.965,4733.445,4735.475,5
2026-05-07 09:40:00,4735.455,4739.275,4735.255,4737.625,5
2026-05-07 09:45:00,4737.955,4738.865,4735.025,4735.505,5
2026-05-07 09:50:00,4735.595,4736.365,4732.805,4733.625,5
2026-05-07 09:55:00,4733.895,4734.055,4725.675,4728.835,5
2026-05-07 10:00:00,4728.785,4731.625,4726.405,4729.455,5
2026-05-07 10:05:00,4729.455,4733.425,4728.175,4733.105,5
2026-05-07 10:10:00,4733.075,4734.855,4732.295,4734.745,5
2026-05-07 10:15:00,4734.715,4736.105,4730.935,4731.218,5
2026-05-07 10:20:00,4731.218,4733.655,4728.325,4732.725,5
2026-05-07 10:25:00,4732.945,4734.145,4731.365,4732.275,5
2026-05-07 10:30:00,4732.295,4732.295,4727.735,4730.305,5
2026-05-07 10:35:00,4730.305,4738.345,4729.535,4736.215,5
2026-05-07 10:40:00,4736.315,4739.725,4735.938,4738.925,5
2026-05-07 10:45:00,4738.845,4739.605,4735.575,4735.915,5
2026-05-07 10:50:00,4735.915,4737.785,4735.185,4736.935,5
2026-05-07 10:55:00,4736.975,4737.735,4735.175,4735.585,5
2026-05-07 11:00:00,4735.895,4737.045,4734.535,4735.325,5
2026-05-07 11:05:00,4735.325,4735.515,4732.125,4733.585,5
2026-05-07 11:10:00,4733.555,4733.785,4728.145,4730.035,5
2026-05-07 11:15:00,4730.025,4731.095,4727.115,4730.275,5
2026-05-07 11:20:00,4730.215,4735.215,4728.605,4734.075,5
2026-05-07 11:25:00,4734.105,4736.425,4730.515,4732.505,5
2026-05-07 11:30:00,4732.555,4735.025,4731.675,4733.825,5
2026-05-07 11:35:00,4733.835,4737.025,4733.178,4735.155,5
2026-05-07 11:40:00,4735.175,4737.965,4734.085,4736.645,5
2026-05-07 11:45:00,4736.675,4739.515,4735.155,4736.135,5
2026-05-07 11:50:00,4736.105,4739.535,4733.835,4739.445,5
2026-05-07 11:55:00,4739.445,4743.585,4738.345,4742.605,5
2026-05-07 12:00:00,4742.785,4745.775,4739.385,4740.915,5
2026-05-07 12:05:00,4740.885,4744.065,4739.535,4740.435,5
2026-05-07 12:10:00,4740.435,4746.085,4739.965,4744.005,5
2026-05-07 12:15:00,4743.975,4747.025,4742.325,4742.635,5
2026-05-07 12:20:00,4742.595,4743.525,4734.125,4735.355,5
2026-05-07 12:25:00,4735.495,4739.185,4733.228,4737.885,5
2026-05-07 12:30:00,4737.915,4749.335,4737.095,4747.065,5
2026-05-07 12:35:00,4746.875,4749.475,4743.695,4746.025,5
2026-05-07 12:40:00,4745.995,4751.555,4745.545,4751.055,5
2026-05-07 12:45:00,4751.185,4752.435,4747.715,4751.815,5
2026-05-07 12:50:00,4751.945,4752.455,4746.995,4747.665,5
2026-05-07 12:55:00,4747.725,4749.975,4744.868,4749.955,5
2026-05-07 13:00:00,4749.915,4750.065,4737.655,4738.615,5
2026-05-07 13:05:00,4738.545,4741.465,4736.315,4740.905,5
2026-05-07 13:10:00,4740.885,4740.995,4730.995,4733.265,5
2026-05-07 13:15:00,4733.285,4740.225,4731.155,4740.195,5
2026-05-07 13:20:00,4740.225,4744.655,4738.045,4744.575,5
2026-05-07 13:25:00,4744.455,4746.515,4742.215,4745.175,5
2026-05-07 13:30:00,4744.935,4758.035,4743.235,4755.765,5
2026-05-07 13:35:00,4755.755,4756.735,4750.755,4752.395,5
2026-05-07 13:40:00,4752.415,4752.685,4747.685,4748.315,5
2026-05-07 13:45:00,4748.295,4749.215,4739.185,4742.255,5
2026-05-07 13:50:00,4741.985,4744.765,4737.135,4743.805,5
2026-05-07 13:55:00,4743.765,4748.525,4743.395,4746.115,5
2026-05-07 14:00:00,4746.115,4749.395,4742.255,4745.785,5
2026-05-07 14:05:00,4745.715,4748.115,4743.775,4747.455,5
2026-05-07 14:10:00,4747.675,4753.805,4744.605,4751.725,5
2026-05-07 14:15:00,4751.675,4753.765,4740.948,4751.005,5
2026-05-07 14:20:00,4751.105,4757.895,4750.175,4757.065,5
2026-05-07 14:25:00,4757.235,4759.345,4755.885,4756.495,5
2026-05-07 14:30:00,4756.885,4758.745,4747.735,4749.215,5
2026-05-07 14:35:00,4748.825,4753.905,4747.475,4753.645,5
2026-05-07 14:40:00,4753.595,4756.745,4750.035,4751.658,5
2026-05-07 14:45:00,4751.665,4758.375,4750.925,4758.135,5
2026-05-07 14:50:00,4758.135,4761.675,4756.105,4760.645,5
2026-05-07 14:55:00,4760.615,4763.285,4759.955,4762.575,5
2026-05-07 15:00:00,4762.565,4764.595,4757.775,4759.295,5
2026-05-07 15:05:00,4759.195,4759.765,4755.805,4758.518,5
2026-05-07 15:10:00,4758.505,4761.005,4754.375,4754.635,5
2026-05-07 15:15:00,4754.665,4756.035,4753.055,4753.795,5
2026-05-07 15:20:00,4753.755,4755.995,4745.545,4747.065,5
2026-05-07 15:25:00,4746.905,4747.735,4736.255,4739.925,5
2026-05-07 15:30:00,4739.885,4746.975,4739.375,4744.485,5
2026-05-07 15:35:00,4744.465,4746.515,4741.195,4743.175,5
2026-05-07 15:40:00,4743.138,4743.495,4738.825,4738.845,5
2026-05-07 15:45:00,4738.735,4739.675,4733.885,4734.795,5
2026-05-07 15:50:00,4734.815,4736.935,4728.585,4732.165,5
2026-05-07 15:55:00,4732.165,4732.175,4726.255,4729.045,5
2026-05-07 16:00:00,4729.165,4729.595,4722.165,4724.005,5
2026-05-07 16:05:00,4724.005,4725.035,4716.405,4717.358,5
2026-05-07 16:10:00,4717.555,4720.165,4713.285,4715.115,5
2026-05-07 16:15:00,4715.105,4715.105,4704.255,4706.235,5
2026-05-07 16:20:00,4706.205,4717.735,4706.015,4717.575,5
2026-05-07 16:25:00,4717.615,4722.835,4717.505,4719.975,5
2026-05-07 16:30:00,4719.975,4720.695,4714.155,4719.285,5
2026-05-07 16:35:00,4719.365,4719.395,4711.355,4711.885,5
2026-05-07 16:40:00,4711.885,4714.395,4710.195,4710.975,5
2026-05-07 16:45:00,4710.975,4715.595,4710.265,4714.045,5
2026-05-07 16:50:00,4714.085,4717.115,4710.395,4717.035,5
2026-05-07 16:55:00,4717.015,4718.075,4712.015,4714.865,5
2026-05-07 17:00:00,4714.855,4717.615,4712.255,4716.405,5
2026-05-07 17:05:00,4716.375,4719.425,4714.635,4716.475,5
2026-05-07 17:10:00,4716.675,4718.435,4711.565,4714.375,5
2026-05-07 17:15:00,4714.565,4715.575,4705.715,4706.325,5
2026-05-07 17:20:00,4706.375,4716.415,4705.355,4715.445,5
2026-05-07 17:25:00,4715.395,4718.838,4687.565,4698.975,5
2026-05-07 17:30:00,4698.945,4703.285,4693.275,4699.275,5
2026-05-07 17:35:00,4699.295,4704.105,4695.655,4703.215,5
2026-05-07 17:40:00,4703.235,4705.995,4698.078,4699.505,5
2026-05-07 17:45:00,4699.395,4703.455,4698.095,4699.555,5
2026-05-07 17:50:00,4699.575,4704.155,4697.715,4704.125,5
2026-05-07 17:55:00,4704.145,4711.945,4702.785,4711.295,5
2026-05-07 18:00:00,4711.255,4712.285,4706.565,4707.445,5
2026-05-07 18:05:00,4707.465,4711.825,4706.425,4707.455,5
2026-05-07 18:10:00,4707.365,4709.705,4705.035,4707.905,5
2026-05-07 18:15:00,4707.905,4709.795,4706.595,4708.245,5
2026-05-07 18:20:00,4708.245,4710.835,4706.235,4706.465,5
2026-05-07 18:25:00,4706.775,4712.885,4705.505,4712.735,5
2026-05-07 18:30:00,4712.675,4715.215,4711.545,4713.555,5
2026-05-07 18:35:00,4713.515,4716.015,4707.315,4713.055,5
2026-05-07 18:40:00,4713.035,4714.605,4703.075,4705.985,5
2026-05-07 18:45:00,4705.875,4708.865,4698.455,4700.415,5
2026-05-07 18:50:00,4700.355,4704.665,4695.295,4703.155,5
2026-05-07 18:55:00,4703.155,4711.245,4701.845,4709.495,5
2026-05-07 19:00:00,4709.555,4712.745,4704.815,4705.635,5
2026-05-07 19:05:00,4705.535,4711.275,4705.535,4709.705,5
2026-05-07 19:10:00,4709.625,4711.295,4708.505,4709.805,5
2026-05-07 19:15:00,4709.835,4710.625,4699.695,4702.075,5
2026-05-07 19:20:00,4701.995,4705.305,4698.925,4700.305,5
2026-05-07 19:25:00,4700.305,4706.265,4697.675,4705.015,5
2026-05-07 19:30:00,4704.995,4708.165,4703.605,4707.765,5
2026-05-07 19:35:00,4707.945,4711.935,4706.865,4710.765,5
2026-05-07 19:40:00,4710.785,4711.765,4707.975,4709.585,5
2026-05-07 19:45:00,4709.535,4709.835,4705.085,4708.165,5
2026-05-07 19:50:00,4708.335,4710.665,4703.748,4706.245,5
2026-05-07 19:55:00,4705.965,4708.918,4702.555,4702.745,5
2026-05-07 20:00:00,4702.705,4718.915,4702.695,4716.115,5
2026-05-07 20:05:00,4716.325,4716.855,4710.595,4711.035,5
2026-05-07 20:10:00,4711.075,4712.905,4710.575,4711.375,5
2026-05-07 20:15:00,4711.665,4712.675,4709.095,4711.835,5
2026-05-07 20:20:00,4711.815,4713.785,4710.655,4712.895,5
2026-05-07 20:25:00,4712.865,4714.095,4712.105,4712.805,5
2026-05-07 20:30:00,4712.835,4715.495,4709.895,4713.095,5
2026-05-07 20:35:00,4713.115,4713.885,4697.675,4698.325,5
2026-05-07 20:40:00,4698.275,4706.445,4696.485,4703.665,5
2026-05-07 20:45:00,4703.685,4703.825,4698.885,4702.165,5
2026-05-07 20:50:00,4702.125,4702.395,4694.055,4695.325,5
2026-05-07 20:55:00,4694.905,4695.035,4684.575,4685.145,5
2026-05-07 22:00:00,4679.745,4694.135,4675.648,4693.845,5
2026-05-07 22:05:00,4693.905,4693.905,4685.725,4691.295,5
2026-05-07 22:10:00,4691.305,4697.885,4686.665,4691.025,5
2026-05-07 22:15:00,4690.995,4697.335,4689.065,4694.045,5
2026-05-07 22:20:00,4694.075,4699.158,4692.755,4696.095,5
2026-05-07 22:25:00,4696.035,4697.585,4692.925,4693.545,5
2026-05-07 22:30:00,4693.595,4695.025,4686.708,4688.565,5
2026-05-07 22:35:00,4688.585,4690.265,4686.495,4689.505,5
2026-05-07 22:40:00,4689.485,4691.195,4685.975,4686.825,5
2026-05-07 22:45:00,4686.805,4687.515,4682.465,4683.955,5
2026-05-07 22:50:00,4683.955,4688.405,4681.715,4686.315,5
2026-05-07 22:55:00,4686.285,4687.765,4684.158,4685.358,5
2026-05-07 23:00:00,4685.175,4689.258,4683.978,4688.658,5
2026-05-07 23:05:00,4688.718,4691.418,4686.218,4690.818,5
2026-05-07 23:10:00,4690.818,4693.545,4690.115,4691.385,5
2026-05-07 23:15:00,4691.425,4693.785,4691.425,4693.595,5
2026-05-07 23:20:00,4693.605,4697.785,4693.605,4696.335,5
2026-05-07 23:25:00,4696.295,4698.285,4695.495,4696.125,5
2026-05-07 23:30:00,4696.655,4697.815,4694.645,4697.005,5
2026-05-07 23:35:00,4696.915,4698.795,4696.295,4698.625,5
2026-05-07 23:40:00,4698.585,4698.855,4696.525,4697.585,5
2026-05-07 23:45:00,4697.565,4702.025,4697.565,4700.495,5
2026-05-07 23:50:00,4700.485,4704.275,4699.795,4703.295,5
2026-05-07 23:55:00,4703.215,4705.375,4703.085,4704.145,5
2026-05-08 00:00:00,4704.085,4706.335,4701.455,4702.815,5
2026-05-08 00:05:00,4702.775,4708.015,4702.315,4707.475,5
2026-05-08 00:10:00,4707.475,4709.255,4701.325,4702.595,5
2026-05-08 00:15:00,4702.625,4702.655,4693.905,4695.065,5
2026-05-08 00:20:00,4695.085,4704.735,4693.835,4703.535,5
2026-05-08 00:25:00,4703.618,4705.545,4696.165,4696.985,5
2026-05-08 00:30:00,4696.945,4703.695,4695.945,4703.065,5
2026-05-08 00:35:00,4703.035,4706.155,4701.275,4703.935,5
2026-05-08 00:40:00,4703.955,4708.075,4703.845,4704.755,5
2026-05-08 00:45:00,4704.785,4705.555,4699.718,4699.875,5
2026-05-08 00:50:00,4699.765,4701.085,4698.035,4698.035,5
2026-05-08 00:55:00,4698.025,4701.865,4696.725,4701.265,5
2026-05-08 01:00:00,4701.115,4715.305,4700.265,4712.815,5
2026-05-08 01:05:00,4713.025,4719.155,4712.825,4714.465,5
2026-05-08 01:10:00,4714.405,4717.945,4712.435,4713.835,5
2026-05-08 01:15:00,4713.565,4717.715,4711.385,4717.305,5
2026-05-08 01:20:00,4717.305,4718.335,4711.058,4711.945,5
2026-05-08 01:25:00,4712.015,4715.395,4711.835,4712.295,5
2026-05-08 01:30:00,4712.245,4715.065,4709.555,4712.245,5
2026-05-08 01:35:00,4712.195,4712.815,4704.935,4707.795,5
2026-05-08 01:40:00,4707.875,4711.165,4706.785,4710.795,5
2026-05-08 01:45:00,4710.985,4719.995,4710.925,4719.765,5
2026-05-08 01:50:00,4719.735,4723.115,4719.675,4721.885,5
2026-05-08 01:55:00,4721.925,4725.245,4721.495,4722.625,5
2026-05-08 02:00:00,4722.695,4732.615,4721.215,4731.295,5
2026-05-08 02:05:00,4731.265,4731.265,4726.785,4729.205,5
2026-05-08 02:10:00,4729.125,4729.615,4723.465,4723.875,5
2026-05-08 02:15:00,4723.805,4724.275,4717.775,4718.925,5
2026-05-08 02:20:00,4719.045,4722.815,4719.045,4721.985,5
2026-05-08 02:25:00,4721.965,4723.675,4720.095,4721.225,5
2026-05-08 02:30:00,4721.225,4723.315,4716.705,4719.295,5
2026-05-08 02:35:00,4719.355,4720.755,4706.625,4711.215,5
2026-05-08 02:40:00,4711.215,4715.055,4710.035,4710.035,5
2026-05-08 02:45:00,4710.085,4716.415,4708.315,4716.265,5
2026-05-08 02:50:00,4716.235,4717.465,4712.225,4716.195,5
2026-05-08 02:55:00,4716.195,4716.905,4712.415,4713.185,5
2026-05-08 03:00:00,4713.125,4717.465,4710.945,4717.225,5
2026-05-08 03:05:00,4717.335,4718.965,4714.845,4717.285,5
2026-05-08 03:10:00,4717.625,4719.865,4717.545,4719.785,5
2026-05-08 03:15:00,4719.725,4722.545,4719.145,4719.915,5
2026-05-08 03:20:00,4720.015,4720.015,4716.855,4718.575,5
2026-05-08 03:25:00,4718.605,4720.895,4717.325,4720.205,5
2026-05-08 03:30:00,4720.115,4730.375,4719.715,4730.355,5
2026-05-08 03:35:00,4730.425,4730.995,4722.815,4723.495,5
2026-05-08 03:40:00,4723.525,4726.105,4722.255,4724.685,5
2026-05-08 03:45:00,4724.655,4724.955,4719.845,4720.185,5
2026-05-08 03:50:00,4720.095,4720.855,4717.705,4718.665,5
2026-05-08 03:55:00,4718.635,4720.565,4718.305,4719.455,5
2026-05-08 04:00:00,4719.435,4723.095,4719.435,4719.485,5
2026-05-08 04:05:00,4719.505,4719.965,4715.595,4718.655,5
2026-05-08 04:10:00,4718.765,4719.355,4714.675,4714.805,5
2026-05-08 04:15:00,4714.805,4717.235,4713.175,4715.745,5
2026-05-08 04:20:00,4715.715,4717.545,4715.015,4717.395,5
2026-05-08 04:25:00,4717.395,4718.285,4715.035,4717.185,5
2026-05-08 04:30:00,4717.385,4718.195,4714.505,4715.085,5
2026-05-08 04:35:00,4715.105,4715.685,4713.335,4713.535,5
2026-05-08 04:40:00,4713.495,4713.695,4708.735,4711.975,5
2026-05-08 04:45:00,4712.085,4713.545,4709.905,4713.455,5
2026-05-08 04:50:00,4713.475,4716.065,4711.835,4715.825,5
2026-05-08 04:55:00,4715.875,4716.525,4709.455,4710.715,5
2026-05-08 05:00:00,4710.855,4713.495,4709.355,4712.755,5
2026-05-08 05:05:00,4712.725,4716.145,4712.035,4714.665,5
2026-05-08 05:10:00,4714.595,4716.075,4711.985,4712.055,5
2026-05-08 05:15:00,4712.025,4714.525,4710.255,4714.155,5
2026-05-08 05:20:00,4714.265,4715.525,4713.435,4714.485,5
2026-05-08 05:25:00,4714.515,4719.945,4711.965,4719.105,5
2026-05-08 05:30:00,4719.665,4727.075,4719.475,4723.885,5
2026-05-08 05:35:00,4723.925,4725.125,4720.615,4722.315,5
2026-05-08 05:40:00,4722.335,4725.575,4721.405,4724.375,5
2026-05-08 05:45:00,4724.275,4728.775,4723.055,4728.555,5
2026-05-08 05:50:00,4728.625,4730.295,4726.255,4728.005,5
2026-05-08 05:55:00,4728.085,4730.958,4726.475,4727.155,5
2026-05-08 06:00:00,4727.185,4730.265,4712.295,4728.025,5
2026-05-08 06:05:00,4728.555,4728.695,4721.745,4725.305,5
2026-05-08 06:10:00,4725.325,4727.195,4722.585,4722.795,5
2026-05-08 06:15:00,4722.775,4728.015,4721.435,4727.485,5
2026-05-08 06:20:00,4727.465,4728.535,4724.335,4727.525,5
2026-05-08 06:25:00,4727.495,4734.355,4725.975,4733.385,5
2026-05-08 06:30:00,4733.425,4734.095,4726.305,4726.355,5
2026-05-08 06:35:00,4726.345,4728.945,4725.365,4727.305,5
2026-05-08 06:40:00,4727.275,4732.085,4727.125,4728.955,5
2026-05-08 06:45:00,4728.935,4729.285,4721.065,4725.025,5
2026-05-08 06:50:00,4725.205,4727.005,4724.055,4726.035,5
2026-05-08 06:55:00,4725.985,4726.945,4724.275,4725.465,5
2026-05-08 07:00:00,4725.268,4726.215,4721.545,4723.715,5
2026-05-08 07:05:00,4723.795,4725.525,4720.295,4722.565,5
2026-05-08 07:10:00,4722.565,4722.565,4714.935,4714.935,5
2026-05-08 07:15:00,4715.035,4718.215,4712.565,4715.235,5
2026-05-08 07:20:00,4715.038,4717.395,4703.205,4705.985,5
2026-05-08 07:25:00,4705.345,4707.685,4696.735,4706.495,5
2026-05-08 07:30:00,4706.415,4710.915,4700.935,4709.095,5
2026-05-08 07:35:00,4709.105,4711.565,4708.215,4708.915,5
2026-05-08 07:40:00,4708.955,4709.935,4706.385,4707.905,5
2026-05-08 07:45:00,4708.005,4712.515,4707.865,4712.385,5
2026-05-08 07:50:00,4712.405,4713.375,4707.865,4710.845,5
2026-05-08 07:55:00,4710.905,4710.925,4706.725,4707.595,5
2026-05-08 08:00:00,4707.645,4709.895,4706.525,4709.525,5
2026-05-08 08:05:00,4709.475,4710.775,4706.405,4710.465,5
2026-05-08 08:10:00,4710.485,4713.015,4708.045,4711.165,5
2026-05-08 08:15:00,4711.165,4714.925,4711.055,4714.095,5
2026-05-08 08:20:00,4714.165,4722.025,4714.165,4719.825,5
2026-05-08 08:25:00,4719.825,4722.325,4716.065,4716.665,5
2026-05-08 08:30:00,4716.735,4719.795,4716.205,4719.185,5
2026-05-08 08:35:00,4719.205,4723.395,4719.155,4721.145,5
2026-05-08 08:40:00,4721.085,4721.195,4716.615,4716.805,5
2026-05-08 08:45:00,4716.705,4719.768,4715.855,4718.575,5
2026-05-08 08:50:00,4718.595,4718.965,4716.198,4716.285,5
2026-05-08 08:55:00,4716.265,4717.295,4714.735,4715.495,5
2026-05-08 09:00:00,4715.515,4720.145,4713.275,4719.105,5
2026-05-08 09:05:00,4719.085,4720.075,4715.715,4715.735,5
2026-05-08 09:10:00,4715.735,4718.305,4715.175,4718.295,5
2026-05-08 09:15:00,4718.295,4722.115,4718.025,4719.495,5
2026-05-08 09:20:00,4719.555,4722.475,4718.375,4720.395,5
2026-05-08 09:25:00,4720.395,4722.595,4717.515,4717.825,5
2026-05-08 09:30:00,4717.745,4718.555,4709.575,4714.595,5
2026-05-08 09:35:00,4714.625,4715.005,4709.115,4713.175,5
2026-05-08 09:40:00,4713.065,4714.435,4710.475,4713.205,5
2026-05-08 09:45:00,4713.165,4713.815,4709.375,4710.485,5
2026-05-08 09:50:00,4710.535,4711.165,4707.255,4709.455,5
2026-05-08 09:55:00,4709.395,4712.355,4707.525,4711.625,5
2026-05-08 10:00:00,4711.645,4714.425,4710.955,4712.485,5
2026-05-08 10:05:00,4712.355,4714.395,4711.655,4712.875,5
2026-05-08 10:10:00,4712.845,4718.745,4712.585,4718.685,5
2026-05-08 10:15:00,4718.685,4719.385,4717.285,4717.645,5
2026-05-08 10:20:00,4717.855,4722.885,4717.585,4721.295,5
2026-05-08 10:25:00,4721.315,4723.715,4720.255,4720.305,5
2026-05-08 10:30:00,4720.275,4723.165,4720.125,4722.055,5
2026-05-08 10:35:00,4722.055,4727.535,4721.745,4726.795,5
2026-05-08 10:40:00,4726.795,4727.748,4724.045,4724.235,5
2026-05-08 10:45:00,4724.195,4724.285,4718.755,4719.505,5
2026-05-08 10:50:00,4719.535,4721.555,4717.555,4720.935,5
2026-05-08 10:55:00,4720.955,4720.995,4715.175,4719.565,5
2026-05-08 11:00:00,4719.905,4726.645,4719.855,4726.245,5
2026-05-08 11:05:00,4725.535,4727.195,4723.005,4724.595,5
2026-05-08 11:10:00,4724.715,4724.995,4718.715,4721.825,5
2026-05-08 11:15:00,4721.835,4725.035,4721.465,4722.915,5
2026-05-08 11:20:00,4722.885,4723.635,4719.875,4723.125,5
2026-05-08 11:25:00,4723.095,4725.685,4722.725,4723.915,5
2026-05-08 11:30:00,4724.095,4724.775,4721.575,4722.085,5
2026-05-08 11:35:00,4722.205,4725.745,4721.865,4722.685,5
2026-05-08 11:40:00,4722.735,4723.735,4720.755,4720.895,5
2026-05-08 11:45:00,4720.865,4721.125,4716.855,4717.465,5
2026-05-08 11:50:00,4717.485,4717.595,4713.455,4716.775,5
2026-05-08 11:55:00,4716.795,4719.905,4715.895,4717.585,5
2026-05-08 12:00:00,4717.615,4719.625,4712.685,4713.115,5
2026-05-08 12:05:00,4713.135,4714.085,4708.415,4709.595,5
2026-05-08 12:10:00,4709.515,4709.715,4703.645,4704.435,5
2026-05-08 12:15:00,4704.405,4710.085,4702.735,4707.775,5
2026-05-08 12:20:00,4707.775,4710.255,4704.655,4706.075,5
2026-05-08 12:25:00,4706.145,4710.815,4705.205,4709.805,5
2026-05-08 12:30:00,4709.815,4724.645,4701.708,4723.035,5
2026-05-08 12:35:00,4723.018,4728.075,4721.415,4725.325,5
2026-05-08 12:40:00,4725.305,4730.735,4721.965,4723.705,5
2026-05-08 12:45:00,4723.695,4726.645,4719.095,4724.238,5
2026-05-08 12:50:00,4724.195,4731.325,4719.665,4730.645,5
2026-05-08 12:55:00,4730.675,4731.745,4720.165,4724.225,5
2026-05-08 13:00:00,4723.958,4728.885,4720.275,4722.875,5
2026-05-08 13:05:00,4722.895,4725.555,4718.145,4720.145,5
2026-05-08 13:10:00,4720.145,4721.575,4716.535,4720.178,5
2026-05-08 13:15:00,4720.255,4726.325,4719.325,4724.735,5
2026-05-08 13:20:00,4724.755,4727.285,4722.875,4724.595,5
2026-05-08 13:25:00,4724.505,4727.735,4724.475,4727.045,5
2026-05-08 13:30:00,4727.085,4743.685,4726.615,4738.865,5
2026-05-08 13:35:00,4738.915,4744.165,4738.065,4738.255,5
2026-05-08 13:40:00,4738.275,4741.005,4734.685,4738.105,5
2026-05-08 13:45:00,4738.145,4744.235,4734.755,4740.385,5
2026-05-08 13:50:00,4740.295,4745.245,4737.055,4740.545,5
2026-05-08 13:55:00,4740.515,4747.565,4739.915,4747.515,5
2026-05-08 14:00:00,4747.635,4749.245,4738.805,4739.995,5
2026-05-08 14:05:00,4739.995,4739.995,4725.325,4726.425,5
2026-05-08 14:10:00,4726.425,4731.955,4718.775,4731.535,5
2026-05-08 14:15:00,4731.535,4733.805,4725.245,4727.465,5
2026-05-08 14:20:00,4727.465,4728.175,4721.918,4725.548,5
2026-05-08 14:25:00,4725.548,4729.135,4716.465,4717.775,5
2026-05-08 14:30:00,4717.965,4722.915,4714.135,4722.155,5
2026-05-08 14:35:00,4722.155,4724.845,4719.185,4723.395,5
2026-05-08 14:40:00,4723.405,4725.405,4721.125,4722.525,5
2026-05-08 14:45:00,4722.495,4724.395,4714.805,4717.985,5
2026-05-08 14:50:00,4718.055,4719.295,4713.225,4718.045,5
2026-05-08 14:55:00,4718.075,4719.575,4715.365,4715.695,5
2026-05-08 15:00:00,4715.765,4717.375,4712.505,4713.715,5
2026-05-08 15:05:00,4713.685,4720.845,4713.685,4716.645,5
2026-05-08 15:10:00,4716.525,4719.595,4706.055,4707.675,5
2026-05-08 15:15:00,4707.635,4708.795,4704.385,4706.725,5
2026-05-08 15:20:00,4706.745,4711.305,4704.285,4707.685,5
2026-05-08 15:25:00,4707.665,4713.425,4705.385,4713.115,5
2026-05-08 15:30:00,4713.195,4714.155,4704.085,4709.695,5
2026-05-08 15:35:00,4709.665,4714.955,4709.385,4712.505,5
2026-05-08 15:40:00,4712.505,4712.525,4704.108,4705.725,5
2026-05-08 15:45:00,4705.765,4709.685,4701.825,4708.485,5
2026-05-08 15:50:00,4708.505,4711.005,4708.265,4709.345,5
2026-05-08 15:55:00,4709.275,4709.395,4704.205,4706.985,5
2026-05-08 16:00:00,4707.015,4709.945,4705.315,4706.075,5
2026-05-08 16:05:00,4706.115,4712.145,4706.115,4708.425,5
2026-05-08 16:10:00,4708.425,4712.325,4706.565,4711.425,5
2026-05-08 16:15:00,4711.395,4714.115,4711.345,4711.695,5
2026-05-08 16:20:00,4711.695,4715.225,4711.635,4714.485,5
2026-05-08 16:25:00,4714.465,4717.565,4714.265,4717.545,5
2026-05-08 16:30:00,4717.555,4720.015,4716.735,4716.915,5
2026-05-08 16:35:00,4716.895,4717.955,4715.405,4716.045,5
2026-05-08 16:40:00,4716.045,4717.125,4713.165,4713.365,5
2026-05-08 16:45:00,4713.385,4716.145,4712.555,4713.435,5
2026-05-08 16:50:00,4713.455,4713.505,4711.725,4712.985,5
2026-05-08 16:55:00,4713.015,4714.145,4711.065,4712.285,5
2026-05-08 17:00:00,4712.255,4715.965,4711.995,4715.135,5
2026-05-08 17:05:00,4715.135,4716.145,4713.385,4714.165,5
2026-05-08 17:10:00,4714.165,4715.205,4712.905,4715.085,5
2026-05-08 17:15:00,4715.165,4719.445,4715.005,4718.455,5
2026-05-08 17:20:00,4718.475,4720.515,4717.065,4718.635,5
2026-05-08 17:25:00,4718.605,4721.915,4718.355,4720.555,5
2026-05-08 17:30:00,4720.435,4721.715,4719.585,4720.265,5
2026-05-08 17:35:00,4720.225,4721.505,4719.795,4720.035,5
2026-05-08 17:40:00,4720.025,4721.495,4719.735,4720.635,5
2026-05-08 17:45:00,4720.635,4721.395,4719.765,4719.965,5
2026-05-08 17:50:00,4719.965,4721.965,4719.265,4721.895,5
2026-05-08 17:55:00,4721.865,4722.615,4719.675,4720.765,5
2026-05-08 18:00:00,4720.835,4727.405,4720.385,4726.295,5
2026-05-08 18:05:00,4726.295,4727.635,4725.385,4725.725,5
2026-05-08 18:10:00,4725.755,4728.525,4724.945,4727.405,5
2026-05-08 18:15:00,4727.545,4728.825,4725.145,4725.425,5
2026-05-08 18:20:00,4725.325,4727.365,4725.155,4726.465,5
2026-05-08 18:25:00,4726.435,4726.435,4723.775,4725.465,5
2026-05-08 18:30:00,4725.298,4726.365,4723.905,4725.275,5
2026-05-08 18:35:00,4725.255,4726.125,4724.675,4725.825,5
2026-05-08 18:40:00,4725.795,4725.935,4723.845,4724.515,5
2026-05-08 18:45:00,4724.515,4724.515,4721.935,4723.135,5
2026-05-08 18:50:00,4723.125,4723.985,4721.645,4722.195,5
2026-05-08 18:55:00,4722.185,4723.105,4719.735,4721.755,5
2026-05-08 19:00:00,4721.725,4724.445,4720.745,4722.845,5
2026-05-08 19:05:00,4722.875,4725.365,4722.395,4724.495,5
2026-05-08 19:10:00,4724.495,4725.455,4723.115,4723.405,5
2026-05-08 19:15:00,4723.385,4724.505,4723.355,4723.885,5
2026-05-08 19:20:00,4723.915,4724.845,4723.135,4724.415,5
2026-05-08 19:25:00,4724.415,4724.815,4723.305,4723.585,5
2026-05-08 19:30:00,4723.515,4723.535,4721.855,4722.805,5
2026-05-08 19:35:00,4722.845,4723.395,4721.635,4723.365,5
2026-05-08 19:40:00,4723.355,4726.655,4723.255,4725.225,5
2026-05-08 19:45:00,4725.215,4725.755,4723.235,4723.935,5
2026-05-08 19:50:00,4723.875,4725.335,4723.425,4724.675,5
2026-05-08 19:55:00,4724.715,4724.845,4722.745,4723.765,5
2026-05-08 20:00:00,4723.775,4724.125,4721.985,4722.885,5
2026-05-08 20:05:00,4722.935,4723.215,4721.475,4721.485,5
2026-05-08 20:10:00,4721.505,4721.735,4717.035,4718.665,5
2026-05-08 20:15:00,4718.665,4719.045,4715.065,4715.195,5
2026-05-08 20:20:00,4715.175,4717.415,4715.035,4716.595,5
2026-05-08 20:25:00,4716.545,4717.575,4715.645,4717.255,5
2026-05-08 20:30:00,4717.185,4718.915,4716.185,4717.125,5
2026-05-08 20:35:00,4717.085,4717.975,4716.545,4717.525,5
2026-05-08 20:40:00,4717.525,4717.975,4715.298,4715.868,5
2026-05-08 20:45:00,4715.925,4716.378,4714.508,4714.778,5
2026-05-08 20:50:00,4714.728,4715.995,4713.765,4714.795,5
2026-05-08 20:55:00,4714.748,4715.998,4711.415,4712.655,5
2026-05-10 21:15:00,4715.820,4717.813,4715.403,4715.535,0
2026-05-10 21:20:00,4715.713,4717.501,4715.202,4715.736,0
2026-05-10 21:25:00,4715.739,4716.536,4715.352,4715.352,0
2026-05-10 21:30:00,4715.366,4715.694,4715.160,4715.438,0
2026-05-10 21:35:00,4715.380,4716.035,4715.304,4715.948,0
2026-05-10 21:40:00,4715.855,4716.096,4715.392,4716.096,0
2026-05-10 21:45:00,4716.061,4716.226,4715.342,4715.382,0
2026-05-10 21:50:00,4715.427,4715.506,4714.818,4715.401,0
2026-05-10 21:55:00,4715.287,4715.664,4714.979,4715.611,0
2026-05-10 22:00:00,4715.509,4719.902,4684.784,4684.801,0
2026-05-10 22:05:00,4684.474,4693.734,4677.956,4687.787,0
2026-05-10 22:10:00,4686.718,4696.340,4682.086,4688.639,0
2026-05-10 22:15:00,4690.214,4693.293,4684.625,4684.839,0
2026-05-10 22:20:00,4685.221,4689.552,4681.938,4687.774,0
2026-05-10 22:25:00,4687.839,4695.252,4687.793,4695.173,0
2026-05-10 22:30:00,4694.993,4695.941,4689.187,4692.483,0
2026-05-10 22:35:00,4691.708,4694.561,4688.275,4688.684,0
2026-05-10 22:40:00,4689.241,4691.227,4688.173,4690.895,0
2026-05-10 22:45:00,4690.207,4692.793,4689.112,4691.587,0
2026-05-10 22:50:00,4692.037,4694.424,4690.418,4692.689,0
2026-05-10 22:55:00,4692.641,4694.366,4690.954,4692.782,0
2026-05-10 23:00:00,4692.796,4694.696,4692.113,4692.632,0
2026-05-10 23:05:00,4692.895,4695.718,4692.412,4693.532,0
2026-05-10 23:10:00,4693.351,4694.615,4690.092,4690.484,0
2026-05-10 23:15:00,4691.294,4694.261,4689.992,4693.986,0
2026-05-10 23:20:00,4693.630,4696.379,4693.293,4695.352,0
2026-05-10 23:25:00,4695.701,4696.814,4694.912,4695.332,0
2026-05-10 23:30:00,4696.211,4697.241,4694.114,4697.095,0
2026-05-10 23:35:00,4697.037,4697.950,4696.379,4697.859,0
2026-05-10 23:40:00,4697.753,4697.975,4697.180,4697.222,0
2026-05-10 23:45:00,4697.210,4697.659,4694.956,4697.427,0
2026-05-10 23:50:00,4697.121,4698.619,4695.718,4696.122,0
2026-05-10 23:55:00,4695.944,4696.820,4691.374,4692.040,0
2026-05-11 00:00:00,4693.544,4693.544,4681.805,4686.141,0
2026-05-11 00:05:00,4685.569,4690.772,4683.409,4687.479,0
2026-05-11 00:10:00,4688.872,4689.552,4681.545,4681.964,0
2026-05-11 00:15:00,4682.655,4684.499,4678.062,4681.584,0
2026-05-11 00:20:00,4679.770,4685.157,4678.581,4685.157,0
2026-05-11 00:25:00,4685.125,4685.377,4683.039,4683.039,0
2026-05-11 00:30:00,4683.007,4693.076,4682.963,4692.956,0
2026-05-11 00:35:00,4692.790,4693.515,4687.595,4688.149,0
2026-05-11 00:40:00,4688.952,4691.532,4687.245,4690.577,0
2026-05-11 00:45:00,4690.438,4692.343,4687.148,4692.197,0
2026-05-11 00:50:00,4691.973,4693.977,4675.320,4675.534,0
2026-05-11 00:55:00,4676.782,4685.377,4674.950,4680.546,0
2026-05-11 01:00:00,4679.245,4687.053,4677.050,4685.493,0
2026-05-11 01:05:00,4681.608,4697.378,4678.144,4694.442,0
2026-05-11 01:10:00,4696.036,4696.820,4684.542,4693.797,0
2026-05-11 01:15:00,4693.570,4696.377,4691.087,4696.377,0
2026-05-11 01:20:00,4696.341,4704.437,4694.836,4704.211,0
2026-05-11 01:25:00,4703.737,4704.367,4697.924,4700.805,0
2026-05-11 01:30:00,4700.657,4703.005,4694.836,4698.580,0
2026-05-11 01:35:00,4698.543,4698.586,4694.836,4696.622,0
2026-05-11 01:40:00,4695.866,4697.249,4692.598,4692.860,0
2026-05-11 01:45:00,4693.104,4695.049,4693.073,4694.545,0
2026-05-11 01:50:00,4694.316,4695.750,4686.254,4688.802,0
2026-05-11 01:55:00,4688.759,4689.082,4679.084,4680.275,0
2026-05-11 02:00:00,4681.761,4691.946,4681.761,4691.946,0
2026-05-11 02:05:00,4691.574,4692.192,4680.508,4683.686,0
2026-05-11 02:10:00,4682.960,4688.307,4680.552,4688.205,0
2026-05-11 02:15:00,4687.944,4688.452,4684.581,4684.825,0
2026-05-11 02:20:00,4685.270,4686.242,4683.427,4684.182,0
2026-05-11 02:25:00,4684.485,4687.832,4684.485,4685.934,0
2026-05-11 02:30:00,4686.432,4695.474,4686.432,4692.888,0
2026-05-11 02:35:00,4693.061,4698.547,4691.064,4698.547,0
2026-05-11 02:40:00,4698.436,4699.666,4690.391,4691.302,0
2026-05-11 02:45:00,4692.507,4693.734,4685.449,4686.845,0
2026-05-11 02:50:00,4688.701,4691.972,4680.367,4681.080,0
2026-05-11 02:55:00,4682.103,4682.963,4676.741,4680.985,0
2026-05-11 03:00:00,4680.220,4683.993,4676.651,4683.201,0
2026-05-11 03:05:00,4682.218,4686.000,4679.676,4683.554,0
2026-05-11 03:10:00,4684.060,4688.717,4683.402,4688.717,0
2026-05-11 03:15:00,4688.583,4689.192,4684.836,4687.651,0
2026-05-11 03:20:00,4686.821,4688.926,4684.718,4686.788,0
2026-05-11 03:25:00,4685.831,4690.274,4684.938,4690.214,0
2026-05-11 03:30:00,4690.099,4690.167,4687.649,4688.259,0
2026-05-11 03:35:00,4687.839,4688.013,4683.279,4683.279,0
2026-05-11 03:40:00,4683.286,4686.536,4682.963,4683.683,0
2026-05-11 03:45:00,4684.649,4688.102,4684.577,4685.060,0
2026-05-11 03:50:00,4685.924,4686.694,4678.497,4679.040,0
2026-05-11 03:55:00,4680.233,4681.429,4677.446,4678.620,0
2026-05-11 04:00:00,4677.820,4680.247,4675.402,4675.402,0
2026-05-11 04:05:00,4675.343,4678.678,4675.300,4677.296,0
2026-05-11 04:10:00,4678.558,4678.903,4675.962,4676.146,0
2026-05-11 04:15:00,4676.325,4678.479,4674.989,4675.206,0
2026-05-11 04:20:00,4675.586,4676.175,4671.744,4673.723,0
2026-05-11 04:25:00,4672.816,4675.462,4671.806,4675.323,0
2026-05-11 04:30:00,4674.978,4676.072,4668.468,4671.280,0
2026-05-11 04:35:00,4669.581,4674.729,4668.970,4674.452,0
2026-05-11 04:40:00,4673.979,4673.989,4671.625,4673.397,0
2026-05-11 04:45:00,4673.114,4675.268,4672.679,4674.975,0
2026-05-11 04:50:00,4674.427,4675.683,4673.943,4673.945,0
2026-05-11 04:55:00,4673.944,4675.142,4672.382,4674.680,0
2026-05-11 05:00:00,4673.850,4675.807,4672.402,4675.774,0
2026-05-11 05:05:00,4675.574,4675.956,4671.980,4672.050,0
2026-05-11 05:10:00,4672.015,4673.771,4672.015,4672.938,0
2026-05-11 05:15:00,4672.799,4673.939,4672.537,4673.890,0
2026-05-11 05:20:00,4673.638,4675.037,4673.334,4674.945,0
2026-05-11 05:25:00,4674.752,4674.985,4671.850,4672.197,0
2026-05-11 05:30:00,4672.872,4678.484,4670.835,4677.407,0
2026-05-11 05:35:00,4674.731,4680.883,4673.989,4674.268,0
2026-05-11 05:40:00,4674.166,4675.956,4665.008,4665.363,0
2026-05-11 05:45:00,4665.932,4671.587,4659.399,4662.152,0
2026-05-11 05:50:00,4661.151,4663.539,4653.582,4657.889,0
2026-05-11 05:55:00,4656.116,4661.677,4649.217,4654.092,0
2026-05-11 06:00:00,4654.035,4659.026,4649.494,4658.074,0
2026-05-11 06:05:00,4656.711,4663.108,4654.193,4662.816,0
2026-05-11 06:10:00,4662.256,4666.312,4658.530,4666.312,0
2026-05-11 06:15:00,4666.221,4669.354,4664.614,4669.286,0
2026-05-11 06:20:00,4669.126,4670.548,4665.677,4668.412,0
2026-05-11 06:25:00,4666.626,4667.820,4665.296,4665.971,0
2026-05-11 06:30:00,4666.646,4670.608,4663.234,4670.593,0
2026-05-11 06:35:00,4670.540,4672.875,4668.243,4672.875,0
2026-05-11 06:40:00,4672.840,4674.697,4670.955,4674.054,0
2026-05-11 06:45:00,4672.692,4675.484,4672.024,4675.148,0
2026-05-11 06:50:00,4674.590,4679.655,4672.430,4679.493,0
2026-05-11 06:55:00,4679.024,4680.731,4676.175,4678.257,0
2026-05-11 07:00:00,4678.206,4680.593,4676.831,4678.721,0
2026-05-11 07:05:00,4678.712,4679.676,4675.750,4677.329,0
2026-05-11 07:10:00,4676.820,4676.831,4675.447,4676.266,0
2026-05-11 07:15:00,4675.952,4676.997,4673.066,4673.579,0
2026-05-11 07:20:00,4673.139,4675.747,4673.116,4675.639,0
2026-05-11 07:25:00,4675.247,4678.188,4674.208,4676.270,0
2026-05-11 07:30:00,4677.253,4678.091,4673.801,4673.807,0
2026-05-11 07:35:00,4673.781,4676.245,4673.749,4676.108,0
2026-05-11 07:40:00,4675.915,4675.915,4673.107,4673.259,0
2026-05-11 07:45:00,4673.443,4676.226,4668.249,4668.277,0
2026-05-11 07:50:00,4668.279,4669.809,4667.009,4668.873,0
2026-05-11 07:55:00,4667.707,4670.980,4667.009,4667.058,0
2026-05-11 08:00:00,4667.034,4668.497,4665.293,4665.359,0
2026-05-11 08:05:00,4665.786,4670.637,4665.267,4666.833,0
2026-05-11 08:10:00,4667.815,4672.427,4665.553,4672.385,0
2026-05-11 08:15:00,4672.272,4675.111,4671.189,4674.835,0
2026-05-11 08:20:00,4674.072,4677.443,4671.502,4677.393,0
2026-05-11 08:25:00,4677.235,4677.487,4674.087,4674.450,0
2026-05-11 08:30:00,4674.953,4675.735,4671.556,4674.882,0
2026-05-11 08:35:00,4674.424,4674.424,4670.715,4672.655,0
2026-05-11 08:40:00,4672.521,4672.930,4669.842,4670.225,0
2026-05-11 08:45:00,4670.011,4671.033,4669.217,4669.999,0
2026-05-11 08:50:00,4670.253,4671.077,4667.623,4667.956,0
2026-05-11 08:55:00,4668.622,4669.406,4667.075,4667.613,0
2026-05-11 09:00:00,4667.874,4669.058,4666.474,4668.948,0
2026-05-11 09:05:00,4668.651,4669.624,4667.705,4667.900,0
2026-05-11 09:10:00,4668.183,4668.534,4666.978,4667.470,0
2026-05-11 09:15:00,4666.932,4668.091,4665.518,4665.539,0
2026-05-11 09:20:00,4665.551,4666.040,4663.176,4663.394,0
2026-05-11 09:25:00,4663.783,4664.614,4658.262,4658.995,0
2026-05-11 09:30:00,4660.528,4660.701,4653.020,4653.038,0
2026-05-11 09:35:00,4653.025,4659.478,4652.639,4658.015,0
2026-05-11 09:40:00,4659.144,4662.893,4658.530,4662.211,0
2026-05-11 09:45:00,4660.782,4664.539,4660.049,4662.055,0
2026-05-11 09:50:00,4662.159,4663.309,4659.866,4661.029,0
2026-05-11 09:55:00,4660.179,4663.008,4656.983,4657.388,0
2026-05-11 10:00:00,4658.220,4661.346,4656.036,4659.241,0
2026-05-11 10:05:00,4659.807,4660.701,4658.300,4660.383,0
2026-05-11 10:10:00,4659.715,4662.494,4658.096,4661.837,0
2026-05-11 10:15:00,4661.746,4662.679,4661.262,4662.520,0
2026-05-11 10:20:00,4662.005,4664.503,4660.448,4662.168,0
2026-05-11 10:25:00,4662.456,4665.306,4662.456,4663.858,0
2026-05-11 10:30:00,4663.887,4666.206,4662.213,4666.075,0
2026-05-11 10:35:00,4666.039,4667.047,4662.322,4663.073,0
2026-05-11 10:40:00,4664.761,4665.920,4660.919,4661.250,0
2026-05-11 10:45:00,4661.810,4664.928,4661.732,4664.231,0
2026-05-11 10:50:00,4663.240,4667.658,4662.005,4667.361,0
2026-05-11 10:55:00,4666.712,4666.791,4664.827,4665.441,0
2026-05-11 11:00:00,4665.386,4671.599,4664.464,4670.886,0
2026-05-11 11:05:00,4669.246,4671.587,4667.445,4668.864,0
2026-05-11 11:10:00,4669.027,4670.278,4667.087,4668.531,0
2026-05-11 11:15:00,4668.019,4669.560,4667.445,4669.405,0
2026-05-11 11:20:00,4668.919,4670.112,4668.919,4669.070,0
2026-05-11 11:25:00,4669.288,4671.402,4667.709,4670.771,0
2026-05-11 11:30:00,4669.375,4672.747,4668.534,4672.747,0
2026-05-11 11:35:00,4672.690,4675.571,4671.086,4675.230,0
2026-05-11 11:40:00,4674.285,4677.838,4673.334,4676.007,0
2026-05-11 11:45:00,4676.806,4676.831,4674.148,4674.222,0
2026-05-11 11:50:00,4674.328,4674.863,4670.542,4670.933,0
2026-05-11 11:55:00,4671.539,4674.057,4671.287,4673.870,0
2026-05-11 12:00:00,4673.503,4674.426,4672.257,4672.739,0
2026-05-11 12:05:00,4673.679,4673.771,4669.131,4671.027,0
2026-05-11 12:10:00,4670.883,4671.151,4668.036,4668.246,0
2026-05-11 12:15:00,4668.618,4672.988,4667.502,4672.474,0
2026-05-11 12:20:00,4671.795,4693.612,4668.752,4691.613,0
2026-05-11 12:25:00,4688.887,4697.108,4682.744,4688.581,0
2026-05-11 12:30:00,4690.400,4695.340,4689.552,4692.970,0
2026-05-11 12:35:00,4693.246,4697.126,4689.666,4696.574,0
2026-05-11 12:40:00,4696.902,4697.041,4692.285,4694.163,0
2026-05-11 12:45:00,4693.187,4698.671,4688.337,4688.926,0
2026-05-11 12:50:00,4689.693,4694.836,4688.013,4692.885,0
2026-05-11 12:55:00,4692.784,4699.817,4691.092,4697.360,0
2026-05-11 13:00:00,4699.552,4707.003,4699.360,4706.787,0
2026-05-11 13:05:00,4706.418,4716.191,4705.661,4715.330,0
2026-05-11 13:10:00,4713.289,4720.145,4713.289,4719.922,0
2026-05-11 13:15:00,4719.534,4728.713,4715.647,4724.398,0
2026-05-11 13:20:00,4726.642,4734.560,4725.898,4733.026,0
2026-05-11 13:25:00,4729.268,4736.362,4728.465,4729.004,0
2026-05-11 13:30:00,4730.112,4735.353,4726.786,4735.146,0
2026-05-11 13:35:00,4734.799,4738.638,4734.400,4738.465,0
2026-05-11 13:40:00,4738.102,4744.658,4736.169,4744.603,0
2026-05-11 13:45:00,4744.407,4746.760,4738.714,4739.006,0
2026-05-11 13:50:00,4739.379,4744.283,4736.008,4740.302,0
2026-05-11 13:55:00,4739.711,4744.874,4735.970,4739.612,0
2026-05-11 14:00:00,4741.991,4743.383,4730.181,4730.368,0
2026-05-11 14:05:00,4730.647,4733.056,4721.052,4725.004,0
2026-05-11 14:10:00,4723.386,4731.155,4720.990,4730.590,0
2026-05-11 14:15:00,4729.117,4733.623,4726.529,4729.702,0
2026-05-11 14:20:00,4728.638,4732.835,4727.462,4732.587,0
2026-05-11 14:25:00,4732.107,4732.915,4726.362,4726.362,0
2026-05-11 14:30:00,4726.371,4732.699,4717.567,4718.115,0
2026-05-11 14:35:00,4719.213,4727.884,4715.123,4727.751,0
2026-05-11 14:40:00,4727.499,4732.881,4723.666,4732.802,0
2026-05-11 14:45:00,4732.628,4734.951,4728.887,4730.726,0
2026-05-11 14:50:00,4729.643,4729.821,4728.288,4729.200,0
2026-05-11 14:55:00,4728.738,4729.756,4724.547,4724.691,0
2026-05-11 15:00:00,4724.817,4728.235,4723.889,4727.960,0
2026-05-11 15:05:00,4727.284,4729.034,4724.959,4727.470,0
2026-05-11 15:10:00,4727.760,4731.053,4727.685,4729.245,0
2026-05-11 15:15:00,4729.857,4733.553,4726.451,4731.952,0
2026-05-11 15:20:00,4732.670,4737.455,4730.882,4736.962,0
2026-05-11 15:25:00,4736.339,4738.770,4733.150,4733.813,0
2026-05-11 15:30:00,4733.462,4734.013,4732.830,4733.717,0
2026-05-11 15:35:00,4733.247,4733.280,4730.136,4730.648,0
2026-05-11 15:40:00,4730.662,4731.712,4728.254,4730.496,0
2026-05-11 15:45:00,4730.464,4730.593,4725.979,4729.137,0
2026-05-11 15:50:00,4728.162,4731.282,4727.939,4731.199,0
2026-05-11 15:55:00,4730.874,4732.354,4729.698,4732.006,0
2026-05-11 16:00:00,4731.595,4733.056,4731.264,4732.677,0
2026-05-11 16:05:00,4732.022,4732.564,4730.528,4732.037,0
2026-05-11 16:10:00,4732.209,4732.209,4728.052,4728.113,0
2026-05-11 16:15:00,4728.187,4729.250,4725.000,4725.140,0
2026-05-11 16:20:00,4725.220,4728.303,4724.241,4724.245,0
2026-05-11 16:25:00,4724.259,4725.572,4723.194,4723.497,0
2026-05-11 16:30:00,4724.080,4725.691,4722.312,4722.994,0
2026-05-11 16:35:00,4723.245,4724.781,4719.505,4719.684,0
2026-05-11 16:40:00,4719.422,4721.669,4711.570,4711.570,0
2026-05-11 16:45:00,4711.848,4715.087,4710.836,4714.956,0
2026-05-11 16:50:00,4714.769,4716.122,4714.090,4715.266,0
2026-05-11 16:55:00,4715.507,4716.514,4713.528,4716.239,0
2026-05-11 17:00:00,4715.782,4718.437,4714.535,4718.375,0
2026-05-11 17:05:00,4718.337,4719.610,4717.685,4718.433,0
2026-05-11 17:10:00,4718.602,4718.984,4715.454,4715.809,0
2026-05-11 17:15:00,4716.533,4719.171,4716.314,4718.481,0
2026-05-11 17:20:00,4718.517,4720.160,4716.001,4720.160,0
2026-05-11 17:25:00,4719.954,4721.212,4718.716,4721.153,0
2026-05-11 17:30:00,4720.983,4723.555,4718.984,4723.555,0
2026-05-11 17:35:00,4723.503,4723.797,4722.327,4723.096,0
2026-05-11 17:40:00,4723.084,4724.136,4721.881,4722.776,0
2026-05-11 17:45:00,4723.160,4724.335,4722.844,4723.044,0
2026-05-11 17:50:00,4723.388,4723.889,4722.707,4722.858,0
2026-05-11 17:55:00,4723.013,4723.219,4722.293,4722.372,0
2026-05-11 18:00:00,4722.492,4724.759,4722.327,4724.395,0
2026-05-11 18:05:00,4723.824,4726.644,4723.442,4726.514,0
2026-05-11 18:10:00,4726.475,4726.568,4722.891,4724.318,0
2026-05-11 18:15:00,4724.221,4724.335,4722.850,4723.640,0
2026-05-11 18:20:00,4723.956,4724.112,4722.953,4723.303,0
2026-05-11 18:25:00,4723.169,4726.891,4722.682,4726.483,0
2026-05-11 18:30:00,4725.929,4727.685,4725.228,4727.317,0
2026-05-11 18:35:00,4727.269,4728.752,4727.203,4728.055,0
2026-05-11 18:40:00,4728.411,4728.803,4726.309,4727.391,0
2026-05-11 18:45:00,4726.889,4727.685,4726.199,4726.796,0
2026-05-11 18:50:00,4726.771,4727.745,4726.203,4726.535,0
2026-05-11 18:55:00,4727.204,4728.737,4725.880,4726.616,0
2026-05-11 19:00:00,4727.503,4728.356,4724.670,4724.757,0
2026-05-11 19:05:00,4724.884,4728.236,4723.435,4727.457,0
2026-05-11 19:10:00,4727.865,4728.132,4724.612,4725.104,0
2026-05-11 19:15:00,4725.996,4727.015,4724.558,4725.190,0
2026-05-11 19:20:00,4725.046,4725.191,4724.558,4724.830,0
2026-05-11 19:25:00,4724.798,4724.798,4723.836,4724.193,0
2026-05-11 19:30:00,4724.100,4724.962,4723.546,4724.958,0
2026-05-11 19:35:00,4724.923,4727.347,4724.558,4727.339,0
2026-05-11 19:40:00,4727.262,4728.320,4726.232,4728.288,0
2026-05-11 19:45:00,4728.244,4730.527,4727.685,4730.155,0
2026-05-11 19:50:00,4729.208,4733.578,4729.027,4733.163,0
2026-05-11 19:55:00,4732.177,4736.124,4731.488,4735.091,0
2026-05-11 20:00:00,4734.614,4737.540,4733.703,4736.983,0
2026-05-11 20:05:00,4737.149,4737.540,4734.269,4734.304,0
2026-05-11 20:10:00,4734.344,4735.747,4730.796,4735.354,0
2026-05-11 20:15:00,4734.960,4736.403,4732.160,4735.208,0
2026-05-11 20:20:00,4735.037,4735.073,4734.085,4734.129,0
2026-05-11 20:25:00,4734.173,4735.404,4733.979,4735.251,0
2026-05-11 20:30:00,4735.008,4738.374,4734.624,4738.374,0
2026-05-11 20:35:00,4738.292,4738.407,4735.970,4738.206,0
2026-05-11 20:40:00,4737.908,4738.488,4737.653,4737.808,0
2026-05-11 20:45:00,4737.783,4737.816,4736.937,4737.479,0
2026-05-11 20:50:00,4737.319,4737.319,4733.048,4734.577,0
2026-05-11 20:55:00,4734.419,4735.631,4733.728,4735.461,0
2026-05-11 21:00:00,4735.041,4735.745,4735.041,4735.473,0
2026-05-11 21:05:00,4735.298,4735.494,4735.214,4735.267,0
2026-05-11 21:10:00,4735.284,4735.427,4735.262,4735.273,0
2026-05-11 21:15:00,4735.287,4735.480,4735.139,4735.296,0
2026-05-11 21:20:00,4735.203,4735.458,4735.167,4735.458,0
2026-05-11 21:25:00,4735.382,4735.501,4735.224,4735.274,0
2026-05-11 21:30:00,4735.294,4735.506,4735.073,4735.454,0
2026-05-11 21:35:00,4735.414,4735.633,4735.073,4735.538,0
2026-05-11 21:40:00,4735.442,4735.589,4735.186,4735.467,0
2026-05-11 21:45:00,4735.300,4735.526,4735.073,4735.446,0
2026-05-11 21:50:00,4735.319,4735.471,4735.080,4735.084,0
2026-05-11 21:55:00,4735.135,4735.565,4735.073,4735.324,0
2026-05-11 22:00:00,4735.216,4742.146,4731.649,4741.964,0
2026-05-11 22:05:00,4741.380,4742.521,4740.010,4742.350,0
2026-05-11 22:10:00,4742.037,4742.977,4739.816,4739.832,0
2026-05-11 22:15:00,4739.735,4740.235,4738.429,4739.010,0
2026-05-11 22:20:00,4738.831,4739.957,4737.952,4739.606,0
2026-05-11 22:25:00,4739.146,4741.675,4738.887,4741.621,0
2026-05-11 22:30:00,4741.459,4742.010,4739.143,4741.777,0
2026-05-11 22:35:00,4741.442,4742.365,4740.235,4741.777,0
2026-05-11 22:40:00,4742.098,4743.568,4741.580,4742.526,0
2026-05-11 22:45:00,4742.371,4755.206,4741.107,4750.904,0
2026-05-11 22:50:00,4753.258,4754.207,4751.271,4752.445,0
2026-05-11 22:55:00,4752.283,4752.637,4750.996,4751.255,0
2026-05-11 23:00:00,4751.581,4754.216,4750.806,4751.783,0
2026-05-11 23:05:00,4752.170,4754.146,4750.728,4754.011,0
2026-05-11 23:10:00,4753.929,4754.207,4748.221,4750.118,0
2026-05-11 23:15:00,4749.406,4753.406,4748.564,4751.971,0
2026-05-11 23:20:00,4752.069,4754.270,4751.948,4752.354,0
2026-05-11 23:25:00,4752.774,4754.045,4750.609,4753.213,0
2026-05-11 23:30:00,4753.881,4758.060,4752.209,4754.098,0
2026-05-11 23:35:00,4755.292,4758.347,4751.370,4758.066,0
2026-05-11 23:40:00,4757.843,4758.279,4754.660,4756.446,0
2026-05-11 23:45:00,4756.360,4760.210,4755.564,4759.772,0
2026-05-11 23:50:00,4759.220,4768.402,4758.053,4768.275,0
2026-05-11 23:55:00,4768.186,4768.653,4764.173,4768.112,0
2026-05-12 00:00:00,4768.031,4768.739,4759.792,4760.586,0
2026-05-12 00:05:00,4760.983,4765.662,4760.667,4764.382,0
2026-05-12 00:10:00,4762.251,4769.256,4761.678,4767.703,0
2026-05-12 00:15:00,4767.363,4773.498,4766.623,4773.235,0
2026-05-12 00:20:00,4772.740,4772.857,4759.545,4759.715,0
2026-05-12 00:25:00,4759.934,4768.262,4759.185,4763.411,0
2026-05-12 00:30:00,4763.632,4765.081,4760.631,4760.830,0
2026-05-12 00:35:00,4761.168,4762.557,4758.959,4762.305,0
2026-05-12 00:40:00,4761.950,4761.950,4758.576,4758.758,0
2026-05-12 00:45:00,4759.000,4760.593,4758.274,4758.975,0
2026-05-12 00:50:00,4759.104,4760.610,4754.544,4755.031,0
2026-05-12 00:55:00,4755.910,4758.732,4750.866,4752.177,0
2026-05-12 01:00:00,4753.958,4754.886,4749.871,4754.117,0
2026-05-12 01:05:00,4754.175,4754.175,4742.490,4751.524,0
2026-05-12 01:10:00,4751.289,4752.956,4746.165,4746.165,0
2026-05-12 01:15:00,4745.986,4749.696,4744.109,4748.695,0
2026-05-12 01:20:00,4746.692,4750.118,4744.809,4744.828,0
2026-05-12 01:25:00,4744.807,4746.084,4734.962,4735.196,0
2026-05-12 01:30:00,4735.760,4738.135,4734.162,4738.135,0
2026-05-12 01:35:00,4738.483,4738.483,4726.312,4727.348,0
2026-05-12 01:40:00,4728.722,4731.488,4721.881,4725.431,0
2026-05-12 01:45:00,4723.991,4730.533,4721.881,4729.878,0
2026-05-12 01:50:00,4728.882,4731.648,4727.909,4728.547,0
2026-05-12 01:55:00,4728.572,4729.440,4725.309,4725.509,0
2026-05-12 02:00:00,4725.530,4729.983,4725.228,4729.008,0
2026-05-12 02:05:00,4729.125,4729.895,4726.791,4729.710,0
2026-05-12 02:10:00,4729.461,4733.056,4727.909,4731.042,0
2026-05-12 02:15:00,4732.207,4732.608,4728.245,4728.685,0
2026-05-12 02:20:00,4729.505,4729.698,4726.345,4728.504,0
2026-05-12 02:25:00,4727.849,4730.020,4725.577,4725.577,0
2026-05-12 02:30:00,4725.238,4728.856,4723.889,4724.486,0
2026-05-12 02:35:00,4725.627,4728.985,4725.201,4726.372,0
2026-05-12 02:40:00,4726.821,4731.012,4725.256,4730.007,0
2026-05-12 02:45:00,4727.551,4733.457,4726.568,4728.625,0
2026-05-12 02:50:00,4729.102,4731.702,4727.892,4731.636,0
2026-05-12 02:55:00,4731.535,4732.635,4731.390,4731.961,0
2026-05-12 03:00:00,4731.930,4733.464,4729.474,4730.884,0
2026-05-12 03:05:00,4729.735,4730.286,4728.120,4729.267,0
2026-05-12 03:10:00,4728.869,4731.550,4727.883,4731.044,0
2026-05-12 03:15:00,4730.407,4731.892,4726.997,4727.258,0
2026-05-12 03:20:00,4727.586,4729.474,4724.085,4726.840,0
2026-05-12 03:25:00,4726.552,4726.552,4722.920,4723.954,0
2026-05-12 03:30:00,4724.328,4726.140,4723.442,4725.338,0
2026-05-12 03:35:00,4725.640,4726.939,4725.492,4726.739,0
2026-05-12 03:40:00,4726.476,4727.292,4725.401,4727.025,0
2026-05-12 03:45:00,4726.732,4726.732,4719.560,4722.143,0
2026-05-12 03:50:00,4721.832,4723.097,4719.627,4722.823,0
2026-05-12 03:55:00,4722.344,4722.344,4718.861,4720.139,0
2026-05-12 04:00:00,4719.938,4721.432,4719.207,4720.999,0
2026-05-12 04:05:00,4721.067,4722.327,4720.990,4721.906,0
2026-05-12 04:10:00,4721.854,4722.328,4721.700,4721.700,0
2026-05-12 04:15:00,4721.533,4729.909,4720.983,4727.717,0
2026-05-12 04:20:00,4728.476,4729.698,4724.849,4725.515,0
2026-05-12 04:25:00,4726.576,4728.132,4723.997,4725.190,0
2026-05-12 04:30:00,4724.951,4725.693,4722.009,4723.878,0
2026-05-12 04:35:00,4723.793,4725.816,4723.219,4725.098,0
2026-05-12 04:40:00,4725.656,4725.898,4724.558,4725.512,0
2026-05-12 04:45:00,4725.410,4725.451,4719.661,4719.838,0
2026-05-12 04:50:00,4720.140,4722.773,4715.137,4715.665,0
2026-05-12 04:55:00,4716.726,4718.094,4711.967,4714.956,0
2026-05-12 05:00:00,4716.051,4718.302,4712.313,4717.886,0
2026-05-12 05:05:00,4716.986,4718.516,4710.942,4711.704,0
2026-05-12 05:10:00,4712.781,4715.647,4709.604,4711.467,0
2026-05-12 05:15:00,4710.583,4716.558,4709.872,4714.142,0
2026-05-12 05:20:00,4714.174,4716.705,4714.064,4714.988,0
2026-05-12 05:25:00,4715.194,4715.869,4713.720,4715.390,0
2026-05-12 05:30:00,4715.282,4720.607,4712.437,4716.938,0
2026-05-12 05:35:00,4719.500,4719.875,4713.957,4716.422,0
2026-05-12 05:40:00,4715.574,4716.651,4714.090,4715.739,0
2026-05-12 05:45:00,4715.461,4716.193,4713.840,4715.967,0
2026-05-12 05:50:00,4715.584,4715.584,4713.094,4714.093,0
2026-05-12 05:55:00,4714.497,4720.463,4707.960,4716.383,0
2026-05-12 06:00:00,4717.639,4720.500,4706.797,4706.834,0
2026-05-12 06:05:00,4706.790,4708.439,4705.057,4706.007,0
2026-05-12 06:10:00,4705.506,4707.431,4703.917,4704.443,0
2026-05-12 06:15:00,4705.011,4706.298,4702.075,4706.085,0
2026-05-12 06:20:00,4705.705,4705.705,4698.745,4698.979,0
2026-05-12 06:25:00,4699.329,4702.784,4695.845,4697.769,0
2026-05-12 06:30:00,4697.262,4702.655,4695.020,4701.564,0
2026-05-12 06:35:00,4699.410,4706.739,4698.365,4700.294,0
2026-05-12 06:40:00,4700.221,4703.669,4700.132,4700.413,0
2026-05-12 06:45:00,4700.237,4705.401,4700.132,4701.322,0
2026-05-12 06:50:00,4702.793,4703.448,4696.278,4698.529,0
2026-05-12 06:55:00,4697.985,4698.806,4695.247,4698.171,0
2026-05-12 07:00:00,4697.364,4698.606,4691.644,4692.618,0
2026-05-12 07:05:00,4693.909,4695.056,4689.347,4692.705,0
2026-05-12 07:10:00,4691.438,4697.316,4690.212,4695.921,0
2026-05-12 07:15:00,4696.609,4698.484,4694.568,4698.096,0
2026-05-12 07:20:00,4697.251,4698.967,4696.159,4698.900,0
2026-05-12 07:25:00,4698.780,4699.027,4697.394,4697.680,0
2026-05-12 07:30:00,4698.007,4698.751,4696.244,4698.382,0
2026-05-12 07:35:00,4697.440,4701.149,4696.600,4700.677,0
2026-05-12 07:40:00,4699.837,4702.760,4697.847,4702.470,0
2026-05-12 07:45:00,4702.000,4702.000,4698.804,4698.839,0
2026-05-12 07:50:00,4698.860,4701.176,4697.092,4700.330,0
2026-05-12 07:55:00,4700.555,4704.198,4699.836,4700.783,0
2026-05-12 08:00:00,4702.762,4705.634,4697.387,4705.634,0
2026-05-12 08:05:00,4705.618,4705.661,4702.769,4702.769,0
2026-05-12 08:10:00,4702.541,4704.962,4699.696,4700.993,0
2026-05-12 08:15:00,4700.961,4702.280,4698.249,4699.578,0
2026-05-12 08:20:00,4698.777,4703.345,4698.144,4703.246,0
2026-05-12 08:25:00,4703.214,4703.669,4702.558,4702.925,0
2026-05-12 08:30:00,4703.286,4703.971,4701.740,4703.104,0
2026-05-12 08:35:00,4702.437,4702.677,4698.769,4700.221,0
2026-05-12 08:40:00,4699.815,4701.035,4698.806,4699.997,0
2026-05-12 08:45:00,4699.868,4705.078,4699.027,4703.425,0
2026-05-12 08:50:00,4703.916,4704.380,4702.943,4703.519,0
2026-05-12 08:55:00,4703.634,4704.333,4702.891,4703.847,0
2026-05-12 09:00:00,4703.783,4704.227,4700.353,4702.168,0
2026-05-12 09:05:00,4702.056,4702.121,4699.484,4699.552,0
2026-05-12 09:10:00,4699.636,4701.231,4698.460,4698.759,0
2026-05-12 09:15:00,4698.612,4700.756,4698.251,4700.527,0
2026-05-12 09:20:00,4700.121,4701.523,4698.586,4700.993,0
2026-05-12 09:25:00,4699.620,4703.254,4699.027,4699.895,0
2026-05-12 09:30:00,4699.410,4703.193,4698.806,4703.044,0
2026-05-12 09:35:00,4702.762,4703.229,4699.285,4700.072,0
2026-05-12 09:40:00,4699.683,4701.764,4697.287,4698.397,0
2026-05-12 09:45:00,4700.316,4701.015,4694.332,4699.595,0
2026-05-12 09:50:00,4699.194,4701.060,4696.600,4698.552,0
2026-05-12 09:55:00,4699.290,4699.757,4696.900,4699.563,0
2026-05-12 10:00:00,4699.001,4703.449,4697.924,4702.533,0
2026-05-12 10:05:00,4702.421,4707.509,4702.203,4707.427,0
2026-05-12 10:10:00,4707.294,4707.876,4704.929,4705.180,0
2026-05-12 10:15:00,4705.648,4708.060,4699.636,4701.514,0
2026-05-12 10:20:00,4701.141,4702.365,4700.353,4701.614,0
2026-05-12 10:25:00,4701.430,4702.342,4700.346,4701.706,0
2026-05-12 10:30:00,4701.190,4701.795,4693.580,4693.580,0
2026-05-12 10:35:00,4693.768,4695.535,4690.677,4691.672,0
2026-05-12 10:40:00,4693.004,4694.839,4686.475,4689.815,0
2026-05-12 10:45:00,4690.360,4692.473,4690.212,4690.684,0
2026-05-12 10:50:00,4690.498,4693.879,4690.442,4693.735,0
2026-05-12 10:55:00,4693.466,4693.869,4691.147,4692.164,0
2026-05-12 11:00:00,4692.291,4696.053,4690.802,4691.650,0
2026-05-12 11:05:00,4691.007,4691.781,4686.188,4689.147,0
2026-05-12 11:10:00,4689.731,4695.261,4686.574,4691.796,0
2026-05-12 11:15:00,4692.127,4697.298,4690.744,4695.290,0
2026-05-12 11:20:00,4695.743,4697.949,4693.892,4694.472,0
2026-05-12 11:25:00,4695.417,4699.085,4693.672,4698.553,0
2026-05-12 11:30:00,4697.564,4701.144,4694.615,4698.968,0
2026-05-12 11:35:00,4699.377,4703.385,4697.370,4700.804,0
2026-05-12 11:40:00,4701.324,4705.563,4700.573,4705.190,0
2026-05-12 11:45:00,4704.715,4706.682,4703.602,4705.462,0
2026-05-12 11:50:00,4703.925,4707.829,4703.669,4705.738,0
2026-05-12 11:55:00,4705.604,4708.361,4705.604,4707.512,0
2026-05-12 12:00:00,4707.786,4708.320,4704.724,4704.929,0
2026-05-12 12:05:00,4705.225,4705.882,4699.662,4699.712,0
2026-05-12 12:10:00,4699.720,4705.657,4699.554,4705.168,0
2026-05-12 12:15:00,4703.871,4707.021,4703.094,4703.431,0
2026-05-12 12:20:00,4704.163,4708.640,4700.017,4700.582,0
2026-05-12 12:25:00,4701.400,4704.554,4696.508,4696.530,0
2026-05-12 12:30:00,4696.499,4697.703,4691.633,4695.249,0
2026-05-12 12:35:00,4694.681,4701.332,4692.412,4700.622,0
2026-05-12 12:40:00,4698.813,4707.118,4698.586,4707.011,0
2026-05-12 12:45:00,4706.801,4709.328,4701.015,4706.549,0
2026-05-12 12:50:00,4707.301,4711.125,4705.652,4709.276,0
2026-05-12 12:55:00,4709.646,4710.981,4702.439,4702.720,0
2026-05-12 13:00:00,4703.307,4708.830,4697.605,4699.582,0
2026-05-12 13:05:00,4703.228,4706.104,4694.606,4694.636,0
2026-05-12 13:10:00,4694.751,4695.529,4689.283,4690.209,0
2026-05-12 13:15:00,4691.597,4693.954,4680.861,4685.869,0
2026-05-12 13:20:00,4683.566,4694.807,4681.648,4694.412,0
2026-05-12 13:25:00,4694.303,4695.954,4690.432,4691.670,0
2026-05-12 13:30:00,4692.238,4693.734,4686.683,4687.162,0
2026-05-12 13:35:00,4688.181,4695.810,4684.590,4695.573,0
2026-05-12 13:40:00,4694.961,4700.524,4690.872,4700.291,0
2026-05-12 13:45:00,4700.200,4700.353,4691.975,4692.637,0
2026-05-12 13:50:00,4694.132,4696.379,4688.855,4692.388,0
2026-05-12 13:55:00,4690.648,4693.298,4678.729,4680.131,0
2026-05-12 14:00:00,4682.050,4691.082,4676.568,4690.754,0
2026-05-12 14:05:00,4690.150,4691.667,4684.499,4690.776,0
2026-05-12 14:10:00,4690.192,4693.876,4687.573,4693.758,0
2026-05-12 14:15:00,4693.348,4695.773,4687.763,4690.147,0
2026-05-12 14:20:00,4689.280,4689.772,4687.383,4688.191,0
2026-05-12 14:25:00,4688.194,4689.332,4683.707,4684.155,0
2026-05-12 14:30:00,4684.873,4686.914,4676.576,4676.576,0
2026-05-12 14:35:00,4676.806,4685.994,4676.394,4685.757,0
2026-05-12 14:40:00,4685.735,4686.036,4682.744,4685.822,0
2026-05-12 14:45:00,4685.693,4686.069,4679.682,4682.195,0
2026-05-12 14:50:00,4681.851,4681.851,4673.810,4676.653,0
2026-05-12 14:55:00,4676.406,4676.406,4671.298,4671.298,0
2026-05-12 15:00:00,4671.644,4674.645,4668.898,4671.763,0
2026-05-12 15:05:00,4670.657,4672.427,4666.148,4670.686,0
2026-05-12 15:10:00,4671.056,4673.079,4666.123,4669.404,0
2026-05-12 15:15:00,4666.821,4667.111,4661.174,4661.174,0
2026-05-12 15:20:00,4661.192,4663.744,4642.105,4642.514,0
2026-05-12 15:25:00,4643.250,4655.927,4641.664,4653.766,0
2026-05-12 15:30:00,4653.232,4662.058,4649.865,4661.767,0
2026-05-12 15:35:00,4660.977,4666.377,4657.445,4665.827,0
2026-05-12 15:40:00,4665.057,4667.009,4662.657,4665.385,0
2026-05-12 15:45:00,4665.201,4668.029,4662.874,4666.571,0
2026-05-12 15:50:00,4666.083,4667.229,4665.019,4667.146,0
2026-05-12 15:55:00,4667.121,4669.467,4666.138,4667.202,0
2026-05-12 16:00:00,4667.589,4670.846,4664.056,4670.846,0
2026-05-12 16:05:00,4670.798,4671.634,4669.288,4669.301,0
2026-05-12 16:10:00,4669.293,4672.464,4668.329,4672.192,0
2026-05-12 16:15:00,4671.830,4674.230,4669.964,4672.649,0
2026-05-12 16:20:00,4673.632,4673.771,4668.084,4668.478,0
2026-05-12 16:25:00,4669.083,4671.151,4666.692,4669.018,0
2026-05-12 16:30:00,4668.983,4668.983,4666.659,4667.535,0
2026-05-12 16:35:00,4667.414,4670.191,4666.573,4669.311,0
2026-05-12 16:40:00,4669.316,4672.084,4668.836,4670.390,0
2026-05-12 16:45:00,4669.714,4670.739,4667.574,4667.574,0
2026-05-12 16:50:00,4667.456,4671.416,4667.445,4669.837,0
2026-05-12 16:55:00,4670.783,4673.800,4668.279,4672.569,0
2026-05-12 17:00:00,4673.157,4677.178,4672.024,4676.902,0
2026-05-12 17:05:00,4676.350,4679.119,4674.645,4678.082,0
2026-05-12 17:10:00,4678.348,4679.019,4676.304,4677.805,0
2026-05-12 17:15:00,4676.371,4680.329,4676.371,4680.311,0
2026-05-12 17:20:00,4680.266,4680.792,4679.869,4680.671,0
2026-05-12 17:25:00,4680.476,4682.306,4679.828,4680.327,0
2026-05-12 17:30:00,4681.392,4681.429,4678.179,4678.918,0
2026-05-12 17:35:00,4678.790,4679.019,4677.315,4678.015,0
2026-05-12 17:40:00,4677.404,4680.053,4677.404,4679.624,0
2026-05-12 17:45:00,4678.730,4680.129,4678.363,4679.165,0
2026-05-12 17:50:00,4678.993,4679.687,4678.340,4679.493,0
2026-05-12 17:55:00,4679.200,4679.895,4678.667,4678.758,0
2026-05-12 18:00:00,4678.890,4685.663,4677.370,4680.008,0
2026-05-12 18:05:00,4680.015,4682.963,4677.722,4679.242,0
2026-05-12 18:10:00,4678.310,4681.576,4677.925,4680.677,0
2026-05-12 18:15:00,4679.850,4682.201,4679.019,4682.050,0
2026-05-12 18:20:00,4681.732,4683.770,4681.210,4683.770,0
2026-05-12 18:25:00,4683.734,4687.647,4682.893,4687.543,0
2026-05-12 18:30:00,4687.318,4689.852,4684.556,4689.778,0
2026-05-12 18:35:00,4689.680,4692.516,4688.452,4692.369,0
2026-05-12 18:40:00,4692.160,4696.868,4691.624,4696.511,0
2026-05-12 18:45:00,4695.708,4696.951,4691.820,4693.212,0
2026-05-12 18:50:00,4692.209,4697.393,4691.691,4697.325,0
2026-05-12 18:55:00,4697.223,4697.636,4694.395,4696.316,0
2026-05-12 19:00:00,4696.927,4698.637,4694.838,4697.481,0
2026-05-12 19:05:00,4698.035,4699.440,4695.515,4699.406,0
2026-05-12 19:10:00,4699.283,4703.292,4698.416,4702.899,0
2026-05-12 19:15:00,4702.322,4702.413,4699.464,4702.038,0
2026-05-12 19:20:00,4701.043,4703.097,4700.794,4702.746,0
2026-05-12 19:25:00,4702.018,4704.333,4701.015,4703.795,0
2026-05-12 19:30:00,4703.806,4708.318,4703.669,4708.034,0
2026-05-12 19:35:00,4707.307,4710.771,4705.661,4710.173,0
2026-05-12 19:40:00,4709.752,4709.752,4707.740,4709.545,0
2026-05-12 19:45:00,4709.499,4710.443,4708.763,4710.443,0
2026-05-12 19:50:00,4710.420,4713.026,4708.838,4712.312,0
2026-05-12 19:55:00,4710.724,4714.778,4710.094,4714.633,0
2026-05-12 20:00:00,4714.211,4718.209,4712.246,4714.155,0
2026-05-12 20:05:00,4714.619,4717.426,4712.937,4712.937,0
2026-05-12 20:10:00,4712.984,4714.246,4712.980,4713.609,0
2026-05-12 20:15:00,4713.919,4716.788,4712.989,4716.391,0
2026-05-12 20:20:00,4715.692,4715.692,4712.735,4712.743,0
2026-05-12 20:25:00,4712.953,4713.895,4712.757,4713.248,0
2026-05-12 20:30:00,4713.247,4714.976,4713.067,4714.870,0
2026-05-12 20:35:00,4714.642,4714.642,4713.366,4714.066,0
2026-05-12 20:40:00,4714.057,4715.291,4713.479,4715.004,0
2026-05-12 20:45:00,4714.538,4715.635,4712.669,4715.453,0
2026-05-12 20:50:00,4715.213,4715.883,4713.646,4714.083,0
2026-05-12 20:55:00,4713.985,4715.309,4713.982,4715.309,0
2026-05-12 21:00:00,4715.188,4715.503,4714.535,4715.182,0
2026-05-12 21:05:00,4715.181,4715.457,4715.135,4715.223,0
2026-05-12 21:10:00,4715.290,4715.497,4715.202,4715.359,0
2026-05-12 21:15:00,4715.291,4715.584,4715.202,4715.424,0
2026-05-12 21:20:00,4715.311,4715.538,4715.250,4715.306,0
2026-05-12 21:25:00,4715.305,4715.424,4715.202,4715.226,0
2026-05-12 21:30:00,4715.283,4715.508,4715.202,4715.409,0
2026-05-12 21:35:00,4715.310,4715.440,4715.104,4715.328,0
2026-05-12 21:40:00,4715.230,4715.453,4714.979,4715.364,0
2026-05-12 21:45:00,4715.213,4715.391,4714.979,4715.319,0
2026-05-12 21:50:00,4715.213,4715.483,4714.979,4715.424,0
2026-05-12 21:55:00,4715.305,4715.322,4714.979,4715.224,0
2026-05-12 22:00:00,4715.142,4718.900,4713.686,4717.998,0
2026-05-12 22:05:00,4716.104,4719.399,4714.235,4714.877,0
2026-05-12 22:10:00,4716.168,4718.762,4713.646,4714.606,0
2026-05-12 22:15:00,4714.589,4716.457,4714.414,4716.157,0
2026-05-12 22:20:00,4715.320,4719.448,4714.535,4717.190,0
2026-05-12 22:25:00,4718.017,4718.762,4715.002,4716.202,0
2026-05-12 22:30:00,4715.742,4719.716,4715.202,4719.716,0
2026-05-12 22:35:00,4719.681,4719.681,4715.529,4718.842,0
2026-05-12 22:40:00,4718.831,4719.053,4715.828,4715.939,0
2026-05-12 22:45:00,4716.028,4718.151,4716.028,4717.465,0
2026-05-12 22:50:00,4717.575,4721.458,4717.204,4720.950,0
2026-05-12 22:55:00,4719.638,4721.755,4717.334,4717.523,0
2026-05-12 23:00:00,4717.853,4719.866,4716.759,4719.310,0
2026-05-12 23:05:00,4718.442,4722.323,4717.871,4722.034,0
2026-05-12 23:10:00,4721.659,4723.796,4718.146,4718.889,0
2026-05-12 23:15:00,4719.885,4721.435,4717.936,4719.894,0
2026-05-12 23:20:00,4719.744,4721.662,4717.881,4721.043,0
2026-05-12 23:25:00,4720.210,4723.479,4719.207,4721.356,0
2026-05-12 23:30:00,4721.179,4721.240,4720.098,4720.485,0
2026-05-12 23:35:00,4720.870,4721.502,4717.858,4720.992,0
2026-05-12 23:40:00,4719.961,4721.435,4718.539,4719.103,0
2026-05-12 23:45:00,4719.409,4722.075,4716.772,4717.019,0
2026-05-12 23:50:00,4717.331,4721.212,4715.603,4718.155,0
2026-05-12 23:55:00,4717.891,4719.301,4715.983,4718.265,0
2026-05-13 00:00:00,4718.198,4723.707,4716.315,4722.877,0
2026-05-13 00:05:00,4720.974,4725.959,4716.981,4722.640,0
2026-05-13 00:10:00,4723.089,4724.112,4721.602,4721.735,0
2026-05-13 00:15:00,4721.921,4724.909,4721.212,4724.730,0
2026-05-13 00:20:00,4724.535,4726.438,4721.660,4726.223,0
2026-05-13 00:25:00,4725.936,4725.936,4721.789,4722.014,0
2026-05-13 00:30:00,4722.373,4724.112,4720.359,4720.523,0
2026-05-13 00:35:00,4720.796,4721.792,4718.895,4719.365,0
2026-05-13 00:40:00,4719.194,4723.666,4718.984,4723.174,0
2026-05-13 00:45:00,4722.053,4722.489,4717.871,4718.366,0
2026-05-13 00:50:00,4718.335,4720.276,4715.820,4716.905,0
2026-05-13 00:55:00,4717.822,4719.099,4715.477,4718.487,0
2026-05-13 01:00:00,4717.419,4717.419,4711.295,4711.987,0
2026-05-13 01:05:00,4711.719,4712.419,4708.559,4711.721,0
2026-05-13 01:10:00,4710.341,4715.257,4708.985,4711.990,0
2026-05-13 01:15:00,4713.810,4715.202,4706.246,4706.264,0
2026-05-13 01:20:00,4706.400,4709.424,4706.129,4709.344,0
2026-05-13 01:25:00,4709.211,4709.939,4704.128,4704.286,0
2026-05-13 01:30:00,4704.483,4705.218,4702.533,4704.451,0
2026-05-13 01:35:00,4704.419,4705.744,4703.005,4704.188,0
2026-05-13 01:40:00,4705.083,4709.424,4704.997,4709.400,0
2026-05-13 01:45:00,4709.345,4709.904,4707.268,4709.222,0
2026-05-13 01:50:00,4708.267,4710.348,4707.047,4707.047,0
2026-05-13 01:55:00,4707.048,4708.763,4701.941,4702.156,0
2026-05-13 02:00:00,4702.440,4706.814,4701.678,4706.659,0
2026-05-13 02:05:00,4706.206,4707.245,4699.884,4700.184,0
2026-05-13 02:10:00,4700.715,4703.476,4699.836,4703.310,0
2026-05-13 02:15:00,4702.998,4703.005,4700.262,4700.280,0
2026-05-13 02:20:00,4700.391,4703.030,4700.353,4702.832,0
2026-05-13 02:25:00,4702.571,4704.156,4699.177,4699.309,0
2026-05-13 02:30:00,4699.504,4702.342,4696.568,4697.198,0
2026-05-13 02:35:00,4697.005,4697.178,4695.681,4697.006,0
2026-05-13 02:40:00,4696.897,4698.280,4695.036,4695.521,0
2026-05-13 02:45:00,4696.475,4697.261,4694.172,4695.357,0
2026-05-13 02:50:00,4694.626,4696.793,4692.580,4692.667,0
2026-05-13 02:55:00,4692.794,4693.463,4689.259,4692.641,0
2026-05-13 03:00:00,4692.319,4692.912,4688.564,4689.040,0
2026-05-13 03:05:00,4689.821,4693.293,4689.772,4690.765,0
2026-05-13 03:10:00,4691.406,4693.642,4690.111,4693.487,0
2026-05-13 03:15:00,4693.279,4694.417,4691.532,4691.711,0
2026-05-13 03:20:00,4691.594,4695.998,4691.532,4694.871,0
2026-05-13 03:25:00,4694.811,4700.361,4694.811,4699.604,0
2026-05-13 03:30:00,4698.150,4703.956,4697.924,4703.218,0
2026-05-13 03:35:00,4701.388,4705.674,4701.015,4705.540,0
2026-05-13 03:40:00,4705.274,4705.274,4704.046,4704.195,0
2026-05-13 03:45:00,4704.389,4704.554,4702.797,4702.839,0
2026-05-13 03:50:00,4702.847,4704.111,4697.657,4698.057,0
2026-05-13 03:55:00,4698.891,4700.132,4695.436,4695.458,0
2026-05-13 04:00:00,4695.490,4698.015,4695.413,4696.608,0
2026-05-13 04:05:00,4697.437,4698.614,4696.656,4698.199,0
2026-05-13 04:10:00,4697.452,4698.419,4696.820,4698.286,0
2026-05-13 04:15:00,4698.215,4701.942,4697.703,4701.523,0
2026-05-13 04:20:00,4700.994,4702.949,4699.469,4702.890,0
2026-05-13 04:25:00,4702.851,4703.068,4700.794,4701.443,0
2026-05-13 04:30:00,4700.987,4702.664,4700.794,4701.285,0
2026-05-13 04:35:00,4701.362,4702.342,4698.775,4699.974,0
2026-05-13 04:40:00,4699.338,4700.573,4697.345,4699.363,0
2026-05-13 04:45:00,4698.961,4700.966,4698.144,4700.657,0
2026-05-13 04:50:00,4699.986,4702.537,4699.027,4700.364,0
2026-05-13 04:55:00,4700.017,4701.275,4699.486,4699.486,0
2026-05-13 05:00:00,4699.358,4704.640,4699.229,4703.775,0
2026-05-13 05:05:00,4702.486,4706.122,4700.573,4705.040,0
2026-05-13 05:10:00,4705.463,4707.745,4703.558,4705.129,0
2026-05-13 05:15:00,4705.332,4706.768,4701.892,4702.117,0
2026-05-13 05:20:00,4702.410,4703.822,4701.259,4701.866,0
2026-05-13 05:25:00,4703.207,4703.448,4698.712,4698.743,0
2026-05-13 05:30:00,4698.775,4701.474,4695.772,4700.874,0
2026-05-13 05:35:00,4700.033,4702.012,4695.718,4700.161,0
2026-05-13 05:40:00,4700.201,4702.755,4698.861,4698.970,0
2026-05-13 05:45:00,4699.130,4700.132,4697.913,4699.380,0
2026-05-13 05:50:00,4698.891,4699.762,4697.482,4698.092,0
2026-05-13 05:55:00,4699.183,4704.681,4698.934,4703.917,0
2026-05-13 06:00:00,4702.232,4707.442,4701.457,4703.502,0
2026-05-13 06:05:00,4704.411,4711.514,4704.411,4711.148,0
2026-05-13 06:10:00,4710.674,4712.304,4708.320,4710.236,0
2026-05-13 06:15:00,4710.809,4714.885,4709.423,4714.704,0
2026-05-13 06:20:00,4714.673,4717.083,4708.997,4708.997,0
2026-05-13 06:25:00,4709.116,4710.735,4707.691,4709.153,0
2026-05-13 06:30:00,4708.467,4710.608,4707.655,4710.211,0
2026-05-13 06:35:00,4709.132,4712.255,4708.763,4709.957,0
2026-05-13 06:40:00,4710.022,4713.353,4710.022,4711.154,0
2026-05-13 06:45:00,4711.449,4713.424,4707.876,4708.775,0
2026-05-13 06:50:00,4708.330,4708.985,4704.775,4704.789,0
2026-05-13 06:55:00,4704.691,4705.006,4700.060,4700.319,0
2026-05-13 07:00:00,4699.998,4703.952,4698.518,4703.862,0
2026-05-13 07:05:00,4704.237,4704.237,4698.504,4698.561,0
2026-05-13 07:10:00,4698.624,4703.000,4697.073,4702.714,0
2026-05-13 07:15:00,4702.128,4706.469,4702.121,4706.038,0
2026-05-13 07:20:00,4704.921,4708.039,4704.760,4704.897,0
2026-05-13 07:25:00,4705.172,4708.228,4705.172,4708.199,0
2026-05-13 07:30:00,4708.112,4708.112,4705.066,4706.107,0
2026-05-13 07:35:00,4705.901,4707.646,4704.314,4704.522,0
2026-05-13 07:40:00,4704.864,4705.068,4703.397,4703.552,0
2026-05-13 07:45:00,4704.008,4705.309,4702.115,4702.620,0
2026-05-13 07:50:00,4703.667,4704.075,4701.172,4702.717,0
2026-05-13 07:55:00,4702.991,4703.858,4701.935,4702.230,0
2026-05-13 08:00:00,4702.924,4704.461,4701.598,4703.564,0
2026-05-13 08:05:00,4703.848,4703.848,4699.548,4700.784,0
2026-05-13 08:10:00,4700.302,4701.457,4700.132,4700.596,0
2026-05-13 08:15:00,4700.459,4700.671,4699.001,4699.620,0
2026-05-13 08:20:00,4699.525,4700.116,4699.054,4699.771,0
2026-05-13 08:25:00,4699.733,4699.733,4695.589,4695.610,0
2026-05-13 08:30:00,4695.528,4698.038,4694.435,4697.070,0
2026-05-13 08:35:00,4696.519,4699.608,4696.452,4698.751,0
2026-05-13 08:40:00,4698.111,4698.942,4695.913,4696.206,0
2026-05-13 08:45:00,4696.780,4698.290,4695.471,4698.194,0
2026-05-13 08:50:00,4697.998,4699.037,4696.887,4698.996,0
2026-05-13 08:55:00,4698.784,4702.059,4697.207,4701.974,0
2026-05-13 09:00:00,4701.822,4702.485,4699.469,4700.913,0
2026-05-13 09:05:00,4699.999,4701.236,4697.590,4699.554,0
2026-05-13 09:10:00,4699.531,4699.897,4695.555,4697.039,0
2026-05-13 09:15:00,4696.749,4697.261,4691.412,4691.412,0
2026-05-13 09:20:00,4691.407,4691.915,4686.746,4687.296,0
2026-05-13 09:25:00,4688.093,4692.363,4686.694,4690.008,0
2026-05-13 09:30:00,4691.028,4691.092,4687.573,4690.533,0
2026-05-13 09:35:00,4690.292,4692.212,4688.017,4690.236,0
2026-05-13 09:40:00,4690.639,4694.156,4690.432,4693.735,0
2026-05-13 09:45:00,4692.923,4695.732,4692.795,4695.215,0
2026-05-13 09:50:00,4694.231,4697.891,4694.175,4697.388,0
2026-05-13 09:55:00,4697.368,4699.938,4697.148,4699.467,0
2026-05-13 10:00:00,4699.307,4700.760,4699.140,4700.643,0
2026-05-13 10:05:00,4700.375,4708.004,4698.734,4706.703,0
2026-05-13 10:10:00,4704.381,4708.213,4703.890,4704.218,0
2026-05-13 10:15:00,4704.651,4704.651,4701.134,4702.110,0
2026-05-13 10:20:00,4701.974,4705.445,4700.794,4703.898,0
2026-05-13 10:25:00,4705.180,4705.218,4699.666,4699.763,0
2026-05-13 10:30:00,4700.056,4701.182,4696.315,4696.622,0
2026-05-13 10:35:00,4697.034,4697.261,4696.159,4696.181,0
2026-05-13 10:40:00,4696.216,4696.820,4694.949,4695.254,0
2026-05-13 10:45:00,4695.837,4696.122,4694.118,4695.750,0
2026-05-13 10:50:00,4694.998,4696.379,4694.998,4695.710,0
2026-05-13 10:55:00,4695.665,4696.206,4694.297,4694.636,0
2026-05-13 11:00:00,4695.322,4695.496,4691.463,4691.766,0
2026-05-13 11:05:00,4692.516,4695.065,4692.192,4694.746,0
2026-05-13 11:10:00,4694.300,4697.809,4694.175,4695.733,0
2026-05-13 11:15:00,4696.468,4700.448,4696.379,4697.637,0
2026-05-13 11:20:00,4697.657,4700.140,4697.482,4700.140,0
2026-05-13 11:25:00,4699.900,4700.353,4698.024,4699.110,0
2026-05-13 11:30:00,4699.028,4702.429,4698.677,4699.987,0
2026-05-13 11:35:00,4700.505,4704.333,4700.132,4703.890,0
2026-05-13 11:40:00,4703.664,4704.848,4701.361,4703.049,0
2026-05-13 11:45:00,4702.772,4704.875,4702.467,4703.620,0
2026-05-13 11:50:00,4703.768,4703.768,4700.929,4700.950,0
2026-05-13 11:55:00,4700.957,4701.015,4697.792,4699.300,0
2026-05-13 12:00:00,4699.121,4699.248,4696.356,4697.813,0
2026-05-13 12:05:00,4698.077,4700.609,4697.703,4700.578,0
2026-05-13 12:10:00,4700.590,4700.590,4696.080,4696.293,0
2026-05-13 12:15:00,4696.558,4698.926,4690.799,4692.997,0
2026-05-13 12:20:00,4692.825,4693.073,4688.013,4689.213,0
2026-05-13 12:25:00,4689.031,4689.332,4684.889,4685.045,0
2026-05-13 12:30:00,4685.285,4685.562,4678.421,4678.677,0
2026-05-13 12:35:00,4678.820,4684.823,4678.800,4679.141,0
2026-05-13 12:40:00,4679.235,4683.298,4678.185,4678.964,0
2026-05-13 12:45:00,4680.109,4685.156,4676.940,4682.233,0
2026-05-13 12:50:00,4682.126,4684.413,4680.042,4682.269,0
2026-05-13 12:55:00,4682.180,4684.413,4678.094,4684.281,0
2026-05-13 13:00:00,4684.248,4688.987,4681.996,4688.293,0
2026-05-13 13:05:00,4688.322,4688.966,4686.996,4687.498,0
2026-05-13 13:10:00,4688.381,4689.701,4686.255,4689.300,0
2026-05-13 13:15:00,4688.774,4691.169,4687.254,4690.448,0
2026-05-13 13:20:00,4689.495,4693.961,4688.892,4693.645,0
2026-05-13 13:25:00,4693.214,4694.543,4689.923,4689.938,0
2026-05-13 13:30:00,4689.946,4690.301,4684.629,4685.600,0
2026-05-13 13:35:00,4687.095,4687.573,4674.734,4675.059,0
2026-05-13 13:40:00,4675.647,4682.045,4674.023,4681.871,0
2026-05-13 13:45:00,4681.759,4682.086,4671.249,4671.519,0
2026-05-13 13:50:00,4671.960,4680.194,4669.467,4679.107,0
2026-05-13 13:55:00,4676.617,4682.878,4676.617,4682.247,0
2026-05-13 14:00:00,4681.867,4681.867,4673.835,4676.424,0
2026-05-13 14:05:00,4676.392,4679.258,4675.521,4679.199,0
2026-05-13 14:10:00,4679.048,4681.882,4678.421,4681.760,0
2026-05-13 14:15:00,4681.512,4681.512,4675.026,4675.477,0
2026-05-13 14:20:00,4676.330,4678.836,4674.997,4678.578,0
2026-05-13 14:25:00,4677.925,4684.565,4676.045,4683.824,0
2026-05-13 14:30:00,4683.960,4688.642,4683.761,4688.268,0
2026-05-13 14:35:00,4688.256,4690.870,4685.959,4685.974,0
2026-05-13 14:40:00,4686.049,4687.587,4685.615,4687.294,0
2026-05-13 14:45:00,4687.384,4687.384,4677.980,4682.389,0
2026-05-13 14:50:00,4682.409,4682.409,4678.798,4681.635,0
2026-05-13 14:55:00,4681.494,4681.843,4680.147,4680.560,0
2026-05-13 15:00:00,4680.793,4685.998,4679.916,4685.838,0
2026-05-13 15:05:00,4685.568,4687.971,4681.692,4687.440,0
2026-05-13 15:10:00,4686.602,4689.772,4686.255,4687.599,0
2026-05-13 15:15:00,4687.448,4688.452,4686.184,4686.220,0
2026-05-13 15:20:00,4686.339,4689.564,4686.255,4689.372,0
2026-05-13 15:25:00,4688.943,4690.979,4687.369,4690.622,0
2026-05-13 15:30:00,4689.923,4694.676,4688.313,4693.673,0
2026-05-13 15:35:00,4691.240,4698.432,4691.240,4698.342,0
2026-05-13 15:40:00,4698.214,4699.436,4698.139,4699.307,0
2026-05-13 15:45:00,4699.271,4699.379,4697.486,4697.722,0
2026-05-13 15:50:00,4698.144,4699.448,4695.696,4695.696,0
2026-05-13 15:55:00,4695.691,4697.394,4695.260,4695.455,0
2026-05-13 16:00:00,4695.787,4699.207,4694.263,4699.065,0
2026-05-13 16:05:00,4699.044,4699.945,4697.924,4699.811,0
2026-05-13 16:10:00,4699.733,4701.839,4698.478,4700.892,0
2026-05-13 16:15:00,4700.298,4703.203,4700.052,4700.456,0
2026-05-13 16:20:00,4700.463,4706.444,4698.840,4705.190,0
2026-05-13 16:25:00,4703.576,4708.866,4702.563,4708.653,0
2026-05-13 16:30:00,4708.593,4710.190,4703.813,4703.849,0
2026-05-13 16:35:00,4703.862,4704.111,4702.784,4702.803,0
2026-05-13 16:40:00,4702.744,4703.549,4700.510,4701.318,0
2026-05-13 16:45:00,4701.276,4701.457,4699.547,4700.669,0
2026-05-13 16:50:00,4700.589,4700.589,4696.419,4696.739,0
2026-05-13 16:55:00,4697.245,4697.261,4696.035,4696.129,0
2026-05-13 17:00:00,4696.219,4698.628,4695.193,4698.452,0
2026-05-13 17:05:00,4698.315,4699.628,4697.261,4699.560,0
2026-05-13 17:10:00,4699.403,4700.264,4699.248,4700.164,0
2026-05-13 17:15:00,4699.808,4700.353,4697.469,4698.477,0
2026-05-13 17:20:00,4698.058,4701.032,4697.924,4699.409,0
2026-05-13 17:25:00,4701.116,4701.116,4697.383,4698.662,0
2026-05-13 17:30:00,4698.035,4699.027,4692.788,4693.778,0
2026-05-13 17:35:00,4695.539,4695.718,4690.748,4692.190,0
2026-05-13 17:40:00,4692.170,4693.302,4691.001,4692.326,0
2026-05-13 17:45:00,4692.065,4693.860,4691.145,4691.396,0
2026-05-13 17:50:00,4691.579,4691.752,4689.812,4691.659,0
2026-05-13 17:55:00,4691.705,4691.752,4685.879,4687.783,0
2026-05-13 18:00:00,4687.553,4688.760,4684.958,4688.600,0
2026-05-13 18:05:00,4688.587,4691.419,4688.163,4691.023,0
2026-05-13 18:10:00,4690.322,4692.161,4690.212,4692.053,0
2026-05-13 18:15:00,4691.894,4693.874,4690.812,4690.834,0
2026-05-13 18:20:00,4690.789,4690.980,4689.332,4689.606,0
2026-05-13 18:25:00,4689.441,4692.091,4689.332,4692.052,0
2026-05-13 18:30:00,4691.903,4692.261,4690.911,4690.934,0
2026-05-13 18:35:00,4690.957,4691.147,4688.013,4689.548,0
2026-05-13 18:40:00,4689.043,4691.092,4686.817,4687.495,0
2026-05-13 18:45:00,4688.829,4688.892,4680.333,4680.356,0
2026-05-13 18:50:00,4680.220,4685.773,4679.960,4685.082,0
2026-05-13 18:55:00,4684.191,4687.359,4683.621,4685.838,0
2026-05-13 19:00:00,4687.165,4687.165,4684.640,4684.710,0
2026-05-13 19:05:00,4684.771,4686.571,4683.835,4686.351,0
2026-05-13 19:10:00,4685.732,4688.044,4685.264,4687.522,0
2026-05-13 19:15:00,4686.268,4689.702,4686.255,4689.697,0
2026-05-13 19:20:00,4689.570,4689.772,4688.121,4689.725,0
2026-05-13 19:25:00,4689.451,4689.772,4687.070,4687.319,0
2026-05-13 19:30:00,4687.785,4688.377,4685.554,4685.890,0
2026-05-13 19:35:00,4686.317,4688.071,4684.413,4687.902,0
2026-05-13 19:40:00,4687.646,4688.707,4687.573,4688.214,0
2026-05-13 19:45:00,4688.110,4689.212,4688.013,4689.112,0
2026-05-13 19:50:00,4689.083,4689.159,4684.500,4684.621,0
2026-05-13 19:55:00,4685.032,4688.806,4684.938,4688.411,0
2026-05-13 20:00:00,4687.703,4688.799,4686.502,4686.944,0
2026-05-13 20:05:00,4686.871,4689.054,4686.735,4688.943,0
2026-05-13 20:10:00,4688.723,4690.837,4688.672,4690.733,0
2026-05-13 20:15:00,4690.546,4690.927,4690.432,4690.695,0
2026-05-13 20:20:00,4690.517,4692.635,4690.445,4692.364,0
2026-05-13 20:25:00,4691.616,4693.317,4691.616,4692.006,0
2026-05-13 20:30:00,4692.109,4692.192,4689.736,4689.871,0
2026-05-13 20:35:00,4690.073,4691.302,4689.627,4691.196,0
2026-05-13 20:40:00,4691.090,4691.692,4690.212,4690.497,0
2026-05-13 20:45:00,4690.456,4690.536,4689.251,4689.253,0
2026-05-13 20:50:00,4689.244,4689.451,4688.134,4688.408,0
2026-05-13 20:55:00,4688.919,4689.321,4687.973,4688.610,0
2026-05-13 21:00:00,4688.761,4689.418,4679.895,4679.930,0
2026-05-13 21:05:00,4679.853,4687.495,4679.052,4686.419,0
2026-05-13 21:10:00,4683.743,4688.727,4683.743,4688.702,0
2026-05-13 21:15:00,4688.602,4688.901,4688.536,4688.568,0
2026-05-13 21:20:00,4688.631,4688.788,4688.611,4688.611,0
2026-05-13 21:25:00,4688.634,4688.843,4688.408,4688.766,0
2026-05-13 21:30:00,4688.659,4688.740,4688.353,4688.652,0
2026-05-13 21:35:00,4688.515,4688.790,4688.161,4688.202,0
2026-05-13 21:40:00,4688.212,4688.818,4688.013,4688.615,0
2026-05-13 21:45:00,4688.642,4688.920,4688.567,4688.636,0
2026-05-13 21:50:00,4688.693,4688.772,4688.610,4688.712,0
2026-05-13 21:55:00,4688.624,4688.832,4688.554,4688.609,0
2026-05-13 22:00:00,4688.622,4693.614,4688.452,4693.480,0
2026-05-13 22:05:00,4693.396,4693.514,4691.190,4691.746,0
2026-05-13 22:10:00,4692.475,4692.853,4689.619,4691.030,0
2026-05-13 22:15:00,4690.855,4696.333,4689.545,4693.624,0
2026-05-13 22:20:00,4694.296,4695.866,4694.175,4695.494,0
2026-05-13 22:25:00,4695.020,4697.223,4694.836,4696.237,0
2026-05-13 22:30:00,4696.357,4698.144,4696.357,4696.584,0
2026-05-13 22:35:00,4696.535,4698.831,4696.158,4698.679,0
2026-05-13 22:40:00,4698.621,4700.153,4698.586,4700.009,0
2026-05-13 22:45:00,4699.648,4700.193,4697.157,4697.247,0
2026-05-13 22:50:00,4697.500,4700.505,4697.482,4700.487,0
2026-05-13 22:55:00,4700.431,4700.431,4699.690,4700.343,0
2026-05-13 23:00:00,4700.297,4700.970,4699.461,4699.709,0
2026-05-13 23:05:00,4700.173,4701.330,4699.027,4701.226,0
2026-05-13 23:10:00,4701.118,4702.329,4701.015,4702.221,0
2026-05-13 23:15:00,4701.999,4701.999,4700.521,4700.567,0
2026-05-13 23:20:00,4700.718,4701.100,4700.326,4700.500,0
2026-05-13 23:25:00,4700.796,4700.796,4697.323,4697.330,0
2026-05-13 23:30:00,4697.326,4697.326,4695.264,4695.527,0
2026-05-13 23:35:00,4696.019,4696.379,4695.201,4696.320,0
2026-05-13 23:40:00,4696.226,4697.775,4695.782,4695.998,0
2026-05-13 23:45:00,4696.244,4696.379,4693.893,4695.629,0
2026-05-13 23:50:00,4695.243,4695.243,4693.734,4694.871,0
2026-05-13 23:55:00,4694.397,4696.865,4694.395,4696.639,0
2026-05-14 00:00:00,4696.080,4698.144,4690.994,4691.642,0
2026-05-14 00:05:00,4692.687,4695.074,4690.872,4693.360,0
2026-05-14 00:10:00,4693.083,4697.525,4693.083,4697.476,0
2026-05-14 00:15:00,4697.341,4708.162,4694.701,4706.905,0
2026-05-14 00:20:00,4703.983,4704.775,4700.132,4700.163,0
2026-05-14 00:25:00,4700.349,4701.840,4700.349,4700.597,0
2026-05-14 00:30:00,4700.792,4703.181,4698.724,4698.811,0
2026-05-14 00:35:00,4698.929,4699.906,4695.157,4696.290,0
2026-05-14 00:40:00,4696.085,4698.327,4693.699,4696.957,0
2026-05-14 00:45:00,4694.030,4703.838,4693.954,4703.669,0
2026-05-14 00:50:00,4703.438,4704.830,4700.274,4700.466,0
2026-05-14 00:55:00,4700.724,4705.435,4700.114,4704.506,0
2026-05-14 01:00:00,4702.438,4709.048,4696.515,4697.154,0
2026-05-14 01:05:00,4697.991,4698.586,4688.319,4690.637,0
2026-05-14 01:10:00,4690.376,4692.467,4687.131,4687.281,0
2026-05-14 01:15:00,4687.620,4693.986,4687.573,4693.806,0
2026-05-14 01:20:00,4693.216,4693.734,4689.332,4691.032,0
2026-05-14 01:25:00,4691.261,4694.025,4691.261,4694.000,0
2026-05-14 01:30:00,4693.872,4694.027,4690.493,4692.058,0
2026-05-14 01:35:00,4691.978,4694.659,4688.279,4688.582,0
2026-05-14 01:40:00,4689.201,4690.216,4685.596,4687.407,0
2026-05-14 01:45:00,4685.977,4694.048,4685.977,4694.048,0
2026-05-14 01:50:00,4694.005,4696.144,4686.404,4687.221,0
2026-05-14 01:55:00,4686.897,4688.839,4685.712,4685.853,0
2026-05-14 02:00:00,4686.017,4692.894,4685.816,4692.805,0
2026-05-14 02:05:00,4692.582,4693.678,4690.051,4690.400,0
2026-05-14 02:10:00,4691.080,4691.092,4687.521,4687.626,0
2026-05-14 02:15:00,4687.878,4690.432,4687.793,4690.416,0
2026-05-14 02:20:00,4690.362,4691.278,4690.115,4690.223,0
2026-05-14 02:25:00,4690.520,4693.158,4690.432,4690.774,0
2026-05-14 02:30:00,4691.509,4697.017,4691.092,4696.829,0
2026-05-14 02:35:00,4696.243,4699.939,4695.564,4699.387,0
2026-05-14 02:40:00,4698.290,4698.586,4691.187,4691.375,0
2026-05-14 02:45:00,4691.619,4693.291,4682.647,4683.571,0
2026-05-14 02:50:00,4685.698,4685.765,4682.306,4685.492,0
2026-05-14 02:55:00,4684.919,4687.990,4684.919,4686.653,0
2026-05-14 03:00:00,4687.646,4689.680,4685.727,4689.574,0
2026-05-14 03:05:00,4689.668,4689.668,4683.356,4683.356,0
2026-05-14 03:10:00,4683.349,4685.561,4683.183,4683.218,0
2026-05-14 03:15:00,4683.216,4686.770,4682.608,4686.485,0
2026-05-14 03:20:00,4685.971,4687.850,4682.963,4687.127,0
2026-05-14 03:25:00,4685.279,4692.332,4685.279,4692.256,0
2026-05-14 03:30:00,4692.147,4694.183,4684.955,4685.454,0
2026-05-14 03:35:00,4686.537,4686.537,4680.605,4681.954,0
2026-05-14 03:40:00,4685.013,4685.013,4676.954,4677.387,0
2026-05-14 03:45:00,4678.154,4678.154,4675.261,4675.456,0
2026-05-14 03:50:00,4675.784,4677.149,4675.082,4676.029,0
2026-05-14 03:55:00,4675.922,4675.956,4674.975,4675.845,0
2026-05-14 04:00:00,4675.818,4675.956,4671.526,4674.141,0
2026-05-14 04:05:00,4673.905,4679.347,4672.679,4679.216,0
2026-05-14 04:10:00,4679.026,4681.826,4676.929,4681.302,0
2026-05-14 04:15:00,4680.638,4682.923,4680.333,4682.311,0
2026-05-14 04:20:00,4682.504,4690.332,4682.306,4689.640,0
2026-05-14 04:25:00,4688.695,4704.111,4688.233,4702.570,0
2026-05-14 04:30:00,4702.544,4708.828,4701.942,4708.828,0
2026-05-14 04:35:00,4708.777,4712.738,4707.409,4707.485,0
2026-05-14 04:40:00,4707.592,4707.717,4704.230,4704.273,0
2026-05-14 04:45:00,4704.384,4706.325,4704.111,4706.315,0
2026-05-14 04:50:00,4706.241,4707.109,4704.261,4705.014,0
2026-05-14 04:55:00,4704.394,4706.217,4703.190,4703.204,0
2026-05-14 05:00:00,4703.233,4703.629,4701.015,4701.049,0
2026-05-14 05:05:00,4700.979,4703.450,4700.979,4701.815,0
2026-05-14 05:10:00,4702.097,4703.005,4700.912,4701.314,0
2026-05-14 05:15:00,4701.690,4701.983,4697.942,4698.195,0
2026-05-14 05:20:00,4698.650,4698.650,4697.173,4697.288,0
2026-05-14 05:25:00,4697.603,4699.013,4693.916,4693.956,0
2026-05-14 05:30:00,4693.957,4700.646,4693.369,4700.489,0
2026-05-14 05:35:00,4700.278,4702.111,4697.737,4699.202,0
2026-05-14 05:40:00,4698.477,4700.434,4698.259,4698.501,0
2026-05-14 05:45:00,4698.821,4701.457,4697.924,4700.623,0
2026-05-14 05:50:00,4700.424,4701.242,4699.321,4699.987,0
2026-05-14 05:55:00,4699.960,4699.960,4693.790,4694.700,0
2026-05-14 06:00:00,4696.761,4696.761,4688.248,4691.023,0
2026-05-14 06:05:00,4690.501,4694.122,4690.212,4690.687,0
2026-05-14 06:10:00,4691.251,4691.251,4687.281,4687.289,0
2026-05-14 06:15:00,4687.329,4688.491,4687.329,4687.379,0
2026-05-14 06:20:00,4687.429,4690.808,4687.354,4690.373,0
2026-05-14 06:25:00,4690.209,4692.762,4689.527,4692.649,0
2026-05-14 06:30:00,4692.489,4694.426,4691.371,4694.349,0
2026-05-14 06:35:00,4694.239,4695.038,4692.286,4692.637,0
2026-05-14 06:40:00,4693.319,4695.720,4690.263,4695.449,0
2026-05-14 06:45:00,4694.766,4700.353,4693.164,4699.668,0
2026-05-14 06:50:00,4699.519,4700.905,4697.041,4700.829,0
2026-05-14 06:55:00,4700.720,4701.050,4699.212,4700.589,0
2026-05-14 07:00:00,4700.156,4703.371,4695.871,4699.742,0
2026-05-14 07:05:00,4700.946,4701.457,4696.820,4699.891,0
2026-05-14 07:10:00,4699.723,4700.844,4696.102,4696.158,0
2026-05-14 07:15:00,4696.231,4699.194,4695.171,4698.279,0
2026-05-14 07:20:00,4698.259,4699.675,4696.379,4699.534,0
2026-05-14 07:25:00,4699.263,4705.833,4699.248,4705.641,0
2026-05-14 07:30:00,4705.603,4709.595,4700.732,4709.371,0
2026-05-14 07:35:00,4708.872,4717.478,4708.700,4714.692,0
2026-05-14 07:40:00,4715.127,4715.202,4709.731,4712.092,0
2026-05-14 07:45:00,4712.583,4713.402,4704.012,4704.080,0
2026-05-14 07:50:00,4704.077,4705.485,4696.940,4701.273,0
2026-05-14 07:55:00,4701.105,4702.305,4693.821,4694.191,0
2026-05-14 08:00:00,4694.957,4700.260,4691.461,4699.697,0
2026-05-14 08:05:00,4699.460,4699.690,4697.413,4699.265,0
2026-05-14 08:10:00,4699.215,4699.765,4696.820,4699.510,0
2026-05-14 08:15:00,4699.086,4701.196,4696.625,4700.371,0
2026-05-14 08:20:00,4700.280,4700.794,4698.954,4699.026,0
2026-05-14 08:25:00,4699.188,4704.167,4699.188,4703.219,0
2026-05-14 08:30:00,4703.120,4704.507,4701.747,4702.674,0
2026-05-14 08:35:00,4703.108,4706.567,4702.121,4703.709,0
2026-05-14 08:40:00,4704.962,4705.661,4696.904,4697.378,0
2026-05-14 08:45:00,4698.270,4698.365,4695.167,4695.240,0
2026-05-14 08:50:00,4695.294,4695.822,4694.395,4695.459,0
2026-05-14 08:55:00,4695.300,4696.699,4694.025,4694.413,0
2026-05-14 09:00:00,4694.613,4694.613,4692.479,4692.492,0
2026-05-14 09:05:00,4692.490,4696.251,4690.785,4695.723,0
2026-05-14 09:10:00,4694.514,4696.159,4694.514,4695.468,0
2026-05-14 09:15:00,4695.334,4696.222,4693.379,4695.608,0
2026-05-14 09:20:00,4695.602,4696.285,4693.984,4694.343,0
2026-05-14 09:25:00,4694.979,4695.056,4692.192,4692.600,0
2026-05-14 09:30:00,4692.974,4693.913,4689.862,4693.401,0
2026-05-14 09:35:00,4692.404,4694.637,4689.421,4689.587,0
2026-05-14 09:40:00,4690.177,4696.912,4689.772,4696.800,0
2026-05-14 09:45:00,4696.576,4699.917,4695.387,4699.596,0
2026-05-14 09:50:00,4699.173,4701.457,4698.861,4699.035,0
2026-05-14 09:55:00,4699.316,4701.130,4698.704,4700.422,0
2026-05-14 10:00:00,4700.770,4700.794,4698.668,4699.553,0
2026-05-14 10:05:00,4699.207,4700.367,4699.027,4699.148,0
2026-05-14 10:10:00,4699.259,4707.504,4697.026,4697.217,0
2026-05-14 10:15:00,4697.516,4697.639,4695.598,4697.418,0
2026-05-14 10:20:00,4697.125,4698.134,4694.713,4697.481,0
2026-05-14 10:25:00,4696.547,4698.253,4694.454,4696.650,0
2026-05-14 10:30:00,4696.450,4697.703,4696.129,4696.752,0
2026-05-14 10:35:00,4696.471,4697.261,4695.291,4695.412,0
2026-05-14 10:40:00,4695.591,4695.616,4693.030,4693.239,0
2026-05-14 10:45:00,4693.499,4694.175,4692.692,4693.134,0
2026-05-14 10:50:00,4693.102,4696.180,4692.057,4694.829,0
2026-05-14 10:55:00,4693.094,4697.083,4691.972,4696.729,0
2026-05-14 11:00:00,4696.605,4697.261,4695.510,4695.728,0
2026-05-14 11:05:00,4696.117,4696.967,4693.825,4696.426,0
2026-05-14 11:10:00,4695.132,4697.759,4695.132,4696.741,0
2026-05-14 11:15:00,4697.030,4697.703,4695.398,4695.398,0
2026-05-14 11:20:00,4695.391,4696.870,4694.034,4694.383,0
2026-05-14 11:25:00,4694.932,4695.056,4689.690,4693.258,0
2026-05-14 11:30:00,4693.035,4694.342,4691.312,4693.766,0
2026-05-14 11:35:00,4692.599,4695.364,4692.412,4694.887,0
2026-05-14 11:40:00,4693.720,4696.820,4693.720,4695.608,0
2026-05-14 11:45:00,4695.647,4699.296,4695.419,4699.163,0
2026-05-14 11:50:00,4698.882,4703.018,4698.586,4702.690,0
2026-05-14 11:55:00,4702.248,4705.080,4697.825,4697.825,0
2026-05-14 12:00:00,4697.826,4701.987,4693.022,4697.008,0
2026-05-14 12:05:00,4696.776,4699.018,4694.713,4698.798,0
2026-05-14 12:10:00,4698.417,4702.374,4696.333,4701.884,0
2026-05-14 12:15:00,4701.269,4703.005,4699.556,4699.664,0
2026-05-14 12:20:00,4699.828,4706.325,4698.603,4706.307,0
2026-05-14 12:25:00,4706.134,4706.325,4703.448,4703.504,0
2026-05-14 12:30:00,4703.461,4707.067,4702.027,4706.360,0
2026-05-14 12:35:00,4704.865,4708.729,4704.775,4705.367,0
2026-05-14 12:40:00,4705.362,4706.929,4701.231,4702.134,0
2026-05-14 12:45:00,4703.834,4703.890,4697.703,4701.486,0
2026-05-14 12:50:00,4700.831,4704.399,4700.573,4704.016,0
2026-05-14 12:55:00,4703.299,4705.800,4702.603,4705.185,0
2026-05-14 13:00:00,4704.118,4705.878,4697.408,4697.564,0
2026-05-14 13:05:00,4697.819,4701.756,4696.682,4701.616,0
2026-05-14 13:10:00,4701.419,4704.362,4701.419,4704.087,0
2026-05-14 13:15:00,4703.587,4704.314,4694.722,4696.412,0
2026-05-14 13:20:00,4700.341,4700.341,4691.971,4692.112,0
2026-05-14 13:25:00,4692.637,4698.280,4690.742,4690.937,0
2026-05-14 13:30:00,4691.277,4691.312,4682.294,4685.598,0
2026-05-14 13:35:00,4686.474,4686.694,4682.098,4683.068,0
2026-05-14 13:40:00,4682.453,4683.726,4670.080,4674.423,0
2026-05-14 13:45:00,4673.539,4687.112,4673.116,4686.746,0
2026-05-14 13:50:00,4686.003,4689.772,4682.874,4684.424,0
2026-05-14 13:55:00,4683.832,4685.071,4681.702,4683.586,0
2026-05-14 14:00:00,4683.474,4687.793,4674.058,4687.784,0
2026-05-14 14:05:00,4687.716,4687.793,4682.359,4682.812,0
2026-05-14 14:10:00,4683.400,4689.262,4683.400,4689.123,0
2026-05-14 14:15:00,4688.934,4693.920,4687.773,4693.624,0
2026-05-14 14:20:00,4693.030,4699.551,4693.030,4696.535,0
2026-05-14 14:25:00,4698.036,4698.036,4690.412,4690.434,0
2026-05-14 14:30:00,4690.446,4692.523,4688.377,4688.692,0
2026-05-14 14:35:00,4689.309,4689.332,4687.706,4689.134,0
2026-05-14 14:40:00,4689.034,4691.532,4687.776,4688.495,0
2026-05-14 14:45:00,4689.456,4689.992,4686.879,4687.469,0
2026-05-14 14:50:00,4687.337,4689.408,4685.326,4686.054,0
2026-05-14 14:55:00,4687.178,4688.255,4684.077,4684.734,0
2026-05-14 15:00:00,4686.096,4686.096,4679.065,4681.272,0
2026-05-14 15:05:00,4681.365,4682.574,4679.238,4682.502,0
2026-05-14 15:10:00,4682.424,4685.750,4681.940,4685.414,0
2026-05-14 15:15:00,4684.868,4688.260,4684.718,4687.893,0
2026-05-14 15:20:00,4687.072,4688.233,4685.133,4685.174,0
2026-05-14 15:25:00,4685.154,4688.528,4684.607,4687.475,0
2026-05-14 15:30:00,4688.366,4688.366,4686.036,4687.513,0
2026-05-14 15:35:00,4687.133,4688.682,4686.248,4686.345,0
2026-05-14 15:40:00,4686.455,4686.694,4682.191,4682.253,0
2026-05-14 15:45:00,4682.386,4682.806,4681.443,4682.485,0
2026-05-14 15:50:00,4682.068,4684.890,4681.867,4684.631,0
2026-05-14 15:55:00,4684.293,4686.130,4684.060,4685.682,0
2026-05-14 16:00:00,4685.782,4686.110,4679.806,4680.255,0
2026-05-14 16:05:00,4681.129,4681.210,4675.425,4675.425,0
2026-05-14 16:10:00,4675.755,4678.746,4675.300,4678.548,0
2026-05-14 16:15:00,4678.283,4680.591,4678.144,4680.547,0
2026-05-14 16:20:00,4680.475,4681.186,4678.075,4678.233,0
2026-05-14 16:25:00,4678.483,4678.483,4676.394,4676.645,0
2026-05-14 16:30:00,4676.723,4677.706,4674.476,4674.932,0
2026-05-14 16:35:00,4675.842,4675.842,4671.587,4673.694,0
2026-05-14 16:40:00,4673.355,4675.401,4673.116,4675.210,0
2026-05-14 16:45:00,4675.227,4676.518,4673.802,4676.409,0
2026-05-14 16:50:00,4676.253,4678.427,4674.606,4678.139,0
2026-05-14 16:55:00,4677.766,4678.819,4676.386,4678.131,0
2026-05-14 17:00:00,4677.430,4681.314,4677.268,4681.169,0
2026-05-14 17:05:00,4680.964,4682.223,4680.964,4681.881,0
2026-05-14 17:10:00,4681.730,4681.730,4679.829,4679.832,0
2026-05-14 17:15:00,4679.822,4680.437,4679.143,4679.997,0
2026-05-14 17:20:00,4680.128,4682.308,4678.049,4681.854,0
2026-05-14 17:25:00,4681.898,4682.629,4680.159,4682.369,0
2026-05-14 17:30:00,4682.098,4682.098,4677.163,4678.395,0
2026-05-14 17:35:00,4678.081,4679.596,4677.925,4679.271,0
2026-05-14 17:40:00,4679.250,4681.343,4679.109,4681.249,0
2026-05-14 17:45:00,4681.210,4681.306,4680.552,4680.555,0
2026-05-14 17:50:00,4680.372,4680.990,4679.417,4679.559,0
2026-05-14 17:55:00,4679.735,4679.895,4678.196,4678.730,0
2026-05-14 18:00:00,4678.591,4680.469,4670.298,4670.651,0
2026-05-14 18:05:00,4671.151,4673.733,4669.665,4673.641,0
2026-05-14 18:10:00,4673.435,4673.879,4671.710,4673.468,0
2026-05-14 18:15:00,4672.826,4675.614,4672.679,4675.408,0
2026-05-14 18:20:00,4675.060,4676.055,4674.830,4674.841,0
2026-05-14 18:25:00,4674.896,4675.545,4673.650,4673.739,0
2026-05-14 18:30:00,4673.836,4674.724,4673.235,4673.423,0
2026-05-14 18:35:00,4673.422,4674.009,4671.038,4671.298,0
2026-05-14 18:40:00,4671.789,4671.893,4669.200,4669.546,0
2026-05-14 18:45:00,4670.025,4670.278,4668.013,4669.764,0
2026-05-14 18:50:00,4669.688,4670.709,4669.115,4669.142,0
2026-05-14 18:55:00,4669.097,4671.487,4669.012,4671.107,0
2026-05-14 19:00:00,4670.067,4671.771,4669.070,4669.191,0
2026-05-14 19:05:00,4669.360,4669.406,4667.339,4668.667,0
2026-05-14 19:10:00,4668.321,4669.285,4667.722,4667.904,0
2026-05-14 19:15:00,4668.168,4668.316,4667.414,4667.414,0
2026-05-14 19:20:00,4667.428,4668.369,4667.328,4667.483,0
2026-05-14 19:25:00,4667.484,4670.260,4667.445,4667.577,0
2026-05-14 19:30:00,4667.690,4667.990,4662.657,4662.711,0
2026-05-14 19:35:00,4662.525,4664.691,4659.937,4660.553,0
2026-05-14 19:40:00,4661.872,4661.872,4656.446,4656.654,0
2026-05-14 19:45:00,4656.972,4657.011,4653.816,4654.047,0
2026-05-14 19:50:00,4654.114,4658.080,4654.114,4658.031,0
2026-05-14 19:55:00,4657.914,4659.562,4654.738,4655.079,0
2026-05-14 20:00:00,4654.859,4658.213,4651.777,4653.094,0
2026-05-14 20:05:00,4654.925,4655.927,4649.688,4651.516,0
2026-05-14 20:10:00,4651.198,4652.536,4650.282,4650.506,0
2026-05-14 20:15:00,4650.908,4651.122,4649.329,4649.834,0
2026-05-14 20:20:00,4649.661,4650.310,4648.986,4649.329,0
2026-05-14 20:25:00,4649.260,4649.433,4647.488,4648.196,0
2026-05-14 20:30:00,4648.072,4648.580,4647.811,4647.929,0
2026-05-14 20:35:00,4647.944,4649.168,4645.005,4645.747,0
2026-05-14 20:40:00,4647.116,4652.279,4645.084,4650.916,0
2026-05-14 20:45:00,4651.165,4652.042,4650.893,4651.247,0
2026-05-14 20:50:00,4651.880,4651.880,4650.081,4650.957,0
2026-05-14 20:55:00,4650.577,4652.147,4650.157,4651.912,0
2026-05-14 21:00:00,4651.647,4652.199,4651.304,4651.963,0
2026-05-14 21:05:00,4651.990,4652.162,4651.945,4652.051,0
2026-05-14 21:10:00,4651.993,4652.164,4651.914,4652.055,0
2026-05-14 21:15:00,4651.952,4652.138,4651.812,4652.059,0
2026-05-14 21:20:00,4651.997,4652.213,4651.712,4651.975,0
2026-05-14 21:25:00,4652.003,4652.162,4651.935,4652.034,0
2026-05-14 21:30:00,4651.983,4652.132,4651.712,4652.034,0
2026-05-14 21:35:00,4651.925,4652.184,4651.812,4652.034,0
2026-05-14 21:40:00,4651.963,4652.268,4651.812,4651.918,0
2026-05-14 21:45:00,4651.997,4652.178,4651.882,4652.093,0
2026-05-14 21:50:00,4651.998,4652.199,4651.840,4652.101,0
2026-05-14 21:55:00,4652.015,4652.164,4651.812,4652.028,0
2026-05-14 22:00:00,4651.957,4653.209,4648.777,4652.554,0
2026-05-14 22:05:00,4651.424,4657.039,4651.163,4655.502,0
2026-05-14 22:10:00,4655.695,4657.612,4654.302,4654.467,0
2026-05-14 22:15:00,4654.900,4659.136,4654.843,4658.580,0
2026-05-14 22:20:00,4657.239,4659.451,4657.239,4658.242,0
2026-05-14 22:25:00,4658.328,4659.395,4657.738,4659.128,0
2026-05-14 22:30:00,4658.776,4663.180,4657.762,4660.548,0
2026-05-14 22:35:00,4660.966,4662.135,4659.558,4659.963,0
2026-05-14 22:40:00,4659.504,4662.777,4659.378,4662.617,0
2026-05-14 22:45:00,4662.332,4662.332,4661.268,4661.359,0
2026-05-14 22:50:00,4661.341,4662.179,4660.701,4661.893,0
2026-05-14 22:55:00,4661.487,4662.753,4661.353,4662.380,0
2026-05-14 23:00:00,4662.480,4662.863,4661.017,4662.710,0
2026-05-14 23:05:00,4662.370,4663.309,4661.661,4662.568,0
2026-05-14 23:10:00,4662.339,4662.439,4660.043,4660.488,0
2026-05-14 23:15:00,4661.135,4661.353,4657.879,4659.687,0
2026-05-14 23:20:00,4659.566,4659.774,4656.541,4656.541,0
2026-05-14 23:25:00,4656.600,4662.837,4656.361,4662.834,0
2026-05-14 23:30:00,4662.698,4664.832,4653.263,4653.663,0
2026-05-14 23:35:00,4654.461,4654.461,4649.865,4652.587,0
2026-05-14 23:40:00,4652.196,4656.690,4652.196,4656.336,0
2026-05-14 23:45:00,4655.596,4657.268,4652.334,4652.660,0
2026-05-14 23:50:00,4653.467,4655.161,4652.451,4654.139,0
2026-05-14 23:55:00,4654.187,4654.187,4649.217,4650.575,0
2026-05-15 00:00:00,4650.296,4651.741,4646.869,4651.683,0
2026-05-15 00:05:00,4651.594,4652.947,4648.121,4649.456,0
2026-05-15 00:10:00,4648.707,4651.594,4647.056,4648.644,0
2026-05-15 00:15:00,4647.649,4655.710,4647.056,4654.155,0
2026-05-15 00:20:00,4653.954,4653.977,4645.847,4646.309,0
2026-05-15 00:25:00,4646.918,4654.069,4631.354,4632.210,0
2026-05-15 00:30:00,4631.953,4631.989,4623.712,4623.914,0
2026-05-15 00:35:00,4624.181,4625.641,4621.175,4624.982,0
2026-05-15 00:40:00,4623.797,4623.850,4614.178,4617.812,0
2026-05-15 00:45:00,4615.572,4626.171,4615.572,4626.135,0
2026-05-15 00:50:00,4625.921,4630.718,4618.602,4618.756,0
2026-05-15 00:55:00,4619.010,4627.941,4618.938,4626.212,0
2026-05-15 01:00:00,4622.351,4629.201,4622.138,4629.178,0
2026-05-15 01:05:00,4628.262,4629.844,4613.028,4614.080,0
2026-05-15 01:10:00,4613.741,4615.127,4609.384,4612.758,0
2026-05-15 01:15:00,4610.498,4618.543,4607.007,4617.784,0
2026-05-15 01:20:00,4617.905,4621.408,4616.223,4618.065,0
2026-05-15 01:25:00,4618.379,4621.211,4610.112,4611.029,0
2026-05-15 01:30:00,4612.242,4613.905,4606.997,4613.710,0
2026-05-15 01:35:00,4613.257,4619.392,4612.710,4615.786,0
2026-05-15 01:40:00,4615.608,4621.933,4615.608,4621.835,0
2026-05-15 01:45:00,4621.689,4623.275,4615.991,4616.150,0
2026-05-15 01:50:00,4616.570,4617.232,4609.566,4609.723,0
2026-05-15 01:55:00,4609.981,4615.336,4607.524,4614.991,0
2026-05-15 02:00:00,4614.306,4615.568,4611.354,4613.265,0
2026-05-15 02:05:00,4612.407,4617.408,4612.121,4615.417,0
2026-05-15 02:10:00,4615.962,4617.871,4614.036,4614.058,0
2026-05-15 02:15:00,4613.996,4614.711,4609.981,4614.232,0
2026-05-15 02:20:00,4613.792,4614.716,4613.375,4613.375,0
2026-05-15 02:25:00,4613.340,4614.574,4612.381,4612.716,0
2026-05-15 02:30:00,4613.335,4614.303,4610.845,4611.400,0
2026-05-15 02:35:00,4611.116,4616.066,4611.057,4616.000,0
2026-05-15 02:40:00,4615.831,4616.768,4610.887,4615.955,0
2026-05-15 02:45:00,4614.526,4621.977,4613.392,4614.044,0
2026-05-15 02:50:00,4613.756,4620.406,4613.604,4619.075,0
2026-05-15 02:55:00,4619.452,4622.220,4619.106,4619.879,0
2026-05-15 03:00:00,4621.108,4621.499,4613.514,4614.411,0
2026-05-15 03:05:00,4615.523,4622.904,4615.523,4618.284,0
2026-05-15 03:10:00,4618.306,4619.810,4617.572,4618.117,0
2026-05-15 03:15:00,4618.995,4619.364,4615.165,4615.229,0
2026-05-15 03:20:00,4615.317,4615.625,4611.148,4613.110,0
2026-05-15 03:25:00,4612.455,4614.358,4612.455,4612.840,0
2026-05-15 03:30:00,4613.341,4613.833,4610.139,4610.671,0
2026-05-15 03:35:00,4611.799,4614.949,4609.357,4614.846,0
2026-05-15 03:40:00,4614.686,4617.018,4614.036,4617.007,0
2026-05-15 03:45:00,4616.674,4617.232,4613.532,4614.732,0
2026-05-15 03:50:00,4614.433,4616.636,4614.020,4614.512,0
2026-05-15 03:55:00,4615.395,4616.169,4611.908,4615.925,0
2026-05-15 04:00:00,4615.362,4616.405,4614.011,4614.442,0
2026-05-15 04:05:00,4614.391,4620.680,4614.135,4620.435,0
2026-05-15 04:10:00,4619.721,4620.751,4618.840,4619.124,0
2026-05-15 04:15:00,4619.619,4620.550,4615.581,4616.421,0
2026-05-15 04:20:00,4617.921,4618.084,4609.689,4610.388,0
2026-05-15 04:25:00,4610.158,4612.680,4610.158,4611.652,0
2026-05-15 04:30:00,4611.664,4614.249,4609.826,4614.242,0
2026-05-15 04:35:00,4614.154,4614.443,4611.527,4611.899,0
2026-05-15 04:40:00,4612.667,4613.066,4606.211,4607.203,0
2026-05-15 04:45:00,4609.487,4609.487,4605.907,4608.227,0
2026-05-15 04:50:00,4607.360,4612.629,4606.390,4608.852,0
2026-05-15 04:55:00,4609.366,4609.366,4605.941,4606.672,0
2026-05-15 05:00:00,4606.636,4606.807,4600.320,4600.611,0
2026-05-15 05:05:00,4601.182,4601.182,4593.222,4593.976,0
2026-05-15 05:10:00,4595.121,4595.588,4590.104,4590.170,0
2026-05-15 05:15:00,4590.059,4597.518,4583.352,4584.698,0
2026-05-15 05:20:00,4586.513,4587.998,4579.880,4584.899,0
2026-05-15 05:25:00,4585.712,4588.779,4584.002,4588.292,0
2026-05-15 05:30:00,4587.103,4589.051,4571.737,4573.008,0
2026-05-15 05:35:00,4575.920,4575.920,4566.133,4566.632,0
2026-05-15 05:40:00,4566.384,4573.252,4565.195,4571.738,0
2026-05-15 05:45:00,4572.272,4573.517,4563.593,4566.118,0
2026-05-15 05:50:00,4566.091,4572.119,4564.641,4571.853,0
2026-05-15 05:55:00,4571.171,4571.429,4565.668,4569.570,0
2026-05-15 06:00:00,4567.990,4568.087,4557.842,4562.062,0
2026-05-15 06:05:00,4561.792,4571.187,4561.792,4565.269,0
2026-05-15 06:10:00,4565.490,4571.011,4563.784,4569.125,0
2026-05-15 06:15:00,4569.089,4576.984,4568.713,4576.137,0
2026-05-15 06:20:00,4576.500,4576.890,4574.356,4575.665,0
2026-05-15 06:25:00,4575.784,4576.653,4573.015,4573.418,0
2026-05-15 06:30:00,4574.205,4581.003,4574.147,4580.555,0
2026-05-15 06:35:00,4579.899,4579.899,4570.963,4571.338,0
2026-05-15 06:40:00,4571.728,4573.519,4570.276,4571.544,0
2026-05-15 06:45:00,4571.627,4572.198,4563.887,4565.064,0
2026-05-15 06:50:00,4566.532,4572.389,4566.532,4571.185,0
2026-05-15 06:55:00,4571.660,4571.660,4567.670,4567.674,0
2026-05-15 07:00:00,4567.502,4570.735,4567.461,4570.647,0
2026-05-15 07:05:00,4570.552,4574.484,4569.650,4573.812,0
2026-05-15 07:10:00,4572.937,4584.913,4572.474,4584.400,0
2026-05-15 07:15:00,4583.072,4586.311,4583.072,4585.510,0
2026-05-15 07:20:00,4584.574,4587.395,4583.827,4584.542,0
2026-05-15 07:25:00,4585.807,4585.894,4580.013,4582.312,0
2026-05-15 07:30:00,4582.255,4582.321,4578.537,4578.816,0
2026-05-15 07:35:00,4579.353,4580.858,4576.438,4577.314,0
2026-05-15 07:40:00,4577.269,4577.299,4576.031,4576.035,0
2026-05-15 07:45:00,4575.918,4577.992,4575.403,4576.605,0
2026-05-15 07:50:00,4576.205,4576.986,4570.384,4570.393,0
2026-05-15 07:55:00,4570.397,4572.056,4569.629,4569.783,0
2026-05-15 08:00:00,4570.034,4571.115,4560.319,4560.758,0
2026-05-15 08:05:00,4561.324,4567.250,4559.964,4566.932,0
2026-05-15 08:10:00,4566.565,4566.565,4562.906,4565.102,0
2026-05-15 08:15:00,4565.321,4565.376,4555.742,4555.742,0
2026-05-15 08:20:00,4556.102,4560.266,4552.982,4559.991,0
2026-05-15 08:25:00,4559.637,4560.587,4558.090,4558.871,0
2026-05-15 08:30:00,4558.768,4559.301,4552.241,4553.930,0
2026-05-15 08:35:00,4552.853,4556.746,4552.853,4556.226,0
2026-05-15 08:40:00,4555.075,4561.211,4554.979,4561.192,0
2026-05-15 08:45:00,4561.113,4563.864,4558.880,4561.786,0
2026-05-15 08:50:00,4561.502,4562.090,4558.226,4558.581,0
2026-05-15 08:55:00,4559.117,4559.846,4553.532,4554.086,0
2026-05-15 09:00:00,4554.948,4555.994,4550.216,4554.830,0
2026-05-15 09:05:00,4552.460,4560.493,4552.283,4554.538,0
2026-05-15 09:10:00,4554.555,4556.123,4548.203,4549.836,0
2026-05-15 09:15:00,4549.916,4553.222,4542.609,4545.893,0
2026-05-15 09:20:00,4545.303,4550.569,4545.041,4549.512,0
2026-05-15 09:25:00,4547.008,4553.333,4547.008,4553.320,0
2026-05-15 09:30:00,4553.221,4554.949,4552.215,4554.881,0
2026-05-15 09:35:00,4554.705,4554.771,4546.350,4546.403,0
2026-05-15 09:40:00,4546.460,4548.558,4544.815,4548.558,0
2026-05-15 09:45:00,4549.196,4549.196,4538.867,4539.499,0
2026-05-15 09:50:00,4540.730,4541.508,4534.707,4541.475,0
2026-05-15 09:55:00,4541.271,4545.661,4541.271,4544.770,0
2026-05-15 10:00:00,4544.834,4547.409,4544.628,4546.974,0
2026-05-15 10:05:00,4547.019,4557.714,4546.901,4556.352,0
2026-05-15 10:10:00,4553.636,4561.879,4553.319,4561.846,0
2026-05-15 10:15:00,4561.729,4562.493,4558.508,4558.851,0
2026-05-15 10:20:00,4559.346,4560.795,4556.890,4560.789,0
2026-05-15 10:25:00,4560.706,4560.795,4552.471,4552.827,0
2026-05-15 10:30:00,4553.547,4555.698,4552.283,4555.349,0
2026-05-15 10:35:00,4554.564,4555.729,4552.201,4552.251,0
2026-05-15 10:40:00,4552.424,4554.351,4550.506,4553.235,0
2026-05-15 10:45:00,4552.358,4562.413,4546.880,4562.264,0
2026-05-15 10:50:00,4562.063,4569.983,4559.958,4569.903,0
2026-05-15 10:55:00,4569.788,4572.055,4564.825,4568.815,0
2026-05-15 11:00:00,4568.178,4569.087,4564.513,4564.752,0
2026-05-15 11:05:00,4565.198,4565.198,4561.557,4563.749,0
2026-05-15 11:10:00,4563.626,4567.458,4563.501,4567.268,0
2026-05-15 11:15:00,4566.680,4568.029,4564.626,4566.075,0
2026-05-15 11:20:00,4565.931,4566.210,4563.764,4564.140,0
2026-05-15 11:25:00,4564.044,4564.231,4560.760,4561.112,0
2026-05-15 11:30:00,4561.255,4562.225,4559.519,4559.703,0
2026-05-15 11:35:00,4560.010,4560.010,4555.362,4555.730,0
2026-05-15 11:40:00,4556.444,4556.444,4552.031,4552.192,0
2026-05-15 11:45:00,4552.449,4557.666,4551.725,4557.487,0
2026-05-15 11:50:00,4557.187,4558.260,4554.590,4554.794,0
2026-05-15 11:55:00,4555.152,4555.186,4550.833,4551.872,0
2026-05-15 12:00:00,4551.879,4552.555,4548.065,4551.422,0
2026-05-15 12:05:00,4551.316,4552.779,4549.641,4552.095,0
2026-05-15 12:10:00,4551.971,4555.212,4548.034,4548.941,0
2026-05-15 12:15:00,4550.922,4550.922,4547.315,4547.325,0
2026-05-15 12:20:00,4547.340,4557.677,4546.427,4555.340,0
2026-05-15 12:25:00,4555.593,4556.686,4552.341,4554.996,0
2026-05-15 12:30:00,4555.063,4556.972,4546.236,4552.683,0
2026-05-15 12:35:00,4552.480,4552.705,4548.520,4549.129,0
2026-05-15 12:40:00,4550.160,4550.419,4545.853,4545.853,0
2026-05-15 12:45:00,4545.670,4551.076,4545.661,4551.039,0
2026-05-15 12:50:00,4550.863,4554.923,4548.054,4553.377,0
2026-05-15 12:55:00,4554.115,4554.356,4549.846,4552.520,0
2026-05-15 13:00:00,4552.534,4552.534,4539.548,4543.613,0
2026-05-15 13:05:00,4542.393,4551.540,4539.702,4541.028,0
2026-05-15 13:10:00,4543.489,4545.619,4539.000,4544.882,0
2026-05-15 13:15:00,4543.965,4551.702,4540.864,4551.128,0
2026-05-15 13:20:00,4549.859,4553.582,4549.798,4553.516,0
2026-05-15 13:25:00,4553.407,4556.827,4547.744,4548.481,0
2026-05-15 13:30:00,4550.168,4550.168,4543.565,4543.978,0
2026-05-15 13:35:00,4544.834,4545.038,4527.738,4528.129,0
2026-05-15 13:40:00,4528.918,4530.527,4524.258,4525.757,0
2026-05-15 13:45:00,4527.738,4532.442,4512.329,4524.745,0
2026-05-15 13:50:00,4524.121,4535.078,4523.863,4534.277,0
2026-05-15 13:55:00,4532.794,4539.975,4532.475,4534.425,0
2026-05-15 14:00:00,4535.910,4536.176,4525.667,4529.037,0
2026-05-15 14:05:00,4529.004,4537.493,4527.391,4536.543,0
2026-05-15 14:10:00,4536.236,4546.708,4536.176,4546.643,0
2026-05-15 14:15:00,4546.543,4555.389,4542.977,4554.784,0
2026-05-15 14:20:00,4553.751,4561.285,4553.527,4558.740,0
2026-05-15 14:25:00,4558.588,4560.419,4554.564,4554.600,0
2026-05-15 14:30:00,4554.559,4558.294,4552.970,4555.834,0
2026-05-15 14:35:00,4555.722,4558.918,4554.661,4558.814,0
2026-05-15 14:40:00,4558.639,4558.639,4550.235,4555.736,0
2026-05-15 14:45:00,4555.357,4556.624,4552.059,4552.173,0
2026-05-15 14:50:00,4552.337,4553.179,4547.315,4550.966,0
2026-05-15 14:55:00,4550.197,4566.425,4550.005,4565.858,0
2026-05-15 15:00:00,4564.924,4564.959,4553.182,4553.225,0
2026-05-15 15:05:00,4553.234,4556.826,4553.112,4556.459,0
2026-05-15 15:10:00,4555.971,4558.806,4552.845,4556.010,0
2026-05-15 15:15:00,4554.674,4555.186,4548.159,4549.238,0
2026-05-15 15:20:00,4550.758,4552.188,4546.160,4547.298,0
2026-05-15 15:25:00,4549.922,4549.922,4543.885,4544.962,0
2026-05-15 15:30:00,4544.960,4550.044,4544.628,4547.341,0
2026-05-15 15:35:00,4547.751,4548.953,4543.455,4545.326,0
2026-05-15 15:40:00,4544.671,4545.287,4541.614,4542.037,0
2026-05-15 15:45:00,4542.851,4542.851,4540.298,4541.979,0
2026-05-15 15:50:00,4541.415,4542.151,4537.808,4538.220,0
2026-05-15 15:55:00,4539.082,4539.082,4533.040,4533.960,0
2026-05-15 16:00:00,4535.217,4541.164,4535.186,4535.696,0
2026-05-15 16:05:00,4536.738,4536.793,4530.173,4530.173,0
2026-05-15 16:10:00,4530.675,4533.007,4530.011,4530.626,0
2026-05-15 16:15:00,4530.414,4533.978,4530.414,4533.678,0
2026-05-15 16:20:00,4533.075,4539.313,4533.051,4539.124,0
2026-05-15 16:25:00,4538.680,4540.531,4538.647,4539.701,0
2026-05-15 16:30:00,4539.743,4543.349,4539.471,4541.668,0
2026-05-15 16:35:00,4541.779,4545.179,4541.739,4544.859,0
2026-05-15 16:40:00,4544.719,4546.872,4544.719,4544.873,0
2026-05-15 16:45:00,4544.923,4547.883,4544.835,4546.894,0
2026-05-15 16:50:00,4546.808,4546.901,4543.978,4544.038,0
2026-05-15 16:55:00,4544.053,4544.232,4542.005,4544.214,0
2026-05-15 17:00:00,4544.110,4552.036,4543.970,4549.915,0
2026-05-15 17:05:00,4549.904,4554.454,4549.591,4554.266,0
2026-05-15 17:10:00,4553.701,4558.485,4552.872,4555.618,0
2026-05-15 17:15:00,4555.376,4556.899,4555.281,4556.160,0
2026-05-15 17:20:00,4556.092,4561.590,4555.723,4560.607,0
2026-05-15 17:25:00,4559.059,4564.730,4557.951,4563.533,0
2026-05-15 17:30:00,4560.750,4562.511,4557.909,4558.732,0
2026-05-15 17:35:00,4559.763,4563.373,4559.661,4560.227,0
2026-05-15 17:40:00,4561.242,4563.474,4561.003,4561.946,0
2026-05-15 17:45:00,4561.907,4563.016,4560.446,4562.624,0
2026-05-15 17:50:00,4562.003,4562.003,4559.485,4559.931,0
2026-05-15 17:55:00,4559.785,4560.357,4558.117,4559.588,0
2026-05-15 18:00:00,4559.670,4560.587,4558.716,4558.765,0
2026-05-15 18:05:00,4558.687,4560.645,4556.992,4557.250,0
2026-05-15 18:10:00,4557.667,4561.544,4556.609,4560.940,0
2026-05-15 18:15:00,4559.768,4562.616,4555.144,4555.645,0
2026-05-15 18:20:00,4556.295,4559.504,4554.979,4558.999,0
2026-05-15 18:25:00,4557.709,4559.896,4556.751,4557.983,0
2026-05-15 18:30:00,4557.792,4558.378,4553.708,4555.272,0
2026-05-15 18:35:00,4554.983,4557.112,4554.979,4556.829,0
2026-05-15 18:40:00,4556.215,4558.637,4556.209,4557.491,0
2026-05-15 18:45:00,4557.376,4560.051,4556.656,4559.789,0
2026-05-15 18:50:00,4559.268,4562.548,4559.132,4562.462,0
2026-05-15 18:55:00,4562.277,4562.277,4559.182,4559.233,0
2026-05-15 19:00:00,4559.253,4559.521,4555.947,4556.347,0
2026-05-15 19:05:00,4556.956,4557.262,4552.577,4553.036,0
2026-05-15 19:10:00,4553.655,4553.941,4550.145,4551.332,0
2026-05-15 19:15:00,4551.233,4552.114,4548.478,4551.425,0
2026-05-15 19:20:00,4549.675,4552.754,4549.675,4551.916,0
2026-05-15 19:25:00,4551.764,4552.076,4549.103,4549.405,0
2026-05-15 19:30:00,4549.068,4553.165,4548.134,4551.318,0
2026-05-15 19:35:00,4551.946,4554.828,4550.419,4554.201,0
2026-05-15 19:40:00,4553.380,4555.258,4552.905,4553.342,0
2026-05-15 19:45:00,4553.331,4554.843,4552.147,4552.159,0
2026-05-15 19:50:00,4552.220,4553.003,4549.033,4549.177,0
2026-05-15 19:55:00,4549.403,4549.403,4545.938,4545.986,0
2026-05-15 20:00:00,4545.969,4547.767,4540.587,4541.175,0
2026-05-15 20:05:00,4542.414,4542.414,4536.133,4538.466,0
2026-05-15 20:10:00,4538.420,4540.264,4537.106,4540.135,0
2026-05-15 20:15:00,4540.151,4540.151,4535.880,4536.121,0
2026-05-15 20:20:00,4536.710,4539.040,4534.124,4536.075,0
2026-05-15 20:25:00,4535.766,4538.036,4535.700,4537.975,0
2026-05-15 20:30:00,4537.797,4543.183,4536.981,4543.157,0
2026-05-15 20:35:00,4542.825,4543.183,4539.925,4540.877,0
2026-05-15 20:40:00,4541.240,4541.240,4539.677,4540.661,0
2026-05-15 20:45:00,4540.115,4541.294,4539.430,4540.076,0
2026-05-15 20:50:00,4539.945,4540.499,4537.542,4538.272,0
2026-05-15 20:55:00,4538.080,4540.198,4538.029,4540.147,0
2026-05-15 21:00:00,4539.891,4540.295,4537.809,4538.100,0
2026-05-15 21:05:00,4538.023,4538.266,4537.617,4537.823,0
2026-05-15 21:10:00,4537.742,4537.915,4537.742,4537.831,0
2026-05-15 21:15:00,4537.749,4537.955,4537.678,4537.730,0
2026-05-15 21:20:00,4537.745,4537.893,4537.719,4537.753,0
2026-05-15 21:25:00,4537.764,4537.964,4537.695,4537.845,0
2026-05-15 21:30:00,4537.760,4537.978,4537.727,4537.907,0
2026-05-15 21:35:00,4537.833,4537.970,4537.689,4537.739,0
2026-05-15 21:40:00,4537.758,4537.905,4537.720,4537.755,0
2026-05-15 21:45:00,4537.762,4537.961,4537.700,4537.845,0
2026-05-15 21:50:00,4537.756,4537.931,4537.752,4537.828,0
2026-05-15 21:55:00,4537.756,4537.898,4537.617,4537.673,0
2026-05-15 22:00:00,4537.697,4537.855,4537.617,4537.716,0
2026-05-15 22:05:00,4537.719,4537.950,4537.617,4537.838,0
2026-05-15 22:10:00,4537.745,4537.934,4537.736,4537.830,0
2026-05-15 22:15:00,4537.761,4537.964,4537.692,4537.734,0
2026-05-15 22:20:00,4537.760,4537.924,4537.709,4537.822,0
2026-05-15 22:25:00,4537.763,4537.964,4537.699,4537.855,0
2026-05-15 22:30:00,4537.760,4537.946,4537.732,4537.824,0
2026-05-15 22:35:00,4537.762,4537.964,4537.689,4537.727,0
2026-05-15 22:40:00,4537.756,4537.930,4537.699,4537.812,0
2026-05-15 22:45:00,4537.761,4537.955,4537.693,4537.852,0
2026-05-15 22:50:00,4537.754,4537.947,4537.722,4537.820,0
2026-05-15 22:55:00,4537.757,4537.961,4537.688,4537.720,0
2026-05-15 23:00:00,4537.752,4537.928,4537.690,4537.804,0
2026-05-15 23:05:00,4537.756,4537.954,4537.693,4537.856,0
2026-05-15 23:10:00,4537.756,4537.951,4537.714,4537.819,0
2026-05-15 23:15:00,4537.757,4537.961,4537.692,4537.719,0
2026-05-15 23:20:00,4537.752,4537.945,4537.693,4537.807,0
2026-05-15 23:25:00,4537.759,4537.946,4537.692,4537.853,0
2026-05-15 23:30:00,4537.752,4537.952,4537.585,4537.770,0
2026-05-15 23:35:00,4537.652,4537.953,4537.617,4537.707,0
2026-05-15 23:40:00,4537.742,4537.941,4537.674,4537.807,0
2026-05-15 23:45:00,4537.750,4537.951,4537.699,4537.865,0
2026-05-15 23:50:00,4537.763,4537.966,4537.709,4537.836,0
2026-05-15 23:55:00,4537.765,4537.953,4537.695,4537.709,0
2026-05-16 00:00:00,4537.744,4537.938,4537.675,4537.807,0
2026-05-16 00:05:00,4537.747,4537.930,4537.695,4537.851,0
2026-05-16 00:10:00,4537.747,4537.953,4537.696,4537.834,0
2026-05-16 00:15:00,4537.757,4537.953,4537.707,4537.715,0
2026-05-16 00:20:00,4537.750,4537.956,4537.681,4537.813,0
2026-05-16 00:25:00,4537.757,4537.920,4537.697,4537.849,0
2026-05-16 00:30:00,4537.745,4537.953,4537.693,4537.851,0
2026-05-16 00:35:00,4537.757,4537.949,4537.715,4537.715,0
2026-05-16 00:40:00,4537.750,4537.958,4537.681,4537.815,0
2026-05-16 00:45:00,4537.757,4537.908,4537.700,4537.844,0
2026-05-16 00:50:00,4537.740,4537.949,4537.688,4537.844,0
2026-05-16 00:55:00,4537.757,4537.941,4537.714,4537.714,0
2026-05-16 01:00:00,4537.748,4537.956,4537.677,4537.816,0
2026-05-16 01:05:00,4537.755,4537.905,4537.709,4537.849,0
2026-05-16 01:10:00,4537.747,4537.949,4537.689,4537.849,0
2026-05-16 01:15:00,4537.756,4537.937,4537.717,4537.717,0
2026-05-16 01:20:00,4537.750,4537.961,4537.686,4537.819,0
2026-05-16 01:25:00,4537.757,4537.892,4537.712,4537.843,0
2026-05-16 01:30:00,4537.743,4537.941,4537.685,4537.851,0
2026-05-16 01:35:00,4537.752,4537.930,4537.719,4537.719,0
2026-05-16 01:40:00,4537.750,4537.961,4537.679,4537.819,0
2026-05-16 01:45:00,4537.753,4537.880,4537.720,4537.839,0
2026-05-16 01:50:00,4537.741,4537.948,4537.686,4537.857,0
2026-05-16 01:55:00,4537.754,4537.920,4537.720,4537.720,0
2026-05-16 02:00:00,4537.748,4537.959,4537.682,4537.823,0
2026-05-16 02:05:00,4537.757,4537.892,4537.732,4537.842,0
2026-05-16 02:10:00,4537.747,4537.952,4537.692,4537.861,0
2026-05-16 02:15:00,4537.756,4537.928,4537.745,4537.745,0
2026-05-16 02:20:00,4537.769,4537.970,4537.698,4537.838,0
2026-05-16 02:25:00,4537.768,4537.906,4537.748,4537.854,0
2026-05-16 02:30:00,4537.763,4537.967,4537.702,4537.760,0
2026-05-16 02:35:00,4537.764,4537.909,4537.736,4537.736,0
2026-05-16 02:40:00,4537.758,4537.959,4537.687,4537.837,0
2026-05-16 02:45:00,4537.763,4537.905,4537.739,4537.829,0
2026-05-16 02:50:00,4537.741,4537.953,4537.693,4537.746,0
2026-05-16 02:55:00,4537.756,4537.893,4537.732,4537.732,0
2026-05-16 03:00:00,4537.750,4537.958,4537.681,4537.838,0
2026-05-16 03:05:00,4537.758,4537.918,4537.742,4537.832,0
2026-05-16 03:10:00,4537.747,4537.951,4537.690,4537.742,0
2026-05-16 03:15:00,4537.756,4537.883,4537.727,4537.736,0
2026-05-16 03:20:00,4537.750,4537.970,4537.700,4537.851,0
2026-05-16 03:25:00,4537.767,4537.937,4537.767,4537.848,0
2026-05-16 03:30:00,4537.769,4537.970,4537.702,4537.751,0
2026-05-16 03:35:00,4537.769,4537.909,4537.733,4537.760,0
2026-05-16 03:40:00,4537.769,4537.973,4537.706,4537.857,0
2026-05-16 03:45:00,4537.769,4537.945,4537.760,4537.837,0
2026-05-16 03:50:00,4537.763,4537.961,4537.697,4537.743,0
2026-05-16 03:55:00,4537.765,4537.914,4537.721,4537.753,0
2026-05-16 04:00:00,4537.757,4537.965,4537.693,4537.853,0
2026-05-16 04:05:00,4537.762,4537.945,4537.735,4537.824,0
2026-05-16 04:10:00,4537.754,4537.956,4537.694,4537.736,0
2026-05-16 04:15:00,4537.760,4537.905,4537.710,4537.823,0
2026-05-16 04:20:00,4537.761,4537.959,4537.688,4537.852,0
2026-05-16 04:25:00,4537.757,4537.959,4537.740,4537.831,0
2026-05-16 04:30:00,4537.767,4537.972,4537.703,4537.742,0
2026-05-16 04:35:00,4537.769,4537.937,4537.714,4537.825,0
2026-05-16 04:40:00,4537.769,4537.966,4537.695,4537.862,0
2026-05-16 04:45:00,4537.765,4537.959,4537.727,4537.820,0
2026-05-16 04:50:00,4537.757,4537.959,4537.698,4537.731,0
2026-05-16 04:55:00,4537.760,4537.931,4537.700,4537.808,0
2026-05-16 05:00:00,4537.755,4537.958,4537.693,4537.860,0
2026-05-16 05:05:00,4537.761,4537.963,4537.711,4537.824,0
2026-05-16 05:10:00,4537.755,4537.963,4537.702,4537.729,0
2026-05-16 05:15:00,4537.761,4537.944,4537.699,4537.807,0
2026-05-16 05:20:00,4537.765,4537.956,4537.698,4537.864,0
2026-05-16 05:25:00,4537.763,4537.968,4537.717,4537.840,0
2026-05-16 05:30:00,4537.767,4537.970,4537.715,4537.736,0
2026-05-16 05:35:00,4537.769,4537.956,4537.703,4537.812,0
2026-05-16 05:40:00,4537.767,4537.957,4537.695,4537.871,0
2026-05-16 05:45:00,4537.771,4537.968,4537.706,4537.841,0
2026-05-16 05:50:00,4537.761,4537.964,4537.716,4537.731,0
2026-05-16 05:55:00,4537.765,4537.957,4537.697,4537.812,0
2026-05-16 06:00:00,4537.763,4537.942,4537.694,4537.863,0
2026-05-16 06:05:00,4537.762,4537.965,4537.697,4537.842,0
2026-05-16 06:10:00,4537.755,4537.952,4537.720,4537.727,0
2026-05-16 06:15:00,4537.760,4537.941,4537.693,4537.808,0
2026-05-16 06:20:00,4537.744,4537.928,4537.688,4537.857,0
2026-05-16 06:25:00,4537.756,4537.959,4537.683,4537.841,0
2026-05-16 06:30:00,4537.747,4537.943,4537.721,4537.721,0
2026-05-16 06:35:00,4537.754,4537.954,4537.690,4537.813,0
2026-05-16 06:40:00,4537.753,4537.924,4537.711,4537.860,0
2026-05-16 06:45:00,4537.758,4537.970,4537.703,4537.862,0
2026-05-16 06:50:00,4537.769,4537.951,4537.732,4537.732,0
2026-05-16 06:55:00,4537.765,4537.966,4537.699,4537.819,0
2026-05-16 07:00:00,4537.763,4537.918,4537.708,4537.861,0
2026-05-16 07:05:00,4537.762,4537.961,4537.689,4537.857,0
2026-05-16 07:10:00,4537.755,4537.936,4537.730,4537.730,0
2026-05-16 07:15:00,4537.760,4537.959,4537.698,4537.815,0
2026-05-16 07:20:00,4537.761,4537.901,4537.705,4537.853,0
2026-05-16 07:25:00,4537.756,4537.954,4537.679,4537.855,0
2026-05-16 07:30:00,4537.747,4537.920,4537.726,4537.726,0
2026-05-16 07:35:00,4537.753,4537.950,4537.691,4537.817,0
2026-05-16 07:40:00,4537.746,4537.891,4537.713,4537.851,0
2026-05-16 07:45:00,4537.756,4537.964,4537.694,4537.868,0
2026-05-16 07:50:00,4537.759,4537.932,4537.740,4537.740,0
2026-05-16 07:55:00,4537.767,4537.968,4537.701,4537.830,0
2026-05-16 08:00:00,4537.765,4537.895,4537.732,4537.861,0
2026-05-16 08:05:00,4537.769,4537.966,4537.693,4537.757,0
2026-05-16 08:10:00,4537.759,4537.917,4537.739,4537.739,0
2026-05-16 08:15:00,4537.762,4537.960,4537.695,4537.829,0
2026-05-16 08:20:00,4537.758,4537.900,4537.742,4537.854,0
2026-05-16 08:25:00,4537.764,4537.965,4537.694,4537.750,0
2026-05-16 08:30:00,4537.756,4537.903,4537.740,4537.740,0
2026-05-16 08:35:00,4537.760,4537.953,4537.693,4537.830,0
2026-05-16 08:40:00,4537.754,4537.906,4537.748,4537.848,0
2026-05-16 08:45:00,4537.762,4537.961,4537.685,4537.739,0
2026-05-16 08:50:00,4537.750,4537.890,4537.729,4537.738,0
2026-05-16 08:55:00,4537.754,4537.956,4537.698,4537.831,0
2026-05-16 09:00:00,4537.750,4537.917,4537.750,4537.846,0
2026-05-16 09:05:00,4537.764,4537.957,4537.684,4537.736,0
2026-05-16 09:10:00,4537.751,4537.881,4537.719,4537.736,0
2026-05-16 09:15:00,4537.748,4537.950,4537.681,4537.831,0
2026-05-16 09:20:00,4537.747,4537.916,4537.745,4537.825,0
2026-05-16 09:25:00,4537.747,4537.947,4537.673,4537.721,0
2026-05-16 09:30:00,4537.740,4537.880,4537.698,4537.727,0
2026-05-16 09:35:00,4537.734,4537.936,4537.670,4537.821,0
2026-05-16 09:40:00,4537.732,4537.911,4537.719,4537.805,0
2026-05-16 09:45:00,4537.732,4537.931,4537.664,4537.709,0
2026-05-16 09:50:00,4537.732,4537.886,4537.686,4537.730,0
2026-05-16 09:55:00,4537.733,4537.944,4537.676,4537.833,0
2026-05-16 10:00:00,4537.740,4537.929,4537.724,4537.813,0
2026-05-16 10:05:00,4537.745,4537.944,4537.675,4537.717,0
2026-05-16 10:10:00,4537.742,4537.902,4537.689,4537.800,0
2026-05-16 10:15:00,4537.740,4537.943,4537.674,4537.836,0
2026-05-16 10:20:00,4537.740,4537.931,4537.710,4537.798,0
2026-05-16 10:25:00,4537.736,4537.940,4537.671,4537.708,0
2026-05-16 10:30:00,4537.736,4537.913,4537.685,4537.799,0
2026-05-16 10:35:00,4537.745,4537.947,4537.679,4537.844,0
2026-05-16 10:40:00,4537.747,4537.941,4537.709,4537.804,0
2026-05-16 10:45:00,4537.747,4537.949,4537.682,4537.714,0
2026-05-16 10:50:00,4537.745,4537.924,4537.686,4537.795,0
2026-05-16 10:55:00,4537.747,4537.943,4537.679,4537.846,0
2026-05-16 11:00:00,4537.747,4537.945,4537.702,4537.813,0
2026-05-16 11:05:00,4537.747,4537.950,4537.688,4537.714,0
2026-05-16 11:10:00,4537.747,4537.931,4537.682,4537.789,0
2026-05-16 11:15:00,4537.747,4537.939,4537.679,4537.847,0
2026-05-16 11:20:00,4537.747,4537.938,4537.685,4537.812,0
2026-05-16 11:25:00,4537.738,4537.936,4537.681,4537.701,0
2026-05-16 11:30:00,4537.734,4537.930,4537.686,4537.777,0
2026-05-16 11:35:00,4537.740,4537.927,4537.675,4537.842,0
2026-05-16 11:40:00,4537.740,4537.944,4537.684,4537.819,0
2026-05-16 11:45:00,4537.740,4537.940,4537.693,4537.706,0
2026-05-16 11:50:00,4537.740,4537.936,4537.673,4537.772,0
2026-05-16 11:55:00,4537.740,4537.920,4537.678,4537.842,0
2026-05-16 12:00:00,4537.740,4537.945,4537.679,4537.824,0
2026-05-16 12:05:00,4537.740,4537.937,4537.700,4537.706,0
2026-05-16 12:10:00,4537.740,4537.939,4537.672,4537.778,0
2026-05-16 12:15:00,4537.740,4537.913,4537.682,4537.842,0
2026-05-16 12:20:00,4537.740,4537.944,4537.676,4537.829,0
2026-05-16 12:25:00,4537.740,4537.932,4537.707,4537.707,0
2026-05-16 12:30:00,4537.740,4537.942,4537.673,4537.784,0
2026-05-16 12:35:00,4537.740,4537.905,4537.687,4537.842,0
2026-05-16 12:40:00,4537.740,4537.943,4537.674,4537.834,0
2026-05-16 12:45:00,4537.740,4537.927,4537.708,4537.708,0
2026-05-16 12:50:00,4537.740,4537.944,4537.675,4537.790,0
2026-05-16 12:55:00,4537.740,4537.896,4537.693,4537.840,0
2026-05-16 13:00:00,4537.740,4537.940,4537.673,4537.839,0
2026-05-16 13:05:00,4537.740,4537.920,4537.709,4537.709,0
2026-05-16 13:10:00,4537.740,4537.945,4537.678,4537.796,0
2026-05-16 13:15:00,4537.740,4537.887,4537.700,4537.839,0
2026-05-16 13:20:00,4537.740,4537.939,4537.672,4537.843,0
2026-05-16 13:25:00,4537.740,4537.913,4537.711,4537.711,0
2026-05-16 13:30:00,4537.740,4537.944,4537.676,4537.801,0
2026-05-16 13:35:00,4537.740,4537.876,4537.708,4537.836,0
2026-05-16 13:40:00,4537.740,4537.942,4537.673,4537.847,0
2026-05-16 13:45:00,4537.740,4537.905,4537.714,4537.714,0
2026-05-16 13:50:00,4537.740,4537.943,4537.674,4537.807,0
2026-05-16 13:55:00,4537.740,4537.873,4537.716,4537.834,0
2026-05-16 14:00:00,4537.740,4537.944,4537.675,4537.739,0
2026-05-16 14:05:00,4537.740,4537.896,4537.717,4537.717,0
2026-05-16 14:10:00,4537.740,4537.940,4537.673,4537.812,0
2026-05-16 14:15:00,4537.740,4537.883,4537.725,4537.830,0
2026-05-16 14:20:00,4537.740,4537.945,4537.678,4537.734,0
2026-05-16 14:25:00,4537.740,4537.887,4537.720,4537.720,0
2026-05-16 14:30:00,4537.740,4537.939,4537.672,4537.817,0
2026-05-16 14:35:00,4537.740,4537.893,4537.735,4537.827,0
2026-05-16 14:40:00,4537.740,4537.944,4537.676,4537.730,0
2026-05-16 14:45:00,4537.740,4537.876,4537.719,4537.724,0
2026-05-16 14:50:00,4537.740,4537.942,4537.673,4537.821,0
2026-05-16 14:55:00,4537.740,4537.902,4537.740,4537.823,0
2026-05-16 15:00:00,4537.740,4537.943,4537.674,4537.725,0
2026-05-16 15:05:00,4537.740,4537.873,4537.710,4537.728,0
2026-05-16 15:10:00,4537.740,4537.944,4537.675,4537.825,0
2026-05-16 15:15:00,4537.740,4537.911,4537.739,4537.818,0
2026-05-16 15:20:00,4537.740,4537.940,4537.673,4537.721,0
2026-05-16 15:25:00,4537.740,4537.883,4537.702,4537.733,0
2026-05-16 15:30:00,4537.740,4537.945,4537.678,4537.829,0
2026-05-16 15:35:00,4537.740,4537.918,4537.729,4537.814,0
2026-05-16 15:40:00,4537.740,4537.939,4537.672,4537.718,0
2026-05-16 15:45:00,4537.740,4537.893,4537.695,4537.738,0
2026-05-16 15:50:00,4537.740,4537.944,4537.676,4537.833,0
2026-05-16 15:55:00,4537.740,4537.925,4537.719,4537.808,0
2026-05-16 16:00:00,4537.740,4537.942,4537.673,4537.715,0
2026-05-16 16:05:00,4537.740,4537.902,4537.689,4537.800,0
2026-05-16 16:10:00,4537.740,4537.943,4537.674,4537.836,0
2026-05-16 16:15:00,4537.740,4537.931,4537.710,4537.803,0
2026-05-16 16:20:00,4537.740,4537.944,4537.675,4537.712,0
2026-05-16 16:25:00,4537.740,4537.911,4537.684,4537.795,0
2026-05-16 16:30:00,4537.740,4537.940,4537.673,4537.838,0
2026-05-16 16:35:00,4537.740,4537.935,4537.702,4537.801,0
2026-05-16 16:40:00,4537.740,4537.945,4537.678,4537.710,0
2026-05-16 16:45:00,4537.740,4537.918,4537.679,4537.789,0
2026-05-16 16:50:00,4537.740,4537.937,4537.672,4537.840,0
2026-05-16 16:55:00,4537.740,4537.939,4537.695,4537.807,0
2026-05-16 17:00:00,4537.740,4537.944,4537.682,4537.708,0
2026-05-16 17:05:00,4537.740,4537.925,4537.676,4537.783,0
2026-05-16 17:10:00,4537.740,4537.932,4537.673,4537.841,0
2026-05-16 17:15:00,4537.740,4537.942,4537.689,4537.813,0
2026-05-16 17:20:00,4537.740,4537.943,4537.687,4537.707,0
2026-05-16 17:25:00,4537.740,4537.931,4537.674,4537.777,0
2026-05-16 17:30:00,4537.740,4537.927,4537.675,4537.842,0
2026-05-16 17:35:00,4537.740,4537.944,4537.684,4537.819,0
2026-05-16 17:40:00,4537.740,4537.940,4537.693,4537.706,0
2026-05-16 17:45:00,4537.740,4537.935,4537.673,4537.772,0
2026-05-16 17:50:00,4537.740,4537.920,4537.678,4537.842,0
2026-05-16 17:55:00,4537.740,4537.945,4537.679,4537.824,0
2026-05-16 18:00:00,4537.740,4537.937,4537.700,4537.706,0
2026-05-16 18:05:00,4537.740,4537.939,4537.672,4537.778,0
2026-05-16 18:10:00,4537.740,4537.913,4537.682,4537.842,0
2026-05-16 18:15:00,4537.740,4537.944,4537.676,4537.829,0
2026-05-16 18:20:00,4537.740,4537.932,4537.707,4537.707,0
2026-05-16 18:25:00,4537.740,4537.942,4537.673,4537.784,0
2026-05-16 18:30:00,4537.740,4537.905,4537.687,4537.842,0
2026-05-16 18:35:00,4537.740,4537.943,4537.674,4537.834,0
2026-05-16 18:40:00,4537.740,4537.927,4537.708,4537.708,0
2026-05-16 18:45:00,4537.740,4537.944,4537.675,4537.790,0
2026-05-16 18:50:00,4537.740,4537.896,4537.693,4537.840,0
2026-05-16 18:55:00,4537.740,4537.940,4537.673,4537.839,0
2026-05-16 19:00:00,4537.740,4537.921,4537.709,4537.709,0
2026-05-16 19:05:00,4537.740,4537.945,4537.678,4537.796,0
2026-05-16 19:10:00,4537.740,4537.887,4537.700,4537.839,0
2026-05-16 19:15:00,4537.740,4537.939,4537.672,4537.843,0
2026-05-16 19:20:00,4537.740,4537.913,4537.711,4537.711,0
2026-05-16 19:25:00,4537.740,4537.944,4537.676,4537.801,0
2026-05-16 19:30:00,4537.740,4537.877,4537.708,4537.836,0
2026-05-16 19:35:00,4537.740,4537.942,4537.673,4537.847,0
2026-05-16 19:40:00,4537.740,4537.905,4537.714,4537.714,0
2026-05-16 19:45:00,4537.740,4537.943,4537.674,4537.807,0
2026-05-16 19:50:00,4537.740,4537.873,4537.716,4537.834,0
2026-05-16 19:55:00,4537.740,4537.944,4537.675,4537.740,0
2026-05-16 20:00:00,4537.740,4537.896,4537.717,4537.717,0
2026-05-16 20:05:00,4537.740,4537.940,4537.673,4537.812,0
2026-05-16 20:10:00,4537.740,4537.883,4537.725,4537.830,0
2026-05-16 20:15:00,4537.740,4537.945,4537.678,4537.735,0
2026-05-16 20:20:00,4537.740,4537.887,4537.720,4537.720,0
2026-05-16 20:25:00,4537.740,4537.939,4537.672,4537.817,0
2026-05-16 20:30:00,4537.740,4537.893,4537.735,4537.827,0
2026-05-16 20:35:00,4537.740,4537.944,4537.676,4537.730,0
2026-05-16 20:40:00,4537.740,4537.877,4537.719,4537.724,0
2026-05-16 20:45:00,4537.740,4537.942,4537.673,4537.821,0
2026-05-16 20:50:00,4537.740,4537.902,4537.740,4537.823,0
2026-05-16 20:55:00,4537.740,4537.943,4537.674,4537.725,0
2026-05-16 21:00:00,4537.740,4537.873,4537.711,4537.728,0
2026-05-16 21:05:00,4537.740,4537.944,4537.675,4537.825,0
2026-05-16 21:10:00,4537.740,4537.910,4537.739,4537.818,0
2026-05-16 21:15:00,4537.740,4537.940,4537.673,4537.721,0
2026-05-16 21:20:00,4537.740,4537.883,4537.703,4537.733,0
2026-05-16 21:25:00,4537.740,4537.945,4537.678,4537.829,0
2026-05-16 21:30:00,4537.740,4537.918,4537.729,4537.814,0
2026-05-16 21:35:00,4537.740,4537.939,4537.672,4537.718,0
2026-05-16 21:40:00,4537.740,4537.893,4537.695,4537.738,0
2026-05-16 21:45:00,4537.740,4537.944,4537.676,4537.833,0
2026-05-16 21:50:00,4537.740,4537.925,4537.719,4537.809,0
2026-05-16 21:55:00,4537.740,4537.948,4537.679,4537.721,0
2026-05-16 22:00:00,4537.747,4537.908,4537.696,4537.807,0
2026-05-16 22:05:00,4537.747,4537.949,4537.680,4537.841,0
2026-05-16 22:10:00,4537.747,4537.936,4537.717,4537.810,0
2026-05-16 22:15:00,4537.747,4537.950,4537.681,4537.718,0
2026-05-16 22:20:00,4537.747,4537.916,4537.690,4537.801,0
2026-05-16 22:25:00,4537.747,4537.947,4537.679,4537.844,0
2026-05-16 22:30:00,4537.747,4537.941,4537.709,4537.807,0
2026-05-16 22:35:00,4537.747,4537.951,4537.684,4537.716,0
2026-05-16 22:40:00,4537.747,4537.924,4537.686,4537.796,0
2026-05-16 22:45:00,4537.747,4537.943,4537.679,4537.846,0
2026-05-16 22:50:00,4537.747,4537.945,4537.702,4537.813,0
2026-05-16 22:55:00,4537.747,4537.950,4537.688,4537.715,0
2026-05-16 23:00:00,4537.747,4537.930,4537.683,4537.790,0
2026-05-16 23:05:00,4537.747,4537.939,4537.679,4537.847,0
2026-05-16 23:10:00,4537.747,4537.948,4537.696,4537.819,0
2026-05-16 23:15:00,4537.747,4537.949,4537.693,4537.713,0
2026-05-16 23:20:00,4537.747,4537.936,4537.680,4537.784,0
2026-05-16 23:25:00,4537.747,4537.934,4537.681,4537.848,0
2026-05-16 23:30:00,4537.747,4537.950,4537.690,4537.824,0
2026-05-16 23:35:00,4537.747,4537.947,4537.699,4537.713,0
2026-05-16 23:40:00,4537.747,4537.941,4537.679,4537.779,0
2026-05-16 23:45:00,4537.747,4537.927,4537.684,4537.849,0
2026-05-16 23:50:00,4537.747,4537.951,4537.686,4537.830,0
2026-05-16 23:55:00,4537.747,4537.943,4537.705,4537.713,0
2026-05-17 00:00:00,4537.747,4537.945,4537.679,4537.784,0
2026-05-17 00:05:00,4537.747,4537.920,4537.688,4537.849,0
2026-05-17 00:10:00,4537.747,4537.950,4537.683,4537.835,0
2026-05-17 00:15:00,4537.747,4537.939,4537.713,4537.713,0
2026-05-17 00:20:00,4537.747,4537.948,4537.679,4537.790,0
2026-05-17 00:25:00,4537.747,4537.912,4537.693,4537.848,0
2026-05-17 00:30:00,4537.747,4537.949,4537.680,4537.840,0
2026-05-17 00:35:00,4537.747,4537.934,4537.714,4537.714,0
2026-05-17 00:40:00,4537.747,4537.950,4537.681,4537.795,0
2026-05-17 00:45:00,4537.747,4537.903,4537.699,4537.847,0
2026-05-17 00:50:00,4537.747,4537.947,4537.679,4537.845,0
2026-05-17 00:55:00,4537.747,4537.927,4537.715,4537.715,0
2026-05-17 01:00:00,4537.747,4537.951,4537.684,4537.801,0
2026-05-17 01:05:00,4537.747,4537.894,4537.705,4537.845,0
2026-05-17 01:10:00,4537.747,4537.945,4537.679,4537.849,0
2026-05-17 01:15:00,4537.747,4537.920,4537.717,4537.717,0
2026-05-17 01:20:00,4537.747,4537.950,4537.683,4537.807,0
2026-05-17 01:25:00,4537.747,4537.884,4537.713,4537.843,0
2026-05-17 01:30:00,4537.747,4537.948,4537.679,4537.853,0
2026-05-17 01:35:00,4537.747,4537.912,4537.720,4537.720,0
2026-05-17 01:40:00,4537.747,4537.949,4537.680,4537.812,0
2026-05-17 01:45:00,4537.747,4537.878,4537.721,4537.840,0
2026-05-17 01:50:00,4537.747,4537.950,4537.681,4537.746,0
2026-05-17 01:55:00,4537.747,4537.903,4537.723,4537.723,0
2026-05-17 02:00:00,4537.747,4537.947,4537.679,4537.818,0
2026-05-17 02:05:00,4537.747,4537.889,4537.731,4537.837,0
2026-05-17 02:10:00,4537.747,4537.951,4537.684,4537.741,0
2026-05-17 02:15:00,4537.747,4537.894,4537.726,4537.726,0
2026-05-17 02:20:00,4537.747,4537.945,4537.679,4537.822,0
2026-05-17 02:25:00,4537.747,4537.898,4537.740,4537.833,0
2026-05-17 02:30:00,4537.747,4537.950,4537.683,4537.736,0
2026-05-17 02:35:00,4537.747,4537.884,4537.726,4537.730,0
2026-05-17 02:40:00,4537.747,4537.948,4537.679,4537.827,0
2026-05-17 02:45:00,4537.747,4537.907,4537.747,4537.829,0
2026-05-17 02:50:00,4537.747,4537.949,4537.680,4537.732,0
2026-05-17 02:55:00,4537.747,4537.878,4537.717,4537.734,0
2026-05-17 03:00:00,4537.747,4537.950,4537.681,4537.831,0
2026-05-17 03:05:00,4537.747,4537.916,4537.746,4537.825,0
2026-05-17 03:10:00,4537.747,4537.947,4537.679,4537.728,0
2026-05-17 03:15:00,4537.747,4537.888,4537.709,4537.739,0
2026-05-17 03:20:00,4537.747,4537.951,4537.684,4537.835,0
2026-05-17 03:25:00,4537.747,4537.924,4537.736,4537.820,0
2026-05-17 03:30:00,4537.747,4537.945,4537.679,4537.724,0
2026-05-17 03:35:00,4537.747,4537.898,4537.702,4537.743,0
2026-05-17 03:40:00,4537.747,4537.950,4537.683,4537.838,0
2026-05-17 03:45:00,4537.747,4537.930,4537.726,4537.815,0
2026-05-17 03:50:00,4537.747,4537.948,4537.679,4537.721,0
2026-05-17 03:55:00,4537.747,4537.907,4537.696,4537.807,0
2026-05-17 04:00:00,4537.747,4537.949,4537.680,4537.841,0
2026-05-17 04:05:00,4537.747,4537.936,4537.718,4537.810,0
2026-05-17 04:10:00,4537.747,4537.950,4537.681,4537.719,0
2026-05-17 04:15:00,4537.747,4537.916,4537.690,4537.801,0
2026-05-17 04:20:00,4537.747,4537.947,4537.679,4537.844,0
2026-05-17 04:25:00,4537.747,4537.941,4537.709,4537.807,0
2026-05-17 04:30:00,4537.747,4537.951,4537.684,4537.716,0
2026-05-17 04:35:00,4537.747,4537.923,4537.686,4537.796,0
2026-05-17 04:40:00,4537.747,4537.943,4537.679,4537.846,0
2026-05-17 04:45:00,4537.747,4537.945,4537.702,4537.813,0
2026-05-17 04:50:00,4537.747,4537.950,4537.688,4537.715,0
2026-05-17 04:55:00,4537.747,4537.930,4537.683,4537.790,0
2026-05-17 05:00:00,4537.747,4537.939,4537.679,4537.847,0
2026-05-17 05:05:00,4537.747,4537.948,4537.696,4537.818,0
2026-05-17 05:10:00,4537.747,4537.949,4537.693,4537.713,0
2026-05-17 05:15:00,4537.747,4537.936,4537.680,4537.784,0
2026-05-17 05:20:00,4537.747,4537.934,4537.681,4537.848,0
2026-05-17 05:25:00,4537.747,4537.950,4537.690,4537.824,0
2026-05-17 05:30:00,4537.747,4537.947,4537.699,4537.713,0
2026-05-17 05:35:00,4537.747,4537.941,4537.679,4537.779,0
2026-05-17 05:40:00,4537.747,4537.927,4537.684,4537.849,0
2026-05-17 05:45:00,4537.747,4537.951,4537.686,4537.830,0
2026-05-17 05:50:00,4537.747,4537.943,4537.705,4537.713,0
2026-05-17 05:55:00,4537.747,4537.945,4537.679,4537.783,0
2026-05-17 06:00:00,4537.747,4537.920,4537.688,4537.849,0
2026-05-17 06:05:00,4537.747,4537.950,4537.683,4537.835,0
2026-05-17 06:10:00,4537.747,4537.939,4537.713,4537.713,0
2026-05-17 06:15:00,4537.747,4537.948,4537.679,4537.789,0
2026-05-17 06:20:00,4537.747,4537.912,4537.693,4537.848,0
2026-05-17 06:25:00,4537.747,4537.949,4537.680,4537.840,0
2026-05-17 06:30:00,4537.747,4537.934,4537.714,4537.714,0
2026-05-17 06:35:00,4537.747,4537.950,4537.681,4537.795,0
2026-05-17 06:40:00,4537.747,4537.903,4537.699,4537.847,0
2026-05-17 06:45:00,4537.747,4537.947,4537.679,4537.844,0
2026-05-17 06:50:00,4537.747,4537.927,4537.715,4537.715,0
2026-05-17 06:55:00,4537.747,4537.951,4537.684,4537.801,0
2026-05-17 07:00:00,4537.747,4537.894,4537.705,4537.845,0
2026-05-17 07:05:00,4537.747,4537.945,4537.679,4537.849,0
2026-05-17 07:10:00,4537.747,4537.920,4537.717,4537.717,0
2026-05-17 07:15:00,4537.747,4537.950,4537.683,4537.807,0
2026-05-17 07:20:00,4537.747,4537.884,4537.713,4537.843,0
2026-05-17 07:25:00,4537.747,4537.948,4537.679,4537.853,0
2026-05-17 07:30:00,4537.747,4537.912,4537.720,4537.720,0
2026-05-17 07:35:00,4537.747,4537.949,4537.680,4537.812,0
2026-05-17 07:40:00,4537.747,4537.878,4537.721,4537.840,0
2026-05-17 07:45:00,4537.747,4537.950,4537.681,4537.746,0
2026-05-17 07:50:00,4537.747,4537.904,4537.723,4537.723,0
2026-05-17 07:55:00,4537.747,4537.947,4537.679,4537.817,0
2026-05-17 08:00:00,4537.747,4537.888,4537.730,4537.837,0
2026-05-17 08:05:00,4537.747,4537.951,4537.684,4537.741,0
2026-05-17 08:10:00,4537.747,4537.894,4537.726,4537.726,0
2026-05-17 08:15:00,4537.747,4537.945,4537.679,4537.822,0
2026-05-17 08:20:00,4537.747,4537.898,4537.740,4537.833,0
2026-05-17 08:25:00,4537.747,4537.950,4537.683,4537.737,0
2026-05-17 08:30:00,4537.747,4537.884,4537.726,4537.730,0
2026-05-17 08:35:00,4537.747,4537.948,4537.679,4537.827,0
2026-05-17 08:40:00,4537.747,4537.907,4537.747,4537.829,0
2026-05-17 08:45:00,4537.747,4537.949,4537.680,4537.732,0
2026-05-17 08:50:00,4537.747,4537.878,4537.718,4537.734,0
2026-05-17 08:55:00,4537.747,4537.950,4537.681,4537.831,0
2026-05-17 09:00:00,4537.747,4537.916,4537.746,4537.825,0
2026-05-17 09:05:00,4537.747,4537.947,4537.679,4537.728,0
2026-05-17 09:10:00,4537.747,4537.888,4537.710,4537.738,0
2026-05-17 09:15:00,4537.747,4537.951,4537.684,4537.835,0
2026-05-17 09:20:00,4537.747,4537.923,4537.736,4537.820,0
2026-05-17 09:25:00,4537.747,4537.945,4537.679,4537.724,0
2026-05-17 09:30:00,4537.747,4537.898,4537.702,4537.743,0
2026-05-17 09:35:00,4537.747,4537.950,4537.683,4537.838,0
2026-05-17 09:40:00,4537.747,4537.930,4537.727,4537.815,0
2026-05-17 09:45:00,4537.747,4537.948,4537.679,4537.721,0
2026-05-17 09:50:00,4537.747,4537.907,4537.696,4537.807,0
2026-05-17 09:55:00,4537.747,4537.949,4537.680,4537.841,0
2026-05-17 10:00:00,4537.747,4537.936,4537.718,4537.810,0
2026-05-17 10:05:00,4537.747,4537.950,4537.681,4537.719,0
2026-05-17 10:10:00,4537.747,4537.916,4537.691,4537.802,0
2026-05-17 10:15:00,4537.747,4537.947,4537.679,4537.844,0
2026-05-17 10:20:00,4537.747,4537.941,4537.710,4537.807,0
2026-05-17 10:25:00,4537.747,4537.951,4537.684,4537.716,0
2026-05-17 10:30:00,4537.747,4537.923,4537.686,4537.796,0
2026-05-17 10:35:00,4537.747,4537.944,4537.679,4537.846,0
2026-05-17 10:40:00,4537.747,4537.945,4537.702,4537.813,0
2026-05-17 10:45:00,4537.747,4537.950,4537.688,4537.715,0
2026-05-17 10:50:00,4537.747,4537.930,4537.683,4537.790,0
2026-05-17 10:55:00,4537.747,4537.939,4537.679,4537.847,0
2026-05-17 11:00:00,4537.747,4537.948,4537.696,4537.818,0
2026-05-17 11:05:00,4537.747,4537.949,4537.693,4537.713,0
2026-05-17 11:10:00,4537.747,4537.936,4537.680,4537.784,0
2026-05-17 11:15:00,4537.747,4537.934,4537.681,4537.848,0
2026-05-17 11:20:00,4537.747,4537.950,4537.691,4537.824,0
2026-05-17 11:25:00,4537.747,4537.947,4537.698,4537.713,0
2026-05-17 11:30:00,4537.747,4537.941,4537.679,4537.779,0
2026-05-17 11:35:00,4537.747,4537.928,4537.684,4537.849,0
2026-05-17 11:40:00,4537.747,4537.951,4537.686,4537.829,0
2026-05-17 11:45:00,4537.747,4537.944,4537.705,4537.713,0
2026-05-17 11:50:00,4537.747,4537.945,4537.679,4537.783,0
2026-05-17 11:55:00,4537.747,4537.920,4537.688,4537.849,0
2026-05-17 12:00:00,4537.747,4537.951,4537.683,4537.835,0
2026-05-17 12:05:00,4537.747,4537.939,4537.713,4537.713,0
2026-05-17 12:10:00,4537.747,4537.948,4537.679,4537.789,0
2026-05-17 12:15:00,4537.747,4537.912,4537.693,4537.848,0
2026-05-17 12:20:00,4537.747,4537.949,4537.680,4537.840,0
2026-05-17 12:25:00,4537.747,4537.934,4537.714,4537.714,0
2026-05-17 12:30:00,4537.747,4537.950,4537.681,4537.795,0
2026-05-17 12:35:00,4537.747,4537.904,4537.698,4537.847,0
2026-05-17 12:40:00,4537.747,4537.947,4537.679,4537.844,0
2026-05-17 12:45:00,4537.747,4537.928,4537.715,4537.715,0
2026-05-17 12:50:00,4537.747,4537.951,4537.684,4537.801,0
2026-05-17 12:55:00,4537.747,4537.894,4537.705,4537.845,0
2026-05-17 13:00:00,4537.747,4537.945,4537.679,4537.849,0
2026-05-17 13:05:00,4537.747,4537.920,4537.717,4537.717,0
2026-05-17 13:10:00,4537.747,4537.951,4537.683,4537.807,0
2026-05-17 13:15:00,4537.747,4537.884,4537.713,4537.843,0
2026-05-17 13:20:00,4537.747,4537.948,4537.679,4537.853,0
2026-05-17 13:25:00,4537.747,4537.912,4537.720,4537.720,0
2026-05-17 13:30:00,4537.747,4537.949,4537.680,4537.812,0
2026-05-17 13:35:00,4537.747,4537.878,4537.721,4537.840,0
2026-05-17 13:40:00,4537.747,4537.950,4537.681,4537.746,0
2026-05-17 13:45:00,4537.747,4537.904,4537.722,4537.722,0
2026-05-17 13:50:00,4537.747,4537.947,4537.679,4537.817,0
2026-05-17 13:55:00,4537.747,4537.888,4537.730,4537.837,0
2026-05-17 14:00:00,4537.747,4537.951,4537.684,4537.741,0
2026-05-17 14:05:00,4537.747,4537.894,4537.726,4537.726,0
2026-05-17 14:10:00,4537.747,4537.945,4537.679,4537.822,0
2026-05-17 14:15:00,4537.747,4537.898,4537.740,4537.834,0
2026-05-17 14:20:00,4537.747,4537.951,4537.683,4537.737,0
2026-05-17 14:25:00,4537.747,4537.884,4537.727,4537.730,0
2026-05-17 14:30:00,4537.747,4537.948,4537.679,4537.827,0
2026-05-17 14:35:00,4537.747,4537.907,4537.747,4537.830,0
2026-05-17 14:40:00,4537.747,4537.949,4537.680,4537.732,0
2026-05-17 14:45:00,4537.747,4537.878,4537.718,4537.734,0
2026-05-17 14:50:00,4537.747,4537.950,4537.681,4537.831,0
2026-05-17 14:55:00,4537.747,4537.916,4537.746,4537.825,0
2026-05-17 15:00:00,4537.747,4537.947,4537.679,4537.728,0
2026-05-17 15:05:00,4537.747,4537.888,4537.710,4537.738,0
2026-05-17 15:10:00,4537.747,4537.951,4537.684,4537.835,0
2026-05-17 15:15:00,4537.747,4537.923,4537.736,4537.820,0
2026-05-17 15:20:00,4537.747,4537.945,4537.679,4537.725,0
2026-05-17 15:25:00,4537.747,4537.898,4537.703,4537.743,0
2026-05-17 15:30:00,4537.747,4537.951,4537.683,4537.838,0
2026-05-17 15:35:00,4537.747,4537.930,4537.727,4537.815,0
2026-05-17 15:40:00,4537.747,4537.948,4537.679,4537.721,0
2026-05-17 15:45:00,4537.747,4537.907,4537.696,4537.808,0
2026-05-17 15:50:00,4537.747,4537.949,4537.680,4537.841,0
2026-05-17 15:55:00,4537.747,4537.936,4537.718,4537.810,0
2026-05-17 16:00:00,4537.747,4537.950,4537.681,4537.719,0
2026-05-17 16:05:00,4537.747,4537.916,4537.691,4537.802,0
2026-05-17 16:10:00,4537.747,4537.947,4537.679,4537.844,0
2026-05-17 16:15:00,4537.747,4537.941,4537.710,4537.807,0
2026-05-17 16:20:00,4537.747,4537.951,4537.684,4537.716,0
2026-05-17 16:25:00,4537.747,4537.923,4537.686,4537.796,0
2026-05-17 16:30:00,4537.747,4537.944,4537.679,4537.846,0
2026-05-17 16:35:00,4537.747,4537.945,4537.703,4537.812,0
2026-05-17 16:40:00,4537.747,4537.951,4537.688,4537.715,0
2026-05-17 16:45:00,4537.747,4537.930,4537.683,4537.790,0
2026-05-17 16:50:00,4537.747,4537.939,4537.679,4537.847,0
2026-05-17 16:55:00,4537.747,4537.948,4537.696,4537.818,0
2026-05-17 17:00:00,4537.747,4537.949,4537.693,4537.713,0
2026-05-17 17:05:00,4537.747,4537.936,4537.680,4537.784,0
2026-05-17 17:10:00,4537.747,4537.934,4537.681,4537.848,0
2026-05-17 17:15:00,4537.747,4537.950,4537.691,4537.824,0
2026-05-17 17:20:00,4537.747,4537.947,4537.698,4537.713,0
2026-05-17 17:25:00,4537.747,4537.941,4537.679,4537.779,0
2026-05-17 17:30:00,4537.747,4537.928,4537.684,4537.849,0
2026-05-17 17:35:00,4537.747,4537.951,4537.686,4537.829,0
2026-05-17 17:40:00,4537.747,4537.944,4537.705,4537.713,0
2026-05-17 17:45:00,4537.747,4537.945,4537.679,4537.783,0
2026-05-17 17:50:00,4537.747,4537.921,4537.688,4537.849,0
2026-05-17 17:55:00,4537.747,4537.951,4537.683,4537.835,0
2026-05-17 18:00:00,4537.747,4537.935,4537.709,4537.709,0
2026-05-17 18:05:00,4537.742,4537.944,4537.675,4537.783,0
2026-05-17 18:10:00,4537.740,4537.906,4537.687,4537.842,0
2026-05-17 18:15:00,4537.740,4537.947,4537.678,4537.839,0
2026-05-17 18:20:00,4537.745,4537.934,4537.714,4537.714,0
2026-05-17 18:25:00,4537.747,4537.950,4537.681,4537.795,0
2026-05-17 18:30:00,4537.747,4537.899,4537.694,4537.843,0
2026-05-17 18:35:00,4537.742,4537.945,4537.677,4537.844,0
2026-05-17 18:40:00,4537.745,4537.928,4537.715,4537.715,0
2026-05-17 18:45:00,4537.747,4537.951,4537.676,4537.792,0
2026-05-17 18:50:00,4537.737,4537.872,4537.686,4537.824,0
2026-05-17 18:55:00,4537.726,4537.931,4537.656,4537.832,0
2026-05-17 19:00:00,4537.732,4537.914,4537.617,4537.711,0
2026-05-17 19:05:00,4537.740,4537.951,4537.687,4537.810,0
2026-05-17 19:10:00,4537.751,4537.885,4537.713,4537.843,0
2026-05-17 19:15:00,4537.747,4537.950,4537.677,4537.852,0
2026-05-17 19:20:00,4537.748,4537.906,4537.714,4537.714,0
2026-05-17 19:25:00,4537.740,4537.949,4537.680,4537.812,0
2026-05-17 19:30:00,4537.747,4537.874,4537.609,4537.776,0
2026-05-17 19:35:00,4537.685,4537.952,4537.617,4537.858,0
2026-05-17 19:40:00,4537.750,4537.917,4537.726,4537.726,0
2026-05-17 19:45:00,4537.752,4537.962,4537.693,4537.831,0
2026-05-17 19:50:00,4537.761,4537.907,4537.520,4537.548,0
2026-05-17 19:55:00,4537.520,4537.895,4537.411,4537.669,0
2026-05-17 20:00:00,4537.690,4537.888,4537.617,4537.720,0
2026-05-17 20:05:00,4537.740,4537.939,4537.653,4537.819,0
2026-05-17 20:10:00,4537.746,4537.854,4537.617,4537.821,0
2026-05-17 20:15:00,4537.730,4537.942,4537.674,4537.728,0
2026-05-17 20:20:00,4537.739,4537.878,4537.716,4537.724,0
2026-05-17 20:25:00,4537.740,4537.942,4537.673,4537.821,0
2026-05-17 20:30:00,4537.740,4537.903,4537.740,4537.834,0
2026-05-17 20:35:00,4537.751,4537.962,4537.693,4537.745,0
2026-05-17 20:40:00,4537.759,4537.890,4537.732,4537.747,0
2026-05-17 20:45:00,4537.761,4537.964,4537.695,4537.845,0
2026-05-17 20:50:00,4537.761,4537.926,4537.745,4537.823,0
2026-05-17 20:55:00,4537.745,4537.934,4537.666,4537.715,0
2026-05-17 21:00:00,4537.734,4537.837,4537.617,4537.795,0
2026-05-17 21:05:00,4537.724,4537.955,4537.672,4537.839,0
2026-05-17 21:10:00,4537.750,4537.935,4537.617,4537.660,0
2026-05-17 21:15:00,4537.660,4537.953,4537.617,4537.737,0
2026-05-17 21:20:00,4537.758,4537.910,4537.720,4537.761,0
2026-05-17 21:25:00,4537.765,4537.973,4537.706,4537.860,0
2026-05-17 21:30:00,4537.769,4538.963,4537.750,4538.798,0
2026-05-17 21:35:00,4538.273,4540.157,4538.238,4540.119,0
2026-05-17 21:40:00,4540.018,4540.260,4539.984,4540.165,0
2026-05-17 21:45:00,4540.057,4540.230,4540.037,4540.037,0
2026-05-17 21:50:00,4540.064,4540.337,4539.997,4540.205,0
2026-05-17 21:55:00,4540.153,4540.295,4540.042,4540.176,0
2026-05-17 22:00:00,4540.079,4542.170,4529.885,4541.685,0
2026-05-17 22:05:00,4540.399,4554.013,4538.403,4545.859,0
2026-05-17 22:10:00,4548.901,4554.960,4547.728,4550.636,0
2026-05-17 22:15:00,4552.355,4552.697,4548.142,4548.173,0
2026-05-17 22:20:00,4548.208,4548.794,4539.410,4544.426,0
2026-05-17 22:25:00,4543.457,4547.756,4540.098,4543.193,0
2026-05-17 22:30:00,4542.602,4548.257,4540.901,4545.441,0
2026-05-17 22:35:00,4545.395,4551.607,4545.248,4551.205,0
2026-05-17 22:40:00,4550.485,4552.464,4549.046,4552.301,0
2026-05-17 22:45:00,4552.128,4553.831,4550.091,4552.243,0
2026-05-17 22:50:00,4552.302,4552.699,4548.254,4548.807,0
2026-05-17 22:55:00,4549.546,4550.005,4544.919,4546.176,0
2026-05-17 23:00:00,4546.556,4547.700,4545.333,4546.261,0
2026-05-17 23:05:00,4546.215,4548.677,4541.268,4541.788,0
2026-05-17 23:10:00,4541.743,4545.248,4541.532,4542.358,0
2026-05-17 23:15:00,4542.131,4542.747,4539.891,4541.128,0
2026-05-17 23:20:00,4540.907,4543.802,4539.254,4541.852,0
2026-05-17 23:25:00,4542.052,4544.343,4539.265,4539.309,0
2026-05-17 23:30:00,4539.357,4539.471,4536.401,4538.072,0
2026-05-17 23:35:00,4537.833,4540.644,4536.174,4539.502,0
2026-05-17 23:40:00,4540.096,4540.295,4533.345,4539.588,0
2026-05-17 23:45:00,4538.878,4544.087,4531.339,4538.691,0
2026-05-17 23:50:00,4538.034,4543.109,4537.044,4542.814,0
2026-05-17 23:55:00,4542.695,4544.673,4536.673,4536.684,0
2026-05-18 00:00:00,4536.760,4538.731,4532.668,4534.119,0
2026-05-18 00:05:00,4533.879,4534.325,4525.247,4526.264,0
2026-05-18 00:10:00,4528.631,4528.631,4524.885,4525.618,0
2026-05-18 00:15:00,4525.585,4528.193,4524.358,4526.311,0
2026-05-18 00:20:00,4526.974,4534.326,4520.218,4522.017,0
2026-05-18 00:25:00,4524.467,4525.706,4516.934,4517.483,0
2026-05-18 00:30:00,4518.328,4518.936,4495.081,4501.280,0
2026-05-18 00:35:00,4515.550,4515.550,4492.155,4493.241,0
2026-05-18 00:40:00,4494.788,4494.988,4484.819,4486.760,0
2026-05-18 00:45:00,4486.073,4494.383,4476.899,4493.112,0
2026-05-18 00:50:00,4489.947,4495.221,4489.089,4491.261,0
2026-05-18 00:55:00,4490.813,4511.422,4484.835,4504.252,0
2026-05-18 01:00:00,4504.325,4512.160,4493.150,4493.150,0
2026-05-18 01:05:00,4492.913,4504.553,4492.913,4498.821,0
2026-05-18 01:10:00,4497.902,4502.803,4497.819,4498.796,0
2026-05-18 01:15:00,4499.540,4499.843,4495.769,4499.309,0
2026-05-18 01:20:00,4499.561,4504.570,4492.800,4503.153,0
2026-05-18 01:25:00,4499.794,4507.505,4498.207,4506.789,0
2026-05-18 01:30:00,4505.895,4509.271,4503.885,4508.777,0
2026-05-18 01:35:00,4508.639,4512.226,4501.370,4501.676,0
2026-05-18 01:40:00,4502.934,4510.149,4502.274,4510.118,0
2026-05-18 01:45:00,4510.028,4525.812,4509.786,4525.377,0
2026-05-18 01:50:00,4524.213,4532.435,4523.808,4532.435,0
2026-05-18 01:55:00,4532.391,4532.589,4526.481,4527.190,0
2026-05-18 02:00:00,4528.217,4534.047,4523.189,4533.973,0
2026-05-18 02:05:00,4533.900,4534.119,4526.538,4529.188,0
2026-05-18 02:10:00,4529.084,4536.533,4528.370,4533.465,0
2026-05-18 02:15:00,4534.087,4537.375,4533.297,4534.425,0
2026-05-18 02:20:00,4534.069,4538.715,4533.612,4538.715,0
2026-05-18 02:25:00,4538.681,4539.327,4536.098,4536.098,0
2026-05-18 02:30:00,4536.086,4539.795,4531.448,4532.774,0
2026-05-18 02:35:00,4533.382,4537.213,4532.034,4537.139,0
2026-05-18 02:40:00,4537.023,4539.708,4534.801,4536.552,0
2026-05-18 02:45:00,4536.746,4542.865,4534.923,4536.301,0
2026-05-18 02:50:00,4538.183,4539.265,4532.464,4534.222,0
2026-05-18 02:55:00,4533.127,4535.151,4532.108,4534.325,0
2026-05-18 03:00:00,4534.273,4534.570,4531.282,4531.771,0
2026-05-18 03:05:00,4532.832,4533.319,4528.370,4532.975,0
2026-05-18 03:10:00,4532.138,4536.030,4529.691,4529.701,0
2026-05-18 03:15:00,4529.760,4532.145,4528.737,4531.813,0
2026-05-18 03:20:00,4531.382,4534.831,4529.024,4534.199,0
2026-05-18 03:25:00,4533.305,4536.135,4529.002,4535.880,0
2026-05-18 03:30:00,4535.818,4536.872,4528.370,4528.378,0
2026-05-18 03:35:00,4528.292,4534.942,4526.321,4533.762,0
2026-05-18 03:40:00,4533.950,4544.074,4533.478,4541.976,0
2026-05-18 03:45:00,4536.959,4545.019,4536.959,4542.603,0
2026-05-18 03:50:00,4543.627,4547.278,4540.914,4540.925,0
2026-05-18 03:55:00,4540.820,4543.712,4540.130,4543.506,0
2026-05-18 04:00:00,4543.178,4546.420,4541.823,4546.420,0
2026-05-18 04:05:00,4546.384,4547.728,4544.195,4544.195,0
2026-05-18 04:10:00,4543.834,4547.615,4543.834,4547.199,0
2026-05-18 04:15:00,4546.325,4546.488,4544.835,4546.258,0
2026-05-18 04:20:00,4546.173,4546.350,4539.312,4540.224,0
2026-05-18 04:25:00,4541.812,4542.151,4531.682,4532.518,0
2026-05-18 04:30:00,4534.228,4540.407,4528.576,4539.504,0
2026-05-18 04:35:00,4539.982,4541.678,4539.216,4541.356,0
2026-05-18 04:40:00,4541.438,4543.974,4538.690,4539.529,0
2026-05-18 04:45:00,4540.685,4543.596,4540.089,4540.126,0
2026-05-18 04:50:00,4540.175,4544.190,4539.588,4544.047,0
2026-05-18 04:55:00,4543.941,4545.252,4536.842,4539.897,0
2026-05-18 05:00:00,4539.836,4542.823,4533.754,4534.079,0
2026-05-18 05:05:00,4534.766,4537.510,4534.530,4537.271,0
2026-05-18 05:10:00,4536.849,4537.781,4536.793,4537.729,0
2026-05-18 05:15:00,4537.648,4546.702,4535.127,4544.622,0
2026-05-18 05:20:00,4541.352,4547.315,4540.295,4547.249,0
2026-05-18 05:25:00,4547.367,4550.332,4544.704,4548.851,0
2026-05-18 05:30:00,4549.037,4551.524,4541.266,4541.404,0
2026-05-18 05:35:00,4541.284,4545.868,4541.173,4545.858,0
2026-05-18 05:40:00,4545.805,4550.086,4539.278,4540.846,0
2026-05-18 05:45:00,4540.570,4542.025,4539.572,4541.796,0
2026-05-18 05:50:00,4542.113,4542.113,4536.588,4536.593,0
2026-05-18 05:55:00,4536.585,4537.662,4531.752,4532.777,0
2026-05-18 06:00:00,4534.621,4537.042,4531.418,4536.409,0
2026-05-18 06:05:00,4535.000,4539.085,4533.174,4537.278,0
2026-05-18 06:10:00,4537.506,4538.967,4533.952,4536.262,0
2026-05-18 06:15:00,4535.683,4539.684,4534.750,4535.711,0
2026-05-18 06:20:00,4536.381,4542.605,4535.148,4541.360,0
2026-05-18 06:25:00,4539.056,4546.695,4538.647,4541.078,0
2026-05-18 06:30:00,4540.676,4544.221,4535.970,4544.216,0
2026-05-18 06:35:00,4544.229,4544.229,4539.230,4540.876,0
2026-05-18 06:40:00,4540.528,4540.914,4534.913,4535.387,0
2026-05-18 06:45:00,4535.785,4545.771,4535.785,4545.579,0
2026-05-18 06:50:00,4545.159,4545.248,4543.128,4543.714,0
2026-05-18 06:55:00,4543.944,4547.222,4543.802,4546.253,0
2026-05-18 07:00:00,4546.470,4548.362,4545.141,4545.933,0
2026-05-18 07:05:00,4547.719,4547.719,4543.549,4544.361,0
2026-05-18 07:10:00,4544.350,4547.108,4543.137,4543.259,0
2026-05-18 07:15:00,4543.451,4545.041,4542.929,4543.783,0
2026-05-18 07:20:00,4544.003,4544.009,4539.874,4540.305,0
2026-05-18 07:25:00,4540.479,4547.234,4537.751,4546.115,0
2026-05-18 07:30:00,4546.038,4559.803,4544.033,4555.218,0
2026-05-18 07:35:00,4555.232,4555.232,4551.290,4551.752,0
2026-05-18 07:40:00,4552.646,4553.893,4550.253,4550.720,0
2026-05-18 07:45:00,4550.613,4551.100,4546.181,4546.611,0
2026-05-18 07:50:00,4547.526,4547.526,4540.469,4543.910,0
2026-05-18 07:55:00,4542.661,4547.108,4541.945,4547.104,0
2026-05-18 08:00:00,4547.052,4547.958,4543.455,4547.769,0
2026-05-18 08:05:00,4547.657,4548.241,4545.530,4547.906,0
2026-05-18 08:10:00,4547.404,4547.404,4542.815,4545.734,0
2026-05-18 08:15:00,4544.455,4546.305,4542.909,4545.550,0
2026-05-18 08:20:00,4544.923,4549.048,4544.628,4548.777,0
2026-05-18 08:25:00,4548.350,4550.263,4548.349,4548.769,0
2026-05-18 08:30:00,4549.388,4551.352,4546.422,4550.999,0
2026-05-18 08:35:00,4550.544,4551.454,4549.314,4550.265,0
2026-05-18 08:40:00,4549.397,4550.939,4549.157,4549.541,0
2026-05-18 08:45:00,4550.150,4553.079,4549.142,4552.976,0
2026-05-18 08:50:00,4552.758,4556.435,4551.821,4556.185,0
2026-05-18 08:55:00,4555.789,4556.626,4552.167,4552.416,0
2026-05-18 09:00:00,4552.764,4553.196,4542.651,4543.404,0
2026-05-18 09:05:00,4544.544,4546.546,4542.323,4546.505,0
2026-05-18 09:10:00,4546.392,4547.137,4546.337,4547.137,0
2026-05-18 09:15:00,4547.089,4547.522,4546.337,4546.874,0
2026-05-18 09:20:00,4546.722,4548.677,4545.715,4547.946,0
2026-05-18 09:25:00,4547.987,4550.389,4545.503,4548.225,0
2026-05-18 09:30:00,4547.366,4547.366,4541.749,4543.305,0
2026-05-18 09:35:00,4543.206,4545.996,4542.102,4545.912,0
2026-05-18 09:40:00,4545.811,4546.234,4540.211,4542.807,0
2026-05-18 09:45:00,4541.703,4543.645,4541.132,4541.256,0
2026-05-18 09:50:00,4541.435,4542.638,4540.705,4542.377,0
2026-05-18 09:55:00,4541.663,4544.714,4541.546,4543.586,0
2026-05-18 10:00:00,4543.455,4544.317,4542.163,4542.173,0
2026-05-18 10:05:00,4542.171,4545.637,4538.221,4538.886,0
2026-05-18 10:10:00,4539.883,4540.295,4537.289,4537.732,0
2026-05-18 10:15:00,4538.581,4541.742,4536.256,4539.917,0
2026-05-18 10:20:00,4540.687,4541.739,4539.263,4539.263,0
2026-05-18 10:25:00,4539.090,4540.317,4539.059,4539.753,0
2026-05-18 10:30:00,4539.695,4541.465,4534.343,4535.172,0
2026-05-18 10:35:00,4536.688,4538.462,4533.657,4538.050,0
2026-05-18 10:40:00,4537.961,4543.151,4537.419,4542.685,0
2026-05-18 10:45:00,4542.009,4547.470,4541.739,4544.933,0
2026-05-18 10:50:00,4545.902,4546.488,4538.665,4538.953,0
2026-05-18 10:55:00,4539.346,4540.222,4537.970,4540.119,0
2026-05-18 11:00:00,4539.972,4540.501,4539.127,4540.230,0
2026-05-18 11:05:00,4539.912,4540.131,4537.572,4537.677,0
2026-05-18 11:10:00,4537.948,4541.821,4533.943,4537.751,0
2026-05-18 11:15:00,4536.809,4539.847,4536.382,4539.158,0
2026-05-18 11:20:00,4538.797,4539.471,4534.909,4534.920,0
2026-05-18 11:25:00,4535.122,4537.105,4534.942,4535.923,0
2026-05-18 11:30:00,4536.129,4544.161,4535.131,4542.600,0
2026-05-18 11:35:00,4539.394,4549.245,4539.265,4547.803,0
2026-05-18 11:40:00,4544.664,4565.938,4544.628,4565.406,0
2026-05-18 11:45:00,4564.356,4564.684,4556.096,4557.588,0
2026-05-18 11:50:00,4559.628,4560.587,4548.337,4552.158,0
2026-05-18 11:55:00,4554.113,4555.292,4547.133,4552.007,0
2026-05-18 12:00:00,4553.035,4553.035,4547.580,4548.863,0
2026-05-18 12:05:00,4549.301,4555.394,4549.301,4553.474,0
2026-05-18 12:10:00,4553.629,4555.485,4551.454,4553.507,0
2026-05-18 12:15:00,4553.449,4554.297,4548.148,4548.593,0
2026-05-18 12:20:00,4549.233,4552.076,4544.539,4551.893,0
2026-05-18 12:25:00,4551.332,4557.101,4551.332,4556.108,0
2026-05-18 12:30:00,4553.993,4557.276,4550.212,4556.441,0
2026-05-18 12:35:00,4555.080,4562.191,4555.080,4558.766,0
2026-05-18 12:40:00,4559.576,4568.505,4558.483,4568.079,0
2026-05-18 12:45:00,4567.503,4573.304,4566.478,4567.707,0
2026-05-18 12:50:00,4569.303,4575.159,4563.293,4563.726,0
2026-05-18 12:55:00,4564.455,4570.062,4562.799,4568.384,0
2026-05-18 13:00:00,4564.290,4574.984,4563.709,4564.607,0
2026-05-18 13:05:00,4566.253,4569.452,4564.290,4568.552,0
2026-05-18 13:10:00,4566.693,4568.511,4563.177,4567.568,0
2026-05-18 13:15:00,4565.212,4569.549,4565.212,4565.937,0
2026-05-18 13:20:00,4566.169,4571.653,4565.168,4570.814,0
2026-05-18 13:25:00,4568.703,4576.450,4568.703,4574.126,0
2026-05-18 13:30:00,4574.737,4577.881,4567.045,4577.014,0
2026-05-18 13:35:00,4575.903,4579.422,4571.363,4574.710,0
2026-05-18 13:40:00,4573.111,4576.031,4565.585,4566.095,0
2026-05-18 13:45:00,4567.080,4575.612,4564.065,4575.092,0
2026-05-18 13:50:00,4574.088,4580.728,4574.088,4580.323,0
2026-05-18 13:55:00,4579.234,4584.422,4577.817,4578.614,0
2026-05-18 14:00:00,4579.414,4579.414,4567.270,4567.803,0
2026-05-18 14:05:00,4568.662,4568.662,4561.003,4561.326,0
2026-05-18 14:10:00,4562.125,4569.329,4562.125,4565.218,0
2026-05-18 14:15:00,4567.304,4569.186,4561.365,4564.107,0
2026-05-18 14:20:00,4564.812,4565.585,4555.186,4556.770,0
2026-05-18 14:25:00,4556.987,4562.468,4556.987,4562.218,0
2026-05-18 14:30:00,4561.865,4562.801,4548.211,4550.354,0
2026-05-18 14:35:00,4554.420,4554.420,4545.248,4548.095,0
2026-05-18 14:40:00,4547.990,4551.527,4541.781,4547.019,0
2026-05-18 14:45:00,4546.711,4550.955,4539.883,4540.116,0
2026-05-18 14:50:00,4540.511,4546.695,4540.133,4546.564,0
2026-05-18 14:55:00,4546.271,4546.271,4542.357,4545.371,0
2026-05-18 15:00:00,4544.917,4547.315,4534.942,4535.283,0
2026-05-18 15:05:00,4535.907,4541.818,4534.254,4540.910,0
2026-05-18 15:10:00,4538.653,4542.770,4537.622,4540.467,0
2026-05-18 15:15:00,4540.766,4543.003,4535.980,4537.268,0
2026-05-18 15:20:00,4539.012,4539.063,4534.119,4539.003,0
2026-05-18 15:25:00,4538.843,4539.059,4537.823,4538.943,0
2026-05-18 15:30:00,4538.777,4543.020,4533.708,4539.545,0
2026-05-18 15:35:00,4539.247,4541.326,4539.247,4541.285,0
2026-05-18 15:40:00,4541.217,4544.009,4540.772,4541.578,0
2026-05-18 15:45:00,4542.538,4542.618,4537.411,4542.242,0
2026-05-18 15:50:00,4541.255,4543.338,4538.432,4539.323,0
2026-05-18 15:55:00,4540.496,4545.868,4540.496,4543.243,0
2026-05-18 16:00:00,4543.652,4544.880,4540.501,4542.087,0
2026-05-18 16:05:00,4541.921,4543.736,4540.514,4542.626,0
2026-05-18 16:10:00,4542.674,4548.629,4542.349,4548.233,0
2026-05-18 16:15:00,4547.468,4549.562,4547.468,4547.643,0
2026-05-18 16:20:00,4547.863,4550.419,4545.041,4545.370,0
2026-05-18 16:25:00,4545.948,4546.874,4536.483,4536.980,0
2026-05-18 16:30:00,4538.056,4541.326,4535.765,4541.173,0
2026-05-18 16:35:00,4540.784,4544.422,4539.883,4543.555,0
2026-05-18 16:40:00,4543.656,4544.628,4542.564,4542.609,0
2026-05-18 16:45:00,4542.710,4548.003,4542.369,4547.434,0
2026-05-18 16:50:00,4546.077,4553.112,4546.077,4551.404,0
2026-05-18 16:55:00,4551.872,4553.669,4551.324,4551.778,0
2026-05-18 17:00:00,4552.736,4555.875,4549.177,4554.994,0
2026-05-18 17:05:00,4553.809,4558.093,4553.809,4555.847,0
2026-05-18 17:10:00,4556.361,4556.668,4555.066,4556.451,0
2026-05-18 17:15:00,4556.026,4556.026,4552.493,4553.620,0
2026-05-18 17:20:00,4554.022,4555.445,4552.823,4554.289,0
2026-05-18 17:25:00,4554.102,4554.110,4550.768,4551.327,0
2026-05-18 17:30:00,4552.248,4554.356,4548.970,4549.336,0
2026-05-18 17:35:00,4549.964,4550.385,4548.556,4548.839,0
2026-05-18 17:40:00,4549.005,4550.212,4548.349,4549.107,0
2026-05-18 17:45:00,4548.949,4550.251,4547.927,4549.877,0
2026-05-18 17:50:00,4549.245,4549.245,4546.901,4548.148,0
2026-05-18 17:55:00,4548.365,4549.104,4545.868,4546.752,0
2026-05-18 18:00:00,4546.337,4547.315,4544.628,4546.135,0
2026-05-18 18:05:00,4545.832,4548.190,4544.009,4545.361,0
2026-05-18 18:10:00,4545.165,4546.074,4544.256,4545.334,0
2026-05-18 18:15:00,4545.437,4545.455,4542.357,4542.530,0
2026-05-18 18:20:00,4542.520,4543.234,4541.120,4541.484,0
2026-05-18 18:25:00,4541.694,4542.770,4536.587,4542.265,0
2026-05-18 18:30:00,4541.114,4543.596,4540.850,4541.900,0
2026-05-18 18:35:00,4542.137,4543.596,4540.295,4541.300,0
2026-05-18 18:40:00,4541.155,4541.155,4539.883,4541.070,0
2026-05-18 18:45:00,4540.820,4542.977,4540.820,4542.071,0
2026-05-18 18:50:00,4542.222,4542.222,4540.223,4541.022,0
2026-05-18 18:55:00,4540.672,4542.008,4535.940,4536.792,0
2026-05-18 19:00:00,4538.017,4562.460,4528.858,4561.412,0
2026-05-18 19:05:00,4559.441,4559.441,4553.288,4553.511,0
2026-05-18 19:10:00,4553.603,4557.470,4553.529,4555.510,0
2026-05-18 19:15:00,4555.682,4556.022,4551.454,4551.701,0
2026-05-18 19:20:00,4551.961,4554.692,4551.961,4552.815,0
2026-05-18 19:25:00,4553.624,4553.624,4547.108,4548.112,0
2026-05-18 19:30:00,4548.147,4557.262,4548.147,4556.561,0
2026-05-18 19:35:00,4556.315,4558.796,4555.549,4558.532,0
2026-05-18 19:40:00,4557.770,4561.003,4557.228,4559.499,0
2026-05-18 19:45:00,4559.355,4562.007,4558.294,4561.619,0
2026-05-18 19:50:00,4560.564,4562.460,4560.171,4561.323,0
2026-05-18 19:55:00,4560.884,4561.628,4558.256,4558.900,0
2026-05-18 20:00:00,4560.294,4560.936,4557.470,4560.313,0
2026-05-18 20:05:00,4558.729,4561.628,4558.729,4559.251,0
2026-05-18 20:10:00,4559.365,4561.831,4558.035,4561.292,0
2026-05-18 20:15:00,4560.396,4566.002,4560.396,4564.418,0
2026-05-18 20:20:00,4564.913,4566.627,4563.869,4566.387,0
2026-05-18 20:25:00,4565.758,4567.499,4563.491,4563.680,0
2026-05-18 20:30:00,4564.006,4564.126,4561.836,4562.920,0
2026-05-18 20:35:00,4562.461,4563.709,4562.461,4563.260,0
2026-05-18 20:40:00,4563.188,4564.915,4562.608,4564.630,0
2026-05-18 20:45:00,4564.178,4564.959,4564.178,4564.521,0
2026-05-18 20:50:00,4564.464,4565.793,4563.500,4565.657,0
2026-05-18 20:55:00,4565.423,4566.226,4562.876,4566.174,0
2026-05-18 21:00:00,4565.995,4566.666,4565.995,4566.492,0
2026-05-18 21:05:00,4566.391,4566.819,4566.282,4566.533,0
2026-05-18 21:10:00,4566.530,4566.751,4566.210,4566.346,0
2026-05-18 21:15:00,4566.460,4566.951,4566.460,4566.874,0
2026-05-18 21:20:00,4566.760,4567.095,4566.627,4566.673,0
2026-05-18 21:25:00,4566.634,4566.962,4566.627,4566.665,0
2026-05-18 21:30:00,4566.726,4566.861,4566.626,4566.627,0
2026-05-18 21:35:00,4566.663,4566.919,4566.627,4566.822,0
2026-05-18 21:40:00,4566.733,4567.879,4566.619,4567.802,0
2026-05-18 21:45:00,4567.566,4567.882,4567.388,4567.626,0
2026-05-18 21:50:00,4567.684,4567.690,4566.627,4566.695,0
2026-05-18 21:55:00,4566.825,4566.836,4566.515,4566.641,0
2026-05-18 22:00:00,4566.559,4574.565,4563.412,4570.280,0
2026-05-18 22:05:00,4569.662,4572.892,4569.662,4572.712,0
2026-05-18 22:10:00,4572.339,4572.874,4569.549,4572.491,0
2026-05-18 22:15:00,4571.961,4574.147,4571.961,4573.374,0
2026-05-18 22:20:00,4573.462,4573.729,4572.265,4572.369,0
2026-05-18 22:25:00,4572.527,4572.760,4571.429,4571.892,0
2026-05-18 22:30:00,4572.240,4573.738,4571.879,4573.466,0
2026-05-18 22:35:00,4573.116,4574.840,4572.347,4574.556,0
2026-05-18 22:40:00,4574.177,4578.755,4573.461,4575.785,0
2026-05-18 22:45:00,4576.056,4576.869,4575.193,4575.482,0
2026-05-18 22:50:00,4575.357,4575.817,4573.938,4573.995,0
2026-05-18 22:55:00,4574.068,4574.068,4572.672,4573.146,0
2026-05-18 23:00:00,4573.060,4580.013,4571.275,4579.907,0
2026-05-18 23:05:00,4579.559,4581.062,4579.559,4580.287,0
2026-05-18 23:10:00,4580.338,4585.589,4579.491,4584.838,0
2026-05-18 23:15:00,4583.773,4586.735,4583.773,4584.171,0
2026-05-18 23:20:00,4584.327,4588.840,4584.300,4586.845,0
2026-05-18 23:25:00,4587.349,4587.349,4585.400,4585.482,0
2026-05-18 23:30:00,4585.669,4585.934,4583.792,4584.162,0
2026-05-18 23:35:00,4584.410,4587.787,4584.212,4584.329,0
2026-05-18 23:40:00,4584.441,4586.525,4584.238,4585.864,0
2026-05-18 23:45:00,4585.926,4585.926,4583.521,4583.635,0
2026-05-18 23:50:00,4583.812,4583.812,4582.111,4583.110,0
2026-05-18 23:55:00,4582.954,4583.137,4579.803,4579.923,0
2026-05-19 00:00:00,4580.471,4593.463,4580.471,4583.408,0
2026-05-19 00:05:00,4588.038,4588.038,4577.531,4584.083,0
2026-05-19 00:10:00,4583.834,4584.148,4579.593,4579.883,0
2026-05-19 00:15:00,4580.327,4581.618,4576.450,4578.272,0
2026-05-19 00:20:00,4578.290,4585.733,4577.016,4578.577,0
2026-05-19 00:25:00,4580.646,4580.646,4572.474,4572.622,0
2026-05-19 00:30:00,4572.951,4576.450,4572.951,4576.164,0
2026-05-19 00:35:00,4575.524,4576.110,4569.966,4570.134,0
2026-05-19 00:40:00,4570.455,4574.147,4569.766,4571.215,0
2026-05-19 00:45:00,4571.448,4571.654,4570.384,4571.607,0
2026-05-19 00:50:00,4571.520,4571.631,4567.318,4569.301,0
2026-05-19 00:55:00,4568.967,4568.967,4564.139,4566.966,0
2026-05-19 01:00:00,4565.770,4567.875,4561.628,4562.441,0
2026-05-19 01:05:00,4563.363,4569.340,4563.363,4569.012,0
2026-05-19 01:10:00,4568.029,4568.029,4564.126,4567.515,0
2026-05-19 01:15:00,4567.191,4567.253,4559.851,4560.542,0
2026-05-19 01:20:00,4562.072,4562.072,4553.556,4558.557,0
2026-05-19 01:25:00,4557.866,4558.744,4556.639,4558.672,0
2026-05-19 01:30:00,4558.504,4560.354,4557.262,4559.876,0
2026-05-19 01:35:00,4558.985,4566.775,4558.985,4561.358,0
2026-05-19 01:40:00,4562.771,4571.175,4562.771,4570.632,0
2026-05-19 01:45:00,4569.952,4572.574,4568.394,4571.860,0
2026-05-19 01:50:00,4570.567,4570.567,4563.489,4563.806,0
2026-05-19 01:55:00,4564.352,4568.296,4563.085,4565.956,0
2026-05-19 02:00:00,4565.448,4565.572,4559.132,4561.253,0
2026-05-19 02:05:00,4560.907,4560.907,4556.016,4559.252,0
2026-05-19 02:10:00,4558.395,4558.395,4554.356,4554.590,0
2026-05-19 02:15:00,4554.982,4557.262,4551.773,4557.087,0
2026-05-19 02:20:00,4556.746,4559.727,4556.358,4557.413,0
2026-05-19 02:25:00,4557.693,4561.211,4557.411,4561.104,0
2026-05-19 02:30:00,4560.905,4564.548,4555.809,4556.300,0
2026-05-19 02:35:00,4556.918,4557.438,4552.636,4556.633,0
2026-05-19 02:40:00,4556.278,4558.301,4549.827,4556.493,0
2026-05-19 02:45:00,4556.498,4558.044,4551.522,4552.346,0
2026-05-19 02:50:00,4554.250,4554.250,4548.556,4549.054,0
2026-05-19 02:55:00,4550.002,4551.661,4547.108,4547.331,0
2026-05-19 03:00:00,4547.705,4547.728,4545.248,4547.615,0
2026-05-19 03:05:00,4547.281,4552.905,4546.281,4549.995,0
2026-05-19 03:10:00,4550.998,4551.661,4547.935,4551.497,0
2026-05-19 03:15:00,4551.159,4552.490,4549.591,4551.888,0
2026-05-19 03:20:00,4551.615,4552.476,4547.728,4547.953,0
2026-05-19 03:25:00,4548.327,4550.833,4547.728,4550.615,0
2026-05-19 03:30:00,4550.172,4550.172,4548.142,4549.126,0
2026-05-19 03:35:00,4549.038,4554.552,4548.822,4553.862,0
2026-05-19 03:40:00,4552.113,4555.694,4549.080,4549.423,0
2026-05-19 03:45:00,4550.097,4550.097,4544.835,4548.040,0
2026-05-19 03:50:00,4547.845,4549.177,4547.108,4549.094,0
2026-05-19 03:55:00,4548.957,4549.322,4544.215,4546.001,0
2026-05-19 04:00:00,4545.751,4547.584,4542.357,4544.345,0
2026-05-19 04:05:00,4544.200,4544.422,4542.357,4544.052,0
2026-05-19 04:10:00,4543.577,4543.577,4540.382,4540.852,0
2026-05-19 04:15:00,4541.861,4542.564,4539.247,4540.079,0
2026-05-19 04:20:00,4540.626,4542.977,4539.059,4540.895,0
2026-05-19 04:25:00,4541.299,4541.945,4538.853,4538.989,0
2026-05-19 04:30:00,4539.069,4539.889,4538.699,4539.344,0
2026-05-19 04:35:00,4539.417,4541.945,4539.265,4539.466,0
2026-05-19 04:40:00,4539.868,4542.575,4539.868,4540.646,0
2026-05-19 04:45:00,4540.841,4542.357,4539.188,4541.596,0
2026-05-19 04:50:00,4541.753,4542.700,4540.707,4542.607,0
2026-05-19 04:55:00,4542.436,4543.183,4541.532,4541.724,0
2026-05-19 05:00:00,4541.907,4544.835,4541.907,4542.792,0
2026-05-19 05:05:00,4542.924,4545.345,4540.347,4540.813,0
2026-05-19 05:10:00,4541.448,4546.488,4541.448,4544.930,0
2026-05-19 05:15:00,4545.523,4545.523,4542.564,4543.768,0
2026-05-19 05:20:00,4543.477,4543.647,4533.821,4534.544,0
2026-05-19 05:25:00,4535.644,4540.501,4532.681,4540.074,0
2026-05-19 05:30:00,4539.076,4540.459,4533.702,4536.487,0
2026-05-19 05:35:00,4537.509,4540.707,4534.942,4540.543,0
2026-05-19 05:40:00,4540.226,4543.183,4539.754,4541.774,0
2026-05-19 05:45:00,4541.700,4541.952,4537.064,4537.916,0
2026-05-19 05:50:00,4539.207,4539.755,4534.325,4539.003,0
2026-05-19 05:55:00,4537.535,4543.183,4537.535,4541.864,0
2026-05-19 06:00:00,4541.793,4542.286,4533.691,4540.060,0
2026-05-19 06:05:00,4539.587,4540.272,4534.706,4539.926,0
2026-05-19 06:10:00,4539.262,4545.248,4537.617,4544.616,0
2026-05-19 06:15:00,4543.405,4548.920,4542.564,4547.682,0
2026-05-19 06:20:00,4544.610,4550.626,4544.610,4547.646,0
2026-05-19 06:25:00,4548.101,4553.941,4546.901,4550.100,0
2026-05-19 06:30:00,4550.592,4551.500,4546.281,4547.510,0
2026-05-19 06:35:00,4547.877,4551.568,4546.901,4550.816,0
2026-05-19 06:40:00,4549.795,4552.755,4549.591,4550.950,0
2026-05-19 06:45:00,4550.695,4552.998,4544.560,4544.894,0
2026-05-19 06:50:00,4545.494,4547.043,4544.073,4546.588,0
2026-05-19 06:55:00,4545.476,4548.763,4545.476,4548.010,0
2026-05-19 07:00:00,4548.096,4548.377,4545.041,4545.985,0
2026-05-19 07:05:00,4546.387,4553.310,4546.387,4552.799,0
2026-05-19 07:10:00,4551.589,4555.463,4547.728,4548.602,0
2026-05-19 07:15:00,4548.632,4549.591,4547.599,4549.519,0
2026-05-19 07:20:00,4549.327,4551.745,4544.628,4546.877,0
2026-05-19 07:25:00,4546.708,4547.193,4544.009,4544.216,0
2026-05-19 07:30:00,4544.371,4548.142,4543.962,4545.221,0
2026-05-19 07:35:00,4545.855,4549.854,4542.977,4543.383,0
2026-05-19 07:40:00,4544.108,4544.108,4542.751,4543.545,0
2026-05-19 07:45:00,4543.415,4555.186,4542.117,4553.561,0
2026-05-19 07:50:00,4552.849,4552.849,4548.763,4549.335,0
2026-05-19 07:55:00,4549.928,4559.132,4549.928,4557.083,0
2026-05-19 08:00:00,4557.165,4557.434,4552.490,4553.691,0
2026-05-19 08:05:00,4553.737,4554.734,4545.619,4546.235,0
2026-05-19 08:10:00,4547.538,4547.538,4542.770,4543.530,0
2026-05-19 08:15:00,4544.145,4547.728,4544.145,4546.623,0
2026-05-19 08:20:00,4546.823,4547.994,4540.914,4541.172,0
2026-05-19 08:25:00,4541.622,4542.260,4536.942,4537.138,0
2026-05-19 08:30:00,4537.565,4543.200,4537.435,4542.083,0
2026-05-19 08:35:00,4539.778,4544.679,4539.778,4542.786,0
2026-05-19 08:40:00,4543.063,4543.445,4542.257,4543.021,0
2026-05-19 08:45:00,4543.085,4548.142,4542.770,4545.708,0
2026-05-19 08:50:00,4546.106,4546.530,4538.441,4539.050,0
2026-05-19 08:55:00,4539.691,4544.215,4539.691,4543.140,0
2026-05-19 09:00:00,4543.388,4543.388,4540.295,4540.396,0
2026-05-19 09:05:00,4540.573,4540.779,4538.235,4539.645,0
2026-05-19 09:10:00,4538.612,4541.690,4537.411,4537.726,0
2026-05-19 09:15:00,4538.457,4539.318,4536.391,4538.807,0
2026-05-19 09:20:00,4538.018,4545.949,4538.018,4545.279,0
2026-05-19 09:25:00,4543.670,4546.695,4542.213,4543.315,0
2026-05-19 09:30:00,4545.267,4545.267,4537.411,4539.347,0
2026-05-19 09:35:00,4539.161,4543.857,4537.617,4538.023,0
2026-05-19 09:40:00,4538.732,4540.780,4538.633,4539.816,0
2026-05-19 09:45:00,4539.613,4541.120,4539.249,4540.985,0
2026-05-19 09:50:00,4540.702,4542.357,4538.914,4542.267,0
2026-05-19 09:55:00,4541.993,4545.610,4540.883,4545.077,0
2026-05-19 10:00:00,4544.143,4544.143,4538.235,4538.496,0
2026-05-19 10:05:00,4538.951,4542.357,4536.588,4540.946,0
2026-05-19 10:10:00,4541.278,4541.530,4539.265,4541.223,0
2026-05-19 10:15:00,4540.458,4542.707,4538.853,4539.483,0
2026-05-19 10:20:00,4539.449,4541.532,4539.059,4541.393,0
2026-05-19 10:25:00,4541.105,4541.105,4539.471,4540.348,0
2026-05-19 10:30:00,4539.890,4541.945,4539.158,4541.830,0
2026-05-19 10:35:00,4541.479,4543.825,4538.656,4539.162,0
2026-05-19 10:40:00,4540.214,4541.739,4528.167,4529.588,0
2026-05-19 10:45:00,4532.227,4533.297,4526.525,4533.091,0
2026-05-19 10:50:00,4532.585,4534.932,4531.448,4534.140,0
2026-05-19 10:55:00,4534.280,4543.389,4534.085,4542.965,0
2026-05-19 11:00:00,4542.152,4547.491,4542.151,4547.197,0
2026-05-19 11:05:00,4546.763,4546.763,4541.698,4542.644,0
2026-05-19 11:10:00,4542.544,4542.544,4536.382,4536.719,0
2026-05-19 11:15:00,4537.295,4541.030,4536.382,4540.456,0
2026-05-19 11:20:00,4539.737,4542.286,4539.437,4540.821,0
2026-05-19 11:25:00,4540.450,4541.739,4536.999,4538.558,0
2026-05-19 11:30:00,4538.245,4540.089,4538.029,4538.163,0
2026-05-19 11:35:00,4538.447,4538.693,4537.617,4537.749,0
2026-05-19 11:40:00,4537.907,4542.324,4536.951,4541.745,0
2026-05-19 11:45:00,4541.016,4543.183,4537.617,4539.953,0
2026-05-19 11:50:00,4539.018,4540.707,4536.539,4537.327,0
2026-05-19 11:55:00,4539.142,4539.142,4531.221,4531.412,0
2026-05-19 12:00:00,4531.741,4536.176,4528.986,4535.829,0
2026-05-19 12:05:00,4535.165,4542.001,4534.872,4540.786,0
2026-05-19 12:10:00,4537.877,4546.695,4537.877,4542.900,0
2026-05-19 12:15:00,4543.526,4544.654,4537.669,4538.057,0
2026-05-19 12:20:00,4538.859,4544.009,4533.763,4543.753,0
2026-05-19 12:25:00,4543.329,4543.787,4540.501,4540.748,0
2026-05-19 12:30:00,4541.337,4546.772,4541.337,4544.760,0
2026-05-19 12:35:00,4545.126,4546.074,4542.151,4543.885,0
2026-05-19 12:40:00,4544.301,4544.699,4539.085,4539.759,0
2026-05-19 12:45:00,4541.217,4541.217,4536.499,4538.532,0
2026-05-19 12:50:00,4538.082,4541.076,4538.029,4540.641,0
2026-05-19 12:55:00,4539.926,4541.676,4538.322,4538.924,0
2026-05-19 13:00:00,4540.273,4540.273,4530.832,4531.228,0
2026-05-19 13:05:00,4531.775,4535.659,4517.324,4517.818,0
2026-05-19 13:10:00,4518.741,4526.321,4516.514,4521.787,0
2026-05-19 13:15:00,4522.086,4526.285,4516.508,4517.234,0
2026-05-19 13:20:00,4518.527,4521.719,4506.002,4507.152,0
2026-05-19 13:25:00,4508.806,4508.806,4494.901,4497.038,0
2026-05-19 13:30:00,4499.830,4500.425,4466.878,4482.644,0
2026-05-19 13:35:00,4480.147,4487.927,4475.074,4482.142,0
2026-05-19 13:40:00,4482.526,4483.501,4474.073,4477.228,0
2026-05-19 13:45:00,4475.561,4481.656,4475.561,4477.328,0
2026-05-19 13:50:00,4477.428,4499.330,4474.918,4497.991,0
2026-05-19 13:55:00,4494.648,4511.007,4490.471,4506.086,0
2026-05-19 14:00:00,4504.850,4505.722,4497.616,4497.865,0
2026-05-19 14:05:00,4497.467,4509.990,4492.968,4494.182,0
2026-05-19 14:10:00,4497.350,4503.089,4495.009,4496.451,0
2026-05-19 14:15:00,4498.753,4499.438,4492.568,4498.962,0
2026-05-19 14:20:00,4498.103,4502.918,4485.713,4488.686,0
2026-05-19 14:25:00,4488.003,4493.372,4484.269,4492.473,0
2026-05-19 14:30:00,4492.237,4497.616,4489.539,4490.057,0
2026-05-19 14:35:00,4490.871,4499.640,4490.871,4492.684,0
2026-05-19 14:40:00,4493.756,4497.247,4490.144,4496.882,0
2026-05-19 14:45:00,4496.218,4496.218,4489.741,4490.185,0
2026-05-19 14:50:00,4490.944,4492.564,4488.348,4488.827,0
2026-05-19 14:55:00,4489.750,4494.687,4487.525,4493.426,0
2026-05-19 15:00:00,4490.291,4498.057,4490.291,4497.920,0
2026-05-19 15:05:00,4497.651,4498.512,4491.354,4491.631,0
2026-05-19 15:10:00,4492.454,4499.438,4492.454,4497.443,0
2026-05-19 15:15:00,4497.489,4503.287,4497.344,4502.904,0
2026-05-19 15:20:00,4502.152,4503.744,4495.594,4496.158,0
2026-05-19 15:25:00,4497.276,4498.830,4495.796,4498.706,0
2026-05-19 15:30:00,4498.329,4507.753,4498.329,4505.914,0
2026-05-19 15:35:00,4505.734,4505.898,4499.843,4504.746,0
2026-05-19 15:40:00,4504.079,4505.533,4501.689,4502.085,0
2026-05-19 15:45:00,4502.850,4503.442,4500.855,4502.798,0
2026-05-19 15:50:00,4502.088,4504.505,4502.088,4504.353,0
2026-05-19 15:55:00,4503.868,4508.363,4502.274,4507.856,0
2026-05-19 16:00:00,4507.427,4509.380,4506.039,4506.444,0
2026-05-19 16:05:00,4506.963,4507.691,4500.012,4501.830,0
2026-05-19 16:10:00,4501.723,4501.723,4496.605,4499.722,0
2026-05-19 16:15:00,4499.440,4502.679,4497.732,4500.412,0
2026-05-19 16:20:00,4500.274,4504.567,4499.849,4503.836,0
2026-05-19 16:25:00,4502.447,4509.990,4502.447,4509.376,0
2026-05-19 16:30:00,4508.976,4512.043,4507.753,4508.149,0
2026-05-19 16:35:00,4508.822,4508.822,4507.084,4508.538,0
2026-05-19 16:40:00,4508.142,4508.973,4506.331,4506.554,0
2026-05-19 16:45:00,4506.838,4506.838,4505.087,4505.902,0
2026-05-19 16:50:00,4505.795,4508.498,4505.255,4505.981,0
2026-05-19 16:55:00,4507.167,4508.566,4503.990,4508.407,0
2026-05-19 17:00:00,4507.941,4508.770,4506.738,4506.847,0
2026-05-19 17:05:00,4507.018,4508.770,4506.534,4508.542,0
2026-05-19 17:10:00,4508.105,4509.434,4505.999,4509.077,0
2026-05-19 17:15:00,4508.622,4510.425,4508.050,4508.392,0
2026-05-19 17:20:00,4509.092,4509.092,4505.349,4505.883,0
2026-05-19 17:25:00,4506.761,4507.469,4504.302,4505.236,0
2026-05-19 17:30:00,4505.852,4508.712,4505.852,4507.774,0
2026-05-19 17:35:00,4507.251,4507.251,4503.693,4505.987,0
2026-05-19 17:40:00,4505.531,4505.722,4503.896,4503.948,0
2026-05-19 17:45:00,4503.937,4505.069,4500.855,4502.309,0
2026-05-19 17:50:00,4502.027,4502.977,4499.843,4500.022,0
2026-05-19 17:55:00,4500.320,4501.105,4499.842,4500.983,0
2026-05-19 18:00:00,4500.624,4501.482,4500.450,4501.067,0
2026-05-19 18:05:00,4501.005,4503.034,4500.368,4502.663,0
2026-05-19 18:10:00,4502.084,4503.324,4501.738,4502.163,0
2026-05-19 18:15:00,4502.981,4502.981,4500.248,4500.308,0
2026-05-19 18:20:00,4500.391,4500.391,4497.414,4497.547,0
2026-05-19 18:25:00,4497.663,4500.181,4497.009,4497.208,0
2026-05-19 18:30:00,4497.541,4498.022,4493.776,4497.794,0
2026-05-19 18:35:00,4497.470,4499.282,4496.420,4499.008,0
2026-05-19 18:40:00,4498.644,4500.877,4498.426,4498.621,0
2026-05-19 18:45:00,4498.957,4499.640,4498.628,4498.926,0
2026-05-19 18:50:00,4498.962,4499.967,4495.013,4495.679,0
2026-05-19 18:55:00,4497.151,4497.151,4490.951,4494.533,0
2026-05-19 19:00:00,4494.361,4495.999,4493.372,4494.013,0
2026-05-19 19:05:00,4494.106,4496.013,4493.574,4495.794,0
2026-05-19 19:10:00,4495.508,4496.783,4495.392,4496.432,0
2026-05-19 19:15:00,4495.946,4497.212,4492.883,4493.023,0
2026-05-19 19:20:00,4493.192,4493.192,4487.452,4487.894,0
2026-05-19 19:25:00,4488.530,4488.935,4485.700,4488.754,0
2026-05-19 19:30:00,4488.396,4490.062,4486.841,4487.426,0
2026-05-19 19:35:00,4488.569,4488.569,4486.317,4488.453,0
2026-05-19 19:40:00,4488.270,4488.529,4486.317,4488.205,0
2026-05-19 19:45:00,4487.781,4488.733,4486.317,4486.929,0
2026-05-19 19:50:00,4486.694,4487.201,4484.305,4484.868,0
2026-05-19 19:55:00,4484.730,4485.260,4481.291,4481.570,0
2026-05-19 20:00:00,4482.017,4484.137,4481.432,4482.035,0
2026-05-19 20:05:00,4482.345,4485.967,4482.295,4485.430,0
2026-05-19 20:10:00,4484.194,4487.123,4484.194,4485.030,0
2026-05-19 20:15:00,4485.343,4485.928,4484.062,4485.120,0
2026-05-19 20:20:00,4484.800,4487.477,4484.800,4487.285,0
2026-05-19 20:25:00,4486.994,4487.726,4485.914,4486.454,0
2026-05-19 20:30:00,4486.248,4487.253,4483.099,4483.738,0
2026-05-19 20:35:00,4483.812,4484.572,4483.620,4483.739,0
2026-05-19 20:40:00,4483.893,4484.151,4481.828,4483.729,0
2026-05-19 20:45:00,4482.852,4484.506,4482.852,4484.063,0
2026-05-19 20:50:00,4483.987,4484.279,4482.697,4482.747,0
2026-05-19 20:55:00,4482.723,4484.803,4481.692,4481.854,0
2026-05-19 21:00:00,4482.106,4482.633,4481.874,4481.922,0
2026-05-19 21:05:00,4482.082,4482.689,4482.082,4482.609,0
2026-05-19 21:10:00,4482.465,4482.717,4482.233,4482.301,0
2026-05-19 21:15:00,4482.331,4482.704,4482.202,4482.678,0
2026-05-19 21:20:00,4482.573,4482.898,4482.295,4482.438,0
2026-05-19 21:25:00,4482.442,4482.643,4482.094,4482.178,0
2026-05-19 21:30:00,4482.304,4482.496,4481.893,4482.351,0
2026-05-19 21:35:00,4482.238,4482.596,4482.234,4482.314,0
2026-05-19 21:40:00,4482.319,4482.496,4482.295,4482.429,0
2026-05-19 21:45:00,4482.346,4482.611,4482.229,4482.497,0
2026-05-19 21:50:00,4482.462,4482.595,4482.239,4482.491,0
2026-05-19 21:55:00,4482.398,4482.577,4482.206,4482.513,0
2026-05-19 22:00:00,4482.364,4484.733,4481.893,4484.290,0
2026-05-19 22:05:00,4483.303,4485.713,4482.898,4485.126,0
2026-05-19 22:10:00,4485.054,4485.180,4482.697,4483.857,0
2026-05-19 22:15:00,4483.712,4483.903,4478.481,4478.643,0
2026-05-19 22:20:00,4478.969,4481.090,4478.826,4480.971,0
2026-05-19 22:25:00,4480.709,4481.090,4479.083,4479.250,0
2026-05-19 22:30:00,4479.529,4481.893,4477.938,4481.488,0
2026-05-19 22:35:00,4480.663,4486.115,4480.086,4480.409,0
2026-05-19 22:40:00,4480.997,4483.903,4480.688,4483.829,0
2026-05-19 22:45:00,4483.586,4484.464,4480.018,4482.538,0
2026-05-19 22:50:00,4482.152,4483.099,4479.074,4479.464,0
2026-05-19 22:55:00,4480.157,4484.218,4480.157,4484.051,0
2026-05-19 23:00:00,4483.526,4484.506,4480.086,4483.043,0
2026-05-19 23:05:00,4482.641,4484.038,4482.295,4483.737,0
2026-05-19 23:10:00,4483.344,4486.921,4483.023,4485.771,0
2026-05-19 23:15:00,4485.885,4487.399,4483.300,4485.288,0
2026-05-19 23:20:00,4485.742,4488.532,4485.512,4485.791,0
2026-05-19 23:25:00,4486.154,4487.329,4486.054,4486.321,0
2026-05-19 23:30:00,4486.782,4492.054,4485.713,4491.664,0
2026-05-19 23:35:00,4491.165,4493.442,4489.741,4492.634,0
2026-05-19 23:40:00,4491.587,4496.201,4491.587,4496.127,0
2026-05-19 23:45:00,4496.021,4496.021,4490.346,4493.661,0
2026-05-19 23:50:00,4492.849,4494.564,4490.951,4491.227,0
2026-05-19 23:55:00,4491.342,4493.170,4488.952,4489.486,0
2026-05-20 00:00:00,4490.368,4490.368,4484.305,4489.200,0
2026-05-20 00:05:00,4488.605,4492.187,4480.688,4481.091,0
2026-05-20 00:10:00,4481.872,4489.724,4481.872,4489.465,0
2026-05-20 00:15:00,4488.968,4488.968,4484.703,4485.339,0
2026-05-20 00:20:00,4486.769,4489.287,4483.501,4488.419,0
2026-05-20 00:25:00,4487.341,4498.428,4487.341,4497.683,0
2026-05-20 00:30:00,4496.511,4506.128,4496.511,4501.273,0
2026-05-20 00:35:00,4501.910,4505.316,4499.871,4500.983,0
2026-05-20 00:40:00,4501.394,4507.347,4501.394,4503.104,0
2026-05-20 00:45:00,4503.364,4507.144,4502.651,4504.881,0
2026-05-20 00:50:00,4505.150,4505.150,4502.071,4502.153,0
2026-05-20 00:55:00,4502.143,4503.693,4498.628,4498.933,0
2026-05-20 01:00:00,4499.653,4501.463,4491.152,4491.671,0
2026-05-20 01:05:00,4492.467,4494.005,4489.281,4492.688,0
2026-05-20 01:10:00,4489.462,4499.085,4489.462,4492.370,0
2026-05-20 01:15:00,4493.079,4494.870,4491.806,4494.700,0
2026-05-20 01:20:00,4494.464,4495.999,4485.366,4486.275,0
2026-05-20 01:25:00,4488.095,4488.095,4476.777,4477.337,0
2026-05-20 01:30:00,4478.485,4478.485,4466.699,4476.916,0
2026-05-20 01:35:00,4475.477,4477.295,4460.303,4465.918,0
2026-05-20 01:40:00,4463.209,4468.475,4463.209,4467.710,0
2026-05-20 01:45:00,4467.310,4470.798,4464.086,4469.777,0
2026-05-20 01:50:00,4467.683,4483.702,4467.683,4480.224,0
2026-05-20 01:55:00,4479.762,4482.367,4479.283,4479.558,0
2026-05-20 02:00:00,4480.063,4483.501,4480.063,4481.775,0
2026-05-20 02:05:00,4481.896,4486.719,4479.685,4479.832,0
2026-05-20 02:10:00,4480.095,4480.566,4476.001,4479.876,0
2026-05-20 02:15:00,4479.130,4481.491,4477.359,4477.982,0
2026-05-20 02:20:00,4479.138,4485.744,4476.877,4485.419,0
2026-05-20 02:25:00,4484.705,4486.016,4480.086,4482.159,0
2026-05-20 02:30:00,4481.439,4482.898,4466.479,4468.199,0
2026-05-20 02:35:00,4468.405,4470.473,4464.784,4470.076,0
2026-05-20 02:40:00,4469.308,4470.872,4463.793,4464.537,0
2026-05-20 02:45:00,4465.777,4465.777,4460.457,4462.995,0
2026-05-20 02:50:00,4462.692,4465.681,4461.886,4463.264,0
2026-05-20 02:55:00,4463.654,4466.479,4458.580,4465.915,0
2026-05-20 03:00:00,4464.841,4466.479,4461.696,4466.230,0
2026-05-20 03:05:00,4465.670,4467.933,4454.145,4455.149,0
2026-05-20 03:10:00,4455.274,4460.502,4454.871,4457.404,0
2026-05-20 03:15:00,4457.896,4463.489,4456.924,4462.010,0
2026-05-20 03:20:00,4462.190,4462.891,4460.303,4461.639,0
2026-05-20 03:25:00,4461.702,4463.489,4460.278,4463.250,0
2026-05-20 03:30:00,4462.743,4462.743,4458.712,4458.798,0
2026-05-20 03:35:00,4458.819,4465.282,4457.781,4464.883,0
2026-05-20 03:40:00,4464.847,4465.841,4461.099,4461.267,0
2026-05-20 03:45:00,4461.528,4461.528,4459.138,4459.530,0
2026-05-20 03:50:00,4460.217,4460.900,4458.315,4459.831,0
2026-05-20 03:55:00,4460.001,4464.790,4459.216,4464.345,0
2026-05-20 04:00:00,4463.654,4469.474,4463.654,4467.531,0
2026-05-20 04:05:00,4467.947,4469.873,4466.463,4467.238,0
2026-05-20 04:10:00,4467.495,4469.331,4466.080,4468.661,0
2026-05-20 04:15:00,4467.687,4470.273,4467.687,4469.605,0
2026-05-20 04:20:00,4469.484,4469.484,4463.489,4467.290,0
2026-05-20 04:25:00,4466.540,4466.878,4462.095,4465.307,0
2026-05-20 04:30:00,4464.860,4465.881,4462.891,4462.953,0
2026-05-20 04:35:00,4463.055,4465.083,4461.497,4464.903,0
2026-05-20 04:40:00,4464.596,4465.116,4462.493,4462.611,0
2026-05-20 04:45:00,4462.716,4463.688,4456.725,4457.146,0
2026-05-20 04:50:00,4457.832,4462.891,4457.832,4461.276,0
2026-05-20 04:55:00,4461.535,4462.095,4460.626,4461.650,0
2026-05-20 05:00:00,4461.529,4471.272,4460.064,4469.528,0
2026-05-20 05:05:00,4469.637,4473.689,4467.676,4467.931,0
2026-05-20 05:10:00,4468.364,4469.474,4467.676,4468.891,0
2026-05-20 05:15:00,4468.904,4472.072,4467.876,4471.776,0
2026-05-20 05:20:00,4471.240,4474.785,4471.240,4474.528,0
2026-05-20 05:25:00,4473.649,4473.649,4467.078,4468.583,0
2026-05-20 05:30:00,4468.638,4478.772,4467.129,4478.414,0
2026-05-20 05:35:00,4477.654,4478.080,4475.675,4476.966,0
2026-05-20 05:40:00,4477.361,4477.679,4473.248,4473.547,0
2026-05-20 05:45:00,4474.032,4474.032,4464.533,4464.925,0
2026-05-20 05:50:00,4465.747,4473.472,4463.633,4472.874,0
2026-05-20 05:55:00,4471.646,4474.473,4471.646,4472.509,0
2026-05-20 06:00:00,4472.918,4477.090,4471.313,4471.698,0
2026-05-20 06:05:00,4472.449,4473.873,4468.623,4473.331,0
2026-05-20 06:10:00,4472.830,4472.830,4466.891,4467.495,0
2026-05-20 06:15:00,4468.556,4475.938,4468.556,4474.914,0
2026-05-20 06:20:00,4475.112,4476.276,4472.342,4472.792,0
2026-05-20 06:25:00,4473.375,4474.073,4469.873,4473.856,0
2026-05-20 06:30:00,4473.388,4474.122,4467.277,4469.346,0
2026-05-20 06:35:00,4469.113,4472.197,4462.493,4466.800,0
2026-05-20 06:40:00,4466.540,4466.878,4465.282,4466.086,0
2026-05-20 06:45:00,4465.926,4469.597,4465.328,4468.801,0
2026-05-20 06:50:00,4467.152,4478.302,4467.152,4473.414,0
2026-05-20 06:55:00,4474.388,4475.274,4473.062,4473.811,0
2026-05-20 07:00:00,4473.917,4478.882,4472.872,4477.779,0
2026-05-20 07:05:00,4478.077,4479.435,4476.476,4478.897,0
2026-05-20 07:10:00,4478.146,4484.506,4478.146,4482.390,0
2026-05-20 07:15:00,4482.647,4483.787,4478.280,4479.938,0
2026-05-20 07:20:00,4479.644,4483.099,4476.677,4477.145,0
2026-05-20 07:25:00,4478.061,4482.356,4478.061,4481.960,0
2026-05-20 07:30:00,4481.114,4485.311,4478.080,4478.396,0
2026-05-20 07:35:00,4478.963,4480.688,4477.077,4480.353,0
2026-05-20 07:40:00,4479.611,4484.104,4479.611,4482.012,0
2026-05-20 07:45:00,4482.101,4482.496,4477.679,4477.911,0
2026-05-20 07:50:00,4478.204,4478.283,4474.470,4475.095,0
2026-05-20 07:55:00,4476.039,4478.882,4476.039,4478.402,0
2026-05-20 08:00:00,4477.944,4480.683,4477.679,4480.240,0
2026-05-20 08:05:00,4479.377,4482.683,4479.377,4480.111,0
2026-05-20 08:10:00,4480.972,4483.099,4478.280,4482.871,0
2026-05-20 08:15:00,4482.476,4483.501,4480.889,4481.161,0
2026-05-20 08:20:00,4481.070,4485.049,4479.283,4483.917,0
2026-05-20 08:25:00,4482.487,4486.518,4482.487,4483.506,0
2026-05-20 08:30:00,4483.663,4488.935,4479.490,4484.336,0
2026-05-20 08:35:00,4484.959,4484.959,4479.218,4482.912,0
2026-05-20 08:40:00,4482.338,4484.294,4476.677,4479.442,0
2026-05-20 08:45:00,4478.878,4482.898,4478.878,4480.746,0
2026-05-20 08:50:00,4481.328,4488.129,4481.328,4487.860,0
2026-05-20 08:55:00,4487.501,4489.002,4484.305,4485.128,0
2026-05-20 09:00:00,4485.143,4485.571,4484.271,4485.378,0
2026-05-20 09:05:00,4485.123,4485.512,4481.692,4482.712,0
2026-05-20 09:10:00,4482.661,4482.697,4480.433,4480.653,0
2026-05-20 09:15:00,4481.050,4482.295,4479.283,4482.011,0
2026-05-20 09:20:00,4481.374,4483.429,4479.886,4480.249,0
2026-05-20 09:25:00,4480.751,4480.751,4475.116,4475.870,0
2026-05-20 09:30:00,4476.937,4482.697,4472.597,4482.191,0
2026-05-20 09:35:00,4481.333,4482.135,4481.318,4482.060,0
2026-05-20 09:40:00,4481.929,4484.523,4481.431,4484.462,0
2026-05-20 09:45:00,4484.370,4484.749,4481.692,4481.979,0
2026-05-20 09:50:00,4482.449,4489.741,4480.729,4489.451,0
2026-05-20 09:55:00,4488.894,4490.144,4485.257,4485.679,0
2026-05-20 10:00:00,4486.356,4487.122,4484.707,4486.606,0
2026-05-20 10:05:00,4486.521,4492.251,4486.470,4491.997,0
2026-05-20 10:10:00,4491.615,4491.615,4486.719,4487.508,0
2026-05-20 10:15:00,4487.498,4490.346,4487.083,4489.518,0
2026-05-20 10:20:00,4489.739,4491.959,4488.532,4491.149,0
2026-05-20 10:25:00,4491.183,4492.091,4490.087,4490.472,0
2026-05-20 10:30:00,4491.264,4491.830,4488.733,4491.014,0
2026-05-20 10:35:00,4490.891,4496.605,4490.579,4496.427,0
2026-05-20 10:40:00,4496.124,4496.605,4495.190,4495.356,0
2026-05-20 10:45:00,4495.608,4495.608,4492.974,4493.463,0
2026-05-20 10:50:00,4493.974,4494.231,4491.152,4493.594,0
2026-05-20 10:55:00,4492.597,4495.190,4492.565,4494.258,0
2026-05-20 11:00:00,4494.158,4495.999,4493.372,4493.612,0
2026-05-20 11:05:00,4493.947,4495.594,4493.911,4494.636,0
2026-05-20 11:10:00,4494.891,4495.601,4494.584,4495.061,0
2026-05-20 11:15:00,4495.242,4496.201,4492.829,4493.435,0
2026-05-20 11:20:00,4494.665,4495.475,4491.726,4494.906,0
2026-05-20 11:25:00,4493.431,4500.045,4493.431,4499.596,0
2026-05-20 11:30:00,4499.263,4500.096,4497.414,4497.532,0
2026-05-20 11:35:00,4497.549,4499.756,4495.999,4496.243,0
2026-05-20 11:40:00,4496.726,4498.223,4493.978,4494.266,0
2026-05-20 11:45:00,4494.660,4495.830,4493.557,4495.759,0
2026-05-20 11:50:00,4495.331,4498.021,4490.524,4497.522,0
2026-05-20 11:55:00,4496.578,4499.438,4496.578,4496.994,0
2026-05-20 12:00:00,4497.662,4500.248,4497.662,4500.025,0
2026-05-20 12:05:00,4499.816,4499.816,4496.403,4498.610,0
2026-05-20 12:10:00,4498.056,4499.438,4496.605,4497.324,0
2026-05-20 12:15:00,4497.115,4497.115,4495.794,4495.969,0
2026-05-20 12:20:00,4496.261,4496.261,4492.968,4495.473,0
2026-05-20 12:25:00,4495.093,4498.426,4493.515,4497.888,0
2026-05-20 12:30:00,4497.245,4504.302,4495.232,4500.604,0
2026-05-20 12:35:00,4501.241,4504.707,4501.241,4502.249,0
2026-05-20 12:40:00,4502.445,4504.099,4501.210,4503.440,0
2026-05-20 12:45:00,4502.844,4504.579,4502.071,4504.093,0
2026-05-20 12:50:00,4502.924,4505.316,4499.878,4500.119,0
2026-05-20 12:55:00,4500.572,4500.572,4494.786,4495.048,0
2026-05-20 13:00:00,4495.482,4501.260,4494.179,4500.762,0
2026-05-20 13:05:00,4499.732,4500.450,4497.616,4498.160,0
2026-05-20 13:10:00,4498.549,4503.684,4498.417,4502.334,0
2026-05-20 13:15:00,4499.866,4505.722,4499.866,4500.735,0
2026-05-20 13:20:00,4501.682,4501.682,4495.392,4495.707,0
2026-05-20 13:25:00,4496.218,4496.218,4491.025,4491.264,0
2026-05-20 13:30:00,4491.709,4491.959,4489.943,4490.473,0
2026-05-20 13:35:00,4490.807,4491.959,4486.115,4486.428,0
2026-05-20 13:40:00,4486.943,4487.074,4483.268,4486.718,0
2026-05-20 13:45:00,4486.251,4491.354,4486.251,4490.960,0
2026-05-20 13:50:00,4490.226,4490.226,4486.317,4488.337,0
2026-05-20 13:55:00,4488.161,4488.161,4483.286,4483.563,0
2026-05-20 14:00:00,4484.080,4484.080,4481.893,4482.018,0
2026-05-20 14:05:00,4482.184,4482.496,4477.637,4477.943,0
2026-05-20 14:10:00,4478.504,4478.504,4467.277,4467.869,0
2026-05-20 14:15:00,4468.052,4495.594,4468.052,4493.538,0
2026-05-20 14:20:00,4492.988,4507.509,4491.797,4506.121,0
2026-05-20 14:25:00,4503.269,4509.583,4500.248,4505.298,0
2026-05-20 14:30:00,4504.456,4523.454,4504.456,4522.185,0
2026-05-20 14:35:00,4521.485,4527.345,4518.208,4519.065,0
2026-05-20 14:40:00,4520.593,4523.454,4517.120,4518.797,0
2026-05-20 14:45:00,4519.574,4522.603,4517.853,4522.159,0
2026-05-20 14:50:00,4521.052,4527.983,4519.339,4527.582,0
2026-05-20 14:55:00,4527.072,4536.793,4527.072,4534.677,0
2026-05-20 15:00:00,4534.539,4534.539,4531.859,4533.993,0
2026-05-20 15:05:00,4533.434,4533.434,4528.780,4529.064,0
2026-05-20 15:10:00,4529.600,4529.600,4523.659,4525.722,0
2026-05-20 15:15:00,4525.338,4547.249,4515.685,4544.664,0
2026-05-20 15:20:00,4540.578,4550.833,4540.089,4540.543,0
2026-05-20 15:25:00,4541.294,4544.186,4530.627,4530.941,0
2026-05-20 15:30:00,4531.491,4533.880,4529.157,4533.543,0
2026-05-20 15:35:00,4533.101,4537.636,4533.101,4535.404,0
2026-05-20 15:40:00,4536.247,4538.902,4535.970,4536.230,0
2026-05-20 15:45:00,4536.643,4537.205,4535.559,4536.518,0
2026-05-20 15:50:00,4536.625,4537.378,4533.899,4534.346,0
2026-05-20 15:55:00,4534.962,4534.962,4527.345,4527.835,0
2026-05-20 16:00:00,4528.985,4530.422,4528.887,4530.375,0
2026-05-20 16:05:00,4530.284,4535.353,4529.138,4535.083,0
2026-05-20 16:10:00,4534.469,4534.469,4531.239,4533.488,0
2026-05-20 16:15:00,4533.184,4534.085,4530.011,4530.872,0
2026-05-20 16:20:00,4530.576,4531.038,4525.501,4527.128,0
2026-05-20 16:25:00,4527.061,4527.071,4524.890,4525.197,0
2026-05-20 16:30:00,4525.772,4530.295,4524.273,4526.052,0
2026-05-20 16:35:00,4526.742,4528.172,4525.404,4526.669,0
2026-05-20 16:40:00,4526.884,4532.609,4526.884,4531.787,0
2026-05-20 16:45:00,4530.474,4534.888,4530.474,4532.091,0
2026-05-20 16:50:00,4532.599,4532.886,4531.243,4531.552,0
2026-05-20 16:55:00,4531.604,4534.427,4531.604,4532.604,0
2026-05-20 17:00:00,4532.731,4535.147,4531.448,4531.703,0
2026-05-20 17:05:00,4532.188,4535.147,4531.898,4534.931,0
2026-05-20 17:10:00,4534.769,4536.317,4533.778,4535.456,0
2026-05-20 17:15:00,4534.847,4536.273,4533.914,4533.973,0
2026-05-20 17:20:00,4534.190,4536.999,4534.123,4534.600,0
2026-05-20 17:25:00,4535.595,4535.595,4532.327,4532.939,0
2026-05-20 17:30:00,4533.894,4534.736,4530.639,4531.159,0
2026-05-20 17:35:00,4532.207,4536.382,4530.217,4535.201,0
2026-05-20 17:40:00,4535.408,4536.200,4533.708,4533.813,0
2026-05-20 17:45:00,4533.965,4535.147,4532.475,4532.654,0
2026-05-20 17:50:00,4533.053,4534.172,4532.448,4533.422,0
2026-05-20 17:55:00,4533.261,4533.261,4530.852,4530.960,0
2026-05-20 18:00:00,4531.167,4532.106,4530.011,4531.797,0
2026-05-20 18:05:00,4531.394,4533.503,4531.243,4533.050,0
2026-05-20 18:10:00,4532.967,4533.557,4532.681,4532.993,0
2026-05-20 18:15:00,4533.230,4536.288,4532.357,4536.024,0
2026-05-20 18:20:00,4535.678,4536.513,4534.736,4535.759,0
2026-05-20 18:25:00,4535.555,4535.555,4532.475,4534.827,0
2026-05-20 18:30:00,4534.612,4537.846,4534.612,4537.045,0
2026-05-20 18:35:00,4536.898,4543.038,4535.227,4542.759,0
2026-05-20 18:40:00,4542.399,4543.610,4540.003,4540.132,0
2026-05-20 18:45:00,4540.337,4540.337,4537.617,4540.136,0
2026-05-20 18:50:00,4540.018,4542.852,4539.438,4542.334,0
2026-05-20 18:55:00,4541.455,4545.661,4541.455,4543.171,0
2026-05-20 19:00:00,4543.659,4544.815,4541.945,4543.479,0
2026-05-20 19:05:00,4543.643,4544.215,4542.770,4543.574,0
2026-05-20 19:10:00,4543.478,4545.455,4543.389,4544.429,0
2026-05-20 19:15:00,4544.742,4545.455,4543.300,4544.842,0
2026-05-20 19:20:00,4544.809,4545.894,4543.802,4543.911,0
2026-05-20 19:25:00,4544.202,4545.234,4543.741,4545.058,0
2026-05-20 19:30:00,4544.770,4547.315,4544.770,4545.756,0
2026-05-20 19:35:00,4545.872,4547.728,4545.661,4547.672,0
2026-05-20 19:40:00,4547.519,4550.486,4546.162,4546.930,0
2026-05-20 19:45:00,4548.311,4548.311,4545.455,4547.200,0
2026-05-20 19:50:00,4546.921,4548.556,4545.016,4548.278,0
2026-05-20 19:55:00,4548.138,4548.358,4546.637,4547.557,0
2026-05-20 20:00:00,4547.293,4547.935,4546.488,4546.631,0
2026-05-20 20:05:00,4546.859,4547.160,4545.661,4546.636,0
2026-05-20 20:10:00,4546.534,4548.556,4546.281,4547.072,0
2026-05-20 20:15:00,4546.999,4547.522,4545.570,4547.388,0
2026-05-20 20:20:00,4547.032,4547.133,4543.957,4544.077,0
2026-05-20 20:25:00,4544.457,4546.488,4544.457,4545.985,0
2026-05-20 20:30:00,4545.894,4546.000,4544.215,4544.813,0
2026-05-20 20:35:00,4544.673,4545.104,4544.009,4544.102,0
2026-05-20 20:40:00,4544.244,4544.244,4543.183,4543.228,0
2026-05-20 20:45:00,4543.362,4544.422,4542.887,4543.120,0
2026-05-20 20:50:00,4543.547,4543.547,4542.564,4543.342,0
2026-05-20 20:55:00,4543.161,4544.157,4542.977,4544.059,0
2026-05-20 21:00:00,4543.914,4544.215,4543.914,4543.947,0
2026-05-20 21:05:00,4543.938,4544.589,4543.802,4544.469,0
2026-05-20 21:10:00,4544.388,4544.718,4544.352,4544.706,0
2026-05-20 21:15:00,4544.618,4544.778,4544.323,4544.663,0
2026-05-20 21:20:00,4544.471,4545.115,4544.422,4545.036,0
2026-05-20 21:25:00,4544.925,4545.357,4544.835,4545.282,0
2026-05-20 21:30:00,4545.205,4545.324,4544.835,4545.233,0
2026-05-20 21:35:00,4545.104,4545.650,4544.883,4545.601,0
2026-05-20 21:40:00,4545.454,4545.713,4545.041,4545.395,0
2026-05-20 21:45:00,4545.279,4545.429,4545.010,4545.236,0
2026-05-20 21:50:00,4545.164,4545.164,4544.215,4544.621,0
2026-05-20 21:55:00,4544.495,4545.049,4544.215,4544.539,0
2026-05-20 22:00:00,4544.418,4548.763,4543.802,4543.884,0
2026-05-20 22:05:00,4544.119,4546.074,4542.628,4543.097,0
2026-05-20 22:10:00,4543.999,4543.999,4538.491,4539.942,0
2026-05-20 22:15:00,4540.401,4540.501,4538.272,4538.676,0
2026-05-20 22:20:00,4539.235,4539.235,4535.765,4535.844,0
2026-05-20 22:25:00,4535.811,4538.787,4535.811,4538.646,0
2026-05-20 22:30:00,4538.278,4542.357,4538.278,4542.181,0
2026-05-20 22:35:00,4541.803,4543.175,4540.426,4542.946,0
2026-05-20 22:40:00,4542.608,4544.022,4541.120,4542.076,0
2026-05-20 22:45:00,4541.697,4544.422,4541.326,4541.486,0
2026-05-20 22:50:00,4541.711,4541.711,4538.029,4540.500,0
2026-05-20 22:55:00,4540.015,4541.792,4539.426,4539.880,0
2026-05-20 23:00:00,4540.702,4541.739,4538.853,4541.506,0
2026-05-20 23:05:00,4541.354,4542.770,4539.702,4540.193,0
2026-05-20 23:10:00,4541.056,4541.056,4538.235,4540.442,0
2026-05-20 23:15:00,4540.276,4540.501,4538.547,4539.780,0
2026-05-20 23:20:00,4539.889,4540.089,4536.588,4536.854,0
2026-05-20 23:25:00,4537.302,4537.485,4534.605,4534.937,0
2026-05-20 23:30:00,4535.513,4541.326,4535.513,4541.079,0
2026-05-20 23:35:00,4540.588,4544.422,4540.025,4544.110,0
2026-05-20 23:40:00,4543.673,4544.422,4543.168,4543.458,0
2026-05-20 23:45:00,4543.366,4546.488,4542.826,4545.759,0
2026-05-20 23:50:00,4545.902,4545.902,4543.617,4545.408,0
2026-05-20 23:55:00,4545.242,4546.096,4543.452,4543.879,0
2026-05-21 00:00:00,4544.697,4548.182,4540.707,4541.220,0
2026-05-21 00:05:00,4541.969,4543.740,4539.524,4540.218,0
2026-05-21 00:10:00,4541.322,4545.661,4541.322,4544.477,0
2026-05-21 00:15:00,4544.484,4551.247,4542.767,4543.965,0
2026-05-21 00:20:00,4544.912,4545.182,4540.295,4540.869,0
2026-05-21 00:25:00,4541.663,4544.581,4536.185,4543.297,0
2026-05-21 00:30:00,4540.093,4546.281,4539.883,4543.084,0
2026-05-21 00:35:00,4541.738,4545.041,4541.738,4543.719,0
2026-05-21 00:40:00,4543.567,4543.659,4541.532,4543.351,0
2026-05-21 00:45:00,4542.905,4544.422,4542.564,4542.764,0
2026-05-21 00:50:00,4542.847,4548.349,4542.226,4548.129,0
2026-05-21 00:55:00,4547.676,4547.676,4545.868,4545.913,0
2026-05-21 01:00:00,4545.978,4548.970,4538.670,4546.862,0
2026-05-21 01:05:00,4546.620,4549.093,4542.564,4547.832,0
2026-05-21 01:10:00,4545.656,4558.706,4545.656,4556.548,0
2026-05-21 01:15:00,4556.765,4561.420,4556.471,4559.335,0
2026-05-21 01:20:00,4559.672,4566.002,4558.128,4565.394,0
2026-05-21 01:25:00,4564.417,4567.001,4562.044,4566.448,0
2026-05-21 01:30:00,4565.928,4568.087,4562.460,4562.859,0
2026-05-21 01:35:00,4563.568,4566.224,4562.668,4565.796,0
2026-05-21 01:40:00,4564.746,4571.011,4564.746,4568.345,0
2026-05-21 01:45:00,4569.230,4569.230,4566.207,4567.155,0
2026-05-21 01:50:00,4566.975,4568.713,4560.480,4561.761,0
2026-05-21 01:55:00,4564.221,4564.221,4558.508,4560.843,0
2026-05-21 02:00:00,4560.772,4565.950,4557.054,4557.433,0
2026-05-21 02:05:00,4558.112,4559.507,4556.016,4556.284,0
2026-05-21 02:10:00,4556.755,4556.755,4551.869,4552.265,0
2026-05-21 02:15:00,4553.031,4553.887,4548.556,4548.968,0
2026-05-21 02:20:00,4549.741,4549.741,4546.225,4547.080,0
2026-05-21 02:25:00,4547.429,4548.016,4541.415,4542.115,0
2026-05-21 02:30:00,4543.083,4543.083,4535.932,4536.821,0
2026-05-21 02:35:00,4538.371,4541.326,4534.530,4540.832,0
2026-05-21 02:40:00,4540.794,4540.794,4535.765,4537.082,0
2026-05-21 02:45:00,4536.747,4538.701,4533.092,4535.062,0
2026-05-21 02:50:00,4534.865,4535.948,4533.881,4534.670,0
2026-05-21 02:55:00,4535.417,4536.285,4532.552,4535.960,0
2026-05-21 03:00:00,4535.318,4535.318,4531.859,4534.887,0
2026-05-21 03:05:00,4534.466,4537.760,4534.466,4535.698,0
2026-05-21 03:10:00,4536.342,4538.762,4536.342,4538.481,0
2026-05-21 03:15:00,4537.999,4539.118,4533.018,4533.395,0
2026-05-21 03:20:00,4533.677,4540.295,4533.677,4538.324,0
2026-05-21 03:25:00,4539.551,4539.551,4534.530,4534.675,0
2026-05-21 03:30:00,4535.099,4537.411,4534.052,4534.389,0
2026-05-21 03:35:00,4535.071,4535.521,4532.064,4533.552,0
2026-05-21 03:40:00,4533.168,4536.176,4532.270,4536.001,0
2026-05-21 03:45:00,4535.576,4536.153,4532.323,4532.551,0
2026-05-21 03:50:00,4532.967,4532.967,4530.217,4530.423,0
2026-05-21 03:55:00,4530.437,4531.951,4527.550,4529.335,0
2026-05-21 04:00:00,4529.189,4532.270,4528.119,4532.189,0
2026-05-21 04:05:00,4531.933,4533.503,4531.491,4532.310,0
2026-05-21 04:10:00,4532.422,4536.071,4531.472,4535.850,0
2026-05-21 04:15:00,4535.412,4536.382,4535.207,4535.407,0
2026-05-21 04:20:00,4535.761,4537.411,4534.892,4535.614,0
2026-05-21 04:25:00,4535.743,4540.068,4535.743,4539.978,0
2026-05-21 04:30:00,4539.775,4539.955,4537.355,4537.636,0
2026-05-21 04:35:00,4538.009,4538.009,4534.119,4536.034,0
2026-05-21 04:40:00,4535.109,4538.235,4534.963,4537.167,0
2026-05-21 04:45:00,4537.005,4537.043,4535.765,4536.407,0
2026-05-21 04:50:00,4536.267,4538.853,4536.267,4537.101,0
2026-05-21 04:55:00,4537.284,4538.799,4536.588,4538.547,0
2026-05-21 05:00:00,4538.197,4539.883,4536.999,4537.328,0
2026-05-21 05:05:00,4537.814,4539.092,4531.872,4532.362,0
2026-05-21 05:10:00,4533.301,4533.301,4530.217,4530.409,0
2026-05-21 05:15:00,4530.729,4532.086,4527.370,4528.223,0
2026-05-21 05:20:00,4529.403,4529.403,4525.501,4525.571,0
2026-05-21 05:25:00,4525.601,4529.778,4522.840,4528.973,0
2026-05-21 05:30:00,4527.408,4527.408,4520.796,4524.771,0
2026-05-21 05:35:00,4525.495,4527.345,4522.015,4527.051,0
2026-05-21 05:40:00,4526.466,4526.466,4524.887,4525.057,0
2026-05-21 05:45:00,4525.168,4526.862,4521.000,4521.302,0
2026-05-21 05:50:00,4521.795,4528.554,4521.397,4525.203,0
2026-05-21 05:55:00,4526.002,4529.806,4526.002,4529.497,0
2026-05-21 06:00:00,4528.889,4534.526,4528.575,4533.960,0
2026-05-21 06:05:00,4533.230,4535.353,4532.689,4533.143,0
2026-05-21 06:10:00,4534.073,4534.073,4528.370,4529.193,0
2026-05-21 06:15:00,4529.462,4532.152,4529.462,4530.216,0
2026-05-21 06:20:00,4529.959,4538.647,4529.959,4535.159,0
2026-05-21 06:25:00,4535.467,4536.152,4530.832,4532.391,0
2026-05-21 06:30:00,4532.196,4534.530,4529.366,4530.479,0
2026-05-21 06:35:00,4533.072,4533.072,4527.545,4529.346,0
2026-05-21 06:40:00,4529.181,4529.181,4523.941,4524.409,0
2026-05-21 06:45:00,4525.205,4526.525,4523.454,4525.612,0
2026-05-21 06:50:00,4525.159,4525.159,4521.000,4523.597,0
2026-05-21 06:55:00,4523.128,4523.496,4519.956,4519.958,0
2026-05-21 07:00:00,4519.959,4522.899,4519.762,4520.790,0
2026-05-21 07:05:00,4521.119,4521.534,4519.535,4521.361,0
2026-05-21 07:10:00,4520.829,4521.818,4520.591,4520.688,0
2026-05-21 07:15:00,4520.854,4521.422,4518.140,4521.083,0
2026-05-21 07:20:00,4520.800,4522.636,4517.936,4518.364,0
2026-05-21 07:25:00,4519.043,4519.211,4513.355,4514.323,0
2026-05-21 07:30:00,4516.086,4516.712,4512.228,4516.565,0
2026-05-21 07:35:00,4516.115,4516.763,4515.692,4516.159,0
2026-05-21 07:40:00,4516.245,4517.120,4514.335,4516.950,0
2026-05-21 07:45:00,4516.623,4517.936,4515.284,4517.787,0
2026-05-21 07:50:00,4517.621,4523.659,4514.217,4523.148,0
2026-05-21 07:55:00,4522.643,4522.840,4520.879,4522.702,0
2026-05-21 08:00:00,4522.202,4522.202,4518.549,4521.419,0
2026-05-21 08:05:00,4520.844,4527.868,4520.844,4524.889,0
2026-05-21 08:10:00,4525.351,4533.780,4525.351,4530.987,0
2026-05-21 08:15:00,4531.692,4535.765,4531.118,4531.909,0
2026-05-21 08:20:00,4533.733,4533.733,4529.806,4531.894,0
2026-05-21 08:25:00,4530.806,4533.833,4529.191,4533.100,0
2026-05-21 08:30:00,4531.277,4535.192,4529.396,4531.190,0
2026-05-21 08:35:00,4531.029,4531.029,4527.049,4529.885,0
2026-05-21 08:40:00,4529.473,4532.195,4527.755,4532.008,0
2026-05-21 08:45:00,4531.509,4532.886,4528.384,4531.257,0
2026-05-21 08:50:00,4531.419,4532.475,4529.206,4531.820,0
2026-05-21 08:55:00,4531.558,4534.119,4531.558,4534.022,0
2026-05-21 09:00:00,4533.781,4533.914,4532.475,4533.069,0
2026-05-21 09:05:00,4533.387,4535.559,4532.475,4532.719,0
2026-05-21 09:10:00,4532.833,4539.883,4532.833,4539.586,0
2026-05-21 09:15:00,4538.923,4539.595,4537.115,4537.881,0
2026-05-21 09:20:00,4538.200,4542.564,4538.200,4540.109,0
2026-05-21 09:25:00,4541.553,4541.553,4536.176,4538.969,0
2026-05-21 09:30:00,4538.414,4538.821,4534.967,4535.323,0
2026-05-21 09:35:00,4536.019,4536.382,4533.810,4534.363,0
2026-05-21 09:40:00,4535.142,4535.142,4530.677,4531.413,0
2026-05-21 09:45:00,4532.580,4532.580,4529.191,4532.084,0
2026-05-21 09:50:00,4531.713,4532.681,4531.243,4532.625,0
2026-05-21 09:55:00,4532.530,4534.097,4530.217,4530.353,0
2026-05-21 10:00:00,4530.443,4533.092,4530.443,4532.996,0
2026-05-21 10:05:00,4532.869,4533.526,4530.908,4531.320,0
2026-05-21 10:10:00,4531.993,4534.914,4531.038,4531.132,0
2026-05-21 10:15:00,4531.547,4533.711,4531.547,4533.626,0
2026-05-21 10:20:00,4533.493,4534.119,4532.475,4533.458,0
2026-05-21 10:25:00,4532.854,4534.597,4516.916,4517.550,0
2026-05-21 10:30:00,4518.247,4518.247,4508.973,4510.532,0
2026-05-21 10:35:00,4510.541,4517.324,4509.166,4512.950,0
2026-05-21 10:40:00,4515.935,4516.707,4506.331,4515.599,0
2026-05-21 10:45:00,4514.056,4518.344,4514.056,4517.137,0
2026-05-21 10:50:00,4516.557,4516.557,4512.839,4513.013,0
2026-05-21 10:55:00,4513.606,4516.100,4512.316,4512.773,0
2026-05-21 11:00:00,4513.741,4519.365,4509.066,4518.871,0
2026-05-21 11:05:00,4517.988,4519.439,4515.488,4517.079,0
2026-05-21 11:10:00,4516.934,4517.388,4515.284,4515.508,0
2026-05-21 11:15:00,4515.878,4518.842,4515.878,4518.493,0
2026-05-21 11:20:00,4517.555,4519.978,4516.466,4517.548,0
2026-05-21 11:25:00,4519.292,4519.292,4513.043,4514.004,0
2026-05-21 11:30:00,4513.898,4516.357,4511.007,4511.416,0
2026-05-21 11:35:00,4512.169,4512.169,4508.973,4510.927,0
2026-05-21 11:40:00,4510.487,4514.265,4510.487,4514.072,0
2026-05-21 11:45:00,4513.668,4514.572,4512.432,4514.082,0
2026-05-21 11:50:00,4514.104,4517.120,4513.631,4516.267,0
2026-05-21 11:55:00,4516.482,4516.482,4511.007,4512.475,0
2026-05-21 12:00:00,4512.284,4516.100,4511.673,4515.224,0
2026-05-21 12:05:00,4515.428,4517.936,4514.877,4516.601,0
2026-05-21 12:10:00,4516.673,4520.139,4514.511,4515.012,0
2026-05-21 12:15:00,4515.666,4515.666,4509.990,4512.567,0
2026-05-21 12:20:00,4511.756,4513.246,4507.144,4508.024,0
2026-05-21 12:25:00,4508.175,4508.379,4505.722,4505.881,0
2026-05-21 12:30:00,4506.182,4515.080,4504.802,4514.644,0
2026-05-21 12:35:00,4513.810,4517.215,4510.193,4514.576,0
2026-05-21 12:40:00,4514.078,4514.078,4512.432,4512.622,0
2026-05-21 12:45:00,4512.803,4517.178,4511.414,4511.825,0
2026-05-21 12:50:00,4512.211,4512.211,4508.973,4509.101,0
2026-05-21 12:55:00,4509.295,4510.169,4503.085,4503.397,0
2026-05-21 13:00:00,4503.976,4508.770,4503.467,4508.486,0
2026-05-21 13:05:00,4507.790,4512.049,4506.440,4511.937,0
2026-05-21 13:10:00,4511.799,4511.799,4502.071,4503.495,0
2026-05-21 13:15:00,4503.593,4504.852,4499.640,4501.462,0
2026-05-21 13:20:00,4504.165,4504.165,4498.426,4499.966,0
2026-05-21 13:25:00,4500.865,4500.865,4497.414,4498.352,0
2026-05-21 13:30:00,4498.502,4499.520,4492.543,4493.656,0
2026-05-21 13:35:00,4496.165,4496.165,4490.749,4493.876,0
2026-05-21 13:40:00,4493.291,4500.558,4491.152,4499.976,0
2026-05-21 13:45:00,4499.038,4502.080,4496.807,4501.434,0
2026-05-21 13:50:00,4500.414,4514.673,4500.414,4514.093,0
2026-05-21 13:55:00,4512.951,4520.563,4512.065,4513.737,0
2026-05-21 14:00:00,4514.583,4515.593,4509.176,4509.636,0
2026-05-21 14:05:00,4510.624,4510.624,4503.490,4503.891,0
2026-05-21 14:10:00,4504.511,4506.738,4503.466,4505.352,0
2026-05-21 14:15:00,4505.769,4508.941,4501.260,4503.409,0
2026-05-21 14:20:00,4503.272,4504.311,4499.033,4502.243,0
2026-05-21 14:25:00,4501.659,4508.363,4501.659,4507.739,0
2026-05-21 14:30:00,4506.559,4509.380,4505.844,4508.824,0
2026-05-21 14:35:00,4508.669,4510.396,4505.746,4510.071,0
2026-05-21 14:40:00,4509.472,4513.188,4503.085,4503.525,0
2026-05-21 14:45:00,4504.308,4506.941,4504.297,4506.855,0
