datetime,open,high,low,close,volume
2026-01-01 00:00:00,4361.000,4361.306,4358.106,4360.364,1148
2026-01-01 00:15:00,4360.364,4362.007,4355.526,4359.434,1382
2026-01-01 00:30:00,4359.434,4360.326,4356.615,4357.368,1333
2026-01-01 00:45:00,4357.368,4362.423,4356.832,4359.474,1170
2026-01-01 01:00:00,4359.474,4362.850,4355.765,4356.931,1512
2026-01-01 01:15:00,4356.931,4362.944,4355.700,4362.112,1299
2026-01-01 01:30:00,4362.112,4362.485,4357.056,4357.211,1565
2026-01-01 01:45:00,4357.211,4364.721,4356.075,4358.008,803
2026-01-01 02:00:00,4358.008,4361.676,4357.193,4360.918,1229
2026-01-01 02:15:00,4360.918,4368.685,4360.572,4367.931,1615
2026-01-01 02:30:00,4367.931,4368.431,4355.712,4356.374,1339
2026-01-01 02:45:00,4356.374,4365.556,4356.223,4359.241,1342
2026-01-01 03:00:00,4359.241,4360.247,4348.000,4348.000,1621
2026-01-01 03:15:00,4348.000,4364.022,4348.000,4356.838,1583
2026-01-01 03:30:00,4356.838,4361.541,4356.556,4360.884,1235
2026-01-01 03:45:00,4360.884,4364.728,4360.487,4363.142,1548
2026-01-01 04:00:00,4363.142,4364.507,4359.394,4363.041,2036
2026-01-01 04:15:00,4363.041,4363.236,4351.328,4357.697,1500
2026-01-01 04:30:00,4357.697,4368.030,4355.616,4367.651,1338
2026-01-01 04:45:00,4367.651,4368.030,4350.735,4351.447,1671
2026-01-01 05:00:00,4351.447,4363.630,4351.077,4363.265,1501
2026-01-01 05:15:00,4363.265,4365.118,4358.264,4358.374,1578
2026-01-01 05:30:00,4358.374,4365.455,4357.555,4359.251,1967
2026-01-01 05:45:00,4359.251,4359.345,4352.244,4355.280,1401
2026-01-01 06:00:00,4355.280,4364.323,4354.098,4364.243,1801
2026-01-01 06:15:00,4364.243,4365.191,4357.309,4363.977,1885
2026-01-01 06:30:00,4363.977,4364.106,4355.937,4356.713,1539
2026-01-01 06:45:00,4356.713,4359.281,4353.628,4353.639,664
2026-01-01 07:00:00,4353.639,4364.877,4353.062,4360.672,1379
2026-01-01 07:15:00,4360.672,4364.863,4359.580,4364.570,1423
2026-01-01 07:30:00,4364.570,4364.639,4356.535,4360.228,1762
2026-01-01 07:45:00,4360.228,4361.029,4350.207,4352.829,1822
2026-01-01 08:00:00,4352.829,4363.531,4352.295,4355.340,1326
2026-01-01 08:15:00,4355.340,4370.198,4355.071,4358.692,1144
2026-01-01 08:30:00,4358.692,4365.669,4354.391,4359.652,1600
2026-01-01 08:45:00,4359.652,4366.278,4354.770,4366.131,1609
2026-01-01 09:00:00,4366.131,4366.470,4349.372,4362.483,1358
2026-01-01 09:15:00,4362.483,4362.609,4351.872,4361.512,1291
2026-01-01 09:30:00,4361.512,4362.719,4356.344,4361.252,1373
2026-01-01 09:45:00,4361.252,4372.420,4354.138,4354.755,1760
2026-01-01 10:00:00,4354.755,4370.198,4354.169,4369.764,1292
2026-01-01 10:15:00,4369.764,4370.623,4362.842,4370.497,1778
2026-01-01 10:30:00,4370.497,4371.194,4353.116,4355.467,1949
2026-01-01 10:45:00,4355.467,4365.932,4352.230,4365.396,1685
2026-01-01 11:00:00,4365.396,4365.777,4351.423,4354.985,1633
2026-01-01 11:15:00,4354.985,4375.256,4354.977,4374.155,1422
2026-01-01 11:30:00,4374.155,4380.000,4355.018,4355.243,1651
2026-01-01 11:45:00,4355.243,4364.437,4348.000,4356.415,1612
2026-01-01 12:00:00,4356.415,4361.080,4354.956,4360.738,1454
2026-01-01 12:15:00,4360.738,4369.106,4359.803,4360.677,940
2026-01-01 12:30:00,4360.677,4360.799,4350.377,4358.652,1414
2026-01-01 12:45:00,4358.652,4373.918,4358.615,4362.613,1689
2026-01-01 13:00:00,4362.613,4368.708,4353.853,4354.351,1336
2026-01-01 13:15:00,4354.351,4375.534,4353.835,4375.311,1122
2026-01-01 13:30:00,4375.311,4376.559,4355.614,4356.267,1833
2026-01-01 13:45:00,4356.267,4368.499,4355.077,4361.014,1526
2026-01-01 14:00:00,4361.014,4365.032,4357.607,4364.831,1566
2026-01-01 14:15:00,4364.831,4365.364,4353.964,4354.156,1637
2026-01-01 14:30:00,4354.156,4372.210,4353.506,4363.140,1606
2026-01-01 14:45:00,4363.140,4370.853,4360.708,4370.237,1271
2026-01-01 15:00:00,4370.237,4370.460,4358.918,4369.021,1356
2026-01-01 15:15:00,4369.021,4372.039,4363.011,4363.419,1347
2026-01-01 15:30:00,4363.419,4372.326,4352.920,4372.322,1675
2026-01-01 15:45:00,4372.322,4374.416,4359.037,4360.113,1803
2026-01-01 16:00:00,4360.113,4371.530,4354.976,4357.143,1559
2026-01-01 16:15:00,4357.143,4366.789,4356.279,4362.482,1818
2026-01-01 16:30:00,4362.482,4371.472,4360.870,4370.777,1232
2026-01-01 16:45:00,4370.777,4371.012,4350.721,4350.772,1772
2026-01-01 17:00:00,4350.772,4362.951,4349.622,4355.703,1267
2026-01-01 17:15:00,4355.703,4368.849,4355.544,4367.892,1158
2026-01-01 17:30:00,4367.892,4380.000,4354.583,4380.000,2030
2026-01-01 17:45:00,4380.000,4380.000,4360.168,4365.784,1728
2026-01-01 18:00:00,4365.784,4371.714,4358.462,4359.099,1589
2026-01-01 18:15:00,4359.099,4365.210,4358.421,4363.869,996
2026-01-01 18:30:00,4363.869,4364.683,4356.488,4364.177,1465
2026-01-01 18:45:00,4364.177,4376.573,4357.921,4358.625,1647
2026-01-01 19:00:00,4358.625,4362.615,4354.809,4360.090,1820
2026-01-01 19:15:00,4360.090,4369.994,4359.146,4359.516,1906
2026-01-01 19:30:00,4359.516,4363.326,4352.268,4362.395,1850
2026-01-01 19:45:00,4362.395,4362.479,4357.830,4359.083,1517
2026-01-01 20:00:00,4359.083,4363.413,4354.357,4356.518,1371
2026-01-01 20:15:00,4356.518,4374.043,4355.598,4358.420,1808
2026-01-01 20:30:00,4358.420,4377.675,4357.228,4358.297,1305
2026-01-01 20:45:00,4358.297,4371.238,4358.221,4370.709,1626
2026-01-01 21:00:00,4370.709,4370.867,4358.363,4366.641,1470
2026-01-01 21:15:00,4366.641,4366.743,4361.475,4363.027,1351
2026-01-01 21:30:00,4363.027,4363.479,4357.392,4362.611,1696
2026-01-01 21:45:00,4362.611,4366.609,4360.426,4365.306,1133
2026-01-01 22:00:00,4365.306,4367.352,4364.125,4364.864,1222
2026-01-01 22:15:00,4364.864,4365.524,4360.989,4361.533,1875
2026-01-01 22:30:00,4361.533,4369.748,4361.081,4369.716,1500
2026-01-01 22:45:00,4369.716,4370.206,4361.899,4361.919,1409
2026-01-01 23:00:00,4361.919,4367.080,4360.986,4364.489,1119
2026-01-01 23:15:00,4364.489,4365.855,4359.289,4365.643,1615
2026-01-01 23:30:00,4365.643,4365.811,4361.420,4363.403,1833
2026-01-01 23:45:00,4363.403,4366.799,4363.350,4366.000,1599
2026-01-02 00:00:00,4366.000,4366.799,4362.359,4365.217,1402
2026-01-02 00:15:00,4365.217,4366.248,4358.878,4361.306,1067
2026-01-02 00:30:00,4361.306,4363.279,4359.945,4360.210,1223
2026-01-02 00:45:00,4360.210,4369.714,4359.205,4369.636,1549
2026-01-02 01:00:00,4369.636,4371.200,4361.939,4362.581,1555
2026-01-02 01:15:00,4362.581,4363.784,4357.424,4363.291,1689
2026-01-02 01:30:00,4363.291,4364.085,4358.079,4358.525,1532
2026-01-02 01:45:00,4358.525,4365.941,4358.141,4365.016,1771
2026-01-02 02:00:00,4365.016,4366.987,4357.547,4366.913,1242
2026-01-02 02:15:00,4366.913,4367.758,4360.085,4363.831,1420
2026-01-02 02:30:00,4363.831,4366.801,4357.866,4365.376,1604
2026-01-02 02:45:00,4365.376,4371.447,4362.567,4370.287,2069
2026-01-02 03:00:00,4370.287,4370.593,4361.033,4367.235,1063
2026-01-02 03:15:00,4367.235,4373.152,4357.550,4358.710,1376
2026-01-02 03:30:00,4358.710,4371.717,4357.948,4359.378,1549
2026-01-02 03:45:00,4359.378,4366.178,4357.388,4366.162,1613
2026-01-02 04:00:00,4366.162,4366.586,4359.414,4361.071,1497
2026-01-02 04:15:00,4361.071,4376.187,4359.246,4375.405,951
2026-01-02 04:30:00,4375.405,4375.889,4361.757,4361.962,1309
2026-01-02 04:45:00,4361.962,4364.379,4351.044,4351.049,1046
2026-01-02 05:00:00,4351.049,4357.799,4350.863,4352.933,1445
2026-01-02 05:15:00,4352.933,4359.697,4349.000,4349.000,1792
2026-01-02 05:30:00,4349.000,4383.000,4349.000,4383.000,1319
2026-01-02 05:45:00,4383.000,4383.000,4367.183,4368.596,1693
2026-01-02 06:00:00,4368.596,4369.083,4360.265,4367.819,1655
2026-01-02 06:15:00,4367.819,4369.135,4357.588,4358.241,1626
2026-01-02 06:30:00,4358.241,4366.935,4356.913,4360.411,1497
2026-01-02 06:45:00,4360.411,4368.910,4360.407,4368.395,1249
2026-01-02 07:00:00,4368.395,4375.175,4358.910,4359.239,1591
2026-01-02 07:15:00,4359.239,4375.290,4359.062,4371.038,1253
2026-01-02 07:30:00,4371.038,4372.404,4353.961,4354.559,1768
2026-01-02 07:45:00,4354.559,4371.832,4354.101,4370.801,1563
2026-01-02 08:00:00,4370.801,4374.635,4359.963,4366.970,1557
2026-01-02 08:15:00,4366.970,4370.011,4360.150,4369.850,1704
2026-01-02 08:30:00,4369.850,4376.221,4362.264,4362.414,1383
2026-01-02 08:45:00,4362.414,4372.380,4362.238,4370.149,1779
2026-01-02 09:00:00,4370.149,4370.545,4362.280,4364.716,1737
2026-01-02 09:15:00,4364.716,4369.998,4359.346,4369.427,1841
2026-01-02 09:30:00,4369.427,4375.152,4368.346,4374.383,1364
2026-01-02 09:45:00,4374.383,4374.478,4361.605,4361.763,1861
2026-01-02 10:00:00,4361.763,4376.402,4361.481,4375.611,1840
2026-01-02 10:15:00,4375.611,4375.721,4363.628,4373.065,1346
2026-01-02 10:30:00,4373.065,4373.082,4351.366,4370.680,1443
2026-01-02 10:45:00,4370.680,4370.689,4356.899,4357.595,1618
2026-01-02 11:00:00,4357.595,4379.788,4357.398,4370.988,1243
2026-01-02 11:15:00,4370.988,4371.223,4362.931,4363.478,1517
2026-01-02 11:30:00,4363.478,4371.324,4352.122,4371.243,1410
2026-01-02 11:45:00,4371.243,4372.345,4355.396,4358.846,1648
2026-01-02 12:00:00,4358.846,4367.357,4352.172,4353.141,2198
2026-01-02 12:15:00,4353.141,4371.320,4352.035,4364.598,1039
2026-01-02 12:30:00,4364.598,4374.086,4350.458,4373.867,1165
2026-01-02 12:45:00,4373.867,4374.030,4349.000,4358.960,1374
2026-01-02 13:00:00,4358.960,4372.045,4357.898,4368.828,1738
2026-01-02 13:15:00,4368.828,4378.630,4363.668,4365.134,1796
2026-01-02 13:30:00,4365.134,4373.916,4356.224,4373.768,807
2026-01-02 13:45:00,4373.768,4374.029,4361.481,4366.364,1412
2026-01-02 14:00:00,4366.364,4372.929,4356.220,4372.468,1991
2026-01-02 14:15:00,4372.468,4372.830,4356.128,4365.862,1215
2026-01-02 14:30:00,4365.862,4371.658,4354.947,4360.166,1218
2026-01-02 14:45:00,4360.166,4372.506,4359.870,4369.210,1346
2026-01-02 15:00:00,4369.210,4378.694,4367.595,4370.725,1405
2026-01-02 15:15:00,4370.725,4383.000,4361.400,4362.098,1707
2026-01-02 15:30:00,4362.098,4370.231,4361.882,4363.790,1587
2026-01-02 15:45:00,4363.790,4381.254,4359.530,4368.875,1698
2026-01-02 16:00:00,4368.875,4373.000,4361.884,4366.381,1829
2026-01-02 16:15:00,4366.381,4371.305,4359.127,4359.625,1488
2026-01-02 16:30:00,4359.625,4379.085,4358.456,4369.792,1192
2026-01-02 16:45:00,4369.792,4369.828,4363.200,4364.867,1276
2026-01-02 17:00:00,4364.867,4372.713,4364.314,4372.368,1392
2026-01-02 17:15:00,4372.368,4373.234,4356.741,4365.203,1954
2026-01-02 17:30:00,4365.203,4374.875,4359.679,4374.611,1216
2026-01-02 17:45:00,4374.611,4375.807,4358.639,4359.257,1441
2026-01-02 18:00:00,4359.257,4373.502,4358.665,4358.951,1344
2026-01-02 18:15:00,4358.951,4370.910,4358.784,4370.437,1517
2026-01-02 18:30:00,4370.437,4375.356,4367.774,4375.164,1504
2026-01-02 18:45:00,4375.164,4375.639,4352.656,4366.041,1056
2026-01-02 19:00:00,4366.041,4368.323,4358.507,4368.168,1509
2026-01-02 19:15:00,4368.168,4374.966,4361.928,4369.391,1230
2026-01-02 19:30:00,4369.391,4375.851,4363.201,4374.830,1526
2026-01-02 19:45:00,4374.830,4375.527,4358.991,4359.199,1781
2026-01-02 20:00:00,4359.199,4376.887,4359.128,4367.106,1045
2026-01-02 20:15:00,4367.106,4373.772,4360.431,4373.178,1659
2026-01-02 20:30:00,4373.178,4373.542,4365.527,4365.952,1281
2026-01-02 20:45:00,4365.952,4371.823,4365.238,4369.154,1329
2026-01-02 21:00:00,4369.154,4372.384,4367.907,4370.192,1749
2026-01-02 21:15:00,4370.192,4377.559,4361.333,4362.258,1130
2026-01-02 21:30:00,4362.258,4374.875,4361.993,4365.183,1305
2026-01-02 21:45:00,4365.183,4377.532,4364.527,4371.668,1708
2026-01-02 22:00:00,4371.668,4372.365,4367.289,4367.710,1726
2026-01-02 22:15:00,4367.710,4373.187,4366.204,4368.990,1748
2026-01-02 22:30:00,4368.990,4371.444,4365.497,4371.047,1917
2026-01-02 22:45:00,4371.047,4371.406,4367.130,4367.885,1749
2026-01-02 23:00:00,4367.885,4368.597,4364.217,4365.077,1695
2026-01-02 23:15:00,4365.077,4370.427,4363.868,4367.891,1246
2026-01-02 23:30:00,4367.891,4370.195,4362.809,4370.145,1074
2026-01-02 23:45:00,4370.145,4372.021,4367.614,4372.000,1718
2026-01-05 00:00:00,4372.000,4375.647,4371.386,4373.695,1480
2026-01-05 00:15:00,4373.695,4378.250,4372.536,4374.963,1677
2026-01-05 00:30:00,4374.963,4376.533,4371.975,4375.342,1019
2026-01-05 00:45:00,4375.342,4383.480,4371.890,4376.005,1481
2026-01-05 01:00:00,4376.005,4381.810,4374.036,4374.709,1189
2026-01-05 01:15:00,4374.709,4379.665,4361.781,4363.907,957
2026-01-05 01:30:00,4363.907,4383.849,4363.417,4380.815,1316
2026-01-05 01:45:00,4380.815,4382.804,4365.525,4377.309,1431
2026-01-05 02:00:00,4377.309,4379.154,4370.888,4376.713,1503
2026-01-05 02:15:00,4376.713,4394.946,4374.031,4383.233,1793
2026-01-05 02:30:00,4383.233,4386.591,4374.497,4375.721,1583
2026-01-05 02:45:00,4375.721,4382.932,4362.269,4382.926,1618
2026-01-05 03:00:00,4382.926,4384.294,4369.238,4372.844,1601
2026-01-05 03:15:00,4372.844,4389.440,4371.765,4382.902,1567
2026-01-05 03:30:00,4382.902,4383.608,4377.221,4380.009,1818
2026-01-05 03:45:00,4380.009,4381.157,4360.622,4380.069,1876
2026-01-05 04:00:00,4380.069,4392.077,4378.274,4391.728,1011
2026-01-05 04:15:00,4391.728,4394.812,4370.638,4376.834,1263
2026-01-05 04:30:00,4376.834,4401.700,4374.862,4392.291,1306
2026-01-05 04:45:00,4392.291,4420.000,4376.811,4420.000,1694
2026-01-05 05:00:00,4420.000,4420.000,4370.468,4378.801,1672
2026-01-05 05:15:00,4378.801,4396.616,4377.235,4378.141,1574
2026-01-05 05:30:00,4378.141,4386.407,4360.000,4375.433,1577
2026-01-05 05:45:00,4375.433,4382.450,4374.212,4379.548,1660
2026-01-05 06:00:00,4379.548,4390.981,4366.039,4377.688,1300
2026-01-05 06:15:00,4377.688,4389.350,4367.077,4367.961,1692
2026-01-05 06:30:00,4367.961,4395.588,4367.927,4382.745,1377
2026-01-05 06:45:00,4382.745,4391.528,4362.516,4367.915,1699
2026-01-05 07:00:00,4367.915,4387.794,4366.681,4372.901,1333
2026-01-05 07:15:00,4372.901,4384.548,4372.200,4378.136,1626
2026-01-05 07:30:00,4378.136,4395.745,4377.195,4394.210,1072
2026-01-05 07:45:00,4394.210,4395.448,4374.784,4376.638,1324
2026-01-05 08:00:00,4376.638,4389.356,4368.779,4381.994,1586
2026-01-05 08:15:00,4381.994,4382.169,4361.672,4376.941,985
2026-01-05 08:30:00,4376.941,4402.987,4367.519,4371.881,1212
2026-01-05 08:45:00,4371.881,4400.356,4369.928,4379.171,1816
2026-01-05 09:00:00,4379.171,4396.542,4362.108,4363.560,1499
2026-01-05 09:15:00,4363.560,4368.493,4360.000,4360.000,1607
2026-01-05 09:30:00,4360.000,4399.515,4360.000,4399.346,1251
2026-01-05 09:45:00,4399.346,4409.546,4381.622,4388.020,1549
2026-01-05 10:00:00,4388.020,4408.263,4371.589,4399.113,1571
2026-01-05 10:15:00,4399.113,4400.661,4375.426,4386.472,1445
2026-01-05 10:30:00,4386.472,4393.287,4377.915,4392.201,2031
2026-01-05 10:45:00,4392.201,4401.958,4387.003,4390.463,2186
2026-01-05 11:00:00,4390.463,4399.849,4377.500,4397.776,1525
2026-01-05 11:15:00,4397.776,4417.815,4385.704,4386.619,1454
2026-01-05 11:30:00,4386.619,4402.336,4385.694,4399.386,1656
2026-01-05 11:45:00,4399.386,4401.056,4383.855,4396.894,1503
2026-01-05 12:00:00,4396.894,4397.892,4382.154,4392.602,1545
2026-01-05 12:15:00,4392.602,4403.511,4372.401,4372.985,1593
2026-01-05 12:30:00,4372.985,4380.188,4372.185,4378.866,1765
2026-01-05 12:45:00,4378.866,4392.921,4378.780,4385.577,1367
2026-01-05 13:00:00,4385.577,4407.617,4383.906,4406.850,1213
2026-01-05 13:15:00,4406.850,4407.248,4388.240,4388.867,1405
2026-01-05 13:30:00,4388.867,4400.623,4387.578,4399.983,1373
2026-01-05 13:45:00,4399.983,4401.050,4373.532,4373.623,1316
2026-01-05 14:00:00,4373.623,4404.510,4373.082,4391.917,1649
2026-01-05 14:15:00,4391.917,4414.522,4385.275,4397.358,1529
2026-01-05 14:30:00,4397.358,4397.651,4391.422,4394.388,1451
2026-01-05 14:45:00,4394.388,4410.308,4394.184,4409.751,1565
2026-01-05 15:00:00,4409.751,4410.310,4386.823,4389.315,948
2026-01-05 15:15:00,4389.315,4408.791,4387.973,4407.512,1292
2026-01-05 15:30:00,4407.512,4419.154,4373.985,4375.507,1184
2026-01-05 15:45:00,4375.507,4410.104,4374.478,4402.879,1239
2026-01-05 16:00:00,4402.879,4408.478,4398.519,4402.557,1506
2026-01-05 16:15:00,4402.557,4413.677,4401.226,4412.866,1248
2026-01-05 16:30:00,4412.866,4413.539,4394.319,4395.713,1188
2026-01-05 16:45:00,4395.713,4416.191,4391.973,4401.059,1459
2026-01-05 17:00:00,4401.059,4407.885,4392.819,4393.944,1346
2026-01-05 17:15:00,4393.944,4415.244,4393.003,4404.910,1728
2026-01-05 17:30:00,4404.910,4417.154,4382.632,4416.393,1547
2026-01-05 17:45:00,4416.393,4418.198,4382.990,4417.558,1114
2026-01-05 18:00:00,4417.558,4417.566,4397.586,4397.671,959
2026-01-05 18:15:00,4397.671,4412.357,4395.558,4411.345,1519
2026-01-05 18:30:00,4411.345,4413.194,4402.694,4402.977,1045
2026-01-05 18:45:00,4402.977,4410.981,4393.898,4394.833,1607
2026-01-05 19:00:00,4394.833,4409.791,4387.780,4407.716,1322
2026-01-05 19:15:00,4407.716,4410.708,4398.799,4400.297,1668
2026-01-05 19:30:00,4400.297,4410.538,4398.598,4399.423,1237
2026-01-05 19:45:00,4399.423,4419.935,4389.596,4390.264,1161
2026-01-05 20:00:00,4390.264,4409.056,4390.212,4403.236,1360
2026-01-05 20:15:00,4403.236,4408.161,4388.105,4407.283,1845
2026-01-05 20:30:00,4407.283,4411.459,4388.901,4410.778,1642
2026-01-05 20:45:00,4410.778,4416.587,4406.392,4407.671,1831
2026-01-05 21:00:00,4407.671,4418.346,4403.285,4416.703,1916
2026-01-05 21:15:00,4416.703,4416.995,4399.502,4407.259,1587
2026-01-05 21:30:00,4407.259,4409.614,4394.129,4409.207,1272
2026-01-05 21:45:00,4409.207,4420.000,4408.231,4415.198,1495
2026-01-05 22:00:00,4415.198,4416.138,4405.522,4409.199,2042
2026-01-05 22:15:00,4409.199,4415.719,4401.513,4413.884,1458
2026-01-05 22:30:00,4413.884,4415.050,4401.336,4412.376,1551
2026-01-05 22:45:00,4412.376,4413.189,4406.822,4410.211,1559
2026-01-05 23:00:00,4410.211,4415.364,4408.065,4413.777,1658
2026-01-05 23:15:00,4413.777,4414.422,4405.869,4406.612,1700
2026-01-05 23:30:00,4406.612,4416.124,4405.511,4410.966,1358
2026-01-05 23:45:00,4410.966,4415.364,4405.655,4415.000,1418
2026-01-06 00:00:00,4386.333,4388.222,4381.243,4387.945,1594
2026-01-06 00:15:00,4387.945,4389.750,4377.201,4388.198,1703
2026-01-06 00:30:00,4388.198,4389.246,4377.944,4383.093,1479
2026-01-06 00:45:00,4383.093,4389.599,4378.876,4378.997,1395
2026-01-06 01:00:00,4378.997,4388.908,4375.000,4383.953,1349
2026-01-06 01:15:00,4383.953,4391.886,4381.944,4382.815,1395
2026-01-06 01:30:00,4382.815,4393.645,4382.097,4393.132,1087
2026-01-06 01:45:00,4393.132,4393.798,4389.636,4390.558,1374
2026-01-06 02:00:00,4390.558,4391.664,4384.104,4385.109,1138
2026-01-06 02:15:00,4385.109,4387.410,4377.975,4385.139,1458
2026-01-06 02:30:00,4385.139,4399.219,4384.871,4387.100,1777
2026-01-06 02:45:00,4387.100,4395.964,4385.129,4386.135,1404
2026-01-06 03:00:00,4386.135,4398.486,4382.948,4397.905,1384
2026-01-06 03:15:00,4397.905,4399.794,4378.141,4389.796,1562
2026-01-06 03:30:00,4389.796,4403.136,4386.179,4392.461,1006
2026-01-06 03:45:00,4392.461,4394.685,4378.896,4393.453,1565
2026-01-06 04:00:00,4393.453,4398.855,4377.307,4398.586,1181
2026-01-06 04:15:00,4398.586,4398.953,4386.035,4393.897,1638
2026-01-06 04:30:00,4393.897,4396.293,4387.620,4396.172,1575
2026-01-06 04:45:00,4396.172,4396.664,4383.405,4388.212,1490
2026-01-06 05:00:00,4388.212,4406.677,4376.449,4405.276,1521
2026-01-06 05:15:00,4405.276,4406.169,4376.859,4377.806,1391
2026-01-06 05:30:00,4377.806,4407.420,4375.000,4390.409,1371
2026-01-06 05:45:00,4390.409,4405.814,4390.373,4396.907,1087
2026-01-06 06:00:00,4396.907,4402.633,4379.370,4389.752,1319
2026-01-06 06:15:00,4389.752,4401.512,4384.052,4395.000,1909
2026-01-06 06:30:00,4395.000,4399.432,4391.192,4397.614,1447
2026-01-06 06:45:00,4397.614,4410.135,4386.424,4409.791,1438
2026-01-06 07:00:00,4409.791,4410.496,4385.640,4400.105,1473
2026-01-06 07:15:00,4400.105,4405.299,4381.790,4405.192,1600
2026-01-06 07:30:00,4405.192,4406.702,4376.740,4392.740,1931
2026-01-06 07:45:00,4392.740,4404.911,4391.996,4401.569,1295
2026-01-06 08:00:00,4401.569,4404.242,4385.722,4397.229,1483
2026-01-06 08:15:00,4397.229,4411.098,4382.970,4410.673,1037
2026-01-06 08:30:00,4410.673,4416.164,4382.807,4384.540,1322
2026-01-06 08:45:00,4384.540,4406.464,4382.294,4404.811,1969
2026-01-06 09:00:00,4404.811,4407.057,4396.410,4396.893,1348
2026-01-06 09:15:00,4396.893,4402.950,4376.961,4401.617,1080
2026-01-06 09:30:00,4401.617,4406.220,4383.872,4384.313,1355
2026-01-06 09:45:00,4384.313,4421.712,4382.680,4399.667,1403
2026-01-06 10:00:00,4399.667,4422.410,4396.687,4420.850,1595
2026-01-06 10:15:00,4420.850,4421.340,4386.819,4391.093,1320
2026-01-06 10:30:00,4391.093,4415.024,4389.705,4414.428,1864
2026-01-06 10:45:00,4414.428,4421.141,4395.638,4396.379,1403
2026-01-06 11:00:00,4396.379,4428.193,4393.373,4394.679,1710
2026-01-06 11:15:00,4394.679,4416.952,4381.261,4411.606,1634
2026-01-06 11:30:00,4411.606,4429.042,4385.062,4417.275,1814
2026-01-06 11:45:00,4417.275,4418.563,4381.401,4384.275,1308
2026-01-06 12:00:00,4384.275,4420.095,4384.239,4401.970,1798
2026-01-06 12:15:00,4401.970,4410.237,4391.836,4396.557,1536
2026-01-06 12:30:00,4396.557,4414.400,4382.152,4412.426,1703
2026-01-06 12:45:00,4412.426,4419.076,4394.363,4407.303,1591
2026-01-06 13:00:00,4407.303,4409.175,4394.766,4397.256,1665
2026-01-06 13:15:00,4397.256,4417.075,4393.671,4403.680,1357
2026-01-06 13:30:00,4403.680,4428.776,4393.210,4394.905,1516
2026-01-06 13:45:00,4394.905,4418.721,4394.591,4412.858,1196
2026-01-06 14:00:00,4412.858,4418.285,4398.091,4404.202,1141
2026-01-06 14:15:00,4404.202,4405.014,4391.539,4403.169,1362
2026-01-06 14:30:00,4403.169,4421.840,4390.771,4392.247,1316
2026-01-06 14:45:00,4392.247,4425.252,4388.113,4405.790,1700
2026-01-06 15:00:00,4405.790,4406.219,4387.843,4391.834,1412
2026-01-06 15:15:00,4391.834,4423.421,4390.379,4421.584,1551
2026-01-06 15:30:00,4421.584,4424.226,4405.803,4410.537,1777
2026-01-06 15:45:00,4410.537,4417.763,4409.433,4414.629,1171
2026-01-06 16:00:00,4414.629,4429.562,4404.507,4427.966,1367
2026-01-06 16:15:00,4427.966,4430.369,4399.010,4409.248,1487
2026-01-06 16:30:00,4409.248,4416.139,4404.326,4412.602,1386
2026-01-06 16:45:00,4412.602,4413.100,4392.961,4409.982,1893
2026-01-06 17:00:00,4409.982,4412.374,4393.057,4411.607,1542
2026-01-06 17:15:00,4411.607,4417.734,4410.996,4416.099,1461
2026-01-06 17:30:00,4416.099,4429.992,4391.887,4429.699,1595
2026-01-06 17:45:00,4429.699,4430.681,4399.124,4405.071,1116
2026-01-06 18:00:00,4405.071,4436.000,4402.951,4436.000,1182
2026-01-06 18:15:00,4436.000,4436.000,4401.400,4402.765,1583
2026-01-06 18:30:00,4402.765,4416.834,4400.619,4416.453,1443
2026-01-06 18:45:00,4416.453,4436.000,4375.000,4375.000,2063
2026-01-06 19:00:00,4375.000,4402.548,4375.000,4402.112,1740
2026-01-06 19:15:00,4402.112,4426.161,4400.791,4407.967,1296
2026-01-06 19:30:00,4407.967,4413.959,4403.226,4404.160,1587
2026-01-06 19:45:00,4404.160,4415.060,4403.868,4408.687,1082
2026-01-06 20:00:00,4408.687,4419.847,4405.452,4413.209,1646
2026-01-06 20:15:00,4413.209,4421.094,4412.273,4414.338,1857
2026-01-06 20:30:00,4414.338,4421.037,4412.585,4420.728,1575
2026-01-06 20:45:00,4420.728,4421.820,4408.725,4410.645,1176
2026-01-06 21:00:00,4410.645,4422.194,4408.726,4419.648,1589
2026-01-06 21:15:00,4419.648,4420.831,4416.494,4417.299,1718
2026-01-06 21:30:00,4417.299,4424.054,4415.252,4423.102,1544
2026-01-06 21:45:00,4423.102,4426.260,4415.563,4419.143,1789
2026-01-06 22:00:00,4419.143,4423.443,4419.130,4419.561,1605
2026-01-06 22:15:00,4419.561,4433.827,4411.737,4433.386,1625
2026-01-06 22:30:00,4433.386,4435.041,4416.408,4416.837,2071
2026-01-06 22:45:00,4416.837,4426.913,4416.408,4416.472,1580
2026-01-06 23:00:00,4416.472,4418.417,4412.221,4416.924,1351
2026-01-06 23:15:00,4416.924,4429.479,4410.163,4428.753,1457
2026-01-06 23:30:00,4428.753,4429.637,4415.083,4422.513,1748
2026-01-06 23:45:00,4422.513,4429.545,4418.107,4429.333,1565
2026-01-07 00:00:00,4400.667,4410.481,4398.915,4405.958,1835
2026-01-07 00:15:00,4405.958,4406.076,4400.708,4405.290,1799
2026-01-07 00:30:00,4405.290,4413.083,4404.977,4406.864,1204
2026-01-07 00:45:00,4406.864,4410.981,4401.495,4402.949,1032
2026-01-07 01:00:00,4402.949,4403.298,4397.010,4399.011,1578
2026-01-07 01:15:00,4399.011,4409.787,4397.355,4408.156,1580
2026-01-07 01:30:00,4408.156,4409.911,4390.000,4401.340,928
2026-01-07 01:45:00,4401.340,4417.340,4400.455,4416.030,1257
2026-01-07 02:00:00,4416.030,4416.878,4402.785,4407.593,1263
2026-01-07 02:15:00,4407.593,4408.539,4401.073,4407.710,1624
2026-01-07 02:30:00,4407.710,4411.510,4402.043,4406.898,1113
2026-01-07 02:45:00,4406.898,4416.063,4401.814,4411.753,1663
2026-01-07 03:00:00,4411.753,4412.081,4403.883,4408.610,1573
2026-01-07 03:15:00,4408.610,4411.681,4400.580,4405.039,1602
2026-01-07 03:30:00,4405.039,4408.657,4396.825,4407.256,1331
2026-01-07 03:45:00,4407.256,4432.036,4403.833,4429.777,1491
2026-01-07 04:00:00,4429.777,4431.170,4415.677,4416.985,1476
2026-01-07 04:15:00,4416.985,4428.216,4390.000,4390.378,1403
2026-01-07 04:30:00,4390.378,4416.674,4390.000,4412.698,1117
2026-01-07 04:45:00,4412.698,4423.541,4410.929,4415.034,1392
2026-01-07 05:00:00,4415.034,4420.081,4402.215,4402.819,1399
2026-01-07 05:15:00,4402.819,4426.636,4401.280,4407.146,2155
2026-01-07 05:30:00,4407.146,4410.654,4405.991,4406.678,1506
2026-01-07 05:45:00,4406.678,4412.266,4398.582,4411.569,1465
2026-01-07 06:00:00,4411.569,4424.467,4405.617,4416.355,1534
2026-01-07 06:15:00,4416.355,4418.360,4405.756,4412.952,1285
2026-01-07 06:30:00,4412.952,4421.477,4412.184,4413.565,2183
2026-01-07 06:45:00,4413.565,4425.261,4411.276,4422.275,1261
2026-01-07 07:00:00,4422.275,4424.210,4395.437,4417.739,1500
2026-01-07 07:15:00,4417.739,4423.070,4417.264,4419.613,1606
2026-01-07 07:30:00,4419.613,4421.339,4406.850,4421.277,1526
2026-01-07 07:45:00,4421.277,4427.510,4408.528,4427.138,1475
2026-01-07 08:00:00,4427.138,4433.068,4406.681,4432.777,1584
2026-01-07 08:15:00,4432.777,4434.749,4411.583,4419.903,1639
2026-01-07 08:30:00,4419.903,4420.914,4390.000,4408.397,1355
2026-01-07 08:45:00,4408.397,4422.358,4407.905,4420.282,1439
2026-01-07 09:00:00,4420.282,4429.792,4405.646,4407.521,1674
2026-01-07 09:15:00,4407.521,4423.059,4405.284,4416.973,1675
2026-01-07 09:30:00,4416.973,4442.925,4394.922,4396.141,1406
2026-01-07 09:45:00,4396.141,4422.393,4394.859,4411.327,1904
2026-01-07 10:00:00,4411.327,4428.894,4411.294,4419.186,1636
2026-01-07 10:15:00,4419.186,4421.525,4390.000,4390.000,1292
2026-01-07 10:30:00,4390.000,4424.280,4390.000,4423.022,1742
2026-01-07 10:45:00,4423.022,4430.133,4405.969,4409.957,1510
2026-01-07 11:00:00,4409.957,4431.388,4400.364,4423.757,1539
2026-01-07 11:15:00,4423.757,4442.250,4406.143,4440.008,1558
2026-01-07 11:30:00,4440.008,4442.646,4413.277,4430.762,2007
2026-01-07 11:45:00,4430.762,4432.063,4410.512,4424.148,1358
2026-01-07 12:00:00,4424.148,4452.000,4423.757,4439.294,1319
2026-01-07 12:15:00,4439.294,4440.200,4410.306,4412.809,1714
2026-01-07 12:30:00,4412.809,4440.046,4406.333,4439.956,1222
2026-01-07 12:45:00,4439.956,4439.999,4395.681,4420.276,1385
2026-01-07 13:00:00,4420.276,4431.891,4419.575,4431.525,1579
2026-01-07 13:15:00,4431.525,4431.969,4409.909,4423.803,1585
2026-01-07 13:30:00,4423.803,4438.074,4420.682,4437.481,1142
2026-01-07 13:45:00,4437.481,4437.541,4415.714,4425.978,1140
2026-01-07 14:00:00,4425.978,4427.515,4407.152,4425.780,1460
2026-01-07 14:15:00,4425.780,4446.954,4406.309,4408.559,1481
2026-01-07 14:30:00,4408.559,4434.473,4392.500,4425.437,1158
2026-01-07 14:45:00,4425.437,4438.893,4417.037,4430.291,1617
2026-01-07 15:00:00,4430.291,4436.581,4421.449,4422.908,1652
2026-01-07 15:15:00,4422.908,4433.384,4422.515,4427.386,1504
2026-01-07 15:30:00,4427.386,4438.939,4414.009,4414.838,1396
2026-01-07 15:45:00,4414.838,4448.756,4414.368,4422.728,1515
2026-01-07 16:00:00,4422.728,4430.445,4421.176,4424.907,1126
2026-01-07 16:15:00,4424.907,4430.870,4424.575,4430.702,1718
2026-01-07 16:30:00,4430.702,4448.317,4404.585,4427.998,1647
2026-01-07 16:45:00,4427.998,4435.496,4415.175,4425.339,957
2026-01-07 17:00:00,4425.339,4444.046,4421.406,4424.693,2024
2026-01-07 17:15:00,4424.693,4439.343,4422.746,4426.355,1583
2026-01-07 17:30:00,4426.355,4443.363,4411.755,4413.721,1772
2026-01-07 17:45:00,4413.721,4423.282,4412.258,4421.518,1807
2026-01-07 18:00:00,4421.518,4425.787,4415.583,4425.154,1088
2026-01-07 18:15:00,4425.154,4444.166,4412.363,4442.463,1763
2026-01-07 18:30:00,4442.463,4442.790,4423.486,4423.806,1535
2026-01-07 18:45:00,4423.806,4452.000,4417.941,4452.000,1469
2026-01-07 19:00:00,4452.000,4452.000,4437.453,4438.340,1217
2026-01-07 19:15:00,4438.340,4438.913,4426.370,4430.915,1621
2026-01-07 19:30:00,4430.915,4452.000,4418.089,4419.959,1583
2026-01-07 19:45:00,4419.959,4445.649,4419.568,4422.948,1711
2026-01-07 20:00:00,4422.948,4432.958,4421.784,4432.955,2000
2026-01-07 20:15:00,4432.955,4441.294,4422.469,4439.877,1190
2026-01-07 20:30:00,4439.877,4440.490,4427.376,4435.995,1147
2026-01-07 20:45:00,4435.995,4451.116,4427.763,4450.502,1715
2026-01-07 21:00:00,4450.502,4451.276,4426.464,4437.319,1237
2026-01-07 21:15:00,4437.319,4439.155,4427.210,4429.918,1501
2026-01-07 21:30:00,4429.918,4444.844,4427.739,4440.369,1870
2026-01-07 21:45:00,4440.369,4441.732,4428.419,4434.154,1806
2026-01-07 22:00:00,4434.154,4439.804,4432.930,4436.127,890
2026-01-07 22:15:00,4436.127,4442.628,4434.764,4439.133,1586
2026-01-07 22:30:00,4439.133,4448.520,4436.433,4443.799,1708
2026-01-07 22:45:00,4443.799,4444.625,4431.169,4434.187,1378
2026-01-07 23:00:00,4434.187,4440.132,4433.819,4438.796,1420
2026-01-07 23:15:00,4438.796,4444.138,4438.317,4440.407,1783
2026-01-07 23:30:00,4440.407,4440.544,4433.600,4440.018,1392
2026-01-07 23:45:00,4440.018,4444.374,4438.796,4443.667,1753
2026-01-08 00:00:00,4415.000,4416.989,4413.774,4416.793,1592
2026-01-08 00:15:00,4416.793,4422.783,4412.961,4415.181,1650
2026-01-08 00:30:00,4415.181,4420.970,4412.039,4413.056,1168
2026-01-08 00:45:00,4413.056,4415.642,4407.933,4410.697,1398
2026-01-08 01:00:00,4410.697,4424.133,4409.342,4424.032,1227
2026-01-08 01:15:00,4424.032,4427.299,4411.093,4412.672,1137
2026-01-08 01:30:00,4412.672,4426.038,4410.516,4416.819,1708
2026-01-08 01:45:00,4416.819,4468.000,4408.708,4411.379,1355
2026-01-08 02:00:00,4411.379,4432.423,4410.812,4418.633,1755
2026-01-08 02:15:00,4418.633,4422.471,4410.554,4414.809,1337
2026-01-08 02:30:00,4414.809,4425.889,4408.581,4425.466,1541
2026-01-08 02:45:00,4425.466,4426.120,4410.473,4411.948,1414
2026-01-08 03:00:00,4411.948,4418.836,4409.867,4411.739,1373
2026-01-08 03:15:00,4411.739,4432.874,4409.843,4423.392,1322
2026-01-08 03:30:00,4423.392,4428.033,4416.022,4416.507,1933
2026-01-08 03:45:00,4416.507,4426.411,4415.381,4423.329,1004
2026-01-08 04:00:00,4423.329,4424.973,4408.582,4409.877,1322
2026-01-08 04:15:00,4409.877,4421.880,4405.000,4405.497,1833
2026-01-08 04:30:00,4405.497,4443.466,4405.467,4441.811,1342
2026-01-08 04:45:00,4441.811,4443.233,4411.833,4412.147,1354
2026-01-08 05:00:00,4412.147,4425.824,4410.724,4414.885,1337
2026-01-08 05:15:00,4414.885,4432.009,4405.000,4430.180,1784
2026-01-08 05:30:00,4430.180,4431.165,4408.269,4409.983,1390
2026-01-08 05:45:00,4409.983,4423.006,4409.803,4422.791,1373
2026-01-08 06:00:00,4422.791,4437.941,4422.746,4429.882,2022
2026-01-08 06:15:00,4429.882,4439.312,4426.967,4428.839,1348
2026-01-08 06:30:00,4428.839,4436.038,4421.980,4433.927,1113
2026-01-08 06:45:00,4433.927,4434.375,4405.000,4405.000,1243
2026-01-08 07:00:00,4405.000,4432.598,4405.000,4424.521,1807
2026-01-08 07:15:00,4424.521,4440.082,4424.262,4436.538,1010
2026-01-08 07:30:00,4436.538,4437.765,4413.585,4430.103,1907
2026-01-08 07:45:00,4430.103,4430.361,4408.167,4423.030,1361
2026-01-08 08:00:00,4423.030,4447.231,4422.988,4445.928,1333
2026-01-08 08:15:00,4445.928,4451.293,4426.458,4428.302,2019
2026-01-08 08:30:00,4428.302,4439.963,4413.734,4437.929,1053
2026-01-08 08:45:00,4437.929,4443.422,4419.886,4440.062,1825
2026-01-08 09:00:00,4440.062,4441.603,4423.548,4424.021,1580
2026-01-08 09:15:00,4424.021,4437.414,4422.882,4435.900,1540
2026-01-08 09:30:00,4435.900,4449.330,4431.029,4448.362,1462
2026-01-08 09:45:00,4448.362,4448.405,4425.399,4437.165,1652
2026-01-08 10:00:00,4437.165,4451.779,4433.897,4441.209,1509
2026-01-08 10:15:00,4441.209,4441.689,4425.883,4435.368,1804
2026-01-08 10:30:00,4435.368,4447.013,4433.066,4434.504,1607
2026-01-08 10:45:00,4434.504,4434.794,4426.043,4428.550,1677
2026-01-08 11:00:00,4428.550,4448.685,4427.686,4428.116,1632
2026-01-08 11:15:00,4428.116,4439.019,4421.088,4438.321,1774
2026-01-08 11:30:00,4438.321,4449.793,4432.439,4433.407,1370
2026-01-08 11:45:00,4433.407,4438.397,4428.702,4437.117,1532
2026-01-08 12:00:00,4437.117,4437.196,4432.374,4433.463,1494
2026-01-08 12:15:00,4433.463,4438.112,4428.168,4429.916,1509
2026-01-08 12:30:00,4429.916,4462.056,4418.821,4420.398,919
2026-01-08 12:45:00,4420.398,4432.447,4416.431,4432.083,1460
2026-01-08 13:00:00,4432.083,4443.287,4431.878,4435.271,1453
2026-01-08 13:15:00,4435.271,4440.916,4425.859,4431.381,1792
2026-01-08 13:30:00,4431.381,4434.748,4417.096,4422.409,1421
2026-01-08 13:45:00,4422.409,4443.380,4420.520,4437.099,1729
2026-01-08 14:00:00,4437.099,4441.763,4415.104,4419.966,1695
2026-01-08 14:15:00,4419.966,4449.954,4405.845,4447.676,1443
2026-01-08 14:30:00,4447.676,4447.873,4415.773,4426.798,1489
2026-01-08 14:45:00,4426.798,4468.000,4412.930,4413.404,1381
2026-01-08 15:00:00,4413.404,4444.547,4411.803,4440.669,1429
2026-01-08 15:15:00,4440.669,4442.215,4425.843,4427.823,1236
2026-01-08 15:30:00,4427.823,4451.603,4421.067,4449.318,2049
2026-01-08 15:45:00,4449.318,4453.929,4423.359,4453.023,994
2026-01-08 16:00:00,4453.023,4456.925,4435.043,4449.666,1197
2026-01-08 16:15:00,4449.666,4450.834,4429.031,4439.424,1497
2026-01-08 16:30:00,4439.424,4454.323,4436.731,4440.302,1613
2026-01-08 16:45:00,4440.302,4452.032,4435.667,4451.215,1613
2026-01-08 17:00:00,4451.215,4451.280,4433.311,4434.139,1758
2026-01-08 17:15:00,4434.139,4435.806,4425.935,4432.865,1535
2026-01-08 17:30:00,4432.865,4456.071,4432.294,4446.467,595
2026-01-08 17:45:00,4446.467,4450.375,4415.719,4439.026,2157
2026-01-08 18:00:00,4439.026,4444.382,4434.724,4436.473,1240
2026-01-08 18:15:00,4436.473,4452.343,4421.101,4443.302,1596
2026-01-08 18:30:00,4443.302,4444.086,4427.174,4429.048,1904
2026-01-08 18:45:00,4429.048,4456.940,4427.601,4443.630,1547
2026-01-08 19:00:00,4443.630,4445.115,4428.339,4441.858,1440
2026-01-08 19:15:00,4441.858,4451.335,4418.094,4418.657,1468
2026-01-08 19:30:00,4418.657,4449.495,4418.453,4431.849,1626
2026-01-08 19:45:00,4431.849,4447.688,4430.440,4430.800,1410
2026-01-08 20:00:00,4430.800,4450.859,4429.984,4444.112,1295
2026-01-08 20:15:00,4444.112,4454.228,4435.285,4451.585,1227
2026-01-08 20:30:00,4451.585,4453.805,4432.603,4443.329,1528
2026-01-08 20:45:00,4443.329,4445.770,4431.369,4443.860,1350
2026-01-08 21:00:00,4443.860,4450.715,4435.412,4448.497,1485
2026-01-08 21:15:00,4448.497,4451.640,4439.666,4450.969,1376
2026-01-08 21:30:00,4450.969,4457.409,4431.879,4455.680,1371
2026-01-08 21:45:00,4455.680,4455.998,4443.243,4444.606,943
2026-01-08 22:00:00,4444.606,4449.755,4442.789,4449.602,1432
2026-01-08 22:15:00,4449.602,4457.993,4441.850,4457.692,1556
2026-01-08 22:30:00,4457.692,4459.505,4440.213,4441.267,1358
2026-01-08 22:45:00,4441.267,4453.710,4439.895,4451.397,1854
2026-01-08 23:00:00,4451.397,4452.881,4444.912,4447.587,1677
2026-01-08 23:15:00,4447.587,4448.189,4444.174,4444.999,1274
2026-01-08 23:30:00,4444.999,4455.008,4444.571,4450.234,1464
2026-01-08 23:45:00,4450.234,4458.296,4446.407,4458.000,1411
2026-01-09 00:00:00,4426.250,4432.139,4425.360,4429.629,1173
2026-01-09 00:15:00,4429.629,4430.225,4416.750,4425.886,1433
2026-01-09 00:30:00,4425.886,4434.825,4424.684,4431.896,1494
2026-01-09 00:45:00,4431.896,4438.805,4427.869,4428.124,1598
2026-01-09 01:00:00,4428.124,4433.060,4426.582,4431.556,1066
2026-01-09 01:15:00,4431.556,4433.030,4418.591,4429.270,1496
2026-01-09 01:30:00,4429.270,4440.994,4425.036,4440.383,1643
2026-01-09 01:45:00,4440.383,4448.149,4435.778,4442.517,1319
2026-01-09 02:00:00,4442.517,4448.487,4437.979,4446.724,1089
2026-01-09 02:15:00,4446.724,4448.236,4431.813,4432.862,1622
2026-01-09 02:30:00,4432.862,4441.630,4429.644,4439.524,1674
2026-01-09 02:45:00,4439.524,4440.209,4416.750,4416.750,1576
2026-01-09 03:00:00,4416.750,4450.705,4416.750,4439.451,1743
2026-01-09 03:15:00,4439.451,4448.824,4437.605,4448.333,2063
2026-01-09 03:30:00,4448.333,4459.266,4423.276,4446.059,1802
2026-01-09 03:45:00,4446.059,4451.405,4426.015,4426.771,1312
2026-01-09 04:00:00,4426.771,4451.346,4420.425,4420.640,1508
2026-01-09 04:15:00,4420.640,4457.332,4419.564,4456.343,1000
2026-01-09 04:30:00,4456.343,4497.000,4420.955,4497.000,1872
2026-01-09 04:45:00,4497.000,4497.000,4426.119,4428.475,1422
2026-01-09 05:00:00,4428.475,4450.198,4427.178,4446.728,2097
2026-01-09 05:15:00,4446.728,4447.135,4426.648,4434.634,1075
2026-01-09 05:30:00,4434.634,4444.971,4432.602,4440.722,1491
2026-01-09 05:45:00,4440.722,4454.287,4436.916,4437.643,1331
2026-01-09 06:00:00,4437.643,4447.187,4429.877,4446.214,1106
2026-01-09 06:15:00,4446.214,4447.902,4423.982,4434.161,1349
2026-01-09 06:30:00,4434.161,4451.166,4432.419,4449.789,1781
2026-01-09 06:45:00,4449.789,4450.223,4422.282,4439.080,1381
2026-01-09 07:00:00,4439.080,4441.053,4425.260,4436.526,1542
2026-01-09 07:15:00,4436.526,4445.482,4433.354,4445.291,1568
2026-01-09 07:30:00,4445.291,4461.022,4435.780,4449.510,1549
2026-01-09 07:45:00,4449.510,4452.423,4433.143,4445.934,1332
2026-01-09 08:00:00,4445.934,4460.970,4436.600,4453.676,991
2026-01-09 08:15:00,4453.676,4463.023,4443.256,4460.156,1520
2026-01-09 08:30:00,4460.156,4462.107,4441.583,4451.733,1598
2026-01-09 08:45:00,4451.733,4469.666,4441.051,4447.299,1309
2026-01-09 09:00:00,4447.299,4449.649,4430.921,4432.814,1693
2026-01-09 09:15:00,4432.814,4460.824,4431.972,4460.098,1709
2026-01-09 09:30:00,4460.098,4461.762,4430.283,4461.224,1585
2026-01-09 09:45:00,4461.224,4474.902,4420.556,4443.261,737
2026-01-09 10:00:00,4443.261,4459.980,4442.994,4457.256,1524
2026-01-09 10:15:00,4457.256,4462.438,4451.597,4455.301,1009
2026-01-09 10:30:00,4455.301,4473.195,4454.008,4472.879,1503
2026-01-09 10:45:00,4472.879,4484.032,4427.783,4481.051,2003
2026-01-09 11:00:00,4481.051,4483.116,4441.903,4450.882,1070
2026-01-09 11:15:00,4450.882,4465.521,4442.035,4458.464,1144
2026-01-09 11:30:00,4458.464,4470.433,4446.793,4456.707,1385
2026-01-09 11:45:00,4456.707,4464.437,4424.092,4450.936,1278
2026-01-09 12:00:00,4450.936,4464.752,4447.402,4463.847,1470
2026-01-09 12:15:00,4463.847,4468.901,4443.403,4466.918,1754
2026-01-09 12:30:00,4466.918,4466.984,4425.857,4449.380,1676
2026-01-09 12:45:00,4449.380,4469.396,4440.894,4468.356,1291
2026-01-09 13:00:00,4468.356,4469.458,4451.249,4464.630,1532
2026-01-09 13:15:00,4464.630,4466.092,4445.158,4446.554,1722
2026-01-09 13:30:00,4446.554,4467.916,4445.673,4454.700,1483
2026-01-09 13:45:00,4454.700,4466.688,4432.283,4465.415,1278
2026-01-09 14:00:00,4465.415,4472.357,4447.429,4470.607,1242
2026-01-09 14:15:00,4470.607,4470.866,4440.033,4454.600,1411
2026-01-09 14:30:00,4454.600,4473.249,4441.010,4441.657,1545
2026-01-09 14:45:00,4441.657,4470.455,4440.453,4455.366,1707
2026-01-09 15:00:00,4455.366,4463.541,4453.094,4461.924,1539
2026-01-09 15:15:00,4461.924,4466.241,4446.458,4447.266,1814
2026-01-09 15:30:00,4447.266,4474.445,4446.855,4461.004,1781
2026-01-09 15:45:00,4461.004,4462.467,4440.388,4461.545,1444
2026-01-09 16:00:00,4461.545,4464.580,4443.174,4444.151,1426
2026-01-09 16:15:00,4444.151,4468.018,4441.095,4442.144,1499
2026-01-09 16:30:00,4442.144,4469.204,4441.324,4466.395,1450
2026-01-09 16:45:00,4466.395,4468.516,4451.709,4452.883,1589
2026-01-09 17:00:00,4452.883,4463.757,4450.064,4463.263,1642
2026-01-09 17:15:00,4463.263,4463.503,4455.841,4458.429,1401
2026-01-09 17:30:00,4458.429,4491.023,4453.211,4456.782,1917
2026-01-09 17:45:00,4456.782,4497.000,4447.056,4448.855,1181
2026-01-09 18:00:00,4448.855,4475.082,4448.685,4472.764,1366
2026-01-09 18:15:00,4472.764,4483.595,4456.106,4480.086,1052
2026-01-09 18:30:00,4480.086,4481.818,4467.187,4468.737,1210
2026-01-09 18:45:00,4468.737,4477.286,4457.878,4476.606,1933
2026-01-09 19:00:00,4476.606,4484.208,4465.901,4473.447,1841
2026-01-09 19:15:00,4473.447,4475.196,4465.118,4467.124,1316
2026-01-09 19:30:00,4467.124,4472.072,4452.739,4468.321,1593
2026-01-09 19:45:00,4468.321,4472.128,4461.757,4466.965,1688
2026-01-09 20:00:00,4466.965,4475.222,4463.680,4468.683,1705
2026-01-09 20:15:00,4468.683,4483.763,4454.321,4466.511,1411
2026-01-09 20:30:00,4466.511,4467.747,4463.084,4464.190,1313
2026-01-09 20:45:00,4464.190,4482.034,4463.891,4472.125,1693
2026-01-09 21:00:00,4472.125,4475.038,4467.448,4469.651,1223
2026-01-09 21:15:00,4469.651,4472.498,4463.241,4466.349,972
2026-01-09 21:30:00,4466.349,4476.164,4466.135,4474.199,1871
2026-01-09 21:45:00,4474.199,4476.725,4463.677,4464.522,1747
2026-01-09 22:00:00,4464.522,4470.753,4463.633,4464.314,1374
2026-01-09 22:15:00,4464.314,4477.442,4463.558,4467.383,2123
2026-01-09 22:30:00,4467.383,4479.230,4466.908,4470.876,1485
2026-01-09 22:45:00,4470.876,4476.631,4462.752,4476.359,1534
2026-01-09 23:00:00,4476.359,4478.497,4472.672,4473.102,1495
2026-01-09 23:15:00,4473.102,4480.065,4469.743,4477.643,2056
2026-01-09 23:30:00,4477.643,4478.077,4468.188,4473.820,1641
2026-01-09 23:45:00,4473.820,4489.736,4471.884,4486.250,1572
2026-01-12 00:00:00,4460.000,4482.181,4457.018,4470.128,1296
2026-01-12 00:15:00,4470.128,4481.634,4467.475,4473.981,1553
2026-01-12 00:30:00,4473.981,4487.417,4473.425,4480.394,1634
2026-01-12 00:45:00,4480.394,4491.922,4472.102,4486.845,1454
2026-01-12 01:00:00,4486.845,4516.557,4476.739,4478.721,1316
2026-01-12 01:15:00,4478.721,4480.793,4461.981,4476.596,1329
2026-01-12 01:30:00,4476.596,4499.686,4471.616,4498.502,1536
2026-01-12 01:45:00,4498.502,4502.007,4466.266,4466.850,1554
2026-01-12 02:00:00,4466.850,4499.250,4457.139,4460.826,1431
2026-01-12 02:15:00,4460.826,4496.383,4452.000,4452.000,1113
2026-01-12 02:30:00,4452.000,4494.012,4452.000,4492.749,1586
2026-01-12 02:45:00,4492.749,4495.809,4470.168,4493.912,1139
2026-01-12 03:00:00,4493.912,4494.386,4467.288,4469.431,1274
2026-01-12 03:15:00,4469.431,4499.024,4463.079,4489.515,1777
2026-01-12 03:30:00,4489.515,4501.692,4471.301,4474.966,914
2026-01-12 03:45:00,4474.966,4509.857,4461.185,4506.726,1037
2026-01-12 04:00:00,4506.726,4510.714,4477.254,4477.825,1646
2026-01-12 04:15:00,4477.825,4486.814,4467.383,4468.791,1146
2026-01-12 04:30:00,4468.791,4503.628,4465.239,4500.923,1745
2026-01-12 04:45:00,4500.923,4502.427,4471.487,4498.784,1175
2026-01-12 05:00:00,4498.784,4521.308,4497.239,4510.025,2159
2026-01-12 05:15:00,4510.025,4511.332,4464.876,4470.920,770
2026-01-12 05:30:00,4470.920,4495.198,4469.898,4489.675,1522
2026-01-12 05:45:00,4489.675,4508.280,4487.821,4501.766,1790
2026-01-12 06:00:00,4501.766,4519.263,4479.148,4515.400,1354
2026-01-12 06:15:00,4515.400,4516.096,4477.145,4493.095,1501
2026-01-12 06:30:00,4493.095,4501.363,4462.826,4493.862,2056
2026-01-12 06:45:00,4493.862,4530.255,4475.462,4476.923,1308
2026-01-12 07:00:00,4476.923,4541.239,4475.782,4519.517,1669
2026-01-12 07:15:00,4519.517,4520.388,4468.741,4474.388,2251
2026-01-12 07:30:00,4474.388,4495.618,4470.670,4487.336,1662
2026-01-12 07:45:00,4487.336,4511.999,4481.554,4511.333,1471
2026-01-12 08:00:00,4511.333,4513.221,4473.168,4499.779,1594
2026-01-12 08:15:00,4499.779,4540.777,4498.106,4508.314,1409
2026-01-12 08:30:00,4508.314,4516.191,4470.637,4515.405,2205
2026-01-12 08:45:00,4515.405,4544.666,4478.419,4540.354,1145
2026-01-12 09:00:00,4540.354,4540.891,4480.939,4510.439,1495
2026-01-12 09:15:00,4510.439,4541.720,4510.092,4518.581,1616
2026-01-12 09:30:00,4518.581,4533.133,4493.936,4495.580,1710
2026-01-12 09:45:00,4495.580,4515.208,4478.261,4488.322,1912
2026-01-12 10:00:00,4488.322,4521.973,4474.827,4475.619,1672
2026-01-12 10:15:00,4475.619,4538.697,4475.258,4536.884,1338
2026-01-12 10:30:00,4536.884,4537.974,4481.556,4513.371,1298
2026-01-12 10:45:00,4513.371,4542.184,4489.161,4512.736,1506
2026-01-12 11:00:00,4512.736,4527.377,4488.987,4493.122,1185
2026-01-12 11:15:00,4493.122,4525.528,4483.600,4492.060,1245
2026-01-12 11:30:00,4492.060,4536.086,4488.701,4526.139,1678
2026-01-12 11:45:00,4526.139,4526.980,4487.029,4497.835,1375
2026-01-12 12:00:00,4497.835,4554.535,4495.810,4508.602,826
2026-01-12 12:15:00,4508.602,4534.513,4485.704,4504.361,1420
2026-01-12 12:30:00,4504.361,4529.344,4502.382,4517.003,1171
2026-01-12 12:45:00,4517.003,4526.769,4511.582,4516.555,1585
2026-01-12 13:00:00,4516.555,4525.636,4507.169,4525.496,1671
2026-01-12 13:15:00,4525.496,4535.959,4494.469,4497.777,1461
2026-01-12 13:30:00,4497.777,4553.092,4497.322,4552.328,1397
2026-01-12 13:45:00,4552.328,4552.839,4514.131,4527.988,1687
2026-01-12 14:00:00,4527.988,4555.731,4497.885,4528.108,1664
2026-01-12 14:15:00,4528.108,4528.910,4506.534,4514.722,690
2026-01-12 14:30:00,4514.722,4554.237,4510.302,4529.243,1424
2026-01-12 14:45:00,4529.243,4539.880,4507.707,4530.880,1176
2026-01-12 15:00:00,4530.880,4537.580,4493.036,4532.914,1322
2026-01-12 15:15:00,4532.914,4533.574,4522.085,4529.534,1726
2026-01-12 15:30:00,4529.534,4558.192,4503.413,4506.833,1321
2026-01-12 15:45:00,4506.833,4544.510,4503.922,4539.895,1414
2026-01-12 16:00:00,4539.895,4584.000,4535.873,4543.261,1274
2026-01-12 16:15:00,4543.261,4556.566,4512.219,4513.606,1444
2026-01-12 16:30:00,4513.606,4548.973,4508.501,4540.949,1448
2026-01-12 16:45:00,4540.949,4543.967,4524.143,4527.263,1384
2026-01-12 17:00:00,4527.263,4555.472,4523.229,4550.554,1563
2026-01-12 17:15:00,4550.554,4554.362,4511.574,4524.178,1372
2026-01-12 17:30:00,4524.178,4569.749,4520.489,4564.982,1616
2026-01-12 17:45:00,4564.982,4565.770,4525.907,4548.525,1849
2026-01-12 18:00:00,4548.525,4548.825,4517.735,4534.033,1740
2026-01-12 18:15:00,4534.033,4564.607,4527.335,4558.683,1775
2026-01-12 18:30:00,4558.683,4560.671,4527.541,4545.790,1480
2026-01-12 18:45:00,4545.790,4550.203,4513.751,4517.904,1458
2026-01-12 19:00:00,4517.904,4553.455,4452.000,4452.000,1806
2026-01-12 19:15:00,4452.000,4560.129,4452.000,4557.948,1703
2026-01-12 19:30:00,4557.948,4559.416,4528.775,4551.148,1345
2026-01-12 19:45:00,4551.148,4579.186,4503.913,4575.651,1823
2026-01-12 20:00:00,4575.651,4576.563,4543.423,4543.714,1335
2026-01-12 20:15:00,4543.714,4557.593,4513.288,4538.586,1496
2026-01-12 20:30:00,4538.586,4555.674,4534.820,4550.964,927
2026-01-12 20:45:00,4550.964,4560.281,4527.196,4532.465,1176
2026-01-12 21:00:00,4532.465,4582.275,4531.146,4570.682,1860
2026-01-12 21:15:00,4570.682,4572.837,4545.577,4564.886,1234
2026-01-12 21:30:00,4564.886,4569.615,4530.599,4569.125,1652
2026-01-12 21:45:00,4569.125,4572.822,4535.379,4538.269,1486
2026-01-12 22:00:00,4538.269,4564.771,4530.574,4563.050,936
2026-01-12 22:15:00,4563.050,4563.645,4533.559,4545.553,1709
2026-01-12 22:30:00,4545.553,4584.000,4539.181,4584.000,1388
2026-01-12 22:45:00,4584.000,4584.000,4540.892,4549.505,1639
2026-01-12 23:00:00,4549.505,4569.721,4534.661,4569.375,1463
2026-01-12 23:15:00,4569.375,4572.349,4549.104,4552.672,1209
2026-01-12 23:30:00,4552.672,4566.137,4549.109,4556.242,1021
2026-01-12 23:45:00,4556.242,4571.368,4554.742,4571.000,1518
2026-01-13 00:00:00,4497.000,4513.409,4495.279,4510.455,1735
2026-01-13 00:15:00,4510.455,4517.112,4509.155,4510.282,1056
2026-01-13 00:30:00,4510.282,4517.144,4506.028,4516.548,1282
2026-01-13 00:45:00,4516.548,4524.028,4495.304,4512.744,1329
2026-01-13 01:00:00,4512.744,4515.531,4506.839,4512.299,1660
2026-01-13 01:15:00,4512.299,4552.095,4504.453,4526.909,1152
2026-01-13 01:30:00,4526.909,4528.868,4505.397,4522.737,1886
2026-01-13 01:45:00,4522.737,4524.357,4500.615,4515.553,1354
2026-01-13 02:00:00,4515.553,4530.249,4494.011,4508.364,1253
2026-01-13 02:15:00,4508.364,4538.901,4507.387,4535.975,1311
2026-01-13 02:30:00,4535.975,4550.495,4493.978,4498.384,1970
2026-01-13 02:45:00,4498.384,4520.292,4490.013,4503.997,1434
2026-01-13 03:00:00,4503.997,4526.076,4500.627,4517.672,1137
2026-01-13 03:15:00,4517.672,4530.571,4507.713,4516.633,1544
2026-01-13 03:30:00,4516.633,4541.173,4506.271,4507.544,1793
2026-01-13 03:45:00,4507.544,4521.669,4492.424,4503.268,1359
2026-01-13 04:00:00,4503.268,4536.885,4495.152,4495.539,1889
2026-01-13 04:15:00,4495.539,4549.159,4490.704,4523.930,1614
2026-01-13 04:30:00,4523.930,4541.748,4506.348,4525.431,1761
2026-01-13 04:45:00,4525.431,4532.163,4494.767,4497.848,1887
2026-01-13 05:00:00,4497.848,4534.636,4495.831,4533.170,1480
2026-01-13 05:15:00,4533.170,4548.719,4507.291,4511.881,1122
2026-01-13 05:30:00,4511.881,4539.684,4509.212,4512.057,1408
2026-01-13 05:45:00,4512.057,4537.795,4508.196,4518.312,1421
2026-01-13 06:00:00,4518.312,4531.942,4516.678,4527.686,1412
2026-01-13 06:15:00,4527.686,4537.087,4503.322,4532.716,1230
2026-01-13 06:30:00,4532.716,4532.825,4510.935,4527.660,1460
2026-01-13 06:45:00,4527.660,4548.692,4522.751,4522.948,1190
2026-01-13 07:00:00,4522.948,4549.702,4488.000,4488.000,1531
2026-01-13 07:15:00,4488.000,4552.816,4488.000,4507.349,1377
2026-01-13 07:30:00,4507.349,4581.402,4503.958,4568.185,1428
2026-01-13 07:45:00,4568.185,4573.165,4496.073,4499.781,1909
2026-01-13 08:00:00,4499.781,4543.260,4499.632,4521.028,1594
2026-01-13 08:15:00,4521.028,4556.547,4520.402,4555.340,1267
2026-01-13 08:30:00,4555.340,4555.589,4498.513,4521.233,1399
2026-01-13 08:45:00,4521.233,4550.334,4516.490,4517.162,1280
2026-01-13 09:00:00,4517.162,4547.604,4515.867,4527.138,1687
2026-01-13 09:15:00,4527.138,4539.299,4522.042,4525.725,1044
2026-01-13 09:30:00,4525.725,4543.792,4523.495,4529.697,1574
2026-01-13 09:45:00,4529.697,4576.402,4526.422,4535.179,1154
2026-01-13 10:00:00,4535.179,4547.767,4520.810,4534.875,1889
2026-01-13 10:15:00,4534.875,4555.159,4518.090,4552.715,1351
2026-01-13 10:30:00,4552.715,4556.236,4532.519,4533.767,1519
2026-01-13 10:45:00,4533.767,4611.309,4501.377,4503.448,1104
2026-01-13 11:00:00,4503.448,4576.189,4500.058,4575.000,1839
2026-01-13 11:15:00,4575.000,4577.556,4527.860,4563.488,1568
2026-01-13 11:30:00,4563.488,4563.588,4541.397,4552.658,1789
2026-01-13 11:45:00,4552.658,4568.844,4533.016,4535.632,1511
2026-01-13 12:00:00,4535.632,4593.986,4528.534,4555.795,1649
2026-01-13 12:15:00,4555.795,4571.832,4549.494,4557.089,1139
2026-01-13 12:30:00,4557.089,4578.040,4553.235,4567.175,1285
2026-01-13 12:45:00,4567.175,4568.594,4537.771,4561.075,1874
2026-01-13 13:00:00,4561.075,4609.826,4546.370,4609.397,1618
2026-01-13 13:15:00,4609.397,4609.629,4519.106,4536.919,1806
2026-01-13 13:30:00,4536.919,4612.651,4535.372,4535.752,1365
2026-01-13 13:45:00,4535.752,4558.817,4533.811,4539.019,1308
2026-01-13 14:00:00,4539.019,4577.497,4538.966,4570.633,1553
2026-01-13 14:15:00,4570.633,4576.804,4518.468,4553.425,1454
2026-01-13 14:30:00,4553.425,4591.927,4524.023,4527.912,1546
2026-01-13 14:45:00,4527.912,4571.442,4527.136,4547.937,1861
2026-01-13 15:00:00,4547.937,4602.689,4524.775,4540.516,1165
2026-01-13 15:15:00,4540.516,4576.115,4538.734,4575.585,1218
2026-01-13 15:30:00,4575.585,4577.381,4542.716,4555.824,1909
2026-01-13 15:45:00,4555.824,4580.735,4537.863,4540.165,1468
2026-01-13 16:00:00,4540.165,4605.058,4536.396,4563.772,1856
2026-01-13 16:15:00,4563.772,4564.008,4535.326,4547.896,1573
2026-01-13 16:30:00,4547.896,4562.633,4542.050,4546.891,1150
2026-01-13 16:45:00,4546.891,4581.228,4546.396,4549.528,1750
2026-01-13 17:00:00,4549.528,4588.906,4547.445,4571.312,1152
2026-01-13 17:15:00,4571.312,4577.292,4538.227,4546.971,1474
2026-01-13 17:30:00,4546.971,4593.016,4543.764,4578.659,1335
2026-01-13 17:45:00,4578.659,4616.000,4553.530,4554.910,1531
2026-01-13 18:00:00,4554.910,4583.222,4550.097,4565.520,1409
2026-01-13 18:15:00,4565.520,4610.803,4564.199,4594.394,1671
2026-01-13 18:30:00,4594.394,4599.210,4559.362,4582.598,1565
2026-01-13 18:45:00,4582.598,4601.748,4562.465,4579.980,1658
2026-01-13 19:00:00,4579.980,4581.719,4488.000,4488.000,1527
2026-01-13 19:15:00,4488.000,4608.983,4488.000,4571.786,1679
2026-01-13 19:30:00,4571.786,4573.842,4546.703,4549.399,1606
2026-01-13 19:45:00,4549.399,4588.883,4544.692,4579.104,1368
2026-01-13 20:00:00,4579.104,4597.045,4563.765,4573.267,1407
2026-01-13 20:15:00,4573.267,4616.000,4555.498,4616.000,1454
2026-01-13 20:30:00,4616.000,4616.000,4568.203,4570.275,1220
2026-01-13 20:45:00,4570.275,4582.698,4569.271,4574.057,1712
2026-01-13 21:00:00,4574.057,4587.942,4565.274,4567.950,847
2026-01-13 21:15:00,4567.950,4595.463,4563.608,4590.779,1289
2026-01-13 21:30:00,4590.779,4591.091,4553.466,4583.668,1299
2026-01-13 21:45:00,4583.668,4595.855,4561.582,4580.311,1337
2026-01-13 22:00:00,4580.311,4604.952,4568.095,4572.523,1209
2026-01-13 22:15:00,4572.523,4578.645,4558.982,4572.533,1739
2026-01-13 22:30:00,4572.533,4607.720,4568.561,4594.322,1795
2026-01-13 22:45:00,4594.322,4594.829,4580.186,4586.248,1089
2026-01-13 23:00:00,4586.248,4598.821,4575.195,4579.692,1963
2026-01-13 23:15:00,4579.692,4602.174,4577.326,4585.482,1285
2026-01-13 23:30:00,4585.482,4595.602,4571.788,4589.455,1473
2026-01-13 23:45:00,4589.455,4599.880,4585.879,4595.667,1614
2026-01-14 00:00:00,4534.000,4551.757,4530.067,4549.368,1797
2026-01-14 00:15:00,4549.368,4554.984,4540.828,4550.058,1243
2026-01-14 00:30:00,4550.058,4552.672,4537.027,4544.127,1573
2026-01-14 00:45:00,4544.127,4554.813,4540.406,4548.892,1745
2026-01-14 01:00:00,4548.892,4558.125,4530.282,4539.681,1347
2026-01-14 01:15:00,4539.681,4549.641,4534.513,4545.878,1031
2026-01-14 01:30:00,4545.878,4565.933,4543.945,4551.973,1633
2026-01-14 01:45:00,4551.973,4563.449,4545.344,4545.351,1612
2026-01-14 02:00:00,4545.351,4568.263,4544.653,4565.738,1922
2026-01-14 02:15:00,4565.738,4568.204,4528.966,4531.849,1602
2026-01-14 02:30:00,4531.849,4577.416,4524.000,4576.057,1306
2026-01-14 02:45:00,4576.057,4576.223,4537.875,4539.544,1566
2026-01-14 03:00:00,4539.544,4570.498,4538.063,4541.000,1754
2026-01-14 03:15:00,4541.000,4565.365,4539.335,4564.227,990
2026-01-14 03:30:00,4564.227,4574.937,4554.178,4556.268,1692
2026-01-14 03:45:00,4556.268,4574.189,4527.632,4530.062,1343
2026-01-14 04:00:00,4530.062,4549.226,4527.935,4548.126,1880
2026-01-14 04:15:00,4548.126,4570.814,4542.891,4568.012,985
2026-01-14 04:30:00,4568.012,4593.130,4528.905,4538.784,1194
2026-01-14 04:45:00,4538.784,4576.326,4538.718,4556.551,1785
2026-01-14 05:00:00,4556.551,4579.506,4546.234,4576.252,1229
2026-01-14 05:15:00,4576.252,4579.222,4543.851,4565.796,864
2026-01-14 05:30:00,4565.796,4566.422,4551.395,4553.335,1536
2026-01-14 05:45:00,4553.335,4583.850,4546.850,4580.515,1610
2026-01-14 06:00:00,4580.515,4589.741,4554.334,4554.632,1584
2026-01-14 06:15:00,4554.632,4613.148,4554.626,4610.051,1336
2026-01-14 06:30:00,4610.051,4614.169,4567.518,4570.065,1500
2026-01-14 06:45:00,4570.065,4572.765,4560.177,4570.909,1225
2026-01-14 07:00:00,4570.909,4587.933,4568.157,4571.948,1500
2026-01-14 07:15:00,4571.948,4575.246,4539.935,4542.723,1404
2026-01-14 07:30:00,4542.723,4600.195,4539.504,4585.704,1363
2026-01-14 07:45:00,4585.704,4586.568,4565.219,4566.285,1360
2026-01-14 08:00:00,4566.285,4602.167,4543.246,4601.760,1504
2026-01-14 08:15:00,4601.760,4604.072,4569.450,4596.189,1804
2026-01-14 08:30:00,4596.189,4597.412,4524.000,4571.498,1530
2026-01-14 08:45:00,4571.498,4586.680,4546.098,4582.638,944
2026-01-14 09:00:00,4582.638,4585.174,4558.173,4568.730,1323
2026-01-14 09:15:00,4568.730,4617.707,4531.035,4582.525,1256
2026-01-14 09:30:00,4582.525,4584.417,4558.118,4568.102,1239
2026-01-14 09:45:00,4568.102,4592.762,4566.250,4577.871,1081
2026-01-14 10:00:00,4577.871,4602.145,4577.176,4590.969,1409
2026-01-14 10:15:00,4590.969,4593.765,4561.438,4585.494,1212
2026-01-14 10:30:00,4585.494,4586.778,4536.336,4536.497,1480
2026-01-14 10:45:00,4536.497,4583.648,4532.594,4553.757,1797
2026-01-14 11:00:00,4553.757,4605.133,4553.203,4604.538,1326
2026-01-14 11:15:00,4604.538,4605.918,4554.920,4587.629,1460
2026-01-14 11:30:00,4587.629,4597.328,4549.224,4550.676,1221
2026-01-14 11:45:00,4550.676,4603.203,4548.638,4602.215,1414
2026-01-14 12:00:00,4602.215,4619.615,4536.409,4538.592,1355
2026-01-14 12:15:00,4538.592,4610.973,4538.512,4563.785,1533
2026-01-14 12:30:00,4563.785,4581.138,4562.096,4568.611,1502
2026-01-14 12:45:00,4568.611,4588.680,4555.760,4580.670,1079
2026-01-14 13:00:00,4580.670,4595.586,4563.093,4563.856,1417
2026-01-14 13:15:00,4563.856,4605.385,4562.062,4563.816,1336
2026-01-14 13:30:00,4563.816,4596.855,4556.998,4595.718,1182
2026-01-14 13:45:00,4595.718,4604.652,4575.552,4579.362,1628
2026-01-14 14:00:00,4579.362,4607.816,4564.650,4575.678,1685
2026-01-14 14:15:00,4575.678,4591.089,4553.413,4576.126,1408
2026-01-14 14:30:00,4576.126,4612.910,4570.838,4603.619,1393
2026-01-14 14:45:00,4603.619,4604.265,4542.153,4585.326,1378
2026-01-14 15:00:00,4585.326,4623.866,4563.315,4602.144,1603
2026-01-14 15:15:00,4602.144,4610.582,4572.613,4582.969,1743
2026-01-14 15:30:00,4582.969,4595.924,4559.896,4582.200,1807
2026-01-14 15:45:00,4582.200,4617.747,4581.216,4588.562,1215
2026-01-14 16:00:00,4588.562,4607.838,4585.578,4606.536,1548
2026-01-14 16:15:00,4606.536,4623.069,4579.850,4617.130,1005
2026-01-14 16:30:00,4617.130,4621.736,4571.270,4575.071,1561
2026-01-14 16:45:00,4575.071,4598.148,4561.850,4562.488,1495
2026-01-14 17:00:00,4562.488,4621.751,4562.349,4605.368,1704
2026-01-14 17:15:00,4605.368,4607.645,4579.475,4601.092,1351
2026-01-14 17:30:00,4601.092,4608.680,4589.678,4607.000,1001
2026-01-14 17:45:00,4607.000,4619.134,4573.949,4601.051,839
2026-01-14 18:00:00,4601.051,4612.620,4589.108,4612.598,1127
2026-01-14 18:15:00,4612.598,4623.362,4605.545,4605.778,1686
2026-01-14 18:30:00,4605.778,4605.809,4569.045,4570.960,1600
2026-01-14 18:45:00,4570.960,4623.684,4569.889,4608.270,1974
2026-01-14 19:00:00,4608.270,4613.275,4577.810,4586.250,1528
2026-01-14 19:15:00,4586.250,4625.773,4584.859,4592.572,1240
2026-01-14 19:30:00,4592.572,4648.000,4591.574,4616.425,1533
2026-01-14 19:45:00,4616.425,4630.113,4577.989,4617.279,1759
2026-01-14 20:00:00,4617.279,4621.097,4582.620,4618.896,1570
2026-01-14 20:15:00,4618.896,4621.290,4581.174,4601.188,1625
2026-01-14 20:30:00,4601.188,4648.000,4589.668,4595.086,1745
2026-01-14 20:45:00,4595.086,4630.177,4589.265,4616.994,1433
2026-01-14 21:00:00,4616.994,4624.762,4605.144,4622.436,1826
2026-01-14 21:15:00,4622.436,4624.257,4594.456,4610.791,1637
2026-01-14 21:30:00,4610.791,4628.385,4595.425,4600.801,1663
2026-01-14 21:45:00,4600.801,4610.263,4582.800,4583.309,1521
2026-01-14 22:00:00,4583.309,4623.569,4582.154,4606.774,1515
2026-01-14 22:15:00,4606.774,4627.212,4606.514,4615.321,1628
2026-01-14 22:30:00,4615.321,4628.604,4612.205,4613.572,1660
2026-01-14 22:45:00,4613.572,4619.790,4596.284,4619.204,1906
2026-01-14 23:00:00,4619.204,4622.116,4589.867,4612.505,1500
2026-01-14 23:15:00,4612.505,4623.609,4604.718,4623.485,1701
2026-01-14 23:30:00,4623.485,4623.731,4607.304,4611.894,1662
2026-01-14 23:45:00,4611.894,4624.367,4607.814,4620.333,1433
2026-01-15 00:00:00,4571.000,4602.810,4569.266,4598.304,1422
2026-01-15 00:15:00,4598.304,4598.545,4594.264,4597.100,1543
2026-01-15 00:30:00,4597.100,4603.004,4585.452,4599.729,1165
2026-01-15 00:45:00,4599.729,4606.165,4592.588,4592.835,1406
2026-01-15 01:00:00,4592.835,4602.935,4583.852,4584.353,1200
2026-01-15 01:15:00,4584.353,4609.250,4583.139,4596.767,1479
2026-01-15 01:30:00,4596.767,4612.761,4589.396,4606.021,1393
2026-01-15 01:45:00,4606.021,4607.652,4583.554,4594.062,1693
2026-01-15 02:00:00,4594.062,4606.086,4591.678,4599.761,1470
2026-01-15 02:15:00,4599.761,4608.470,4593.185,4598.630,1300
2026-01-15 02:30:00,4598.630,4632.408,4585.928,4632.024,1365
2026-01-15 02:45:00,4632.024,4634.167,4594.584,4607.838,1588
2026-01-15 03:00:00,4607.838,4610.315,4590.717,4600.988,1661
2026-01-15 03:15:00,4600.988,4608.655,4576.757,4578.606,1217
2026-01-15 03:30:00,4578.606,4631.502,4575.490,4611.521,1211
2026-01-15 03:45:00,4611.521,4626.896,4574.660,4623.485,1647
2026-01-15 04:00:00,4623.485,4665.783,4617.402,4619.287,1043
2026-01-15 04:15:00,4619.287,4624.800,4587.007,4619.630,1453
2026-01-15 04:30:00,4619.630,4622.704,4582.223,4584.750,1370
2026-01-15 04:45:00,4584.750,4622.616,4584.123,4607.128,1970
2026-01-15 05:00:00,4607.128,4607.972,4582.947,4595.147,1308
2026-01-15 05:15:00,4595.147,4599.003,4581.850,4598.375,1713
2026-01-15 05:30:00,4598.375,4621.248,4585.275,4618.599,1663
2026-01-15 05:45:00,4618.599,4640.158,4583.174,4639.914,1307
2026-01-15 06:00:00,4639.914,4645.497,4588.216,4610.523,1614
2026-01-15 06:15:00,4610.523,4629.375,4601.203,4601.725,1500
2026-01-15 06:30:00,4601.725,4615.015,4600.404,4608.326,1424
2026-01-15 06:45:00,4608.326,4637.668,4582.954,4629.815,1139
2026-01-15 07:00:00,4629.815,4630.399,4587.610,4607.136,1792
2026-01-15 07:15:00,4607.136,4607.342,4576.878,4599.547,1474
2026-01-15 07:30:00,4599.547,4616.430,4581.271,4615.788,1128
2026-01-15 07:45:00,4615.788,4634.964,4610.493,4610.776,1638
2026-01-15 08:00:00,4610.776,4628.026,4576.981,4616.537,1741
2026-01-15 08:15:00,4616.537,4652.481,4596.229,4598.778,1111
2026-01-15 08:30:00,4598.778,4626.693,4560.000,4624.329,1737
2026-01-15 08:45:00,4624.329,4628.531,4583.519,4588.441,1233
2026-01-15 09:00:00,4588.441,4628.176,4588.106,4626.373,1556
2026-01-15 09:15:00,4626.373,4627.631,4599.880,4602.262,1660
2026-01-15 09:30:00,4602.262,4625.238,4599.641,4621.533,1333
2026-01-15 09:45:00,4621.533,4622.881,4597.695,4598.044,1560
2026-01-15 10:00:00,4598.044,4660.368,4597.821,4659.375,1569
2026-01-15 10:15:00,4659.375,4659.830,4589.334,4621.443,1918
2026-01-15 10:30:00,4621.443,4647.962,4610.795,4614.065,1931
2026-01-15 10:45:00,4614.065,4659.861,4560.000,4656.553,1508
2026-01-15 11:00:00,4656.553,4659.686,4616.409,4620.441,1631
2026-01-15 11:15:00,4620.441,4626.315,4605.103,4605.275,1183
2026-01-15 11:30:00,4605.275,4641.207,4603.958,4621.805,1582
2026-01-15 11:45:00,4621.805,4626.980,4585.743,4585.801,1195
2026-01-15 12:00:00,4585.801,4630.002,4585.743,4629.655,1365
2026-01-15 12:15:00,4629.655,4665.718,4628.851,4653.291,2095
2026-01-15 12:30:00,4653.291,4665.020,4635.157,4661.983,1521
2026-01-15 12:45:00,4661.983,4662.224,4605.504,4639.089,1465
2026-01-15 13:00:00,4639.089,4639.823,4620.200,4621.612,1493
2026-01-15 13:15:00,4621.612,4661.545,4601.064,4605.519,1249
2026-01-15 13:30:00,4605.519,4642.746,4596.684,4596.821,1533
2026-01-15 13:45:00,4596.821,4641.470,4592.668,4639.460,1419
2026-01-15 14:00:00,4639.460,4641.700,4599.813,4600.678,1759
2026-01-15 14:15:00,4600.678,4677.478,4596.243,4639.372,1672
2026-01-15 14:30:00,4639.372,4670.727,4616.567,4667.241,1822
2026-01-15 14:45:00,4667.241,4669.558,4589.506,4607.718,2129
2026-01-15 15:00:00,4607.718,4624.132,4607.572,4612.793,1840
2026-01-15 15:15:00,4612.793,4638.867,4579.380,4626.262,1778
2026-01-15 15:30:00,4626.262,4661.504,4602.946,4661.376,1525
2026-01-15 15:45:00,4661.376,4664.069,4620.982,4622.449,1028
2026-01-15 16:00:00,4622.449,4680.000,4619.516,4680.000,2162
2026-01-15 16:15:00,4680.000,4680.000,4646.175,4666.333,1486
2026-01-15 16:30:00,4666.333,4669.258,4639.117,4649.853,1516
2026-01-15 16:45:00,4649.853,4651.659,4599.819,4603.242,1168
2026-01-15 17:00:00,4603.242,4646.523,4603.211,4607.730,1287
2026-01-15 17:15:00,4607.730,4645.219,4605.752,4637.212,1606
2026-01-15 17:30:00,4637.212,4642.334,4620.580,4622.243,1666
2026-01-15 17:45:00,4622.243,4656.296,4621.506,4646.183,1416
2026-01-15 18:00:00,4646.183,4660.191,4615.134,4657.817,1792
2026-01-15 18:15:00,4657.817,4658.858,4623.206,4630.794,1795
2026-01-15 18:30:00,4630.794,4637.060,4615.681,4617.591,1608
2026-01-15 18:45:00,4617.591,4680.000,4614.182,4680.000,1963
2026-01-15 19:00:00,4680.000,4680.000,4636.942,4658.462,1358
2026-01-15 19:15:00,4658.462,4661.218,4628.686,4629.340,1109
2026-01-15 19:30:00,4629.340,4654.634,4622.114,4641.023,1410
2026-01-15 19:45:00,4641.023,4668.532,4640.579,4663.387,1322
2026-01-15 20:00:00,4663.387,4665.031,4618.599,4647.590,1457
2026-01-15 20:15:00,4647.590,4654.860,4619.269,4620.821,1339
2026-01-15 20:30:00,4620.821,4668.829,4620.461,4633.878,1627
2026-01-15 20:45:00,4633.878,4643.714,4620.825,4642.135,1419
2026-01-15 21:00:00,4642.135,4657.812,4627.495,4656.696,1543
2026-01-15 21:15:00,4656.696,4664.762,4641.647,4643.823,1713
2026-01-15 21:30:00,4643.823,4656.776,4633.619,4635.656,1714
2026-01-15 21:45:00,4635.656,4652.640,4635.100,4651.518,1285
2026-01-15 22:00:00,4651.518,4654.775,4632.677,4633.717,1815
2026-01-15 22:15:00,4633.717,4676.432,4632.277,4674.570,1412
2026-01-15 22:30:00,4674.570,4678.779,4642.355,4675.631,1229
2026-01-15 22:45:00,4675.631,4676.036,4642.869,4643.526,1607
2026-01-15 23:00:00,4643.526,4666.019,4639.279,4654.928,1760
2026-01-15 23:15:00,4654.928,4659.914,4644.339,4644.555,1342
2026-01-15 23:30:00,4644.555,4660.945,4641.580,4648.364,1518
2026-01-15 23:45:00,4648.364,4661.704,4644.765,4645.000,1140
2026-01-16 00:00:00,4589.500,4605.299,4577.500,4577.500,1498
2026-01-16 00:15:00,4577.500,4612.116,4577.500,4610.780,1628
2026-01-16 00:30:00,4610.780,4613.163,4600.294,4605.933,1573
2026-01-16 00:45:00,4605.933,4630.541,4591.487,4627.559,1722
2026-01-16 01:00:00,4627.559,4636.786,4596.786,4597.024,926
2026-01-16 01:15:00,4597.024,4603.777,4587.124,4603.433,1451
2026-01-16 01:30:00,4603.433,4641.137,4593.870,4594.872,1367
2026-01-16 01:45:00,4594.872,4627.070,4589.171,4623.658,1574
2026-01-16 02:00:00,4623.658,4625.620,4577.500,4590.876,903
2026-01-16 02:15:00,4590.876,4641.641,4589.363,4611.284,1430
2026-01-16 02:30:00,4611.284,4646.304,4605.494,4610.473,1392
2026-01-16 02:45:00,4610.473,4613.119,4599.010,4606.804,1774
2026-01-16 03:00:00,4606.804,4609.059,4578.478,4580.118,1689
2026-01-16 03:15:00,4580.118,4655.550,4579.962,4652.329,1799
2026-01-16 03:30:00,4652.329,4655.036,4594.576,4607.489,1714
2026-01-16 03:45:00,4607.489,4646.111,4579.626,4644.968,1754
2026-01-16 04:00:00,4644.968,4646.765,4591.842,4597.481,1746
2026-01-16 04:15:00,4597.481,4624.471,4594.632,4610.061,829
2026-01-16 04:30:00,4610.061,4639.234,4577.500,4634.290,1259
2026-01-16 04:45:00,4634.290,4637.834,4595.583,4598.512,1534
2026-01-16 05:00:00,4598.512,4656.633,4589.505,4594.257,1504
2026-01-16 05:15:00,4594.257,4638.241,4588.631,4627.223,1756
2026-01-16 05:30:00,4627.223,4631.797,4602.631,4622.290,1207
2026-01-16 05:45:00,4622.290,4636.172,4609.231,4634.418,1602
2026-01-16 06:00:00,4634.418,4677.023,4577.500,4577.500,1294
2026-01-16 06:15:00,4577.500,4677.001,4577.500,4675.127,2045
2026-01-16 06:30:00,4675.127,4715.000,4641.147,4644.302,1136
2026-01-16 06:45:00,4644.302,4644.966,4606.843,4644.279,1426
2026-01-16 07:00:00,4644.279,4658.919,4629.493,4630.004,1298
2026-01-16 07:15:00,4630.004,4693.875,4582.785,4587.472,1490
2026-01-16 07:30:00,4587.472,4671.835,4587.028,4627.970,1599
2026-01-16 07:45:00,4627.970,4638.293,4614.253,4619.008,1486
2026-01-16 08:00:00,4619.008,4644.733,4604.487,4629.275,1040
2026-01-16 08:15:00,4629.275,4648.960,4619.950,4621.436,1475
2026-01-16 08:30:00,4621.436,4715.000,4586.740,4715.000,1944
2026-01-16 08:45:00,4715.000,4715.000,4609.235,4616.466,1212
2026-01-16 09:00:00,4616.466,4638.130,4598.957,4600.006,1792
2026-01-16 09:15:00,4600.006,4675.523,4598.026,4659.503,1479
2026-01-16 09:30:00,4659.503,4661.069,4606.251,4658.035,1972
2026-01-16 09:45:00,4658.035,4663.907,4619.887,4649.506,1383
2026-01-16 10:00:00,4649.506,4654.006,4621.260,4621.361,1535
2026-01-16 10:15:00,4621.361,4629.494,4596.478,4597.136,1546
2026-01-16 10:30:00,4597.136,4667.437,4591.667,4602.997,1862
2026-01-16 10:45:00,4602.997,4667.261,4590.566,4591.178,1310
2026-01-16 11:00:00,4591.178,4694.423,4590.467,4658.533,1506
2026-01-16 11:15:00,4658.533,4663.577,4590.361,4623.276,1230
2026-01-16 11:30:00,4623.276,4671.115,4620.408,4643.576,1184
2026-01-16 11:45:00,4643.576,4646.776,4628.041,4630.176,1344
2026-01-16 12:00:00,4630.176,4660.766,4607.158,4660.623,1629
2026-01-16 12:15:00,4660.623,4675.789,4598.903,4675.553,1862
2026-01-16 12:30:00,4675.553,4678.564,4639.868,4670.109,1237
2026-01-16 12:45:00,4670.109,4683.225,4640.786,4641.618,1599
2026-01-16 13:00:00,4641.618,4683.741,4636.916,4664.794,1756
2026-01-16 13:15:00,4664.794,4688.666,4660.615,4671.618,1325
2026-01-16 13:30:00,4671.618,4674.648,4629.786,4651.225,1649
2026-01-16 13:45:00,4651.225,4655.957,4593.436,4595.019,1648
2026-01-16 14:00:00,4595.019,4710.846,4590.905,4636.499,1677
2026-01-16 14:15:00,4636.499,4709.900,4633.342,4654.070,1138
2026-01-16 14:30:00,4654.070,4709.678,4613.681,4707.739,1353
2026-01-16 14:45:00,4707.739,4709.313,4624.233,4626.293,1784
2026-01-16 15:00:00,4626.293,4693.288,4623.117,4692.571,1534
2026-01-16 15:15:00,4692.571,4702.687,4649.525,4651.113,1690
2026-01-16 15:30:00,4651.113,4703.513,4629.794,4661.514,1740
2026-01-16 15:45:00,4661.514,4678.119,4633.662,4644.363,1733
2026-01-16 16:00:00,4644.363,4712.815,4640.745,4711.959,2073
2026-01-16 16:15:00,4711.959,4714.715,4643.443,4647.461,1180
2026-01-16 16:30:00,4647.461,4666.980,4647.111,4661.428,1624
2026-01-16 16:45:00,4661.428,4676.217,4650.730,4660.049,1784
2026-01-16 17:00:00,4660.049,4662.965,4652.444,4654.727,1771
2026-01-16 17:15:00,4654.727,4705.897,4620.747,4705.765,1809
2026-01-16 17:30:00,4705.765,4707.671,4667.495,4685.434,1961
2026-01-16 17:45:00,4685.434,4687.532,4640.328,4643.694,1919
2026-01-16 18:00:00,4643.694,4688.485,4642.795,4655.671,1174
2026-01-16 18:15:00,4655.671,4685.236,4612.892,4661.474,1699
2026-01-16 18:30:00,4661.474,4703.558,4650.886,4652.336,1306
2026-01-16 18:45:00,4652.336,4659.065,4600.933,4649.478,1377
2026-01-16 19:00:00,4649.478,4698.882,4648.522,4663.017,1159
2026-01-16 19:15:00,4663.017,4701.327,4621.728,4700.194,1734
2026-01-16 19:30:00,4700.194,4700.462,4643.673,4661.800,1966
2026-01-16 19:45:00,4661.800,4678.973,4633.215,4634.508,2102
2026-01-16 20:00:00,4634.508,4694.155,4633.086,4689.100,1243
2026-01-16 20:15:00,4689.100,4698.508,4641.045,4679.196,1552
2026-01-16 20:30:00,4679.196,4679.763,4668.852,4674.957,1282
2026-01-16 20:45:00,4674.957,4703.550,4618.902,4701.375,1508
2026-01-16 21:00:00,4701.375,4702.184,4647.351,4689.291,1722
2026-01-16 21:15:00,4689.291,4693.148,4667.317,4668.734,1236
2026-01-16 21:30:00,4668.734,4693.163,4664.702,4664.937,1631
2026-01-16 21:45:00,4664.937,4704.323,4657.715,4681.440,1916
2026-01-16 22:00:00,4681.440,4697.853,4672.526,4677.867,1174
2026-01-16 22:15:00,4677.867,4692.437,4663.012,4688.585,1490
2026-01-16 22:30:00,4688.585,4700.047,4671.480,4693.317,1619
2026-01-16 22:45:00,4693.317,4695.767,4667.436,4686.332,1741
2026-01-16 23:00:00,4686.332,4689.445,4664.680,4665.957,1436
2026-01-16 23:15:00,4665.957,4702.420,4659.961,4692.311,1676
2026-01-16 23:30:00,4692.311,4696.145,4681.507,4684.173,837
2026-01-16 23:45:00,4684.173,4692.300,4678.098,4678.750,1714
2026-01-19 00:00:00,4645.000,4691.746,4639.631,4688.810,1539
2026-01-19 00:15:00,4688.810,4698.517,4681.623,4690.501,1368
2026-01-19 00:30:00,4690.501,4693.977,4674.131,4674.646,1789
2026-01-19 00:45:00,4674.646,4711.273,4674.452,4693.101,1427
2026-01-19 01:00:00,4693.101,4709.275,4682.389,4702.037,1756
2026-01-19 01:15:00,4702.037,4710.591,4667.400,4703.151,1833
2026-01-19 01:30:00,4703.151,4703.976,4665.247,4686.738,2358
2026-01-19 01:45:00,4686.738,4699.573,4678.773,4682.186,1695
2026-01-19 02:00:00,4682.186,4704.290,4681.675,4684.215,1189
2026-01-19 02:15:00,4684.215,4721.856,4681.655,4707.148,1223
2026-01-19 02:30:00,4707.148,4727.821,4702.570,4707.762,2192
2026-01-19 02:45:00,4707.762,4709.556,4667.377,4702.027,1307
2026-01-19 03:00:00,4702.027,4722.327,4630.000,4630.000,1368
2026-01-19 03:15:00,4630.000,4722.489,4630.000,4693.956,1095
2026-01-19 03:30:00,4693.956,4725.480,4684.550,4686.681,1624
2026-01-19 03:45:00,4686.681,4731.505,4630.000,4630.000,1496
2026-01-19 04:00:00,4630.000,4712.988,4630.000,4710.243,1592
2026-01-19 04:15:00,4710.243,4737.289,4708.997,4721.089,1430
2026-01-19 04:30:00,4721.089,4724.830,4660.692,4709.495,1456
2026-01-19 04:45:00,4709.495,4753.596,4691.018,4752.066,1176
2026-01-19 05:00:00,4752.066,4754.324,4706.489,4731.728,1641
2026-01-19 05:15:00,4731.728,4774.699,4679.389,4685.695,1628
2026-01-19 05:30:00,4685.695,4750.376,4678.236,4749.059,1011
2026-01-19 05:45:00,4749.059,4754.149,4685.440,4689.106,1679
2026-01-19 06:00:00,4689.106,4753.559,4683.143,4748.414,1955
2026-01-19 06:15:00,4748.414,4750.389,4706.128,4721.030,1774
2026-01-19 06:30:00,4721.030,4722.269,4681.309,4683.073,1656
2026-01-19 06:45:00,4683.073,4745.096,4681.605,4741.765,1060
2026-01-19 07:00:00,4741.765,4766.006,4709.765,4758.243,1294
2026-01-19 07:15:00,4758.243,4767.501,4738.165,4756.988,1474
2026-01-19 07:30:00,4756.988,4761.107,4710.942,4739.867,1250
2026-01-19 07:45:00,4739.867,4743.048,4679.212,4683.805,1679
2026-01-19 08:00:00,4683.805,4720.195,4680.409,4680.822,1250
2026-01-19 08:15:00,4680.822,4757.479,4679.081,4755.038,1665
2026-01-19 08:30:00,4755.038,4784.650,4699.916,4703.313,1919
2026-01-19 08:45:00,4703.313,4742.987,4697.292,4717.240,993
2026-01-19 09:00:00,4717.240,4721.169,4695.291,4720.068,1562
2026-01-19 09:15:00,4720.068,4784.121,4717.368,4778.570,1237
2026-01-19 09:30:00,4778.570,4820.000,4736.562,4820.000,1467
2026-01-19 09:45:00,4820.000,4820.000,4702.807,4708.167,1672
2026-01-19 10:00:00,4708.167,4776.375,4651.632,4775.948,1884
2026-01-19 10:15:00,4775.948,4780.764,4717.809,4742.156,1164
2026-01-19 10:30:00,4742.156,4773.692,4673.310,4768.897,1261
2026-01-19 10:45:00,4768.897,4774.440,4673.529,4720.643,1814
2026-01-19 11:00:00,4720.643,4774.524,4689.508,4692.323,1311
2026-01-19 11:15:00,4692.323,4814.381,4687.586,4727.790,1616
2026-01-19 11:30:00,4727.790,4728.309,4700.387,4722.738,1637
2026-01-19 11:45:00,4722.738,4781.170,4720.519,4725.754,1647
2026-01-19 12:00:00,4725.754,4756.490,4702.537,4753.048,1495
2026-01-19 12:15:00,4753.048,4754.748,4729.180,4735.947,1478
2026-01-19 12:30:00,4735.947,4772.647,4732.392,4771.643,1654
2026-01-19 12:45:00,4771.643,4810.728,4738.760,4741.222,1775
2026-01-19 13:00:00,4741.222,4766.813,4719.126,4764.803,1118
2026-01-19 13:15:00,4764.803,4771.106,4728.843,4769.821,1307
2026-01-19 13:30:00,4769.821,4773.228,4708.716,4754.866,1422
2026-01-19 13:45:00,4754.866,4779.920,4748.717,4769.790,1294
2026-01-19 14:00:00,4769.790,4775.768,4726.669,4746.889,1473
2026-01-19 14:15:00,4746.889,4766.193,4740.786,4756.566,1599
2026-01-19 14:30:00,4756.566,4778.030,4725.883,4729.767,1796
2026-01-19 14:45:00,4729.767,4820.000,4715.572,4718.090,1415
2026-01-19 15:00:00,4718.090,4782.880,4717.157,4741.319,1542
2026-01-19 15:15:00,4741.319,4769.354,4707.422,4767.464,1191
2026-01-19 15:30:00,4767.464,4771.007,4699.385,4768.297,1633
2026-01-19 15:45:00,4768.297,4770.962,4729.269,4740.759,1275
2026-01-19 16:00:00,4740.759,4771.144,4710.071,4733.406,1443
2026-01-19 16:15:00,4733.406,4773.471,4732.275,4749.628,1555
2026-01-19 16:30:00,4749.628,4768.338,4699.857,4767.579,1844
2026-01-19 16:45:00,4767.579,4773.120,4725.102,4731.126,1381
2026-01-19 17:00:00,4731.126,4773.913,4724.464,4762.434,1757
2026-01-19 17:15:00,4762.434,4809.055,4757.007,4758.147,1694
2026-01-19 17:30:00,4758.147,4783.256,4754.476,4763.190,1765
2026-01-19 17:45:00,4763.190,4798.685,4733.141,4763.703,1452
2026-01-19 18:00:00,4763.703,4797.909,4751.092,4754.961,1888
2026-01-19 18:15:00,4754.961,4820.000,4707.041,4816.444,1332
2026-01-19 18:30:00,4816.444,4820.000,4749.817,4774.836,1475
2026-01-19 18:45:00,4774.836,4776.955,4740.791,4745.046,711
2026-01-19 19:00:00,4745.046,4746.133,4711.671,4731.214,1267
2026-01-19 19:15:00,4731.214,4798.384,4730.228,4781.862,1010
2026-01-19 19:30:00,4781.862,4794.849,4762.362,4764.023,1429
2026-01-19 19:45:00,4764.023,4808.687,4754.886,4798.097,1215
2026-01-19 20:00:00,4798.097,4820.000,4722.488,4727.072,1754
2026-01-19 20:15:00,4727.072,4784.623,4726.477,4783.542,1232
2026-01-19 20:30:00,4783.542,4805.622,4733.152,4801.262,1564
2026-01-19 20:45:00,4801.262,4804.466,4745.127,4754.730,1155
2026-01-19 21:00:00,4754.730,4786.243,4753.024,4781.727,1094
2026-01-19 21:15:00,4781.727,4807.861,4744.425,4803.811,1157
2026-01-19 21:30:00,4803.811,4807.335,4768.695,4770.475,1277
2026-01-19 21:45:00,4770.475,4809.939,4769.692,4799.053,1371
2026-01-19 22:00:00,4799.053,4803.665,4766.910,4787.686,1455
2026-01-19 22:15:00,4787.686,4788.256,4766.566,4774.356,1730
2026-01-19 22:30:00,4774.356,4799.017,4761.647,4791.175,1562
2026-01-19 22:45:00,4791.175,4795.738,4777.170,4790.076,1653
2026-01-19 23:00:00,4790.076,4793.897,4777.248,4791.441,1733
2026-01-19 23:15:00,4791.441,4794.105,4779.439,4782.012,1594
2026-01-19 23:30:00,4782.012,4797.832,4778.508,4797.142,1167
2026-01-19 23:45:00,4797.142,4797.305,4773.350,4780.000,1685
2026-01-20 00:00:00,4690.000,4717.203,4688.451,4714.747,1610
2026-01-20 00:15:00,4714.747,4722.959,4695.976,4698.648,1391
2026-01-20 00:30:00,4698.648,4731.536,4694.211,4730.710,1279
2026-01-20 00:45:00,4730.710,4744.198,4677.914,4741.621,1536
2026-01-20 01:00:00,4741.621,4741.658,4713.809,4727.738,2037
2026-01-20 01:15:00,4727.738,4750.599,4674.000,4674.000,1461
2026-01-20 01:30:00,4674.000,4735.223,4674.000,4717.906,1398
2026-01-20 01:45:00,4717.906,4737.592,4705.332,4711.124,1277
2026-01-20 02:00:00,4711.124,4736.618,4696.789,4730.101,1506
2026-01-20 02:15:00,4730.101,4740.181,4674.000,4679.870,1185
2026-01-20 02:30:00,4679.870,4763.106,4674.970,4699.460,1558
2026-01-20 02:45:00,4699.460,4807.263,4689.552,4767.550,1471
2026-01-20 03:00:00,4767.550,4773.190,4689.383,4695.654,1629
2026-01-20 03:15:00,4695.654,4750.956,4685.527,4744.451,1828
2026-01-20 03:30:00,4744.451,4773.289,4712.523,4740.610,1795
2026-01-20 03:45:00,4740.610,4751.695,4731.418,4734.696,1127
2026-01-20 04:00:00,4734.696,4752.759,4708.364,4744.168,1766
2026-01-20 04:15:00,4744.168,4775.132,4718.796,4771.080,1374
2026-01-20 04:30:00,4771.080,4775.249,4701.329,4744.706,931
2026-01-20 04:45:00,4744.706,4756.887,4704.428,4714.709,1298
2026-01-20 05:00:00,4714.709,4786.786,4711.816,4781.769,1602
2026-01-20 05:15:00,4781.769,4787.122,4722.785,4732.626,1230
2026-01-20 05:30:00,4732.626,4813.976,4702.189,4703.323,1642
2026-01-20 05:45:00,4703.323,4805.681,4698.210,4800.198,1701
2026-01-20 06:00:00,4800.198,4806.311,4745.642,4803.181,1895
2026-01-20 06:15:00,4803.181,4805.880,4697.984,4722.403,1654
2026-01-20 06:30:00,4722.403,4787.801,4676.228,4735.145,1261
2026-01-20 06:45:00,4735.145,4794.220,4731.792,4777.534,1875
2026-01-20 07:00:00,4777.534,4779.367,4726.480,4760.972,1263
2026-01-20 07:15:00,4760.972,4791.870,4730.923,4734.203,1467
2026-01-20 07:30:00,4734.203,4773.484,4713.143,4740.950,1519
2026-01-20 07:45:00,4740.950,4764.846,4735.012,4746.403,1243
2026-01-20 08:00:00,4746.403,4841.223,4744.453,4836.516,1279
2026-01-20 08:15:00,4836.516,4841.292,4734.171,4735.541,1653
2026-01-20 08:30:00,4735.541,4800.175,4697.892,4799.447,1293
2026-01-20 08:45:00,4799.447,4823.192,4674.000,4674.000,1516
2026-01-20 09:00:00,4674.000,4823.121,4674.000,4712.513,1511
2026-01-20 09:15:00,4712.513,4805.213,4711.274,4786.750,1573
2026-01-20 09:30:00,4786.750,4816.065,4716.509,4717.920,1713
2026-01-20 09:45:00,4717.920,4804.071,4711.273,4800.321,1075
2026-01-20 10:00:00,4800.321,4834.156,4722.667,4751.441,1181
2026-01-20 10:15:00,4751.441,4799.637,4740.728,4794.616,1732
2026-01-20 10:30:00,4794.616,4830.658,4761.258,4821.411,1351
2026-01-20 10:45:00,4821.411,4837.260,4732.575,4835.474,1263
2026-01-20 11:00:00,4835.474,4846.606,4777.285,4777.521,1456
2026-01-20 11:15:00,4777.521,4784.782,4736.639,4742.615,1335
2026-01-20 11:30:00,4742.615,4844.877,4741.147,4837.421,1542
2026-01-20 11:45:00,4837.421,4838.946,4764.286,4784.429,1112
2026-01-20 12:00:00,4784.429,4820.465,4758.835,4804.123,1659
2026-01-20 12:15:00,4804.123,4820.249,4794.119,4815.499,1611
2026-01-20 12:30:00,4815.499,4835.110,4759.153,4827.941,1614
2026-01-20 12:45:00,4827.941,4831.184,4773.496,4803.959,1357
2026-01-20 13:00:00,4803.959,4843.712,4752.821,4756.255,1750
2026-01-20 13:15:00,4756.255,4855.961,4753.768,4778.710,1780
2026-01-20 13:30:00,4778.710,4784.759,4725.839,4733.088,1718
2026-01-20 13:45:00,4733.088,4882.927,4727.409,4739.631,1763
2026-01-20 14:00:00,4739.631,4837.787,4737.086,4801.261,1412
2026-01-20 14:15:00,4801.261,4844.265,4775.472,4782.626,1487
2026-01-20 14:30:00,4782.626,4799.796,4711.645,4763.134,1509
2026-01-20 14:45:00,4763.134,4862.431,4757.854,4860.553,1233
2026-01-20 15:00:00,4860.553,4861.578,4714.199,4785.790,1426
2026-01-20 15:15:00,4785.790,4878.640,4782.293,4861.532,1791
2026-01-20 15:30:00,4861.532,4863.332,4756.216,4811.192,1192
2026-01-20 15:45:00,4811.192,4880.229,4807.273,4822.615,1156
2026-01-20 16:00:00,4822.615,4836.728,4811.904,4830.393,1425
2026-01-20 16:15:00,4830.393,4848.477,4778.759,4779.572,1427
2026-01-20 16:30:00,4779.572,4878.872,4753.548,4877.372,1603
2026-01-20 16:45:00,4877.372,4882.580,4747.166,4854.964,1565
2026-01-20 17:00:00,4854.964,4855.988,4771.171,4837.220,1925
2026-01-20 17:15:00,4837.220,4840.472,4800.035,4802.521,1164
2026-01-20 17:30:00,4802.521,4908.333,4795.577,4908.333,1255
2026-01-20 17:45:00,4908.333,4908.333,4804.221,4809.059,1805
2026-01-20 18:00:00,4809.059,4891.331,4769.287,4840.714,1652
2026-01-20 18:15:00,4840.714,4843.110,4774.642,4803.793,1732
2026-01-20 18:30:00,4803.793,4848.898,4796.477,4840.373,1565
2026-01-20 18:45:00,4840.373,4893.530,4779.698,4787.972,1189
2026-01-20 19:00:00,4787.972,4828.801,4783.779,4824.427,1579
2026-01-20 19:15:00,4824.427,4908.333,4822.461,4908.333,1771
2026-01-20 19:30:00,4908.333,4908.333,4797.726,4872.628,1396
2026-01-20 19:45:00,4872.628,4878.360,4824.528,4833.028,1796
2026-01-20 20:00:00,4833.028,4867.342,4783.903,4783.958,2133
2026-01-20 20:15:00,4783.958,4887.152,4778.008,4882.751,1770
2026-01-20 20:30:00,4882.751,4888.840,4821.657,4851.548,1206
2026-01-20 20:45:00,4851.548,4859.773,4845.583,4847.549,1161
2026-01-20 21:00:00,4847.549,4878.840,4841.379,4878.309,1484
2026-01-20 21:15:00,4878.309,4884.006,4826.400,4839.832,1183
2026-01-20 21:30:00,4839.832,4854.315,4808.116,4851.989,1800
2026-01-20 21:45:00,4851.989,4867.720,4840.710,4852.866,1206
2026-01-20 22:00:00,4852.866,4884.432,4840.202,4846.221,951
2026-01-20 22:15:00,4846.221,4897.922,4818.730,4891.590,1601
2026-01-20 22:30:00,4891.590,4892.286,4829.894,4877.823,1649
2026-01-20 22:45:00,4877.823,4878.164,4815.382,4868.853,1500
2026-01-20 23:00:00,4868.853,4871.784,4845.892,4853.174,1153
2026-01-20 23:15:00,4853.174,4862.427,4850.213,4857.319,1301
2026-01-20 23:30:00,4857.319,4883.393,4851.575,4854.814,1335
2026-01-20 23:45:00,4854.814,4881.256,4845.880,4877.667,1687
2026-01-21 00:00:00,4735.000,4773.473,4730.057,4764.315,1722
2026-01-21 00:15:00,4764.315,4766.668,4752.490,4762.006,1123
2026-01-21 00:30:00,4762.006,4772.955,4739.304,4761.856,1945
2026-01-21 00:45:00,4761.856,4777.999,4739.838,4759.362,1267
2026-01-21 01:00:00,4759.362,4793.189,4758.549,4784.562,1591
2026-01-21 01:15:00,4784.562,4793.494,4738.665,4776.509,983
2026-01-21 01:30:00,4776.509,4799.646,4775.381,4794.142,1489
2026-01-21 01:45:00,4794.142,4797.341,4727.641,4734.477,1278
2026-01-21 02:00:00,4734.477,4811.791,4721.403,4810.437,1797
2026-01-21 02:15:00,4810.437,4813.042,4729.003,4733.113,1391
2026-01-21 02:30:00,4733.113,4859.037,4732.990,4844.360,1827
2026-01-21 02:45:00,4844.360,4844.896,4758.699,4784.646,1015
2026-01-21 03:00:00,4784.646,4804.090,4729.213,4794.466,1827
2026-01-21 03:15:00,4794.466,4797.417,4718.000,4768.397,1339
2026-01-21 03:30:00,4768.397,4834.788,4766.427,4823.217,1427
2026-01-21 03:45:00,4823.217,4836.032,4756.002,4787.237,1558
2026-01-21 04:00:00,4787.237,4844.403,4722.393,4726.004,1499
2026-01-21 04:15:00,4726.004,4819.273,4721.097,4780.197,1246
2026-01-21 04:30:00,4780.197,4854.329,4743.761,4777.037,2100
2026-01-21 04:45:00,4777.037,4855.574,4759.988,4764.942,1330
2026-01-21 05:00:00,4764.942,4851.470,4757.398,4795.694,1599
2026-01-21 05:15:00,4795.694,4819.066,4749.634,4814.571,1587
2026-01-21 05:30:00,4814.571,4816.112,4748.532,4786.767,1469
2026-01-21 05:45:00,4786.767,4858.332,4779.301,4792.707,1652
2026-01-21 06:00:00,4792.707,4915.696,4770.243,4789.593,1390
2026-01-21 06:15:00,4789.593,4809.784,4780.330,4796.979,1963
2026-01-21 06:30:00,4796.979,4844.706,4796.429,4823.950,1456
2026-01-21 06:45:00,4823.950,4861.017,4813.197,4818.641,1805
2026-01-21 07:00:00,4818.641,4858.610,4763.707,4770.605,1578
2026-01-21 07:15:00,4770.605,4916.647,4769.412,4801.115,1732
2026-01-21 07:30:00,4801.115,4862.505,4765.847,4853.936,1340
2026-01-21 07:45:00,4853.936,4912.945,4782.322,4831.733,1234
2026-01-21 08:00:00,4831.733,4912.304,4820.927,4906.979,1219
2026-01-21 08:15:00,4906.979,4910.510,4809.199,4842.789,1387
2026-01-21 08:30:00,4842.789,4856.989,4769.694,4780.293,1836
2026-01-21 08:45:00,4780.293,4885.943,4771.936,4875.593,1687
2026-01-21 09:00:00,4875.593,4996.667,4868.087,4875.541,1574
2026-01-21 09:15:00,4875.541,4911.321,4750.754,4910.714,1339
2026-01-21 09:30:00,4910.714,4926.783,4718.000,4718.000,1752
2026-01-21 09:45:00,4718.000,4841.355,4718.000,4840.215,1786
2026-01-21 10:00:00,4840.215,4840.724,4764.787,4838.242,1376
2026-01-21 10:15:00,4838.242,4846.422,4821.639,4822.507,1950
2026-01-21 10:30:00,4822.507,4825.681,4767.106,4810.283,1725
2026-01-21 10:45:00,4810.283,4878.568,4807.809,4837.614,1828
2026-01-21 11:00:00,4837.614,4876.896,4792.903,4872.641,1045
2026-01-21 11:15:00,4872.641,4876.213,4731.744,4736.588,1762
2026-01-21 11:30:00,4736.588,4830.870,4725.540,4808.621,1852
2026-01-21 11:45:00,4808.621,4883.167,4805.613,4846.326,1170
2026-01-21 12:00:00,4846.326,4895.388,4783.794,4837.141,1852
2026-01-21 12:15:00,4837.141,4840.728,4767.789,4808.494,1257
2026-01-21 12:30:00,4808.494,4914.713,4807.111,4895.178,921
2026-01-21 12:45:00,4895.178,4900.441,4804.250,4812.068,1381
2026-01-21 13:00:00,4812.068,4934.695,4806.811,4874.033,1277
2026-01-21 13:15:00,4874.033,4875.427,4833.211,4857.695,1318
2026-01-21 13:30:00,4857.695,4947.581,4855.162,4871.431,1290
2026-01-21 13:45:00,4871.431,4895.477,4859.604,4882.773,1738
2026-01-21 14:00:00,4882.773,4907.809,4821.917,4906.334,1235
2026-01-21 14:15:00,4906.334,4935.339,4856.443,4932.764,2018
2026-01-21 14:30:00,4932.764,4996.667,4878.227,4996.667,1761
2026-01-21 14:45:00,4996.667,4996.667,4825.606,4858.861,1222
2026-01-21 15:00:00,4858.861,4940.594,4811.321,4842.076,1333
2026-01-21 15:15:00,4842.076,4918.212,4840.396,4869.444,1844
2026-01-21 15:30:00,4869.444,4923.687,4816.641,4818.127,1696
2026-01-21 15:45:00,4818.127,4903.486,4810.362,4887.568,1551
2026-01-21 16:00:00,4887.568,4895.646,4833.117,4868.915,1293
2026-01-21 16:15:00,4868.915,4924.621,4845.262,4855.871,1562
2026-01-21 16:30:00,4855.871,4904.634,4834.641,4895.851,1672
2026-01-21 16:45:00,4895.851,4970.575,4874.147,4882.891,1369
2026-01-21 17:00:00,4882.891,4923.701,4865.061,4865.339,1945
2026-01-21 17:15:00,4865.339,4978.300,4859.995,4897.269,1479
2026-01-21 17:30:00,4897.269,4947.569,4893.343,4945.659,1528
2026-01-21 17:45:00,4945.659,4954.639,4867.303,4898.187,1252
2026-01-21 18:00:00,4898.187,4937.025,4877.350,4881.830,1605
2026-01-21 18:15:00,4881.830,4922.914,4862.617,4867.586,1647
2026-01-21 18:30:00,4867.586,4948.517,4863.443,4895.337,1400
2026-01-21 18:45:00,4895.337,4939.991,4872.287,4921.837,1608
2026-01-21 19:00:00,4921.837,4924.182,4840.265,4923.009,1240
2026-01-21 19:15:00,4923.009,4927.476,4823.607,4925.778,1701
2026-01-21 19:30:00,4925.778,4934.968,4887.755,4894.964,1636
2026-01-21 19:45:00,4894.964,4944.655,4840.083,4940.691,1920
2026-01-21 20:00:00,4940.691,4955.302,4885.936,4887.268,1608
2026-01-21 20:15:00,4887.268,4941.318,4859.443,4885.526,1761
2026-01-21 20:30:00,4885.526,4967.205,4874.263,4960.055,1209
2026-01-21 20:45:00,4960.055,4972.463,4885.665,4889.523,1757
2026-01-21 21:00:00,4889.523,4977.234,4882.409,4936.265,1142
2026-01-21 21:15:00,4936.265,4952.172,4904.144,4918.197,1496
2026-01-21 21:30:00,4918.197,4941.914,4901.438,4913.089,1489
2026-01-21 21:45:00,4913.089,4927.084,4901.730,4923.058,1923
2026-01-21 22:00:00,4923.058,4934.899,4899.921,4929.895,1637
2026-01-21 22:15:00,4929.895,4937.104,4902.499,4927.741,805
2026-01-21 22:30:00,4927.741,4955.761,4915.330,4947.618,2010
2026-01-21 22:45:00,4947.618,4968.337,4896.906,4928.155,1462
2026-01-21 23:00:00,4928.155,4955.034,4913.598,4947.589,1683
2026-01-21 23:15:00,4947.589,4955.877,4917.927,4926.276,1531
2026-01-21 23:30:00,4926.276,4944.787,4912.384,4936.353,1735
2026-01-21 23:45:00,4936.353,4977.537,4921.948,4975.333,1611
2026-01-22 00:00:00,4780.000,4830.311,4775.736,4827.594,1429
2026-01-22 00:15:00,4827.594,4834.157,4786.902,4816.274,1457
2026-01-22 00:30:00,4816.274,4844.739,4802.333,4840.492,1380
2026-01-22 00:45:00,4840.492,4846.281,4773.506,4812.188,1469
2026-01-22 01:00:00,4812.188,4835.898,4808.193,4835.203,1225
2026-01-22 01:15:00,4835.203,4844.343,4794.016,4796.603,1169
2026-01-22 01:30:00,4796.603,4822.250,4785.100,4820.265,1630
2026-01-22 01:45:00,4820.265,4859.762,4808.987,4852.587,1255
2026-01-22 02:00:00,4852.587,4884.703,4815.869,4851.792,1398
2026-01-22 02:15:00,4851.792,4864.152,4811.677,4814.165,1133
2026-01-22 02:30:00,4814.165,4864.264,4762.170,4860.650,1647
2026-01-22 02:45:00,4860.650,4862.152,4810.510,4811.511,1386
2026-01-22 03:00:00,4811.511,4892.157,4769.531,4834.637,1555
2026-01-22 03:15:00,4834.637,4890.468,4817.590,4888.014,1613
2026-01-22 03:30:00,4888.014,4897.331,4804.209,4888.380,1703
2026-01-22 03:45:00,4888.380,4894.996,4820.544,4837.872,1354
2026-01-22 04:00:00,4837.872,4882.269,4789.666,4880.504,1554
2026-01-22 04:15:00,4880.504,4883.528,4830.367,4864.561,1598
2026-01-22 04:30:00,4864.561,4878.533,4763.850,4821.483,899
2026-01-22 04:45:00,4821.483,4885.452,4800.737,4873.166,1293
2026-01-22 05:00:00,4873.166,4935.399,4791.521,4926.558,1090
2026-01-22 05:15:00,4926.558,4936.655,4771.729,4898.220,1706
2026-01-22 05:30:00,4898.220,4991.370,4870.061,4885.294,1079
2026-01-22 05:45:00,4885.294,4948.063,4805.725,4936.131,1514
2026-01-22 06:00:00,4936.131,4945.093,4828.401,4833.261,1651
2026-01-22 06:15:00,4833.261,4901.552,4762.000,4830.259,1587
2026-01-22 06:30:00,4830.259,4876.261,4815.551,4816.473,1824
2026-01-22 06:45:00,4816.473,4896.394,4814.069,4872.995,1566
2026-01-22 07:00:00,4872.995,4917.714,4863.015,4863.586,1635
2026-01-22 07:15:00,4863.586,4972.617,4827.059,4970.319,1846
2026-01-22 07:30:00,4970.319,4975.165,4857.925,4870.491,1540
2026-01-22 07:45:00,4870.491,4940.135,4860.678,4937.507,1631
2026-01-22 08:00:00,4937.507,4944.284,4779.407,4788.793,1198
2026-01-22 08:15:00,4788.793,4972.352,4784.375,4823.637,1427
2026-01-22 08:30:00,4823.637,4961.006,4808.845,4959.619,1507
2026-01-22 08:45:00,4959.619,4961.354,4795.861,4814.739,1511
2026-01-22 09:00:00,4814.739,4914.998,4812.537,4904.605,1555
2026-01-22 09:15:00,4904.605,4992.281,4865.612,4988.471,1272
2026-01-22 09:30:00,4988.471,4995.744,4925.523,4947.587,1264
2026-01-22 09:45:00,4947.587,4951.366,4886.562,4890.466,1412
2026-01-22 10:00:00,4890.466,4996.170,4869.894,4992.115,1167
2026-01-22 10:15:00,4992.115,4994.769,4860.457,4898.443,1649
2026-01-22 10:30:00,4898.443,5020.271,4880.050,4890.393,1237
2026-01-22 10:45:00,4890.393,4923.372,4879.702,4916.450,1581
2026-01-22 11:00:00,4916.450,4921.789,4855.252,4895.736,1511
2026-01-22 11:15:00,4895.736,4972.405,4891.116,4920.302,1812
2026-01-22 11:30:00,4920.302,4932.696,4886.990,4896.516,1664
2026-01-22 11:45:00,4896.516,4898.468,4833.508,4888.926,1305
2026-01-22 12:00:00,4888.926,4983.519,4881.925,4908.972,1541
2026-01-22 12:15:00,4908.972,4992.409,4881.519,4882.440,1168
2026-01-22 12:30:00,4882.440,4950.692,4880.474,4934.206,1506
2026-01-22 12:45:00,4934.206,4974.883,4923.777,4972.422,1539
2026-01-22 13:00:00,4972.422,5085.000,4933.268,4937.728,1756
2026-01-22 13:15:00,4937.728,4972.800,4839.707,4957.192,1685
2026-01-22 13:30:00,4957.192,4958.756,4833.029,4836.354,1156
2026-01-22 13:45:00,4836.354,5033.822,4835.221,4913.905,1227
2026-01-22 14:00:00,4913.905,4993.941,4855.198,4893.860,1510
2026-01-22 14:15:00,4893.860,4985.237,4893.310,4973.370,1625
2026-01-22 14:30:00,4973.370,4974.945,4914.153,4916.740,1277
2026-01-22 14:45:00,4916.740,5032.417,4885.119,5027.298,1529
2026-01-22 15:00:00,5027.298,5032.521,4896.281,4937.676,1594
2026-01-22 15:15:00,4937.676,4982.698,4936.728,4980.366,854
2026-01-22 15:30:00,4980.366,5074.056,4946.578,5072.799,1438
2026-01-22 15:45:00,5072.799,5079.911,4920.019,5029.064,2136
2026-01-22 16:00:00,5029.064,5033.382,4869.909,4965.123,1715
2026-01-22 16:15:00,4965.123,4969.505,4906.222,4917.101,1268
2026-01-22 16:30:00,4917.101,5024.709,4907.322,5021.719,1316
2026-01-22 16:45:00,5021.719,5023.009,4920.392,4986.591,949
2026-01-22 17:00:00,4986.591,5057.551,4970.736,4993.257,1280
2026-01-22 17:15:00,4993.257,5011.595,4946.518,5004.458,1576
2026-01-22 17:30:00,5004.458,5009.632,4964.913,4999.872,1315
2026-01-22 17:45:00,4999.872,5010.265,4937.497,4943.423,1865
2026-01-22 18:00:00,4943.423,4985.996,4937.623,4981.660,1908
2026-01-22 18:15:00,4981.660,5028.108,4950.604,5022.698,1718
2026-01-22 18:30:00,5022.698,5046.736,4932.327,4933.165,874
2026-01-22 18:45:00,4933.165,4994.706,4928.426,4992.722,1673
2026-01-22 19:00:00,4992.722,5002.022,4963.524,4979.786,1811
2026-01-22 19:15:00,4979.786,5085.000,4940.064,5085.000,1490
2026-01-22 19:30:00,5085.000,5085.000,4969.950,4974.535,1780
2026-01-22 19:45:00,4974.535,5032.155,4964.194,5030.575,1317
2026-01-22 20:00:00,5030.575,5073.588,4941.644,4947.417,1533
2026-01-22 20:15:00,4947.417,5044.672,4942.492,4967.869,1349
2026-01-22 20:30:00,4967.869,5074.750,4929.770,4935.440,1622
2026-01-22 20:45:00,4935.440,5040.790,4933.481,5022.756,1215
2026-01-22 21:00:00,5022.756,5063.621,5012.044,5018.984,1487
2026-01-22 21:15:00,5018.984,5085.000,4762.000,4762.000,1511
2026-01-22 21:30:00,4762.000,5062.849,4762.000,4992.336,1124
2026-01-22 21:45:00,4992.336,5039.409,4975.802,5027.394,1884
2026-01-22 22:00:00,5027.394,5056.228,4974.162,5049.982,1270
2026-01-22 22:15:00,5049.982,5078.213,5005.647,5029.632,1622
2026-01-22 22:30:00,5029.632,5057.300,5028.139,5053.686,1335
2026-01-22 22:45:00,5053.686,5062.030,5021.303,5048.709,1599
2026-01-22 23:00:00,5048.709,5078.215,5016.277,5043.097,898
2026-01-22 23:15:00,5043.097,5048.316,5021.800,5032.306,1263
2026-01-22 23:30:00,5032.306,5056.840,4994.932,5044.131,1734
2026-01-22 23:45:00,5044.131,5080.843,5018.119,5073.000,1412
2026-01-23 00:00:00,4853.250,4887.098,4851.827,4879.615,1904
2026-01-23 00:15:00,4879.615,4885.585,4852.102,4865.804,2081
2026-01-23 00:30:00,4865.804,4903.932,4863.400,4865.318,1985
2026-01-23 00:45:00,4865.318,4903.773,4863.100,4895.995,1194
2026-01-23 01:00:00,4895.995,4896.592,4839.665,4883.617,1510
2026-01-23 01:15:00,4883.617,4901.692,4835.250,4896.760,1261
2026-01-23 01:30:00,4896.760,4915.214,4862.725,4890.220,1671
2026-01-23 01:45:00,4890.220,4912.867,4855.976,4909.710,1716
2026-01-23 02:00:00,4909.710,4912.311,4869.094,4893.979,1754
2026-01-23 02:15:00,4893.979,4921.079,4880.124,4883.284,1238
2026-01-23 02:30:00,4883.284,4905.701,4863.981,4869.484,1826
2026-01-23 02:45:00,4869.484,4923.107,4863.523,4918.327,1530
2026-01-23 03:00:00,4918.327,4918.462,4870.892,4904.276,1037
2026-01-23 03:15:00,4904.276,4907.785,4844.931,4882.535,1851
2026-01-23 03:30:00,4882.535,4919.401,4880.464,4906.522,1541
2026-01-23 03:45:00,4906.522,4936.553,4867.451,4892.217,2144
2026-01-23 04:00:00,4892.217,4959.826,4840.370,4891.448,2012
2026-01-23 04:15:00,4891.448,4911.158,4868.595,4893.604,1408
2026-01-23 04:30:00,4893.604,4932.451,4861.675,4866.308,1340
2026-01-23 04:45:00,4866.308,4940.878,4862.573,4936.556,2195
2026-01-23 05:00:00,4936.556,4997.872,4873.861,4878.591,939
2026-01-23 05:15:00,4878.591,4928.547,4875.335,4897.181,1485
2026-01-23 05:30:00,4897.181,4947.340,4835.250,4936.938,1073
2026-01-23 05:45:00,4936.938,4972.902,4895.118,4972.046,1771
2026-01-23 06:00:00,4972.046,4983.225,4872.292,4950.112,1321
2026-01-23 06:15:00,4950.112,4973.737,4857.248,4972.984,1715
2026-01-23 06:30:00,4972.984,4974.327,4893.674,4913.281,1607
2026-01-23 06:45:00,4913.281,4936.675,4878.327,4933.062,1504
2026-01-23 07:00:00,4933.062,4963.087,4895.758,4948.522,1664
2026-01-23 07:15:00,4948.522,4995.995,4898.315,4899.624,1378
2026-01-23 07:30:00,4899.624,5025.014,4867.937,4958.331,1737
2026-01-23 07:45:00,4958.331,5003.017,4900.068,4987.703,1551
2026-01-23 08:00:00,4987.703,4991.929,4872.787,4931.127,1175
2026-01-23 08:15:00,4931.127,4971.382,4892.008,4966.633,1687
2026-01-23 08:30:00,4966.633,4993.318,4876.804,4987.025,1979
2026-01-23 08:45:00,4987.025,4993.487,4907.871,4915.149,906
2026-01-23 09:00:00,4915.149,4982.303,4886.363,4953.840,1607
2026-01-23 09:15:00,4953.840,4995.367,4921.994,4922.170,1664
2026-01-23 09:30:00,4922.170,4966.197,4889.295,4965.704,1288
2026-01-23 09:45:00,4965.704,4967.268,4909.868,4918.236,1826
2026-01-23 10:00:00,4918.236,4983.199,4901.251,4909.849,1423
2026-01-23 10:15:00,4909.849,4997.119,4908.653,4993.022,1191
2026-01-23 10:30:00,4993.022,4994.652,4925.344,4961.926,1788
2026-01-23 10:45:00,4961.926,5019.987,4961.573,5005.222,1662
2026-01-23 11:00:00,5005.222,5007.189,4914.985,4990.892,1457
2026-01-23 11:15:00,4990.892,5026.741,4959.991,4961.722,1416
2026-01-23 11:30:00,4961.722,4997.473,4959.358,4969.289,1391
2026-01-23 11:45:00,4969.289,4977.807,4931.101,4932.175,1538
2026-01-23 12:00:00,4932.175,4951.828,4897.311,4900.318,1348
2026-01-23 12:15:00,4900.318,5000.682,4899.841,5000.520,1047
2026-01-23 12:30:00,5000.520,5034.910,4996.998,5029.682,1279
2026-01-23 12:45:00,5029.682,5030.247,4906.662,5011.260,1637
2026-01-23 13:00:00,5011.260,5043.504,4993.346,4994.630,2187
2026-01-23 13:15:00,4994.630,5001.809,4884.891,4999.401,1471
2026-01-23 13:30:00,4999.401,5043.179,4992.929,5015.838,1261
2026-01-23 13:45:00,5015.838,5016.380,4934.318,5002.195,1332
2026-01-23 14:00:00,5002.195,5045.168,4909.384,4912.448,1368
2026-01-23 14:15:00,4912.448,5007.682,4905.378,4975.664,1652
2026-01-23 14:30:00,4975.664,4979.589,4899.609,4964.452,1297
2026-01-23 14:45:00,4964.452,5038.089,4956.241,4956.337,1575
2026-01-23 15:00:00,4956.337,5013.843,4932.082,5009.067,1425
2026-01-23 15:15:00,5009.067,5077.870,4895.566,4986.103,1743
2026-01-23 15:30:00,4986.103,4991.704,4873.626,4958.989,1331
2026-01-23 15:45:00,4958.989,4985.420,4953.394,4969.523,1203
2026-01-23 16:00:00,4969.523,5031.644,4940.481,5029.456,1215
2026-01-23 16:15:00,5029.456,5050.018,4977.946,4998.677,1483
2026-01-23 16:30:00,4998.677,5014.241,4948.799,5010.062,1583
2026-01-23 16:45:00,5010.062,5087.500,5008.167,5014.864,1501
2026-01-23 17:00:00,5014.864,5052.369,4958.067,4997.309,1872
2026-01-23 17:15:00,4997.309,5087.500,4996.951,5079.947,829
2026-01-23 17:30:00,5079.947,5082.124,4980.142,4982.471,1866
2026-01-23 17:45:00,4982.471,5031.169,4974.686,5015.974,1926
2026-01-23 18:00:00,5015.974,5049.590,4988.068,5014.099,1602
2026-01-23 18:15:00,5014.099,5053.574,4974.871,5049.619,1101
2026-01-23 18:30:00,5049.619,5060.987,5028.629,5050.195,1558
2026-01-23 18:45:00,5050.195,5083.443,5001.552,5078.762,1159
2026-01-23 19:00:00,5078.762,5085.524,5001.524,5007.700,1087
2026-01-23 19:15:00,5007.700,5038.440,4954.079,5035.462,1663
2026-01-23 19:30:00,5035.462,5061.671,5026.037,5060.612,1438
2026-01-23 19:45:00,5060.612,5065.801,4997.748,5044.532,1583
2026-01-23 20:00:00,5044.532,5054.170,5004.280,5042.283,1606
2026-01-23 20:15:00,5042.283,5050.203,5008.031,5024.673,1263
2026-01-23 20:30:00,5024.673,5079.942,5019.107,5037.173,1664
2026-01-23 20:45:00,5037.173,5084.711,4981.471,5081.082,1567
2026-01-23 21:00:00,5081.082,5086.132,4971.808,4975.279,2106
2026-01-23 21:15:00,4975.279,5070.593,4970.410,5054.911,1646
2026-01-23 21:30:00,5054.911,5061.726,5024.599,5054.485,1540
2026-01-23 21:45:00,5054.485,5062.204,5017.981,5045.806,1171
2026-01-23 22:00:00,5045.806,5079.162,5041.340,5066.554,1000
2026-01-23 22:15:00,5066.554,5079.486,5003.184,5010.068,1612
2026-01-23 22:30:00,5010.068,5087.500,5008.503,5055.533,1693
2026-01-23 22:45:00,5055.533,5070.638,5042.389,5045.503,1351
2026-01-23 23:00:00,5045.503,5059.232,5038.003,5058.957,1733
2026-01-23 23:15:00,5058.957,5063.261,4835.250,4835.250,1907
2026-01-23 23:30:00,4835.250,5076.481,4835.250,5044.393,1307
2026-01-23 23:45:00,5044.393,5081.504,5033.839,5075.250,1416
2026-01-26 00:00:00,5073.000,5075.142,5069.548,5071.178,2013
2026-01-26 00:15:00,5071.178,5073.032,5070.255,5071.420,1908
2026-01-26 00:30:00,5071.420,5073.227,5066.923,5067.648,1475
2026-01-26 00:45:00,5067.648,5071.178,5067.229,5068.606,1288
2026-01-26 01:00:00,5068.606,5070.949,5062.358,5070.853,1565
2026-01-26 01:15:00,5070.853,5082.392,5068.810,5082.159,1393
2026-01-26 01:30:00,5082.159,5082.779,5064.971,5076.222,1756
2026-01-26 01:45:00,5076.222,5076.956,5073.136,5075.605,1481
2026-01-26 02:00:00,5075.605,5080.029,5069.755,5077.129,1579
2026-01-26 02:15:00,5077.129,5077.633,5061.745,5061.895,1376
2026-01-26 02:30:00,5061.895,5081.054,5060.566,5078.348,1007
2026-01-26 02:45:00,5078.348,5086.752,5059.155,5086.473,1383
2026-01-26 03:00:00,5086.473,5086.569,5063.614,5077.880,1377
2026-01-26 03:15:00,5077.880,5078.090,5055.000,5070.248,1281
2026-01-26 03:30:00,5070.248,5072.744,5063.587,5066.446,1171
2026-01-26 03:45:00,5066.446,5083.969,5065.117,5065.440,1645
2026-01-26 04:00:00,5065.440,5080.113,5056.109,5057.536,1381
2026-01-26 04:15:00,5057.536,5090.306,5057.134,5085.670,1401
2026-01-26 04:30:00,5085.670,5086.366,5074.258,5080.847,1616
2026-01-26 04:45:00,5080.847,5084.829,5070.057,5084.680,1314
2026-01-26 05:00:00,5084.680,5085.183,5060.604,5074.334,1452
2026-01-26 05:15:00,5074.334,5075.360,5071.495,5073.496,1480
2026-01-26 05:30:00,5073.496,5082.000,5072.093,5075.523,1433
2026-01-26 05:45:00,5075.523,5076.670,5064.993,5068.238,1133
2026-01-26 06:00:00,5068.238,5079.902,5064.966,5079.572,1551
2026-01-26 06:15:00,5079.572,5082.074,5066.518,5067.014,1163
2026-01-26 06:30:00,5067.014,5082.097,5064.721,5073.322,1532
2026-01-26 06:45:00,5073.322,5079.298,5070.164,5077.816,1301
2026-01-26 07:00:00,5077.816,5084.693,5061.147,5069.061,980
2026-01-26 07:15:00,5069.061,5088.111,5060.655,5075.247,1202
2026-01-26 07:30:00,5075.247,5079.590,5055.021,5078.264,1527
2026-01-26 07:45:00,5078.264,5082.705,5056.147,5082.225,1536
2026-01-26 08:00:00,5082.225,5095.000,5066.873,5095.000,1614
2026-01-26 08:15:00,5095.000,5095.000,5069.255,5084.054,1510
2026-01-26 08:30:00,5084.054,5084.656,5061.525,5080.668,1680
2026-01-26 08:45:00,5080.668,5089.320,5062.064,5071.317,1613
2026-01-26 09:00:00,5071.317,5081.951,5070.705,5071.982,1469
2026-01-26 09:15:00,5071.982,5079.860,5067.786,5079.745,1526
2026-01-26 09:30:00,5079.745,5087.055,5061.686,5086.744,1693
2026-01-26 09:45:00,5086.744,5087.379,5066.240,5071.837,1523
2026-01-26 10:00:00,5071.837,5087.697,5071.437,5072.986,1194
2026-01-26 10:15:00,5072.986,5074.067,5069.304,5069.331,1498
2026-01-26 10:30:00,5069.331,5089.173,5066.077,5088.946,1339
2026-01-26 10:45:00,5088.946,5089.848,5070.019,5082.930,1355
2026-01-26 11:00:00,5082.930,5087.614,5058.425,5085.884,1614
2026-01-26 11:15:00,5085.884,5095.000,5076.782,5078.238,1322
2026-01-26 11:30:00,5078.238,5086.547,5067.602,5070.805,1403
2026-01-26 11:45:00,5070.805,5087.067,5066.336,5066.739,1129
2026-01-26 12:00:00,5066.739,5081.452,5064.799,5081.097,1137
2026-01-26 12:15:00,5081.097,5088.323,5066.677,5087.090,1799
2026-01-26 12:30:00,5087.090,5088.364,5073.764,5073.992,1586
2026-01-26 12:45:00,5073.992,5091.379,5072.834,5083.406,1478
2026-01-26 13:00:00,5083.406,5094.247,5065.649,5066.040,1692
2026-01-26 13:15:00,5066.040,5082.678,5063.401,5081.506,1391
2026-01-26 13:30:00,5081.506,5095.000,5078.354,5079.135,1353
2026-01-26 13:45:00,5079.135,5086.460,5064.287,5085.886,1143
2026-01-26 14:00:00,5085.886,5086.040,5061.086,5075.646,1544
2026-01-26 14:15:00,5075.646,5076.708,5065.887,5075.609,1825
2026-01-26 14:30:00,5075.609,5076.087,5066.505,5069.099,1683
2026-01-26 14:45:00,5069.099,5071.538,5065.597,5071.532,1110
2026-01-26 15:00:00,5071.532,5081.482,5067.620,5077.624,1480
2026-01-26 15:15:00,5077.624,5093.238,5077.267,5081.848,1431
2026-01-26 15:30:00,5081.848,5083.316,5079.058,5080.100,1429
2026-01-26 15:45:00,5080.100,5080.765,5065.840,5067.465,1407
2026-01-26 16:00:00,5067.465,5088.969,5067.010,5088.577,1235
2026-01-26 16:15:00,5088.577,5089.177,5069.767,5086.873,1441
2026-01-26 16:30:00,5086.873,5093.036,5055.000,5065.375,1433
2026-01-26 16:45:00,5065.375,5086.146,5065.368,5085.869,1308
2026-01-26 17:00:00,5085.869,5087.288,5057.890,5074.056,1405
2026-01-26 17:15:00,5074.056,5078.051,5059.542,5077.193,1427
2026-01-26 17:30:00,5077.193,5083.975,5066.875,5074.977,1398
2026-01-26 17:45:00,5074.977,5093.577,5073.485,5080.417,1298
2026-01-26 18:00:00,5080.417,5081.961,5063.925,5075.563,1092
2026-01-26 18:15:00,5075.563,5084.735,5074.643,5075.019,1650
2026-01-26 18:30:00,5075.019,5083.151,5065.304,5080.501,876
2026-01-26 18:45:00,5080.501,5084.674,5065.017,5065.071,1457
2026-01-26 19:00:00,5065.071,5088.366,5064.811,5087.617,1283
2026-01-26 19:15:00,5087.617,5087.942,5076.373,5080.628,1640
2026-01-26 19:30:00,5080.628,5080.862,5072.980,5077.106,1596
2026-01-26 19:45:00,5077.106,5091.593,5070.915,5090.986,1917
2026-01-26 20:00:00,5090.986,5092.025,5079.189,5088.203,908
2026-01-26 20:15:00,5088.203,5095.000,5071.561,5075.157,1235
2026-01-26 20:30:00,5075.157,5091.178,5066.850,5067.339,1700
2026-01-26 20:45:00,5067.339,5089.601,5067.160,5074.911,1436
2026-01-26 21:00:00,5074.911,5083.321,5071.338,5081.317,1626
2026-01-26 21:15:00,5081.317,5087.366,5071.624,5085.917,1677
2026-01-26 21:30:00,5085.917,5086.454,5075.767,5081.492,1498
2026-01-26 21:45:00,5081.492,5082.088,5070.282,5076.584,2009
2026-01-26 22:00:00,5076.584,5084.712,5076.222,5081.366,1159
2026-01-26 22:15:00,5081.366,5086.574,5074.412,5085.477,1671
2026-01-26 22:30:00,5085.477,5085.676,5075.376,5078.606,1615
2026-01-26 22:45:00,5078.606,5083.102,5075.631,5082.975,1648
2026-01-26 23:00:00,5082.975,5085.272,5079.284,5079.766,1556
2026-01-26 23:15:00,5079.766,5087.850,5075.931,5076.810,1209
2026-01-26 23:30:00,5076.810,5082.315,5076.506,5079.367,1447
2026-01-26 23:45:00,5079.367,5083.078,5077.906,5082.000,1488
2026-01-27 00:00:00,5076.000,5077.546,5074.630,5074.863,1655
2026-01-27 00:15:00,5074.863,5077.223,5073.424,5076.555,1351
2026-01-27 00:30:00,5076.555,5077.665,5074.311,5075.716,1576
2026-01-27 00:45:00,5075.716,5078.033,5071.177,5077.389,1647
2026-01-27 01:00:00,5077.389,5078.841,5073.406,5074.666,1379
2026-01-27 01:15:00,5074.666,5075.310,5071.390,5074.554,1404
2026-01-27 01:30:00,5074.554,5082.814,5073.727,5073.923,1201
2026-01-27 01:45:00,5073.923,5074.364,5069.591,5072.987,1922
2026-01-27 02:00:00,5072.987,5079.645,5071.711,5072.412,1155
2026-01-27 02:15:00,5072.412,5079.219,5071.793,5075.825,1681
2026-01-27 02:30:00,5075.825,5086.682,5073.100,5085.438,947
2026-01-27 02:45:00,5085.438,5085.882,5068.636,5068.708,1430
2026-01-27 03:00:00,5068.708,5079.030,5068.331,5078.821,1354
2026-01-27 03:15:00,5078.821,5081.706,5072.236,5072.422,1632
2026-01-27 03:30:00,5072.422,5080.120,5072.296,5079.963,1811
2026-01-27 03:45:00,5079.963,5080.543,5076.375,5076.857,1300
2026-01-27 04:00:00,5076.857,5080.671,5075.774,5079.843,1593
2026-01-27 04:15:00,5079.843,5079.949,5076.177,5076.320,1346
2026-01-27 04:30:00,5076.320,5080.695,5072.212,5079.685,1307
2026-01-27 04:45:00,5079.685,5081.796,5072.755,5076.648,1657
2026-01-27 05:00:00,5076.648,5081.841,5076.567,5081.566,1210
2026-01-27 05:15:00,5081.566,5081.975,5074.236,5081.141,1524
2026-01-27 05:30:00,5081.141,5090.764,5068.204,5089.831,1440
2026-01-27 05:45:00,5089.831,5090.354,5080.268,5080.571,1696
2026-01-27 06:00:00,5080.571,5084.352,5074.449,5082.855,1702
2026-01-27 06:15:00,5082.855,5083.049,5070.561,5075.069,887
2026-01-27 06:30:00,5075.069,5081.468,5063.000,5063.000,1492
2026-01-27 06:45:00,5063.000,5078.530,5063.000,5063.000,1542
2026-01-27 07:00:00,5063.000,5080.801,5063.000,5080.541,1618
2026-01-27 07:15:00,5080.541,5082.050,5072.638,5073.886,1330
2026-01-27 07:30:00,5073.886,5080.545,5071.232,5076.471,1174
2026-01-27 07:45:00,5076.471,5086.358,5075.793,5085.780,1964
2026-01-27 08:00:00,5085.780,5091.251,5074.214,5090.592,1061
2026-01-27 08:15:00,5090.592,5092.295,5071.901,5072.166,1388
2026-01-27 08:30:00,5072.166,5086.248,5071.921,5074.957,1576
2026-01-27 08:45:00,5074.957,5082.916,5074.542,5080.634,1364
2026-01-27 09:00:00,5080.634,5083.822,5077.202,5077.345,1387
2026-01-27 09:15:00,5077.345,5086.053,5074.497,5074.756,1855
2026-01-27 09:30:00,5074.756,5083.023,5066.497,5082.143,1543
2026-01-27 09:45:00,5082.143,5087.839,5076.546,5079.325,1435
2026-01-27 10:00:00,5079.325,5080.068,5075.110,5080.045,1594
2026-01-27 10:15:00,5080.045,5080.325,5072.615,5072.734,1639
2026-01-27 10:30:00,5072.734,5083.832,5072.130,5075.883,1802
2026-01-27 10:45:00,5075.883,5086.477,5074.074,5086.243,1524
2026-01-27 11:00:00,5086.243,5086.817,5073.461,5074.235,1380
2026-01-27 11:15:00,5074.235,5086.224,5074.016,5086.028,1688
2026-01-27 11:30:00,5086.028,5089.176,5079.811,5087.115,1340
2026-01-27 11:45:00,5087.115,5089.975,5071.051,5075.125,1286
2026-01-27 12:00:00,5075.125,5087.147,5068.367,5069.271,1589
2026-01-27 12:15:00,5069.271,5072.470,5066.535,5067.849,1635
2026-01-27 12:30:00,5067.849,5081.493,5067.642,5068.253,1755
2026-01-27 12:45:00,5068.253,5080.573,5066.615,5067.175,1826
2026-01-27 13:00:00,5067.175,5080.084,5067.021,5077.139,1057
2026-01-27 13:15:00,5077.139,5093.920,5076.549,5093.501,1046
2026-01-27 13:30:00,5093.501,5093.938,5070.388,5078.098,1226
2026-01-27 13:45:00,5078.098,5083.775,5077.563,5083.643,1331
2026-01-27 14:00:00,5083.643,5094.000,5068.352,5076.508,1596
2026-01-27 14:15:00,5076.508,5090.476,5075.804,5084.912,1309
2026-01-27 14:30:00,5084.912,5092.661,5083.618,5092.135,1071
2026-01-27 14:45:00,5092.135,5092.282,5068.245,5075.559,1197
2026-01-27 15:00:00,5075.559,5094.000,5070.251,5083.216,1911
2026-01-27 15:15:00,5083.216,5086.070,5063.374,5085.719,1477
2026-01-27 15:30:00,5085.719,5085.960,5074.730,5075.165,1264
2026-01-27 15:45:00,5075.165,5085.384,5066.600,5078.563,1686
2026-01-27 16:00:00,5078.563,5084.536,5070.379,5083.953,1782
2026-01-27 16:15:00,5083.953,5084.310,5078.008,5080.699,1144
2026-01-27 16:30:00,5080.699,5085.430,5076.184,5084.970,1606
2026-01-27 16:45:00,5084.970,5087.076,5075.405,5076.598,1797
2026-01-27 17:00:00,5076.598,5084.789,5075.772,5076.515,1235
2026-01-27 17:15:00,5076.515,5089.088,5076.015,5088.797,1529
2026-01-27 17:30:00,5088.797,5091.546,5069.690,5087.550,1636
2026-01-27 17:45:00,5087.550,5087.697,5079.203,5083.146,1328
2026-01-27 18:00:00,5083.146,5083.645,5071.653,5072.753,1187
2026-01-27 18:15:00,5072.753,5094.000,5070.729,5081.431,1539
2026-01-27 18:30:00,5081.431,5082.876,5076.363,5076.675,1581
2026-01-27 18:45:00,5076.675,5082.942,5076.247,5080.191,1435
2026-01-27 19:00:00,5080.191,5084.488,5076.728,5082.299,1047
2026-01-27 19:15:00,5082.299,5085.296,5080.076,5080.519,1669
2026-01-27 19:30:00,5080.519,5089.556,5076.152,5076.745,1464
2026-01-27 19:45:00,5076.745,5084.829,5071.954,5078.471,1379
2026-01-27 20:00:00,5078.471,5086.527,5075.405,5080.934,1337
2026-01-27 20:15:00,5080.934,5090.923,5073.886,5074.248,1143
2026-01-27 20:30:00,5074.248,5083.064,5072.456,5082.992,1325
2026-01-27 20:45:00,5082.992,5085.880,5077.956,5081.779,1593
2026-01-27 21:00:00,5081.779,5088.154,5074.413,5075.232,1453
2026-01-27 21:15:00,5075.232,5083.631,5074.067,5074.723,1082
2026-01-27 21:30:00,5074.723,5089.312,5074.343,5088.029,1639
2026-01-27 21:45:00,5088.029,5089.102,5080.549,5083.869,1391
2026-01-27 22:00:00,5083.869,5085.003,5074.106,5083.607,1693
2026-01-27 22:15:00,5083.607,5094.000,5081.889,5094.000,1854
2026-01-27 22:30:00,5094.000,5094.000,5081.435,5084.902,1358
2026-01-27 22:45:00,5084.902,5088.022,5082.483,5086.960,1414
2026-01-27 23:00:00,5086.960,5087.194,5080.867,5081.016,1411
2026-01-27 23:15:00,5081.016,5083.200,5078.548,5082.203,1349
2026-01-27 23:30:00,5082.203,5086.595,5080.105,5082.598,1550
2026-01-27 23:45:00,5082.598,5084.573,5081.901,5083.000,1974
2026-01-28 00:00:00,5079.000,5079.487,5076.646,5076.961,1704
2026-01-28 00:15:00,5076.961,5079.569,5076.943,5079.328,1293
2026-01-28 00:30:00,5079.328,5082.796,5078.191,5080.096,1422
2026-01-28 00:45:00,5080.096,5082.007,5078.655,5078.970,1619
2026-01-28 01:00:00,5078.970,5080.632,5077.935,5080.104,1787
2026-01-28 01:15:00,5080.104,5081.361,5076.468,5076.966,1268
2026-01-28 01:30:00,5076.966,5083.050,5076.865,5078.751,1613
2026-01-28 01:45:00,5078.751,5084.588,5078.520,5079.205,1370
2026-01-28 02:00:00,5079.205,5079.962,5073.909,5074.030,2080
2026-01-28 02:15:00,5074.030,5086.484,5073.801,5080.827,1761
2026-01-28 02:30:00,5080.827,5083.804,5078.157,5082.949,1745
2026-01-28 02:45:00,5082.949,5082.973,5074.101,5074.751,1629
2026-01-28 03:00:00,5074.751,5083.231,5074.437,5082.516,947
2026-01-28 03:15:00,5082.516,5083.077,5073.947,5074.825,1335
2026-01-28 03:30:00,5074.825,5083.186,5074.621,5082.760,1263
2026-01-28 03:45:00,5082.760,5082.885,5073.719,5079.672,1406
2026-01-28 04:00:00,5079.672,5082.105,5072.750,5072.856,1272
2026-01-28 04:15:00,5072.856,5083.627,5072.647,5083.563,1496
2026-01-28 04:30:00,5083.563,5083.726,5078.556,5081.758,1524
2026-01-28 04:45:00,5081.758,5085.145,5073.395,5073.470,1366
2026-01-28 05:00:00,5073.470,5082.345,5073.118,5082.061,1794
2026-01-28 05:15:00,5082.061,5084.270,5073.560,5083.519,1657
2026-01-28 05:30:00,5083.519,5088.035,5078.733,5087.753,2052
2026-01-28 05:45:00,5087.753,5087.879,5074.832,5084.349,1339
2026-01-28 06:00:00,5084.349,5084.509,5078.755,5080.138,1703
2026-01-28 06:15:00,5080.138,5081.238,5077.290,5078.571,1523
2026-01-28 06:30:00,5078.571,5079.302,5078.227,5079.096,1433
2026-01-28 06:45:00,5079.096,5093.000,5071.000,5093.000,1593
2026-01-28 07:00:00,5093.000,5093.000,5071.854,5078.879,1239
2026-01-28 07:15:00,5078.879,5086.449,5077.172,5083.445,1130
2026-01-28 07:30:00,5083.445,5087.321,5077.556,5080.411,1432
2026-01-28 07:45:00,5080.411,5088.425,5080.277,5082.313,1298
2026-01-28 08:00:00,5082.313,5084.354,5078.854,5080.553,1165
2026-01-28 08:15:00,5080.553,5081.026,5072.226,5075.514,1342
2026-01-28 08:30:00,5075.514,5083.332,5075.426,5082.981,1364
2026-01-28 08:45:00,5082.981,5083.408,5074.890,5078.673,2005
2026-01-28 09:00:00,5078.673,5086.450,5076.797,5076.859,1371
2026-01-28 09:15:00,5076.859,5089.951,5075.735,5080.959,1405
2026-01-28 09:30:00,5080.959,5082.351,5076.992,5082.043,1142
2026-01-28 09:45:00,5082.043,5089.219,5081.466,5086.002,1190
2026-01-28 10:00:00,5086.002,5086.438,5075.976,5078.022,1499
2026-01-28 10:15:00,5078.022,5087.448,5075.932,5086.877,1469
2026-01-28 10:30:00,5086.877,5087.336,5077.440,5077.623,1605
2026-01-28 10:45:00,5077.623,5083.407,5074.462,5076.073,1314
2026-01-28 11:00:00,5076.073,5085.883,5075.552,5080.007,1993
2026-01-28 11:15:00,5080.007,5085.010,5079.808,5082.214,1235
2026-01-28 11:30:00,5082.214,5082.251,5077.186,5080.591,1373
2026-01-28 11:45:00,5080.591,5083.487,5079.407,5080.975,1776
2026-01-28 12:00:00,5080.975,5082.543,5077.712,5077.977,1184
2026-01-28 12:15:00,5077.977,5087.087,5077.045,5082.266,1622
2026-01-28 12:30:00,5082.266,5082.589,5071.875,5076.611,1186
2026-01-28 12:45:00,5076.611,5093.000,5076.222,5082.933,1467
2026-01-28 13:00:00,5082.933,5087.815,5082.708,5086.383,1232
2026-01-28 13:15:00,5086.383,5089.713,5080.169,5085.796,1672
2026-01-28 13:30:00,5085.796,5086.063,5081.076,5081.311,1499
2026-01-28 13:45:00,5081.311,5084.041,5081.178,5083.747,1923
2026-01-28 14:00:00,5083.747,5090.120,5076.120,5087.274,1382
2026-01-28 14:15:00,5087.274,5088.205,5079.960,5080.587,1582
2026-01-28 14:30:00,5080.587,5084.543,5074.158,5074.318,1686
2026-01-28 14:45:00,5074.318,5090.311,5074.055,5082.594,2030
2026-01-28 15:00:00,5082.594,5083.147,5076.119,5081.352,1503
2026-01-28 15:15:00,5081.352,5082.181,5076.551,5082.168,1473
2026-01-28 15:30:00,5082.168,5083.250,5075.646,5081.818,1663
2026-01-28 15:45:00,5081.818,5084.657,5071.000,5084.492,1494
2026-01-28 16:00:00,5084.492,5085.327,5071.000,5071.000,1559
2026-01-28 16:15:00,5071.000,5086.763,5071.000,5086.107,1683
2026-01-28 16:30:00,5086.107,5087.936,5078.223,5087.519,1286
2026-01-28 16:45:00,5087.519,5088.238,5077.491,5078.089,1697
2026-01-28 17:00:00,5078.089,5084.780,5071.820,5072.646,1664
2026-01-28 17:15:00,5072.646,5085.036,5071.706,5083.701,1668
2026-01-28 17:30:00,5083.701,5085.670,5077.871,5085.390,1622
2026-01-28 17:45:00,5085.390,5085.462,5081.044,5084.410,1377
2026-01-28 18:00:00,5084.410,5087.326,5080.528,5080.570,1606
2026-01-28 18:15:00,5080.570,5088.422,5080.138,5087.097,1395
2026-01-28 18:30:00,5087.097,5093.000,5081.855,5083.627,1982
2026-01-28 18:45:00,5083.627,5084.109,5078.050,5078.825,2104
2026-01-28 19:00:00,5078.825,5088.687,5078.517,5086.564,1347
2026-01-28 19:15:00,5086.564,5087.797,5080.256,5080.693,1119
2026-01-28 19:30:00,5080.693,5082.933,5073.081,5082.849,1647
2026-01-28 19:45:00,5082.849,5086.472,5081.040,5081.270,1881
2026-01-28 20:00:00,5081.270,5088.077,5081.057,5083.189,1498
2026-01-28 20:15:00,5083.189,5090.510,5081.389,5084.142,1193
2026-01-28 20:30:00,5084.142,5090.904,5081.423,5084.056,1681
2026-01-28 20:45:00,5084.056,5090.645,5081.691,5088.242,1709
2026-01-28 21:00:00,5088.242,5088.619,5079.738,5079.976,1086
2026-01-28 21:15:00,5079.976,5085.083,5079.551,5084.380,1522
2026-01-28 21:30:00,5084.380,5086.829,5078.951,5086.677,1515
2026-01-28 21:45:00,5086.677,5087.181,5077.927,5078.873,1390
2026-01-28 22:00:00,5078.873,5088.325,5078.544,5081.480,1896
2026-01-28 22:15:00,5081.480,5089.657,5079.445,5079.454,1537
2026-01-28 22:30:00,5079.454,5085.876,5079.181,5084.192,1279
2026-01-28 22:45:00,5084.192,5087.647,5081.038,5084.200,1761
2026-01-28 23:00:00,5084.200,5084.207,5083.409,5083.414,1395
2026-01-28 23:15:00,5083.414,5084.875,5083.170,5084.492,1570
2026-01-28 23:30:00,5084.492,5086.073,5082.032,5083.009,1913
2026-01-28 23:45:00,5083.009,5085.860,5082.488,5084.000,1587
2026-01-29 00:00:00,5082.000,5084.239,5081.814,5084.146,1319
2026-01-29 00:15:00,5084.146,5085.463,5083.863,5085.349,1623
2026-01-29 00:30:00,5085.349,5085.959,5083.933,5085.108,1634
2026-01-29 00:45:00,5085.108,5085.331,5081.912,5084.137,1612
2026-01-29 01:00:00,5084.137,5086.285,5082.730,5084.181,1846
2026-01-29 01:15:00,5084.181,5085.793,5083.349,5083.541,1476
2026-01-29 01:30:00,5083.541,5085.330,5082.608,5082.978,1624
2026-01-29 01:45:00,5082.978,5087.821,5080.988,5085.724,1098
2026-01-29 02:00:00,5085.724,5087.686,5085.289,5085.411,1751
2026-01-29 02:15:00,5085.411,5085.552,5083.526,5085.195,1224
2026-01-29 02:30:00,5085.195,5085.248,5081.795,5083.650,1199
2026-01-29 02:45:00,5083.650,5087.153,5081.617,5081.899,1697
2026-01-29 03:00:00,5081.899,5085.855,5081.713,5085.362,1537
2026-01-29 03:15:00,5085.362,5086.923,5082.713,5083.052,1511
2026-01-29 03:30:00,5083.052,5087.615,5082.981,5084.492,867
2026-01-29 03:45:00,5084.492,5085.599,5083.535,5083.768,1392
2026-01-29 04:00:00,5083.768,5086.414,5080.454,5086.095,1283
2026-01-29 04:15:00,5086.095,5089.025,5079.000,5088.674,1068
2026-01-29 04:30:00,5088.674,5088.941,5081.595,5084.141,1516
2026-01-29 04:45:00,5084.141,5088.743,5082.161,5082.464,1540
2026-01-29 05:00:00,5082.464,5090.557,5082.151,5083.094,1261
2026-01-29 05:15:00,5083.094,5086.450,5082.861,5083.141,2101
2026-01-29 05:30:00,5083.141,5089.424,5081.086,5081.149,1223
2026-01-29 05:45:00,5081.149,5086.632,5081.097,5082.676,1315
2026-01-29 06:00:00,5082.676,5086.425,5081.501,5081.597,814
2026-01-29 06:15:00,5081.597,5086.780,5081.446,5086.713,1459
2026-01-29 06:30:00,5086.713,5086.804,5083.168,5084.098,1765
2026-01-29 06:45:00,5084.098,5087.302,5083.769,5083.881,1249
2026-01-29 07:00:00,5083.881,5086.678,5083.549,5086.206,1412
2026-01-29 07:15:00,5086.206,5091.790,5083.822,5084.037,1168
2026-01-29 07:30:00,5084.037,5085.100,5082.078,5082.101,1342
2026-01-29 07:45:00,5082.101,5087.352,5081.989,5087.144,1664
2026-01-29 08:00:00,5087.144,5087.582,5083.664,5083.672,1404
2026-01-29 08:15:00,5083.672,5083.698,5081.156,5081.387,2045
2026-01-29 08:30:00,5081.387,5090.568,5079.383,5079.541,1463
2026-01-29 08:45:00,5079.541,5086.189,5079.469,5085.803,1583
2026-01-29 09:00:00,5085.803,5088.733,5082.968,5086.434,990
2026-01-29 09:15:00,5086.434,5088.399,5081.070,5081.189,1670
2026-01-29 09:30:00,5081.189,5088.626,5081.099,5088.425,1335
2026-01-29 09:45:00,5088.425,5088.659,5079.000,5083.508,1100
2026-01-29 10:00:00,5083.508,5086.891,5083.436,5086.556,1832
2026-01-29 10:15:00,5086.556,5088.120,5084.845,5084.898,1487
2026-01-29 10:30:00,5084.898,5091.995,5084.422,5084.512,1409
2026-01-29 10:45:00,5084.512,5086.617,5083.938,5086.575,1660
2026-01-29 11:00:00,5086.575,5086.709,5079.000,5079.000,1337
2026-01-29 11:15:00,5079.000,5088.893,5079.000,5085.098,1382
2026-01-29 11:30:00,5085.098,5086.911,5082.515,5082.572,1369
2026-01-29 11:45:00,5082.572,5088.516,5082.548,5086.552,1291
2026-01-29 12:00:00,5086.552,5089.773,5086.465,5087.661,1783
2026-01-29 12:15:00,5087.661,5092.000,5083.434,5091.517,1316
2026-01-29 12:30:00,5091.517,5091.601,5083.028,5083.150,1295
2026-01-29 12:45:00,5083.150,5088.129,5083.141,5085.818,1569
2026-01-29 13:00:00,5085.818,5089.409,5084.122,5089.382,1466
2026-01-29 13:15:00,5089.382,5089.472,5086.928,5087.164,1643
2026-01-29 13:30:00,5087.164,5089.229,5081.932,5089.067,1345
2026-01-29 13:45:00,5089.067,5089.125,5084.887,5087.539,1585
2026-01-29 14:00:00,5087.539,5088.683,5085.694,5088.579,1754
2026-01-29 14:15:00,5088.579,5088.706,5081.211,5088.093,1562
2026-01-29 14:30:00,5088.093,5089.931,5085.271,5085.566,1364
2026-01-29 14:45:00,5085.566,5085.714,5081.186,5085.266,1057
2026-01-29 15:00:00,5085.266,5088.752,5081.763,5082.040,1517
2026-01-29 15:15:00,5082.040,5089.693,5081.875,5085.786,1411
2026-01-29 15:30:00,5085.786,5087.611,5084.479,5086.441,2135
2026-01-29 15:45:00,5086.441,5091.762,5086.420,5087.339,1461
2026-01-29 16:00:00,5087.339,5091.768,5084.231,5091.727,1837
2026-01-29 16:15:00,5091.727,5091.984,5081.765,5081.828,1327
2026-01-29 16:30:00,5081.828,5087.566,5081.679,5084.434,1459
2026-01-29 16:45:00,5084.434,5092.000,5084.286,5084.642,1479
2026-01-29 17:00:00,5084.642,5088.432,5084.378,5088.293,1254
2026-01-29 17:15:00,5088.293,5089.051,5086.807,5089.049,1976
2026-01-29 17:30:00,5089.049,5089.501,5080.878,5080.941,2166
2026-01-29 17:45:00,5080.941,5088.031,5080.714,5086.273,1461
2026-01-29 18:00:00,5086.273,5091.474,5086.086,5091.274,1681
2026-01-29 18:15:00,5091.274,5091.854,5082.943,5087.395,1269
2026-01-29 18:30:00,5087.395,5087.643,5083.312,5086.565,1223
2026-01-29 18:45:00,5086.565,5088.632,5083.452,5084.208,1587
2026-01-29 19:00:00,5084.208,5088.560,5083.826,5088.346,1391
2026-01-29 19:15:00,5088.346,5092.000,5085.735,5092.000,1497
2026-01-29 19:30:00,5092.000,5092.000,5084.152,5088.312,1320
2026-01-29 19:45:00,5088.312,5090.912,5087.441,5090.851,828
2026-01-29 20:00:00,5090.851,5090.861,5079.000,5079.000,1319
2026-01-29 20:15:00,5079.000,5089.936,5079.000,5088.912,1569
2026-01-29 20:30:00,5088.912,5090.251,5083.273,5088.834,1689
2026-01-29 20:45:00,5088.834,5089.756,5085.886,5089.708,1396
2026-01-29 21:00:00,5089.708,5090.256,5082.805,5089.068,1152
2026-01-29 21:15:00,5089.068,5089.435,5086.634,5087.195,1164
2026-01-29 21:30:00,5087.195,5088.595,5085.173,5088.292,1458
2026-01-29 21:45:00,5088.292,5088.576,5084.069,5087.281,1369
2026-01-29 22:00:00,5087.281,5087.853,5084.428,5087.226,1480
2026-01-29 22:15:00,5087.226,5088.341,5085.159,5085.594,1648
2026-01-29 22:30:00,5085.594,5090.232,5085.569,5090.150,1257
2026-01-29 22:45:00,5090.150,5090.502,5085.607,5088.256,1486
2026-01-29 23:00:00,5088.256,5088.814,5085.745,5087.556,1428
2026-01-29 23:15:00,5087.556,5089.268,5086.412,5086.422,1658
2026-01-29 23:30:00,5086.422,5087.755,5086.173,5086.272,2102
2026-01-29 23:45:00,5086.272,5087.442,5084.639,5085.000,1444
2026-01-30 00:00:00,5082.600,5086.388,5081.842,5085.191,1023
2026-01-30 00:15:00,5085.191,5085.407,5081.638,5084.852,1634
2026-01-30 00:30:00,5084.852,5086.260,5082.237,5082.558,1183
2026-01-30 00:45:00,5082.558,5098.600,5082.317,5098.600,1837
2026-01-30 01:00:00,5098.600,5098.600,5084.829,5087.647,1366
2026-01-30 01:15:00,5087.647,5088.821,5083.575,5088.284,1566
2026-01-30 01:30:00,5088.284,5088.354,5084.135,5085.124,1095
2026-01-30 01:45:00,5085.124,5088.759,5083.682,5087.961,1766
2026-01-30 02:00:00,5087.961,5088.108,5083.365,5083.373,1553
2026-01-30 02:15:00,5083.373,5087.721,5083.158,5087.463,1812
2026-01-30 02:30:00,5087.463,5088.085,5083.275,5085.943,1441
2026-01-30 02:45:00,5085.943,5088.323,5085.539,5087.594,1302
2026-01-30 03:00:00,5087.594,5087.876,5081.998,5085.038,1153
2026-01-30 03:15:00,5085.038,5089.589,5084.987,5085.848,1444
2026-01-30 03:30:00,5085.848,5090.593,5083.522,5084.314,1700
2026-01-30 03:45:00,5084.314,5089.343,5083.067,5088.979,1318
2026-01-30 04:00:00,5088.979,5089.167,5078.200,5089.091,1607
2026-01-30 04:15:00,5089.091,5092.346,5084.646,5092.232,1843
2026-01-30 04:30:00,5092.232,5092.306,5078.200,5078.200,1949
2026-01-30 04:45:00,5078.200,5089.524,5078.200,5088.761,1511
2026-01-30 05:00:00,5088.761,5090.150,5084.636,5084.672,1379
2026-01-30 05:15:00,5084.672,5091.611,5084.387,5089.883,1358
2026-01-30 05:30:00,5089.883,5092.224,5083.605,5083.612,1313
2026-01-30 05:45:00,5083.612,5089.711,5082.616,5082.746,1504
2026-01-30 06:00:00,5082.746,5092.031,5080.580,5080.656,1603
2026-01-30 06:15:00,5080.656,5090.802,5080.260,5086.382,1289
2026-01-30 06:30:00,5086.382,5086.970,5083.328,5083.767,1831
2026-01-30 06:45:00,5083.767,5087.427,5083.448,5084.886,1385
2026-01-30 07:00:00,5084.886,5092.184,5084.708,5087.766,1677
2026-01-30 07:15:00,5087.766,5092.450,5084.653,5084.734,1226
2026-01-30 07:30:00,5084.734,5088.141,5080.778,5081.711,1150
2026-01-30 07:45:00,5081.711,5088.653,5081.619,5088.533,1444
2026-01-30 08:00:00,5088.533,5088.861,5081.282,5081.454,1528
2026-01-30 08:15:00,5081.454,5089.805,5080.994,5085.272,1741
2026-01-30 08:30:00,5085.272,5091.176,5084.968,5087.447,1653
2026-01-30 08:45:00,5087.447,5090.914,5085.510,5090.824,1611
2026-01-30 09:00:00,5090.824,5091.703,5085.296,5091.502,1506
2026-01-30 09:15:00,5091.502,5091.582,5083.521,5086.794,1106
2026-01-30 09:30:00,5086.794,5091.279,5082.748,5090.529,1576
2026-01-30 09:45:00,5090.529,5092.206,5085.212,5091.353,1656
2026-01-30 10:00:00,5091.353,5095.925,5084.369,5086.808,1563
2026-01-30 10:15:00,5086.808,5093.860,5086.748,5088.155,1471
2026-01-30 10:30:00,5088.155,5092.965,5079.813,5085.966,1680
2026-01-30 10:45:00,5085.966,5092.476,5085.709,5090.458,1887
2026-01-30 11:00:00,5090.458,5092.319,5088.867,5089.449,1565
2026-01-30 11:15:00,5089.449,5093.447,5079.713,5084.708,1132
2026-01-30 11:30:00,5084.708,5089.757,5084.524,5088.016,1137
2026-01-30 11:45:00,5088.016,5088.504,5080.470,5084.232,1734
2026-01-30 12:00:00,5084.232,5091.195,5082.194,5084.746,1110
2026-01-30 12:15:00,5084.746,5089.931,5084.149,5086.049,1534
2026-01-30 12:30:00,5086.049,5089.632,5083.970,5084.272,1359
2026-01-30 12:45:00,5084.272,5090.161,5083.291,5083.518,1333
2026-01-30 13:00:00,5083.518,5089.082,5083.431,5088.687,1144
2026-01-30 13:15:00,5088.687,5091.865,5087.516,5091.624,1989
2026-01-30 13:30:00,5091.624,5092.080,5089.782,5089.829,1359
2026-01-30 13:45:00,5089.829,5092.759,5081.948,5082.404,1926
2026-01-30 14:00:00,5082.404,5088.981,5082.386,5088.183,1638
2026-01-30 14:15:00,5088.183,5095.828,5084.997,5095.767,1407
2026-01-30 14:30:00,5095.767,5095.886,5086.027,5086.235,1357
2026-01-30 14:45:00,5086.235,5089.187,5084.620,5088.792,1354
2026-01-30 15:00:00,5088.792,5095.302,5088.150,5088.314,917
2026-01-30 15:15:00,5088.314,5092.106,5087.832,5088.225,1288
2026-01-30 15:30:00,5088.225,5091.313,5083.987,5084.463,1538
2026-01-30 15:45:00,5084.463,5089.523,5084.151,5086.159,1557
2026-01-30 16:00:00,5086.159,5090.427,5085.591,5086.587,1398
2026-01-30 16:15:00,5086.587,5089.921,5085.128,5085.616,1401
2026-01-30 16:30:00,5085.616,5091.513,5085.166,5089.073,1679
2026-01-30 16:45:00,5089.073,5089.618,5085.701,5085.841,1656
2026-01-30 17:00:00,5085.841,5096.090,5085.467,5091.149,1144
2026-01-30 17:15:00,5091.149,5092.228,5084.467,5086.876,1333
2026-01-30 17:30:00,5086.876,5096.364,5086.833,5095.925,1178
2026-01-30 17:45:00,5095.925,5096.010,5085.291,5087.304,1767
2026-01-30 18:00:00,5087.304,5093.610,5087.219,5093.473,1299
2026-01-30 18:15:00,5093.473,5098.600,5086.962,5098.600,1425
2026-01-30 18:30:00,5098.600,5098.600,5087.845,5090.300,1310
2026-01-30 18:45:00,5090.300,5092.455,5089.966,5091.220,1608
2026-01-30 19:00:00,5091.220,5092.794,5086.562,5087.332,1613
2026-01-30 19:15:00,5087.332,5096.115,5087.050,5092.166,1501
2026-01-30 19:30:00,5092.166,5092.645,5088.655,5089.033,1690
2026-01-30 19:45:00,5089.033,5094.435,5083.811,5094.187,1966
2026-01-30 20:00:00,5094.187,5094.333,5085.077,5092.440,1367
2026-01-30 20:15:00,5092.440,5093.257,5089.078,5091.411,1698
2026-01-30 20:30:00,5091.411,5091.751,5085.365,5090.401,1838
2026-01-30 20:45:00,5090.401,5091.701,5086.168,5091.351,1358
2026-01-30 21:00:00,5091.351,5093.518,5089.315,5089.797,1474
2026-01-30 21:15:00,5089.797,5097.176,5087.494,5092.131,1960
2026-01-30 21:30:00,5092.131,5095.546,5090.400,5091.290,2232
2026-01-30 21:45:00,5091.290,5092.252,5088.334,5088.384,1716
2026-01-30 22:00:00,5088.384,5092.733,5088.159,5092.420,1694
2026-01-30 22:15:00,5092.420,5093.169,5090.146,5093.096,1647
2026-01-30 22:30:00,5093.096,5093.119,5086.642,5086.657,1833
2026-01-30 22:45:00,5086.657,5092.981,5086.543,5092.207,1326
2026-01-30 23:00:00,5092.207,5092.738,5090.348,5090.695,1798
2026-01-30 23:15:00,5090.695,5091.779,5090.229,5091.276,1198
2026-01-30 23:30:00,5091.276,5093.002,5088.992,5090.937,1506
2026-01-30 23:45:00,5090.937,5091.977,5089.566,5089.600,1775
2026-02-02 00:00:00,5084.400,5090.778,5083.384,5087.707,1819
2026-02-02 00:15:00,5087.707,5090.500,5085.055,5090.085,1479
2026-02-02 00:30:00,5090.085,5091.946,5086.541,5091.248,1014
2026-02-02 00:45:00,5091.248,5093.486,5084.575,5093.053,1627
2026-02-02 01:00:00,5093.053,5093.701,5088.978,5090.267,1702
2026-02-02 01:15:00,5090.267,5097.360,5087.817,5097.230,1703
2026-02-02 01:30:00,5097.230,5097.979,5089.636,5093.250,1547
2026-02-02 01:45:00,5093.250,5093.543,5089.416,5089.909,1510
2026-02-02 02:00:00,5089.909,5097.252,5080.289,5081.873,1564
2026-02-02 02:15:00,5081.873,5093.847,5081.038,5081.842,1524
2026-02-02 02:30:00,5081.842,5092.899,5081.189,5092.135,1327
2026-02-02 02:45:00,5092.135,5098.007,5083.092,5083.382,1629
2026-02-02 03:00:00,5083.382,5096.203,5083.281,5093.217,1653
2026-02-02 03:15:00,5093.217,5096.017,5079.409,5086.429,1174
2026-02-02 03:30:00,5086.429,5105.700,5086.114,5105.642,1468
2026-02-02 03:45:00,5105.642,5105.881,5084.258,5088.816,1539
2026-02-02 04:00:00,5088.816,5098.837,5087.563,5093.476,1067
2026-02-02 04:15:00,5093.476,5099.656,5087.702,5098.083,1650
2026-02-02 04:30:00,5098.083,5099.218,5075.800,5075.800,1657
2026-02-02 04:45:00,5075.800,5102.191,5075.800,5097.962,2087
2026-02-02 05:00:00,5097.962,5106.033,5092.853,5104.909,1449
2026-02-02 05:15:00,5104.909,5106.931,5088.594,5099.615,1657
2026-02-02 05:30:00,5099.615,5101.279,5090.140,5091.067,1586
2026-02-02 05:45:00,5091.067,5104.776,5090.945,5097.487,1735
2026-02-02 06:00:00,5097.487,5097.750,5082.487,5089.404,1886
2026-02-02 06:15:00,5089.404,5108.634,5077.867,5108.285,1783
2026-02-02 06:30:00,5108.285,5108.914,5079.971,5080.303,1423
2026-02-02 06:45:00,5080.303,5101.760,5079.146,5092.228,1706
2026-02-02 07:00:00,5092.228,5100.364,5089.791,5091.417,1712
2026-02-02 07:15:00,5091.417,5092.381,5078.944,5084.992,1401
2026-02-02 07:30:00,5084.992,5106.795,5084.702,5106.695,1186
2026-02-02 07:45:00,5106.695,5107.317,5081.944,5090.846,1727
2026-02-02 08:00:00,5090.846,5118.400,5090.278,5109.099,1845
2026-02-02 08:15:00,5109.099,5109.770,5092.041,5092.830,1374
2026-02-02 08:30:00,5092.830,5101.408,5089.491,5101.076,1543
2026-02-02 08:45:00,5101.076,5108.801,5090.111,5090.628,1441
2026-02-02 09:00:00,5090.628,5106.460,5083.719,5106.408,1878
2026-02-02 09:15:00,5106.408,5109.120,5099.869,5100.101,1992
2026-02-02 09:30:00,5100.101,5108.677,5087.432,5087.986,1591
2026-02-02 09:45:00,5087.986,5111.689,5086.932,5088.430,1207
2026-02-02 10:00:00,5088.430,5103.512,5088.230,5098.006,1233
2026-02-02 10:15:00,5098.006,5110.839,5097.922,5101.438,1432
2026-02-02 10:30:00,5101.438,5110.254,5089.576,5096.427,1987
2026-02-02 10:45:00,5096.427,5118.400,5086.799,5087.444,1501
2026-02-02 11:00:00,5087.444,5101.723,5086.579,5101.516,1644
2026-02-02 11:15:00,5101.516,5118.400,5098.134,5098.596,1722
2026-02-02 11:30:00,5098.596,5109.145,5075.800,5075.800,1321
2026-02-02 11:45:00,5075.800,5108.501,5075.800,5103.647,1646
2026-02-02 12:00:00,5103.647,5115.452,5089.650,5114.967,1163
2026-02-02 12:15:00,5114.967,5115.008,5088.180,5088.354,1546
2026-02-02 12:30:00,5088.354,5105.312,5087.625,5095.444,1732
2026-02-02 12:45:00,5095.444,5107.289,5094.612,5100.581,1446
2026-02-02 13:00:00,5100.581,5107.636,5092.661,5106.476,1493
2026-02-02 13:15:00,5106.476,5108.040,5088.663,5088.958,2163
2026-02-02 13:30:00,5088.958,5109.125,5088.228,5108.471,1606
2026-02-02 13:45:00,5108.471,5108.490,5093.427,5093.679,1368
2026-02-02 14:00:00,5093.679,5109.803,5092.966,5109.333,1554
2026-02-02 14:15:00,5109.333,5118.218,5095.743,5117.107,1395
2026-02-02 14:30:00,5117.107,5117.351,5092.643,5112.527,1861
2026-02-02 14:45:00,5112.527,5114.447,5090.908,5098.413,1757
2026-02-02 15:00:00,5098.413,5107.089,5098.038,5101.997,1482
2026-02-02 15:15:00,5101.997,5106.681,5097.652,5104.288,1162
2026-02-02 15:30:00,5104.288,5106.302,5090.082,5105.308,1008
2026-02-02 15:45:00,5105.308,5106.048,5095.468,5098.433,1661
2026-02-02 16:00:00,5098.433,5115.486,5097.846,5115.443,1613
2026-02-02 16:15:00,5115.443,5118.400,5080.180,5105.830,1393
2026-02-02 16:30:00,5105.830,5111.557,5099.159,5109.308,1636
2026-02-02 16:45:00,5109.308,5115.220,5091.846,5103.491,1337
2026-02-02 17:00:00,5103.491,5118.400,5092.655,5101.830,1331
2026-02-02 17:15:00,5101.830,5111.833,5097.994,5111.578,1663
2026-02-02 17:30:00,5111.578,5111.631,5090.209,5090.657,1397
2026-02-02 17:45:00,5090.657,5114.329,5090.569,5102.241,1652
2026-02-02 18:00:00,5102.241,5112.547,5100.886,5110.492,1874
2026-02-02 18:15:00,5110.492,5111.215,5104.158,5105.783,1556
2026-02-02 18:30:00,5105.783,5111.927,5095.551,5111.198,2119
2026-02-02 18:45:00,5111.198,5111.537,5095.540,5098.144,1335
2026-02-02 19:00:00,5098.144,5116.280,5097.126,5107.795,1354
2026-02-02 19:15:00,5107.795,5109.157,5087.633,5101.563,1223
2026-02-02 19:30:00,5101.563,5108.305,5097.808,5099.190,1257
2026-02-02 19:45:00,5099.190,5107.010,5098.295,5106.669,1200
2026-02-02 20:00:00,5106.669,5109.484,5097.586,5109.345,1366
2026-02-02 20:15:00,5109.345,5113.507,5100.815,5101.399,1156
2026-02-02 20:30:00,5101.399,5112.394,5100.422,5110.366,1379
2026-02-02 20:45:00,5110.366,5111.689,5099.786,5109.011,1181
2026-02-02 21:00:00,5109.011,5113.368,5108.304,5108.580,1414
2026-02-02 21:15:00,5108.580,5109.438,5097.888,5106.509,1465
2026-02-02 21:30:00,5106.509,5113.160,5101.924,5105.395,1809
2026-02-02 21:45:00,5105.395,5111.958,5102.618,5104.470,1781
2026-02-02 22:00:00,5104.470,5106.219,5100.678,5102.995,1245
2026-02-02 22:15:00,5102.995,5109.666,5100.890,5102.636,1255
2026-02-02 22:30:00,5102.636,5108.974,5099.022,5104.568,2358
2026-02-02 22:45:00,5104.568,5111.689,5104.218,5107.310,1652
2026-02-02 23:00:00,5107.310,5112.188,5105.242,5110.147,1843
2026-02-02 23:15:00,5110.147,5111.088,5104.654,5105.266,1307
2026-02-02 23:30:00,5105.266,5108.611,5104.687,5105.430,1542
2026-02-02 23:45:00,5105.430,5109.423,5102.580,5103.400,1772
2026-02-03 00:00:00,5085.000,5092.754,5083.550,5092.365,1783
2026-02-03 00:15:00,5092.365,5094.831,5082.856,5086.310,1489
2026-02-03 00:30:00,5086.310,5087.775,5080.694,5080.983,1345
2026-02-03 00:45:00,5080.983,5093.245,5077.300,5092.453,1637
2026-02-03 01:00:00,5092.453,5098.272,5084.833,5090.721,1403
2026-02-03 01:15:00,5090.721,5094.738,5083.076,5083.533,1466
2026-02-03 01:30:00,5083.533,5096.869,5082.989,5089.240,1456
2026-02-03 01:45:00,5089.240,5098.580,5079.565,5082.641,1553
2026-02-03 02:00:00,5082.641,5094.122,5081.343,5090.656,1459
2026-02-03 02:15:00,5090.656,5107.468,5088.561,5088.979,1139
2026-02-03 02:30:00,5088.979,5094.829,5087.513,5090.719,1660
2026-02-03 02:45:00,5090.719,5094.818,5086.720,5092.070,1573
2026-02-03 03:00:00,5092.070,5099.871,5076.239,5098.633,1567
2026-02-03 03:15:00,5098.633,5100.592,5084.370,5085.840,1198
2026-02-03 03:30:00,5085.840,5098.635,5082.423,5098.201,1159
2026-02-03 03:45:00,5098.201,5101.848,5086.276,5087.667,1368
2026-02-03 04:00:00,5087.667,5098.553,5078.273,5086.751,1407
2026-02-03 04:15:00,5086.751,5093.359,5082.315,5089.518,1439
2026-02-03 04:30:00,5089.518,5095.237,5078.982,5094.989,1716
2026-02-03 04:45:00,5094.989,5098.428,5086.094,5093.750,1267
2026-02-03 05:00:00,5093.750,5102.656,5085.246,5094.713,1854
2026-02-03 05:15:00,5094.713,5103.323,5087.418,5102.421,982
2026-02-03 05:30:00,5102.421,5102.948,5077.635,5078.895,1323
2026-02-03 05:45:00,5078.895,5101.101,5077.773,5100.645,1699
2026-02-03 06:00:00,5100.645,5101.081,5079.972,5080.304,1726
2026-02-03 06:15:00,5080.304,5102.028,5079.868,5101.746,1449
2026-02-03 06:30:00,5101.746,5105.872,5085.281,5085.781,1892
2026-02-03 06:45:00,5085.781,5110.275,5085.695,5108.224,1336
2026-02-03 07:00:00,5108.224,5110.477,5077.747,5103.352,1797
2026-02-03 07:15:00,5103.352,5113.309,5085.819,5086.715,1014
2026-02-03 07:30:00,5086.715,5115.824,5086.005,5103.033,2178
2026-02-03 07:45:00,5103.033,5103.282,5078.998,5099.187,1740
2026-02-03 08:00:00,5099.187,5109.017,5085.262,5099.774,1512
2026-02-03 08:15:00,5099.774,5108.789,5085.219,5099.665,1249
2026-02-03 08:30:00,5099.665,5112.051,5086.391,5110.197,1628
2026-02-03 08:45:00,5110.197,5111.294,5081.853,5105.518,1531
2026-02-03 09:00:00,5105.518,5108.031,5085.868,5088.828,1197
2026-02-03 09:15:00,5088.828,5104.403,5088.397,5098.873,1474
2026-02-03 09:30:00,5098.873,5125.000,5077.666,5125.000,1506
2026-02-03 09:45:00,5125.000,5125.000,5099.448,5101.500,1741
2026-02-03 10:00:00,5101.500,5107.898,5094.292,5095.457,1109
2026-02-03 10:15:00,5095.457,5103.086,5080.024,5081.665,1364
2026-02-03 10:30:00,5081.665,5111.950,5080.772,5104.272,1693
2026-02-03 10:45:00,5104.272,5105.358,5089.606,5090.365,1058
2026-02-03 11:00:00,5090.365,5107.062,5088.887,5106.087,1698
2026-02-03 11:15:00,5106.087,5108.203,5091.343,5099.087,1555
2026-02-03 11:30:00,5099.087,5105.993,5088.961,5105.934,1832
2026-02-03 11:45:00,5105.934,5107.327,5095.344,5099.049,1861
2026-02-03 12:00:00,5099.049,5105.921,5090.978,5091.636,1310
2026-02-03 12:15:00,5091.636,5116.909,5091.408,5114.104,1363
2026-02-03 12:30:00,5114.104,5116.124,5085.368,5094.140,1351
2026-02-03 12:45:00,5094.140,5111.159,5089.395,5107.784,1863
2026-02-03 13:00:00,5107.784,5109.987,5097.541,5099.532,1429
2026-02-03 13:15:00,5099.532,5110.625,5098.461,5107.503,1418
2026-02-03 13:30:00,5107.503,5107.699,5093.682,5107.379,1615
2026-02-03 13:45:00,5107.379,5117.630,5106.509,5116.536,1237
2026-02-03 14:00:00,5116.536,5117.611,5091.354,5092.779,1834
2026-02-03 14:15:00,5092.779,5116.816,5082.011,5116.141,1327
2026-02-03 14:30:00,5116.141,5121.381,5093.085,5101.137,1635
2026-02-03 14:45:00,5101.137,5125.000,5097.354,5098.891,1811
2026-02-03 15:00:00,5098.891,5099.646,5092.679,5092.750,1377
2026-02-03 15:15:00,5092.750,5100.059,5089.355,5090.696,1898
2026-02-03 15:30:00,5090.696,5108.963,5089.798,5094.345,1185
2026-02-03 15:45:00,5094.345,5118.082,5089.515,5089.761,1500
2026-02-03 16:00:00,5089.761,5121.890,5089.068,5105.098,976
2026-02-03 16:15:00,5105.098,5120.806,5104.997,5107.785,1333
2026-02-03 16:30:00,5107.785,5108.532,5094.514,5098.490,1719
2026-02-03 16:45:00,5098.490,5122.054,5097.549,5106.861,1399
2026-02-03 17:00:00,5106.861,5107.187,5092.371,5104.422,1502
2026-02-03 17:15:00,5104.422,5105.394,5090.441,5091.419,1249
2026-02-03 17:30:00,5091.419,5119.384,5091.369,5097.254,1373
2026-02-03 17:45:00,5097.254,5113.261,5075.000,5098.024,1042
2026-02-03 18:00:00,5098.024,5117.226,5086.885,5112.558,1442
2026-02-03 18:15:00,5112.558,5116.092,5095.636,5115.367,1513
2026-02-03 18:30:00,5115.367,5117.374,5086.300,5087.541,952
2026-02-03 18:45:00,5087.541,5124.081,5086.299,5122.713,1769
2026-02-03 19:00:00,5122.713,5125.000,5100.299,5125.000,1536
2026-02-03 19:15:00,5125.000,5125.000,5095.813,5105.402,1805
2026-02-03 19:30:00,5105.402,5114.745,5104.417,5112.558,1849
2026-02-03 19:45:00,5112.558,5112.571,5093.875,5101.376,1775
2026-02-03 20:00:00,5101.376,5112.162,5100.682,5111.607,1520
2026-02-03 20:15:00,5111.607,5125.000,5100.177,5105.076,1191
2026-02-03 20:30:00,5105.076,5115.325,5101.642,5115.183,1665
2026-02-03 20:45:00,5115.183,5122.839,5102.903,5103.104,1070
2026-02-03 21:00:00,5103.104,5118.503,5098.440,5099.398,1746
2026-02-03 21:15:00,5099.398,5113.625,5090.865,5113.199,1244
2026-02-03 21:30:00,5113.199,5114.708,5101.623,5112.809,1493
2026-02-03 21:45:00,5112.809,5116.232,5108.824,5108.997,1158
2026-02-03 22:00:00,5108.997,5111.101,5102.887,5103.187,1317
2026-02-03 22:15:00,5103.187,5109.473,5102.442,5105.390,1356
2026-02-03 22:30:00,5105.390,5105.466,5094.021,5095.552,1657
2026-02-03 22:45:00,5095.552,5111.429,5095.060,5099.032,1877
2026-02-03 23:00:00,5099.032,5111.645,5075.000,5075.000,1637
2026-02-03 23:15:00,5075.000,5114.207,5075.000,5107.360,1354
2026-02-03 23:30:00,5107.360,5112.225,5107.169,5108.699,1700
2026-02-03 23:45:00,5108.699,5113.150,5107.436,5108.000,1147
2026-02-04 00:00:00,5096.500,5098.316,5095.080,5097.330,1487
2026-02-04 00:15:00,5097.330,5098.490,5095.114,5095.320,1807
2026-02-04 00:30:00,5095.320,5099.306,5095.310,5097.056,1730
2026-02-04 00:45:00,5097.056,5100.687,5094.853,5095.806,1863
2026-02-04 01:00:00,5095.806,5103.243,5095.663,5096.583,1557
2026-02-04 01:15:00,5096.583,5099.896,5095.427,5098.405,1479
2026-02-04 01:30:00,5098.405,5099.176,5094.308,5097.776,1387
2026-02-04 01:45:00,5097.776,5103.088,5091.623,5092.281,1450
2026-02-04 02:00:00,5092.281,5105.383,5091.784,5101.859,1229
2026-02-04 02:15:00,5101.859,5123.500,5090.893,5123.500,1950
2026-02-04 02:30:00,5123.500,5123.500,5098.331,5098.498,1427
2026-02-04 02:45:00,5098.498,5103.983,5097.025,5098.505,1446
2026-02-04 03:00:00,5098.505,5113.927,5097.960,5098.594,1535
2026-02-04 03:15:00,5098.594,5102.436,5094.527,5102.395,1307
2026-02-04 03:30:00,5102.395,5106.488,5098.211,5106.438,1097
2026-02-04 03:45:00,5106.438,5106.616,5094.166,5095.686,1775
2026-02-04 04:00:00,5095.686,5104.421,5094.836,5103.908,1699
2026-02-04 04:15:00,5103.908,5114.570,5101.412,5107.364,1418
2026-02-04 04:30:00,5107.364,5108.241,5088.709,5088.780,1371
2026-02-04 04:45:00,5088.780,5101.777,5087.500,5092.812,1494
2026-02-04 05:00:00,5092.812,5109.822,5092.276,5098.155,1664
2026-02-04 05:15:00,5098.155,5110.393,5097.342,5109.948,1108
2026-02-04 05:30:00,5109.948,5110.846,5093.004,5098.201,1280
2026-02-04 05:45:00,5098.201,5104.508,5096.901,5102.876,1928
2026-02-04 06:00:00,5102.876,5112.832,5087.500,5087.500,1772
2026-02-04 06:15:00,5087.500,5099.163,5087.500,5098.577,1235
2026-02-04 06:30:00,5098.577,5104.797,5094.364,5101.496,1636
2026-02-04 06:45:00,5101.496,5104.123,5097.886,5099.318,996
2026-02-04 07:00:00,5099.318,5103.524,5096.765,5103.512,1874
2026-02-04 07:15:00,5103.512,5103.967,5087.500,5095.321,1660
2026-02-04 07:30:00,5095.321,5099.204,5090.508,5098.746,1336
2026-02-04 07:45:00,5098.746,5104.317,5093.133,5093.403,1369
2026-02-04 08:00:00,5093.403,5110.255,5093.240,5098.084,1394
2026-02-04 08:15:00,5098.084,5101.777,5087.500,5095.499,1322
2026-02-04 08:30:00,5095.499,5109.618,5095.365,5097.603,1586
2026-02-04 08:45:00,5097.603,5121.086,5092.375,5093.149,1563
2026-02-04 09:00:00,5093.149,5111.625,5091.301,5104.150,1442
2026-02-04 09:15:00,5104.150,5108.732,5092.254,5108.634,1296
2026-02-04 09:30:00,5108.634,5114.997,5093.984,5095.189,1355
2026-02-04 09:45:00,5095.189,5122.338,5089.495,5122.266,1516
2026-02-04 10:00:00,5122.266,5122.292,5104.819,5106.523,941
2026-02-04 10:15:00,5106.523,5122.430,5097.233,5105.776,1905
2026-02-04 10:30:00,5105.776,5111.154,5093.570,5093.872,1639
2026-02-04 10:45:00,5093.872,5110.102,5092.682,5109.782,1365
2026-02-04 11:00:00,5109.782,5110.121,5092.791,5101.548,1562
2026-02-04 11:15:00,5101.548,5106.962,5091.616,5106.934,1257
2026-02-04 11:30:00,5106.934,5113.690,5092.537,5106.554,1523
2026-02-04 11:45:00,5106.554,5107.637,5095.592,5095.773,1386
2026-02-04 12:00:00,5095.773,5107.228,5095.464,5098.994,1665
2026-02-04 12:15:00,5098.994,5107.176,5096.591,5106.846,1460
2026-02-04 12:30:00,5106.846,5108.116,5090.356,5104.296,1450
2026-02-04 12:45:00,5104.296,5104.512,5090.207,5099.821,1674
2026-02-04 13:00:00,5099.821,5123.500,5099.265,5113.788,1239
2026-02-04 13:15:00,5113.788,5114.234,5104.273,5110.453,1453
2026-02-04 13:30:00,5110.453,5112.623,5099.556,5112.522,1588
2026-02-04 13:45:00,5112.522,5114.391,5105.761,5105.769,2118
2026-02-04 14:00:00,5105.769,5120.332,5103.001,5119.202,1412
2026-02-04 14:15:00,5119.202,5119.751,5095.591,5096.713,946
2026-02-04 14:30:00,5096.713,5104.882,5096.443,5104.315,1305
2026-02-04 14:45:00,5104.315,5114.903,5096.124,5105.806,1533
2026-02-04 15:00:00,5105.806,5105.940,5096.617,5100.013,1129
2026-02-04 15:15:00,5100.013,5117.216,5089.398,5095.840,1199
2026-02-04 15:30:00,5095.840,5114.949,5094.800,5108.042,1552
2026-02-04 15:45:00,5108.042,5112.464,5105.387,5111.896,1541
2026-02-04 16:00:00,5111.896,5111.922,5094.689,5110.538,1113
2026-02-04 16:15:00,5110.538,5113.943,5096.925,5097.773,1426
2026-02-04 16:30:00,5097.773,5108.864,5096.971,5099.943,1621
2026-02-04 16:45:00,5099.943,5112.544,5090.835,5111.843,1478
2026-02-04 17:00:00,5111.843,5112.202,5103.383,5108.824,1482
2026-02-04 17:15:00,5108.824,5115.438,5105.295,5114.814,1152
2026-02-04 17:30:00,5114.814,5115.402,5099.121,5099.307,1486
2026-02-04 17:45:00,5099.307,5115.893,5097.822,5099.365,1413
2026-02-04 18:00:00,5099.365,5122.765,5099.238,5112.959,1591
2026-02-04 18:15:00,5112.959,5113.136,5102.180,5105.969,1578
2026-02-04 18:30:00,5105.969,5115.012,5100.272,5100.961,1029
2026-02-04 18:45:00,5100.961,5112.409,5096.862,5102.065,1239
2026-02-04 19:00:00,5102.065,5108.266,5099.585,5099.770,1495
2026-02-04 19:15:00,5099.770,5110.816,5099.437,5103.897,1446
2026-02-04 19:30:00,5103.897,5117.215,5101.126,5102.284,1169
2026-02-04 19:45:00,5102.284,5117.207,5101.107,5108.723,1672
2026-02-04 20:00:00,5108.723,5111.334,5104.994,5105.479,1597
2026-02-04 20:15:00,5105.479,5107.568,5105.093,5105.584,1418
2026-02-04 20:30:00,5105.584,5114.515,5100.849,5108.022,1392
2026-02-04 20:45:00,5108.022,5113.341,5106.715,5112.818,1400
2026-02-04 21:00:00,5112.818,5112.846,5101.036,5102.923,1435
2026-02-04 21:15:00,5102.923,5107.787,5101.804,5107.190,894
2026-02-04 21:30:00,5107.190,5115.936,5105.385,5109.731,1183
2026-02-04 21:45:00,5109.731,5112.337,5104.102,5111.746,1854
2026-02-04 22:00:00,5111.746,5115.965,5103.848,5104.246,2005
2026-02-04 22:15:00,5104.246,5110.790,5103.279,5107.201,1712
2026-02-04 22:30:00,5107.201,5117.668,5106.854,5109.158,1239
2026-02-04 22:45:00,5109.158,5113.957,5107.101,5113.296,1499
2026-02-04 23:00:00,5113.296,5113.669,5106.947,5106.951,1313
2026-02-04 23:15:00,5106.951,5112.832,5106.155,5109.330,1539
2026-02-04 23:30:00,5109.330,5110.406,5104.485,5109.270,1375
2026-02-04 23:45:00,5109.270,5112.019,5107.427,5110.000,1726
2026-02-05 00:00:00,5108.000,5108.740,5107.095,5107.395,1869
2026-02-05 00:15:00,5107.395,5107.999,5106.602,5107.608,1647
2026-02-05 00:30:00,5107.608,5109.033,5105.706,5106.741,2040
2026-02-05 00:45:00,5106.741,5110.602,5106.253,5109.366,1078
2026-02-05 01:00:00,5109.366,5110.137,5107.078,5107.857,1537
2026-02-05 01:15:00,5107.857,5108.880,5105.521,5108.237,2046
2026-02-05 01:30:00,5108.237,5110.741,5105.813,5106.685,1761
2026-02-05 01:45:00,5106.685,5110.264,5103.080,5109.487,1753
2026-02-05 02:00:00,5109.487,5111.129,5108.865,5110.680,1160
2026-02-05 02:15:00,5110.680,5111.099,5109.201,5109.654,1490
2026-02-05 02:30:00,5109.654,5110.663,5102.393,5104.699,1037
2026-02-05 02:45:00,5104.699,5112.157,5103.608,5105.594,1281
2026-02-05 03:00:00,5105.594,5108.638,5103.847,5104.086,1374
2026-02-05 03:15:00,5104.086,5109.468,5100.185,5104.223,1674
2026-02-05 03:30:00,5104.223,5112.662,5103.344,5112.533,1669
2026-02-05 03:45:00,5112.533,5112.708,5107.753,5109.426,1970
2026-02-05 04:00:00,5109.426,5111.647,5104.119,5111.531,1122
2026-02-05 04:15:00,5111.531,5115.836,5109.719,5111.283,1543
2026-02-05 04:30:00,5111.283,5111.503,5106.653,5109.882,1247
2026-02-05 04:45:00,5109.882,5113.683,5106.534,5107.747,1823
2026-02-05 05:00:00,5107.747,5108.301,5101.147,5104.015,753
2026-02-05 05:15:00,5104.015,5114.990,5103.728,5114.397,1330
2026-02-05 05:30:00,5114.397,5115.766,5105.331,5105.679,1381
2026-02-05 05:45:00,5105.679,5106.186,5100.000,5100.327,1396
2026-02-05 06:00:00,5100.327,5109.313,5100.227,5109.261,1214
2026-02-05 06:15:00,5109.261,5111.274,5104.831,5110.979,1397
2026-02-05 06:30:00,5110.979,5111.219,5103.518,5104.019,1568
2026-02-05 06:45:00,5104.019,5113.553,5103.980,5111.587,1488
2026-02-05 07:00:00,5111.587,5111.858,5102.856,5111.205,1346
2026-02-05 07:15:00,5111.205,5114.546,5100.000,5103.405,1541
2026-02-05 07:30:00,5103.405,5117.588,5102.795,5113.004,1431
2026-02-05 07:45:00,5113.004,5114.899,5101.536,5114.305,1158
2026-02-05 08:00:00,5114.305,5114.341,5104.705,5107.217,1364
2026-02-05 08:15:00,5107.217,5111.784,5101.336,5111.767,1584
2026-02-05 08:30:00,5111.767,5112.235,5106.007,5108.013,1540
2026-02-05 08:45:00,5108.013,5115.766,5107.427,5115.562,1517
2026-02-05 09:00:00,5115.562,5116.713,5104.987,5115.300,1195
2026-02-05 09:15:00,5115.300,5115.596,5109.289,5113.018,1728
2026-02-05 09:30:00,5113.018,5113.134,5102.322,5109.312,1742
2026-02-05 09:45:00,5109.312,5119.261,5105.020,5105.731,1197
2026-02-05 10:00:00,5105.731,5115.521,5105.641,5114.960,1338
2026-02-05 10:15:00,5114.960,5116.086,5101.512,5115.774,1420
2026-02-05 10:30:00,5115.774,5116.270,5109.095,5113.343,1553
2026-02-05 10:45:00,5113.343,5114.952,5106.231,5106.406,1447
2026-02-05 11:00:00,5106.406,5110.247,5100.000,5109.751,1348
2026-02-05 11:15:00,5109.751,5110.322,5103.117,5109.741,1308
2026-02-05 11:30:00,5109.741,5116.469,5103.630,5104.275,1036
2026-02-05 11:45:00,5104.275,5117.045,5104.186,5116.485,1009
2026-02-05 12:00:00,5116.485,5117.255,5108.178,5116.908,1797
2026-02-05 12:15:00,5116.908,5116.952,5102.767,5108.163,1599
2026-02-05 12:30:00,5108.163,5122.000,5105.201,5105.598,1692
2026-02-05 12:45:00,5105.598,5110.936,5103.488,5110.848,1565
2026-02-05 13:00:00,5110.848,5112.666,5105.254,5109.912,1308
2026-02-05 13:15:00,5109.912,5118.927,5109.525,5111.343,1586
2026-02-05 13:30:00,5111.343,5119.244,5105.984,5106.385,1230
2026-02-05 13:45:00,5106.385,5108.808,5101.346,5101.584,1817
2026-02-05 14:00:00,5101.584,5111.134,5100.947,5109.141,934
2026-02-05 14:15:00,5109.141,5111.564,5103.661,5104.039,1394
2026-02-05 14:30:00,5104.039,5122.000,5103.946,5122.000,1699
2026-02-05 14:45:00,5122.000,5122.000,5103.852,5104.990,1562
2026-02-05 15:00:00,5104.990,5113.753,5104.809,5113.655,1047
2026-02-05 15:15:00,5113.655,5113.898,5100.000,5110.696,1255
2026-02-05 15:30:00,5110.696,5111.648,5107.678,5110.559,1168
2026-02-05 15:45:00,5110.559,5111.172,5101.971,5102.166,907
2026-02-05 16:00:00,5102.166,5114.334,5100.018,5100.296,1639
2026-02-05 16:15:00,5100.296,5114.282,5100.000,5106.343,1242
2026-02-05 16:30:00,5106.343,5107.902,5105.548,5106.448,1056
2026-02-05 16:45:00,5106.448,5118.131,5106.092,5112.048,1860
2026-02-05 17:00:00,5112.048,5119.559,5110.664,5112.947,1327
2026-02-05 17:15:00,5112.947,5113.500,5106.592,5110.227,1637
2026-02-05 17:30:00,5110.227,5113.952,5109.564,5112.045,1175
2026-02-05 17:45:00,5112.045,5112.144,5108.881,5109.017,1513
2026-02-05 18:00:00,5109.017,5115.517,5107.524,5109.495,1413
2026-02-05 18:15:00,5109.495,5114.943,5108.955,5114.902,1647
2026-02-05 18:30:00,5114.902,5115.594,5102.529,5105.952,1968
2026-02-05 18:45:00,5105.952,5112.968,5105.125,5105.236,1741
2026-02-05 19:00:00,5105.236,5113.141,5104.983,5110.015,1304
2026-02-05 19:15:00,5110.015,5115.437,5109.479,5115.202,1234
2026-02-05 19:30:00,5115.202,5115.892,5108.805,5110.829,1582
2026-02-05 19:45:00,5110.829,5116.185,5108.500,5108.693,1129
2026-02-05 20:00:00,5108.693,5111.574,5106.694,5108.367,1544
2026-02-05 20:15:00,5108.367,5116.804,5107.784,5108.825,1268
2026-02-05 20:30:00,5108.825,5115.541,5108.627,5113.469,2010
2026-02-05 20:45:00,5113.469,5114.735,5110.285,5110.979,1862
2026-02-05 21:00:00,5110.979,5118.222,5110.744,5113.346,1668
2026-02-05 21:15:00,5113.346,5114.685,5107.709,5107.839,1540
2026-02-05 21:30:00,5107.839,5116.100,5106.948,5113.271,1277
2026-02-05 21:45:00,5113.271,5115.684,5110.684,5112.310,1630
2026-02-05 22:00:00,5112.310,5113.433,5112.126,5112.714,1817
2026-02-05 22:15:00,5112.714,5115.779,5111.954,5114.672,1816
2026-02-05 22:30:00,5114.672,5115.047,5109.664,5114.122,1953
2026-02-05 22:45:00,5114.122,5114.529,5108.553,5109.844,1747
2026-02-05 23:00:00,5109.844,5111.188,5109.669,5110.370,1446
2026-02-05 23:15:00,5110.370,5113.427,5109.941,5113.302,1865
2026-02-05 23:30:00,5113.302,5113.650,5110.085,5111.766,1222
2026-02-05 23:45:00,5111.766,5112.998,5111.315,5112.000,1153
2026-02-06 00:00:00,5109.000,5110.200,5091.477,5091.758,1693
2026-02-06 00:15:00,5091.758,5097.490,5090.874,5094.901,1348
2026-02-06 00:30:00,5094.901,5103.728,5091.857,5099.249,1436
2026-02-06 00:45:00,5099.249,5100.320,5094.104,5095.199,1238
2026-02-06 01:00:00,5095.199,5101.955,5090.000,5099.826,1854
2026-02-06 01:15:00,5099.826,5100.093,5086.069,5097.545,1543
2026-02-06 01:30:00,5097.545,5108.013,5092.957,5105.992,1917
2026-02-06 01:45:00,5105.992,5107.382,5093.647,5093.766,1216
2026-02-06 02:00:00,5093.766,5098.584,5089.185,5098.386,1662
2026-02-06 02:15:00,5098.386,5107.618,5096.295,5100.074,1518
2026-02-06 02:30:00,5100.074,5102.011,5077.881,5101.852,1649
2026-02-06 02:45:00,5101.852,5106.435,5092.809,5093.006,1994
2026-02-06 03:00:00,5093.006,5104.910,5092.146,5102.534,1304
2026-02-06 03:15:00,5102.534,5108.066,5081.958,5107.062,1267
2026-02-06 03:30:00,5107.062,5107.390,5094.793,5094.797,1953
2026-02-06 03:45:00,5094.797,5105.533,5088.557,5089.450,1884
2026-02-06 04:00:00,5089.450,5095.724,5088.467,5094.402,1408
2026-02-06 04:15:00,5094.402,5101.129,5080.365,5092.804,1528
2026-02-06 04:30:00,5092.804,5102.182,5075.958,5100.663,1346
2026-02-06 04:45:00,5100.663,5104.916,5093.072,5094.000,1592
2026-02-06 05:00:00,5094.000,5104.350,5093.505,5097.874,1265
2026-02-06 05:15:00,5097.874,5107.910,5096.960,5099.767,1428
2026-02-06 05:30:00,5099.767,5106.899,5086.161,5092.250,1807
2026-02-06 05:45:00,5092.250,5101.664,5091.518,5101.424,1292
2026-02-06 06:00:00,5101.424,5109.300,5093.010,5107.989,1240
2026-02-06 06:15:00,5107.989,5110.865,5093.070,5094.569,982
2026-02-06 06:30:00,5094.569,5110.592,5086.203,5087.451,1329
2026-02-06 06:45:00,5087.451,5104.010,5081.232,5103.893,1276
2026-02-06 07:00:00,5103.893,5107.780,5083.153,5083.438,1423
2026-02-06 07:15:00,5083.438,5092.822,5082.196,5082.771,1292
2026-02-06 07:30:00,5082.771,5097.585,5081.478,5086.461,1416
2026-02-06 07:45:00,5086.461,5108.383,5074.596,5107.529,1255
2026-02-06 08:00:00,5107.529,5107.806,5087.499,5093.509,1574
2026-02-06 08:15:00,5093.509,5096.907,5079.976,5084.399,1004
2026-02-06 08:30:00,5084.399,5104.085,5083.889,5104.036,1478
2026-02-06 08:45:00,5104.036,5104.417,5081.832,5092.108,1109
2026-02-06 09:00:00,5092.108,5092.311,5086.510,5090.969,1617
2026-02-06 09:15:00,5090.969,5098.645,5083.506,5087.621,1650
2026-02-06 09:30:00,5087.621,5104.134,5086.602,5103.215,610
2026-02-06 09:45:00,5103.215,5105.961,5077.025,5093.459,1472
2026-02-06 10:00:00,5093.459,5094.050,5077.565,5082.786,1900
2026-02-06 10:15:00,5082.786,5088.421,5082.255,5084.394,1917
2026-02-06 10:30:00,5084.394,5114.250,5073.238,5073.240,1640
2026-02-06 10:45:00,5073.240,5103.075,5071.671,5085.721,1359
2026-02-06 11:00:00,5085.721,5097.848,5068.724,5075.672,1783
2026-02-06 11:15:00,5075.672,5114.250,5074.710,5114.250,1497
2026-02-06 11:30:00,5114.250,5114.250,5068.367,5068.886,1415
2026-02-06 11:45:00,5068.886,5094.668,5068.846,5093.370,1522
2026-02-06 12:00:00,5093.370,5098.616,5072.742,5097.385,1084
2026-02-06 12:15:00,5097.385,5100.397,5084.120,5093.424,2119
2026-02-06 12:30:00,5093.424,5101.311,5092.269,5097.729,1948
2026-02-06 12:45:00,5097.729,5098.109,5086.745,5091.465,1498
2026-02-06 13:00:00,5091.465,5100.294,5071.775,5073.600,1221
2026-02-06 13:15:00,5073.600,5093.632,5072.013,5093.078,1362
2026-02-06 13:30:00,5093.078,5103.373,5087.886,5089.080,1611
2026-02-06 13:45:00,5089.080,5089.843,5080.245,5085.055,1501
2026-02-06 14:00:00,5085.055,5093.784,5075.873,5086.308,1443
2026-02-06 14:15:00,5086.308,5103.929,5077.552,5077.684,1522
2026-02-06 14:30:00,5077.684,5088.014,5066.250,5087.133,1424
2026-02-06 14:45:00,5087.133,5103.975,5072.949,5073.621,1885
2026-02-06 15:00:00,5073.621,5104.399,5071.652,5103.594,1272
2026-02-06 15:15:00,5103.594,5103.763,5073.462,5087.023,1349
2026-02-06 15:30:00,5087.023,5105.171,5083.006,5088.396,1133
2026-02-06 15:45:00,5088.396,5096.250,5071.586,5096.214,1388
2026-02-06 16:00:00,5096.214,5096.350,5067.623,5074.478,1539
2026-02-06 16:15:00,5074.478,5095.593,5073.979,5079.735,1198
2026-02-06 16:30:00,5079.735,5091.152,5079.420,5087.102,1444
2026-02-06 16:45:00,5087.102,5091.721,5084.680,5086.130,1474
2026-02-06 17:00:00,5086.130,5090.009,5083.596,5084.283,1659
2026-02-06 17:15:00,5084.283,5103.973,5080.722,5082.104,1836
2026-02-06 17:30:00,5082.104,5099.025,5078.931,5092.857,1428
2026-02-06 17:45:00,5092.857,5102.051,5078.497,5079.971,1580
2026-02-06 18:00:00,5079.971,5086.084,5066.250,5066.250,1712
2026-02-06 18:15:00,5066.250,5101.696,5066.250,5101.594,1158
2026-02-06 18:30:00,5101.594,5102.939,5079.263,5091.994,1462
2026-02-06 18:45:00,5091.994,5101.021,5090.265,5100.522,1896
2026-02-06 19:00:00,5100.522,5101.041,5069.299,5069.933,1459
2026-02-06 19:15:00,5069.933,5087.586,5069.332,5075.643,1439
2026-02-06 19:30:00,5075.643,5090.543,5071.554,5090.448,1172
2026-02-06 19:45:00,5090.448,5093.971,5081.372,5088.975,1217
2026-02-06 20:00:00,5088.975,5103.038,5087.063,5103.028,851
2026-02-06 20:15:00,5103.028,5103.508,5079.907,5084.557,1533
2026-02-06 20:30:00,5084.557,5096.332,5077.107,5093.754,1463
2026-02-06 20:45:00,5093.754,5094.739,5077.564,5078.539,1702
2026-02-06 21:00:00,5078.539,5092.776,5073.430,5091.857,1320
2026-02-06 21:15:00,5091.857,5094.402,5078.609,5080.047,1477
2026-02-06 21:30:00,5080.047,5087.904,5076.707,5087.258,1890
2026-02-06 21:45:00,5087.258,5093.594,5081.898,5091.944,1689
2026-02-06 22:00:00,5091.944,5093.109,5076.275,5077.220,1212
2026-02-06 22:15:00,5077.220,5091.733,5076.450,5081.314,1660
2026-02-06 22:30:00,5081.314,5092.734,5080.919,5083.830,1735
2026-02-06 22:45:00,5083.830,5083.968,5080.567,5080.774,1436
2026-02-06 23:00:00,5080.774,5087.279,5080.224,5085.546,1482
2026-02-06 23:15:00,5085.546,5087.444,5080.745,5081.933,1402
2026-02-06 23:30:00,5081.933,5085.313,5079.497,5082.149,1368
2026-02-06 23:45:00,5082.149,5095.594,5079.925,5094.500,1341
2026-02-09 00:00:00,5112.000,5091.000,5047.117,5050.585,1697
2026-02-09 00:15:00,5050.585,5058.486,5047.081,5047.652,1654
2026-02-09 00:30:00,5047.652,5069.768,5046.609,5059.388,1439
2026-02-09 00:45:00,5059.388,5059.626,5044.097,5057.737,1558
2026-02-09 01:00:00,5057.737,5066.563,5051.272,5062.576,1284
2026-02-09 01:15:00,5062.576,5091.000,5062.213,5091.000,1955
2026-02-09 01:30:00,5091.000,5091.000,5039.954,5044.178,1424
2026-02-09 01:45:00,5044.178,5070.555,5043.954,5047.806,1332
2026-02-09 02:00:00,5047.806,5071.803,5035.414,5070.713,1122
2026-02-09 02:15:00,5070.713,5070.996,5019.638,5043.897,1441
2026-02-09 02:30:00,5043.897,5065.743,5040.890,5065.091,1393
2026-02-09 02:45:00,5065.091,5071.518,5050.292,5069.648,1494
2026-02-09 03:00:00,5069.648,5071.030,5042.362,5056.100,1521
2026-02-09 03:15:00,5056.100,5061.160,5028.290,5053.470,1418
2026-02-09 03:30:00,5053.470,5053.579,5035.500,5038.238,2092
2026-02-09 03:45:00,5038.238,5072.832,5035.378,5042.639,1504
2026-02-09 04:00:00,5042.639,5072.007,5025.547,5029.043,1420
2026-02-09 04:15:00,5029.043,5060.181,5021.765,5057.655,1510
2026-02-09 04:30:00,5057.655,5073.432,5040.528,5071.623,1006
2026-02-09 04:45:00,5071.623,5074.276,5014.983,5024.579,1231
2026-02-09 05:00:00,5024.579,5087.783,5017.323,5021.654,1258
2026-02-09 05:15:00,5021.654,5086.448,5014.567,5014.993,1567
2026-02-09 05:30:00,5014.993,5048.362,5014.621,5044.994,1756
2026-02-09 05:45:00,5044.994,5046.301,5025.039,5044.513,1999
2026-02-09 06:00:00,5044.513,5072.106,5029.755,5032.080,1206
2026-02-09 06:15:00,5032.080,5076.154,5026.127,5074.863,1107
2026-02-09 06:30:00,5074.863,5075.518,5017.367,5035.469,1227
2026-02-09 06:45:00,5035.469,5069.144,5004.038,5067.474,1270
2026-02-09 07:00:00,5067.474,5070.674,5028.783,5036.093,1460
2026-02-09 07:15:00,5036.093,5060.170,5002.204,5039.142,1160
2026-02-09 07:30:00,5039.142,5047.207,5007.361,5010.701,2388
2026-02-09 07:45:00,5010.701,5051.050,5008.919,5045.395,1378
2026-02-09 08:00:00,5045.395,5061.485,4988.291,5058.491,1434
2026-02-09 08:15:00,5058.491,5061.445,5020.495,5042.923,1465
2026-02-09 08:30:00,5042.923,5074.858,5039.049,5072.842,945
2026-02-09 08:45:00,5072.842,5074.106,5026.904,5044.975,1479
2026-02-09 09:00:00,5044.975,5061.625,5011.820,5061.227,1578
2026-02-09 09:15:00,5061.227,5064.179,4994.683,5020.054,1799
2026-02-09 09:30:00,5020.054,5056.431,4997.038,5017.873,1296
2026-02-09 09:45:00,5017.873,5091.000,5015.278,5056.716,1791
2026-02-09 10:00:00,5056.716,5068.973,5010.676,5038.521,1201
2026-02-09 10:15:00,5038.521,5085.340,5038.276,5083.399,2104
2026-02-09 10:30:00,5083.399,5084.217,5015.630,5031.862,1480
2026-02-09 10:45:00,5031.862,5046.388,5021.286,5028.442,1721
2026-02-09 11:00:00,5028.442,5042.746,4989.849,4990.825,1527
2026-02-09 11:15:00,4990.825,5053.595,4990.589,5051.244,1505
2026-02-09 11:30:00,5051.244,5051.802,5033.922,5037.759,840
2026-02-09 11:45:00,5037.759,5053.893,4993.949,5017.211,1347
2026-02-09 12:00:00,5017.211,5033.471,4979.963,4981.635,1493
2026-02-09 12:15:00,4981.635,5053.321,4979.417,5049.187,1822
2026-02-09 12:30:00,5049.187,5049.281,5009.830,5037.969,1178
2026-02-09 12:45:00,5037.969,5049.849,5016.426,5020.994,931
2026-02-09 13:00:00,5020.994,5057.129,4997.943,5052.059,2143
2026-02-09 13:15:00,5052.059,5053.086,5000.607,5017.468,1425
2026-02-09 13:30:00,5017.468,5044.780,5001.880,5042.756,1907
2026-02-09 13:45:00,5042.756,5052.008,4998.390,5024.742,1938
2026-02-09 14:00:00,5024.742,5054.869,5000.940,5008.301,1315
2026-02-09 14:15:00,5008.301,5011.445,4965.000,4988.364,1635
2026-02-09 14:30:00,4988.364,5065.386,4988.232,5065.250,1486
2026-02-09 14:45:00,5065.250,5067.344,5000.799,5011.068,1363
2026-02-09 15:00:00,5011.068,5059.785,5010.606,5050.909,1317
2026-02-09 15:15:00,5050.909,5053.148,4990.876,4999.666,1300
2026-02-09 15:30:00,4999.666,5009.824,4995.004,5004.784,1916
2026-02-09 15:45:00,5004.784,5033.199,5000.518,5021.024,1435
2026-02-09 16:00:00,5021.024,5046.555,5001.295,5003.780,2004
2026-02-09 16:15:00,5003.780,5026.276,4969.711,4970.148,1880
2026-02-09 16:30:00,4970.148,5039.129,4967.641,5017.778,1552
2026-02-09 16:45:00,5017.778,5044.213,4988.008,5038.871,1615
2026-02-09 17:00:00,5038.871,5039.389,5009.061,5014.972,1236
2026-02-09 17:15:00,5014.972,5020.146,4990.433,5019.341,1293
2026-02-09 17:30:00,5019.341,5047.757,5000.272,5046.739,1741
2026-02-09 17:45:00,5046.739,5050.216,4965.456,5003.041,1395
2026-02-09 18:00:00,5003.041,5012.728,4983.933,4985.977,1557
2026-02-09 18:15:00,4985.977,5022.701,4982.297,5003.171,1875
2026-02-09 18:30:00,5003.171,5015.408,5001.867,5008.841,1374
2026-02-09 18:45:00,5008.841,5019.569,5006.588,5016.731,1119
2026-02-09 19:00:00,5016.731,5032.752,4999.790,5000.494,1569
2026-02-09 19:15:00,5000.494,5057.105,4997.136,5008.680,1427
2026-02-09 19:30:00,5008.680,5013.031,4985.031,4996.852,1678
2026-02-09 19:45:00,4996.852,5020.318,4995.408,5018.683,1854
2026-02-09 20:00:00,5018.683,5022.889,4985.282,4991.630,1351
2026-02-09 20:15:00,4991.630,5020.483,4987.957,5008.776,1633
2026-02-09 20:30:00,5008.776,5009.995,4986.609,4988.053,1414
2026-02-09 20:45:00,4988.053,5015.640,4985.795,5003.714,1596
2026-02-09 21:00:00,5003.714,5012.098,4989.641,5011.954,1162
2026-02-09 21:15:00,5011.954,5017.941,4998.953,5015.880,1296
2026-02-09 21:30:00,5015.880,5017.213,4980.986,5004.315,1457
2026-02-09 21:45:00,5004.315,5010.421,4965.000,4965.000,1569
2026-02-09 22:00:00,4965.000,5012.290,4965.000,5001.167,1234
2026-02-09 22:15:00,5001.167,5027.217,4985.200,5014.018,1348
2026-02-09 22:30:00,5014.018,5015.034,4979.223,4981.931,1636
2026-02-09 22:45:00,4981.931,5008.474,4981.176,5006.347,1852
2026-02-09 23:00:00,5006.347,5011.051,4991.157,4991.806,1547
2026-02-09 23:15:00,4991.806,5010.872,4989.149,4999.847,1412
2026-02-09 23:30:00,4999.847,5000.075,4990.989,4997.733,1080
2026-02-09 23:45:00,4997.733,5044.370,4991.386,5042.000,1671
2026-02-10 00:00:00,5094.500,5068.000,5048.572,5048.573,1365
2026-02-10 00:15:00,5048.573,5054.194,5041.549,5044.879,1404
2026-02-10 00:30:00,5044.879,5052.621,5044.265,5051.225,1390
2026-02-10 00:45:00,5051.225,5053.279,5037.502,5041.220,1745
2026-02-10 01:00:00,5041.220,5055.502,5040.950,5048.001,1268
2026-02-10 01:15:00,5048.001,5061.749,5043.919,5055.059,1791
2026-02-10 01:30:00,5055.059,5057.402,5036.843,5037.129,1699
2026-02-10 01:45:00,5037.129,5049.779,5034.137,5042.175,1285
2026-02-10 02:00:00,5042.175,5048.947,5031.039,5038.735,1518
2026-02-10 02:15:00,5038.735,5045.017,5034.077,5038.824,932
2026-02-10 02:30:00,5038.824,5068.000,5038.021,5041.108,1129
2026-02-10 02:45:00,5041.108,5046.907,5030.834,5036.603,1735
2026-02-10 03:00:00,5036.603,5068.000,5019.686,5022.588,1706
2026-02-10 03:15:00,5022.588,5050.131,5021.152,5046.448,1681
2026-02-10 03:30:00,5046.448,5051.619,4969.000,4969.000,1666
2026-02-10 03:45:00,4969.000,5057.663,4969.000,5017.839,1292
2026-02-10 04:00:00,5017.839,5035.381,5015.978,5022.774,1498
2026-02-10 04:15:00,5022.774,5054.035,5019.916,5053.275,1647
2026-02-10 04:30:00,5053.275,5053.585,5035.785,5036.692,995
2026-02-10 04:45:00,5036.692,5057.077,5027.062,5055.595,1292
2026-02-10 05:00:00,5055.595,5063.230,5023.580,5031.851,1456
2026-02-10 05:15:00,5031.851,5047.231,5027.631,5046.852,1214
2026-02-10 05:30:00,5046.852,5055.112,5034.108,5054.316,1518
2026-02-10 05:45:00,5054.316,5061.749,5029.904,5060.840,1258
2026-02-10 06:00:00,5060.840,5060.932,5018.551,5051.758,1626
2026-02-10 06:15:00,5051.758,5053.022,5016.543,5019.887,1315
2026-02-10 06:30:00,5019.887,5068.000,5017.511,5068.000,1623
2026-02-10 06:45:00,5068.000,5068.000,5034.875,5040.542,1745
2026-02-10 07:00:00,5040.542,5046.097,5022.348,5024.220,1731
2026-02-10 07:15:00,5024.220,5057.955,5014.269,5038.454,1277
2026-02-10 07:30:00,5038.454,5050.504,5021.941,5049.024,1485
2026-02-10 07:45:00,5049.024,5049.801,5009.972,5014.044,1809
2026-02-10 08:00:00,5014.044,5037.071,5010.175,5036.354,1700
2026-02-10 08:15:00,5036.354,5052.269,5024.136,5051.268,1552
2026-02-10 08:30:00,5051.268,5054.075,5033.077,5053.103,1582
2026-02-10 08:45:00,5053.103,5055.257,5016.504,5031.943,1220
2026-02-10 09:00:00,5031.943,5037.529,5016.627,5030.906,1306
2026-02-10 09:15:00,5030.906,5058.798,5006.164,5055.641,1626
2026-02-10 09:30:00,5055.641,5056.108,5024.550,5024.752,1394
2026-02-10 09:45:00,5024.752,5045.232,5005.416,5044.835,1588
2026-02-10 10:00:00,5044.835,5045.613,5016.764,5018.054,1425
2026-02-10 10:15:00,5018.054,5047.718,5017.951,5026.888,1812
2026-02-10 10:30:00,5026.888,5038.270,5018.480,5037.132,1419
2026-02-10 10:45:00,5037.132,5043.512,5002.773,5042.735,1614
2026-02-10 11:00:00,5042.735,5049.670,5023.760,5048.045,1391
2026-02-10 11:15:00,5048.045,5050.342,5018.772,5026.782,1368
2026-02-10 11:30:00,5026.782,5033.439,5015.715,5019.202,1383
2026-02-10 11:45:00,5019.202,5066.712,5015.074,5022.189,1359
2026-02-10 12:00:00,5022.189,5053.827,5010.720,5051.469,1758
2026-02-10 12:15:00,5051.469,5054.519,4997.568,4997.589,1292
2026-02-10 12:30:00,4997.589,5048.706,4995.323,5006.834,1217
2026-02-10 12:45:00,5006.834,5044.523,5000.153,5033.733,1539
2026-02-10 13:00:00,5033.733,5044.309,5018.543,5027.445,1476
2026-02-10 13:15:00,5027.445,5045.091,5017.092,5018.823,1808
2026-02-10 13:30:00,5018.823,5025.834,5005.598,5018.184,1554
2026-02-10 13:45:00,5018.184,5054.814,5005.136,5006.592,1597
2026-02-10 14:00:00,5006.592,5048.848,5005.243,5033.957,1361
2026-02-10 14:15:00,5033.957,5033.966,4989.530,4991.603,1237
2026-02-10 14:30:00,4991.603,5038.975,4985.537,5035.541,960
2026-02-10 14:45:00,5035.541,5036.957,5020.469,5022.402,1042
2026-02-10 15:00:00,5022.402,5035.705,5018.869,5023.654,1476
2026-02-10 15:15:00,5023.654,5047.697,5023.082,5027.726,1189
2026-02-10 15:30:00,5027.726,5030.071,4997.174,5027.117,1623
2026-02-10 15:45:00,5027.117,5050.317,5005.763,5049.920,1458
2026-02-10 16:00:00,5049.920,5051.118,4998.967,4999.786,1747
2026-02-10 16:15:00,4999.786,5035.550,4997.563,5006.540,1456
2026-02-10 16:30:00,5006.540,5037.415,5005.522,5022.930,1493
2026-02-10 16:45:00,5022.930,5035.759,5001.182,5035.309,1971
2026-02-10 17:00:00,5035.309,5036.014,5009.220,5026.373,1603
2026-02-10 17:15:00,5026.373,5033.958,4969.000,5003.476,1642
2026-02-10 17:30:00,5003.476,5037.503,5002.371,5033.588,1801
2026-02-10 17:45:00,5033.588,5033.596,5019.564,5026.680,1659
2026-02-10 18:00:00,5026.680,5036.547,5012.844,5014.759,1275
2026-02-10 18:15:00,5014.759,5014.870,5000.338,5014.468,1912
2026-02-10 18:30:00,5014.468,5018.270,4998.675,5017.792,1101
2026-02-10 18:45:00,5017.792,5018.286,4989.807,5013.654,1652
2026-02-10 19:00:00,5013.654,5024.786,5009.664,5019.954,1399
2026-02-10 19:15:00,5019.954,5039.849,5003.271,5014.081,1900
2026-02-10 19:30:00,5014.081,5016.015,4995.671,4995.682,1155
2026-02-10 19:45:00,4995.682,5013.403,4989.351,4992.010,1238
2026-02-10 20:00:00,4992.010,5008.037,4989.389,5005.968,1429
2026-02-10 20:15:00,5005.968,5022.208,4994.068,5017.995,1634
2026-02-10 20:30:00,5017.995,5019.864,5000.229,5013.017,1482
2026-02-10 20:45:00,5013.017,5014.678,4998.103,5003.988,1491
2026-02-10 21:00:00,5003.988,5012.035,4976.594,4977.321,1752
2026-02-10 21:15:00,4977.321,5023.538,4976.349,5021.434,1197
2026-02-10 21:30:00,5021.434,5028.201,4998.665,5000.613,1253
2026-02-10 21:45:00,5000.613,5025.866,4988.335,4989.733,1432
2026-02-10 22:00:00,4989.733,5021.960,4987.018,4990.370,1283
2026-02-10 22:15:00,4990.370,5010.805,4988.855,4998.226,1793
2026-02-10 22:30:00,4998.226,5019.873,4995.710,5018.492,1575
2026-02-10 22:45:00,5018.492,5021.869,5001.254,5009.003,1412
2026-02-10 23:00:00,5009.003,5010.586,4987.463,4988.522,1688
2026-02-10 23:15:00,4988.522,5010.553,4987.681,5002.591,1789
2026-02-10 23:30:00,5002.591,5006.589,5000.878,5006.257,1918
2026-02-10 23:45:00,5006.257,5030.634,4997.760,5029.500,1094
2026-02-11 00:00:00,5077.000,5045.000,5030.600,5031.568,1428
2026-02-11 00:15:00,5031.568,5034.930,5028.234,5029.863,1393
2026-02-11 00:30:00,5029.863,5040.395,5029.530,5040.324,1766
2026-02-11 00:45:00,5040.324,5040.565,5025.438,5030.801,1529
2026-02-11 01:00:00,5030.801,5045.000,5029.267,5029.839,1252
2026-02-11 01:15:00,5029.839,5030.428,5015.489,5029.539,2035
2026-02-11 01:30:00,5029.539,5030.890,5019.021,5021.009,1546
2026-02-11 01:45:00,5021.009,5045.000,5018.222,5027.819,1232
2026-02-11 02:00:00,5027.819,5045.000,5019.381,5033.066,1784
2026-02-11 02:15:00,5033.066,5035.957,5016.869,5019.282,1265
2026-02-11 02:30:00,5019.282,5045.000,5019.214,5028.270,1778
2026-02-11 02:45:00,5028.270,5031.350,5008.637,5030.993,1773
2026-02-11 03:00:00,5030.993,5035.253,4973.000,4973.000,1397
2026-02-11 03:15:00,4973.000,5026.098,4973.000,5015.860,1868
2026-02-11 03:30:00,5015.860,5031.318,5010.319,5012.905,1073
2026-02-11 03:45:00,5012.905,5030.831,5011.880,5018.659,1291
2026-02-11 04:00:00,5018.659,5033.992,5014.939,5027.000,1422
2026-02-11 04:15:00,5027.000,5033.806,5002.950,5033.122,1101
2026-02-11 04:30:00,5033.122,5033.252,5014.975,5016.136,1834
2026-02-11 04:45:00,5016.136,5029.923,5015.685,5028.145,1259
2026-02-11 05:00:00,5028.145,5028.355,5016.009,5026.385,1314
2026-02-11 05:15:00,5026.385,5038.757,5009.869,5010.777,1118
2026-02-11 05:30:00,5010.777,5026.361,4998.749,4999.293,1458
2026-02-11 05:45:00,4999.293,5021.151,4998.783,5020.561,1636
2026-02-11 06:00:00,5020.561,5030.535,5008.817,5009.414,1430
2026-02-11 06:15:00,5009.414,5012.462,5002.525,5012.398,1613
2026-02-11 06:30:00,5012.398,5018.959,4992.922,4994.310,1922
2026-02-11 06:45:00,4994.310,5022.021,4987.660,5005.159,1434
2026-02-11 07:00:00,5005.159,5037.750,4993.224,5035.597,1840
2026-02-11 07:15:00,5035.597,5037.434,5015.164,5020.318,1573
2026-02-11 07:30:00,5020.318,5031.489,4987.592,5031.209,1389
2026-02-11 07:45:00,5031.209,5039.532,5000.234,5002.403,1563
2026-02-11 08:00:00,5002.403,5032.879,4999.438,5025.944,1813
2026-02-11 08:15:00,5025.944,5026.293,5001.812,5002.097,2076
2026-02-11 08:30:00,5002.097,5044.280,5000.674,5042.903,1569
2026-02-11 08:45:00,5042.903,5044.075,4984.834,5013.746,1439
2026-02-11 09:00:00,5013.746,5018.774,4999.426,4999.613,1267
2026-02-11 09:15:00,4999.613,5022.132,4997.471,5019.797,1515
2026-02-11 09:30:00,5019.797,5024.686,4998.170,5024.017,1209
2026-02-11 09:45:00,5024.017,5026.061,5009.698,5011.192,1560
2026-02-11 10:00:00,5011.192,5014.421,4991.642,4992.001,1494
2026-02-11 10:15:00,4992.001,5031.274,4991.769,5018.062,1730
2026-02-11 10:30:00,5018.062,5021.954,4993.827,5020.970,1776
2026-02-11 10:45:00,5020.970,5024.709,5015.066,5022.421,1671
2026-02-11 11:00:00,5022.421,5030.403,4991.611,4992.513,1328
2026-02-11 11:15:00,4992.513,5012.528,4990.616,4994.392,1454
2026-02-11 11:30:00,4994.392,5025.156,4992.944,5007.575,1978
2026-02-11 11:45:00,5007.575,5022.295,4984.625,5022.154,1475
2026-02-11 12:00:00,5022.154,5023.067,5004.390,5005.622,1423
2026-02-11 12:15:00,5005.622,5023.929,4998.649,5000.507,1214
2026-02-11 12:30:00,5000.507,5017.546,4987.988,4988.723,1172
2026-02-11 12:45:00,4988.723,5005.872,4987.567,4989.536,1654
2026-02-11 13:00:00,4989.536,5018.003,4987.195,5016.917,1104
2026-02-11 13:15:00,5016.917,5017.287,5005.159,5006.132,1625
2026-02-11 13:30:00,5006.132,5031.220,4995.277,5006.337,1764
2026-02-11 13:45:00,5006.337,5018.248,4985.161,5017.570,1335
2026-02-11 14:00:00,5017.570,5018.032,4997.332,4999.151,1481
2026-02-11 14:15:00,4999.151,5019.566,4987.779,5016.091,1476
2026-02-11 14:30:00,5016.091,5016.192,4977.006,4994.739,1695
2026-02-11 14:45:00,4994.739,5022.410,4992.821,5009.344,1148
2026-02-11 15:00:00,5009.344,5010.064,4986.804,5006.927,1251
2026-02-11 15:15:00,5006.927,5010.345,4991.423,4996.748,1490
2026-02-11 15:30:00,4996.748,5023.898,4995.382,5011.276,1392
2026-02-11 15:45:00,5011.276,5011.872,4985.409,5006.341,1639
2026-02-11 16:00:00,5006.341,5045.000,5004.684,5045.000,1164
2026-02-11 16:15:00,5045.000,5045.000,5000.253,5010.828,1681
2026-02-11 16:30:00,5010.828,5011.902,4986.649,4988.717,1530
2026-02-11 16:45:00,4988.717,5028.601,4982.806,4984.837,1209
2026-02-11 17:00:00,4984.837,5007.380,4983.979,5007.275,1546
2026-02-11 17:15:00,5007.275,5008.764,4979.528,4986.555,1139
2026-02-11 17:30:00,4986.555,5005.409,4982.982,4999.279,1218
2026-02-11 17:45:00,4999.279,4999.849,4979.829,4981.605,1866
2026-02-11 18:00:00,4981.605,4995.015,4976.352,4994.989,2034
2026-02-11 18:15:00,4994.989,4997.419,4981.332,4997.352,1253
2026-02-11 18:30:00,4997.352,5005.837,4978.530,4988.896,1761
2026-02-11 18:45:00,4988.896,4998.062,4977.553,4977.643,1271
2026-02-11 19:00:00,4977.643,4989.810,4977.429,4989.494,1385
2026-02-11 19:15:00,4989.494,5008.769,4987.099,4988.602,1646
2026-02-11 19:30:00,4988.602,5008.755,4973.000,5007.024,1610
2026-02-11 19:45:00,5007.024,5007.470,4984.269,4986.683,786
2026-02-11 20:00:00,4986.683,4996.359,4973.000,4975.067,1148
2026-02-11 20:15:00,4975.067,4994.374,4974.204,4993.256,1540
2026-02-11 20:30:00,4993.256,4997.917,4981.657,4988.304,1404
2026-02-11 20:45:00,4988.304,4992.688,4980.742,4991.281,1556
2026-02-11 21:00:00,4991.281,4991.618,4976.064,4978.013,1745
2026-02-11 21:15:00,4978.013,4997.024,4976.858,4996.836,1095
2026-02-11 21:30:00,4996.836,4999.916,4973.000,4985.519,1689
2026-02-11 21:45:00,4985.519,5001.727,4980.914,4982.208,1793
2026-02-11 22:00:00,4982.208,4989.380,4980.155,4983.949,1354
2026-02-11 22:15:00,4983.949,4987.600,4973.000,4983.771,1163
2026-02-11 22:30:00,4983.771,4987.092,4977.872,4986.090,1284
2026-02-11 22:45:00,4986.090,4990.038,4973.000,4989.762,1602
2026-02-11 23:00:00,4989.762,4991.539,4973.165,4976.130,1826
2026-02-11 23:15:00,4976.130,4988.170,4974.571,4981.661,1728
2026-02-11 23:30:00,4981.661,4983.069,4974.618,4981.634,986
2026-02-11 23:45:00,4981.634,5018.563,4977.682,5017.000,1145
2026-02-12 00:00:00,5059.500,5022.000,5016.004,5018.924,1358
2026-02-12 00:15:00,5018.924,5021.302,5016.689,5019.697,1905
2026-02-12 00:30:00,5019.697,5021.383,5014.170,5015.906,1311
2026-02-12 00:45:00,5015.906,5019.052,5013.528,5017.791,1476
2026-02-12 01:00:00,5017.791,5020.197,5016.197,5019.480,1263
2026-02-12 01:15:00,5019.480,5020.363,5012.283,5014.624,996
2026-02-12 01:30:00,5014.624,5016.699,5012.325,5015.000,1210
2026-02-12 01:45:00,5015.000,5017.242,5014.196,5015.391,1023
2026-02-12 02:00:00,5015.391,5018.753,5011.469,5016.562,1570
2026-02-12 02:15:00,5016.562,5021.109,5008.816,5019.262,1376
2026-02-12 02:30:00,5019.262,5022.000,5010.857,5012.777,1553
2026-02-12 02:45:00,5012.777,5019.885,5011.556,5012.947,1590
2026-02-12 03:00:00,5012.947,5018.293,5009.438,5010.484,1218
2026-02-12 03:15:00,5010.484,5016.553,5009.850,5015.811,1282
2026-02-12 03:30:00,5015.811,5020.169,5003.981,5012.802,1591
2026-02-12 03:45:00,5012.802,5022.000,5007.672,5008.928,1449
2026-02-12 04:00:00,5008.928,5015.688,5001.317,5014.586,1661
2026-02-12 04:15:00,5014.586,5015.424,5005.743,5011.400,1752
2026-02-12 04:30:00,5011.400,5013.494,5005.157,5005.636,1359
2026-02-12 04:45:00,5005.636,5013.275,5000.693,5001.223,1668
2026-02-12 05:00:00,5001.223,5022.000,5000.024,5022.000,1634
2026-02-12 05:15:00,5022.000,5022.000,5012.261,5015.192,1602
2026-02-12 05:30:00,5015.192,5020.367,5009.637,5011.505,1689
2026-02-12 05:45:00,5011.505,5011.738,4999.156,5001.432,1480
2026-02-12 06:00:00,5001.432,5019.862,4999.967,5003.109,1588
2026-02-12 06:15:00,5003.109,5013.949,4994.519,5004.573,1804
2026-02-12 06:30:00,5004.573,5012.695,5000.404,5005.513,1545
2026-02-12 06:45:00,5005.513,5015.114,4998.882,5006.540,1356
2026-02-12 07:00:00,5006.540,5010.550,5001.761,5008.477,1079
2026-02-12 07:15:00,5008.477,5017.867,5006.866,5017.296,1681
2026-02-12 07:30:00,5017.296,5022.000,5004.760,5005.669,1020
2026-02-12 07:45:00,5005.669,5009.677,4996.141,4996.633,1445
2026-02-12 08:00:00,4996.633,5012.602,4995.365,4996.890,1769
2026-02-12 08:15:00,4996.890,5008.224,4996.740,5007.334,2102
2026-02-12 08:30:00,5007.334,5020.130,4998.734,5005.275,872
2026-02-12 08:45:00,5005.275,5005.744,5002.458,5004.049,1595
2026-02-12 09:00:00,5004.049,5020.738,4999.946,5008.466,1189
2026-02-12 09:15:00,5008.466,5012.082,5000.848,5005.103,1237
2026-02-12 09:30:00,5005.103,5005.319,5001.579,5001.628,1124
2026-02-12 09:45:00,5001.628,5005.811,4991.818,5005.023,1576
2026-02-12 10:00:00,5005.023,5005.197,4977.000,4977.000,1446
2026-02-12 10:15:00,4977.000,5008.240,4977.000,5000.149,1327
2026-02-12 10:30:00,5000.149,5013.653,4999.923,5013.153,1584
2026-02-12 10:45:00,5013.153,5013.556,5002.613,5006.121,1725
2026-02-12 11:00:00,5006.121,5006.715,4990.342,5003.016,1624
2026-02-12 11:15:00,5003.016,5013.549,4985.329,5003.294,1706
2026-02-12 11:30:00,5003.294,5004.094,4989.638,5000.485,1509
2026-02-12 11:45:00,5000.485,5009.795,4999.309,5008.116,1890
2026-02-12 12:00:00,5008.116,5008.130,4996.646,5005.989,1766
2026-02-12 12:15:00,5005.989,5006.819,4990.652,4991.345,1520
2026-02-12 12:30:00,4991.345,5007.453,4982.495,4983.424,1697
2026-02-12 12:45:00,4983.424,5001.774,4982.813,4996.173,1539
2026-02-12 13:00:00,4996.173,5015.058,4995.186,5014.450,1219
2026-02-12 13:15:00,5014.450,5015.814,4998.028,4998.714,1482
2026-02-12 13:30:00,4998.714,5004.740,4997.037,5001.840,1266
2026-02-12 13:45:00,5001.840,5002.947,4996.267,5002.190,1467
2026-02-12 14:00:00,5002.190,5003.163,4990.061,4990.078,1174
2026-02-12 14:15:00,4990.078,4999.422,4979.818,4998.419,1269
2026-02-12 14:30:00,4998.419,5002.462,4987.100,4988.599,1596
2026-02-12 14:45:00,4988.599,5000.055,4988.531,4999.289,1366
2026-02-12 15:00:00,4999.289,5000.386,4983.494,4985.190,1348
2026-02-12 15:15:00,4985.190,4995.648,4984.687,4995.103,1981
2026-02-12 15:30:00,4995.103,4995.353,4983.651,4994.620,1126
2026-02-12 15:45:00,4994.620,5002.530,4988.200,4996.146,1530
2026-02-12 16:00:00,4996.146,4996.378,4987.674,4987.796,1513
2026-02-12 16:15:00,4987.796,4998.985,4986.424,4998.517,1424
2026-02-12 16:30:00,4998.517,4998.931,4985.150,4993.287,1437
2026-02-12 16:45:00,4993.287,4995.187,4990.764,4993.133,1483
2026-02-12 17:00:00,4993.133,4997.235,4984.766,4996.807,1534
2026-02-12 17:15:00,4996.807,4999.081,4989.085,4997.659,1357
2026-02-12 17:30:00,4997.659,4999.709,4981.651,4989.883,1798
2026-02-12 17:45:00,4989.883,4997.174,4988.849,4991.110,1603
2026-02-12 18:00:00,4991.110,4993.589,4979.691,4990.094,1189
2026-02-12 18:15:00,4990.094,4994.643,4979.416,4988.719,1401
2026-02-12 18:30:00,4988.719,4991.094,4977.705,4987.470,1169
2026-02-12 18:45:00,4987.470,4996.748,4986.142,4991.457,1748
2026-02-12 19:00:00,4991.457,4991.551,4978.714,4986.829,1370
2026-02-12 19:15:00,4986.829,4996.860,4985.898,4996.129,1177
2026-02-12 19:30:00,4996.129,4997.910,4984.711,4991.784,1458
2026-02-12 19:45:00,4991.784,4991.902,4977.795,4978.236,1641
2026-02-12 20:00:00,4978.236,4988.028,4977.933,4982.734,1649
2026-02-12 20:15:00,4982.734,4991.949,4981.524,4991.781,1688
2026-02-12 20:30:00,4991.781,4993.115,4977.000,4977.000,1227
2026-02-12 20:45:00,4977.000,4989.058,4977.000,4983.129,1733
2026-02-12 21:00:00,4983.129,4990.121,4979.051,4982.284,1442
2026-02-12 21:15:00,4982.284,4986.949,4981.095,4986.682,1741
2026-02-12 21:30:00,4986.682,4988.990,4984.465,4986.016,1406
2026-02-12 21:45:00,4986.016,4986.417,4982.234,4985.366,959
2026-02-12 22:00:00,4985.366,4985.975,4981.108,4985.054,1951
2026-02-12 22:15:00,4985.054,4985.668,4980.507,4980.641,1628
2026-02-12 22:30:00,4980.641,4988.477,4978.578,4983.831,1581
2026-02-12 22:45:00,4983.831,4985.865,4979.244,4984.417,1328
2026-02-12 23:00:00,4984.417,4986.360,4981.247,4981.427,1687
2026-02-12 23:15:00,4981.427,4984.855,4978.718,4982.154,1160
2026-02-12 23:30:00,4982.154,4982.983,4977.998,4980.977,1854
2026-02-12 23:45:00,4980.977,5004.982,4979.614,5004.500,1663
2026-02-13 00:00:00,5042.000,4999.000,4998.007,4998.261,1674
2026-02-13 00:15:00,4998.261,4999.000,4998.017,4998.241,1728
2026-02-13 00:30:00,4998.241,4998.999,4997.455,4997.997,1431
2026-02-13 00:45:00,4997.997,4998.665,4997.270,4997.942,1431
2026-02-13 01:00:00,4997.942,4999.000,4997.015,4998.356,1557
2026-02-13 01:15:00,4998.356,4999.000,4995.711,4996.386,1225
2026-02-13 01:30:00,4996.386,4999.000,4996.239,4997.109,1087
2026-02-13 01:45:00,4997.109,4998.409,4996.161,4996.558,1227
2026-02-13 02:00:00,4996.558,4998.727,4996.317,4997.766,1345
2026-02-13 02:15:00,4997.766,4997.801,4995.063,4995.884,1877
2026-02-13 02:30:00,4995.884,4997.768,4995.443,4997.716,1384
2026-02-13 02:45:00,4997.716,4998.013,4996.403,4996.695,1525
2026-02-13 03:00:00,4996.695,4997.904,4994.188,4997.805,886
2026-02-13 03:15:00,4997.805,4997.922,4981.000,4995.597,1707
2026-02-13 03:30:00,4995.597,4996.601,4994.335,4996.074,1196
2026-02-13 03:45:00,4996.074,4997.383,4995.050,4997.112,1197
2026-02-13 04:00:00,4997.112,4998.155,4995.356,4995.759,1627
2026-02-13 04:15:00,4995.759,4996.526,4993.442,4995.971,1034
2026-02-13 04:30:00,4995.971,4996.701,4993.777,4995.982,1070
2026-02-13 04:45:00,4995.982,4997.137,4993.678,4995.645,1568
2026-02-13 05:00:00,4995.645,4995.739,4993.667,4993.767,1423
2026-02-13 05:15:00,4993.767,4995.418,4993.569,4995.014,1764
2026-02-13 05:30:00,4995.014,4996.200,4993.247,4993.689,1400
2026-02-13 05:45:00,4993.689,4995.319,4992.371,4994.089,1176
2026-02-13 06:00:00,4994.089,4994.952,4992.909,4994.648,1579
2026-02-13 06:15:00,4994.648,4995.383,4993.352,4995.221,1576
2026-02-13 06:30:00,4995.221,4995.565,4993.094,4995.302,1806
2026-02-13 06:45:00,4995.302,4995.652,4991.490,4992.360,1615
2026-02-13 07:00:00,4992.360,4994.106,4991.319,4994.092,1014
2026-02-13 07:15:00,4994.092,4994.988,4991.120,4991.499,1492
2026-02-13 07:30:00,4991.499,4994.906,4991.311,4993.650,1204
2026-02-13 07:45:00,4993.650,4997.007,4993.001,4993.137,1884
2026-02-13 08:00:00,4993.137,4993.681,4989.639,4992.930,1521
2026-02-13 08:15:00,4992.930,4993.573,4992.020,4992.193,1558
2026-02-13 08:30:00,4992.193,4994.490,4990.913,4993.895,1160
2026-02-13 08:45:00,4993.895,4995.039,4990.387,4990.843,1630
2026-02-13 09:00:00,4990.843,4992.747,4990.671,4992.560,1177
2026-02-13 09:15:00,4992.560,4993.802,4990.762,4993.448,1502
2026-02-13 09:30:00,4993.448,4993.633,4991.241,4991.979,2128
2026-02-13 09:45:00,4991.979,4994.201,4991.656,4993.218,1282
2026-02-13 10:00:00,4993.218,4993.247,4989.297,4990.971,1122
2026-02-13 10:15:00,4990.971,4992.862,4990.359,4992.543,1108
2026-02-13 10:30:00,4992.543,4993.201,4988.627,4988.932,1411
2026-02-13 10:45:00,4988.932,4991.899,4988.628,4989.741,1422
2026-02-13 11:00:00,4989.741,4991.434,4986.288,4986.753,1544
2026-02-13 11:15:00,4986.753,4992.092,4986.391,4989.981,1438
2026-02-13 11:30:00,4989.981,4990.177,4987.480,4987.837,1224
2026-02-13 11:45:00,4987.837,4991.289,4987.027,4991.165,1794
2026-02-13 12:00:00,4991.165,4991.915,4990.017,4990.625,1675
2026-02-13 12:15:00,4990.625,4990.721,4988.228,4989.733,1432
2026-02-13 12:30:00,4989.733,4990.851,4988.780,4990.709,1200
2026-02-13 12:45:00,4990.709,4991.703,4985.497,4988.765,1391
2026-02-13 13:00:00,4988.765,4990.851,4986.764,4987.079,1287
2026-02-13 13:15:00,4987.079,4990.578,4984.408,4989.929,1655
2026-02-13 13:30:00,4989.929,4990.703,4986.311,4990.452,1734
2026-02-13 13:45:00,4990.452,4990.478,4986.400,4988.988,1710
2026-02-13 14:00:00,4988.988,4989.080,4985.759,4986.071,1740
2026-02-13 14:15:00,4986.071,4999.000,4985.661,4999.000,1322
2026-02-13 14:30:00,4999.000,4999.000,4988.257,4990.677,1567
2026-02-13 14:45:00,4990.677,4991.121,4986.502,4987.164,1024
2026-02-13 15:00:00,4987.164,4988.302,4985.589,4986.837,1277
2026-02-13 15:15:00,4986.837,4988.248,4985.888,4986.693,2184
2026-02-13 15:30:00,4986.693,4988.053,4984.477,4984.766,1494
2026-02-13 15:45:00,4984.766,4989.449,4984.292,4988.299,1770
2026-02-13 16:00:00,4988.299,4988.998,4983.523,4987.656,1072
2026-02-13 16:15:00,4987.656,4988.023,4984.292,4987.554,1664
2026-02-13 16:30:00,4987.554,4988.194,4984.050,4985.591,1540
2026-02-13 16:45:00,4985.591,4989.447,4983.900,4984.381,1416
2026-02-13 17:00:00,4984.381,4986.077,4984.102,4985.457,1465
2026-02-13 17:15:00,4985.457,4987.436,4984.951,4986.922,1498
2026-02-13 17:30:00,4986.922,4987.108,4983.111,4986.220,1527
2026-02-13 17:45:00,4986.220,4987.752,4984.620,4987.698,1498
2026-02-13 18:00:00,4987.698,4988.397,4985.719,4986.298,1419
2026-02-13 18:15:00,4986.298,4986.744,4984.489,4985.397,1716
2026-02-13 18:30:00,4985.397,4985.747,4983.583,4984.903,1392
2026-02-13 18:45:00,4984.903,4985.670,4984.208,4984.507,1975
2026-02-13 19:00:00,4984.507,4986.210,4983.697,4986.073,1362
2026-02-13 19:15:00,4986.073,4986.083,4982.426,4982.544,1299
2026-02-13 19:30:00,4982.544,4984.735,4982.463,4983.553,1320
2026-02-13 19:45:00,4983.553,4985.326,4981.985,4982.377,1216
2026-02-13 20:00:00,4982.377,4984.854,4981.974,4984.416,1255
2026-02-13 20:15:00,4984.416,4984.586,4983.137,4983.574,1562
2026-02-13 20:30:00,4983.574,4984.689,4982.874,4983.485,1442
2026-02-13 20:45:00,4983.485,4985.272,4982.962,4983.438,1693
2026-02-13 21:00:00,4983.438,4983.839,4982.036,4982.223,1179
2026-02-13 21:15:00,4982.223,4984.128,4981.417,4982.213,1515
2026-02-13 21:30:00,4982.213,4983.406,4981.035,4982.369,1589
2026-02-13 21:45:00,4982.369,4983.647,4981.716,4982.870,1542
2026-02-13 22:00:00,4982.870,4983.208,4981.858,4982.336,1164
2026-02-13 22:15:00,4982.336,4982.811,4981.299,4981.474,1264
2026-02-13 22:30:00,4981.474,4982.652,4981.072,4982.205,1007
2026-02-13 22:45:00,4982.205,4983.392,4981.343,4981.463,1206
2026-02-13 23:00:00,4981.463,4982.492,4981.375,4981.854,1604
2026-02-13 23:15:00,4981.854,4982.721,4981.000,4981.553,1644
2026-02-13 23:30:00,4981.553,4981.977,4981.000,4981.478,1146
2026-02-13 23:45:00,4981.478,4992.009,4981.000,4992.000,1749
2026-02-16 00:00:00,5004.500,4973.500,4972.889,4973.289,1742
2026-02-16 00:15:00,4973.289,4973.500,4972.817,4972.937,1064
2026-02-16 00:30:00,4972.937,4973.500,4972.488,4972.998,1219
2026-02-16 00:45:00,4972.998,4973.271,4972.075,4972.523,1275
2026-02-16 01:00:00,4972.523,4973.053,4972.055,4972.671,1932
2026-02-16 01:15:00,4972.671,4973.161,4972.478,4972.710,1491
2026-02-16 01:30:00,4972.710,4973.220,4971.678,4971.940,1456
2026-02-16 01:45:00,4971.940,4973.213,4971.921,4972.323,1309
2026-02-16 02:00:00,4972.323,4973.245,4971.943,4972.177,1660
2026-02-16 02:15:00,4972.177,4972.790,4971.623,4972.676,1130
2026-02-16 02:30:00,4972.676,4972.748,4970.818,4971.332,1690
2026-02-16 02:45:00,4971.332,4972.500,4971.142,4972.224,1384
2026-02-16 03:00:00,4972.224,4972.698,4971.275,4971.675,1116
2026-02-16 03:15:00,4971.675,4972.072,4970.944,4971.955,1455
2026-02-16 03:30:00,4971.955,4972.509,4971.491,4971.968,1102
2026-02-16 03:45:00,4971.968,4972.282,4971.558,4971.888,1354
2026-02-16 04:00:00,4971.888,4972.335,4970.763,4971.262,1527
2026-02-16 04:15:00,4971.262,4972.139,4970.425,4972.126,1432
2026-02-16 04:30:00,4972.126,4972.131,4970.895,4971.501,1808
2026-02-16 04:45:00,4971.501,4971.574,4970.143,4970.524,1671
2026-02-16 05:00:00,4970.524,4971.974,4970.286,4970.869,1692
2026-02-16 05:15:00,4970.869,4971.740,4970.565,4970.983,1653
2026-02-16 05:30:00,4970.983,4971.465,4970.843,4970.896,1256
2026-02-16 05:45:00,4970.896,4971.026,4969.978,4970.269,1831
2026-02-16 06:00:00,4970.269,4971.266,4969.453,4971.173,1282
2026-02-16 06:15:00,4971.173,4971.583,4969.821,4970.035,1021
2026-02-16 06:30:00,4970.035,4970.672,4968.962,4969.397,1379
2026-02-16 06:45:00,4969.397,4971.355,4969.241,4969.975,1213
2026-02-16 07:00:00,4969.975,4970.250,4969.536,4970.227,1333
2026-02-16 07:15:00,4970.227,4970.625,4969.363,4970.602,1576
2026-02-16 07:30:00,4970.602,4971.803,4969.600,4969.930,1170
2026-02-16 07:45:00,4969.930,4969.957,4969.443,4969.585,1671
2026-02-16 08:00:00,4969.585,4970.656,4969.001,4969.117,1487
2026-02-16 08:15:00,4969.117,4970.697,4969.053,4969.474,1622
2026-02-16 08:30:00,4969.474,4970.128,4969.228,4969.984,1402
2026-02-16 08:45:00,4969.984,4970.097,4969.157,4969.687,1612
2026-02-16 09:00:00,4969.687,4969.941,4968.235,4968.453,1335
2026-02-16 09:15:00,4968.453,4969.723,4968.400,4969.517,1516
2026-02-16 09:30:00,4969.517,4969.865,4968.260,4969.191,1562
2026-02-16 09:45:00,4969.191,4970.101,4968.544,4968.604,1911
2026-02-16 10:00:00,4968.604,4969.545,4967.305,4967.391,1821
2026-02-16 10:15:00,4967.391,4970.161,4967.024,4969.443,867
2026-02-16 10:30:00,4969.443,4969.640,4967.863,4968.397,2028
2026-02-16 10:45:00,4968.397,4969.178,4968.109,4968.912,1316
2026-02-16 11:00:00,4968.912,4969.089,4967.734,4968.008,1363
2026-02-16 11:15:00,4968.008,4969.484,4967.334,4967.914,1822
2026-02-16 11:30:00,4967.914,4968.314,4963.000,4963.000,1314
2026-02-16 11:45:00,4963.000,4968.845,4963.000,4968.501,1672
2026-02-16 12:00:00,4968.501,4969.256,4967.718,4968.122,1332
2026-02-16 12:15:00,4968.122,4968.885,4966.909,4968.841,1283
2026-02-16 12:30:00,4968.841,4969.286,4967.059,4967.575,1560
2026-02-16 12:45:00,4967.575,4968.294,4966.931,4968.232,1488
2026-02-16 13:00:00,4968.232,4968.532,4966.328,4967.358,1395
2026-02-16 13:15:00,4967.358,4968.598,4967.022,4968.568,1237
2026-02-16 13:30:00,4968.568,4968.728,4966.961,4967.366,1672
2026-02-16 13:45:00,4967.366,4968.571,4966.901,4967.095,1029
2026-02-16 14:00:00,4967.095,4968.283,4967.066,4967.333,1368
2026-02-16 14:15:00,4967.333,4967.559,4966.546,4966.621,1195
2026-02-16 14:30:00,4966.621,4967.895,4966.500,4967.883,1385
2026-02-16 14:45:00,4967.883,4968.011,4965.514,4965.745,1365
2026-02-16 15:00:00,4965.745,4967.814,4965.652,4965.992,1003
2026-02-16 15:15:00,4965.992,4967.125,4965.404,4967.060,1544
2026-02-16 15:30:00,4967.060,4967.612,4965.380,4966.589,1787
2026-02-16 15:45:00,4966.589,4967.067,4965.153,4967.016,2106
2026-02-16 16:00:00,4967.016,4967.684,4966.415,4966.671,1332
2026-02-16 16:15:00,4966.671,4967.133,4965.858,4966.999,1596
2026-02-16 16:30:00,4966.999,4967.472,4964.887,4964.892,1334
2026-02-16 16:45:00,4964.892,4967.167,4964.393,4964.697,1932
2026-02-16 17:00:00,4964.697,4966.315,4964.601,4965.643,1316
2026-02-16 17:15:00,4965.643,4966.847,4965.506,4966.532,1027
2026-02-16 17:30:00,4966.532,4966.854,4965.229,4966.335,1273
2026-02-16 17:45:00,4966.335,4966.360,4965.402,4965.709,1787
2026-02-16 18:00:00,4965.709,4966.311,4965.146,4965.208,1273
2026-02-16 18:15:00,4965.208,4965.421,4964.351,4964.368,1718
2026-02-16 18:30:00,4964.368,4973.500,4964.149,4965.218,1572
2026-02-16 18:45:00,4965.218,4966.370,4964.913,4965.480,1718
2026-02-16 19:00:00,4965.480,4965.857,4964.381,4965.067,1687
2026-02-16 19:15:00,4965.067,4966.026,4964.243,4965.806,1709
2026-02-16 19:30:00,4965.806,4965.813,4964.082,4964.716,1432
2026-02-16 19:45:00,4964.716,4965.020,4964.211,4965.005,1534
2026-02-16 20:00:00,4965.005,4965.170,4964.382,4964.583,1380
2026-02-16 20:15:00,4964.583,4965.784,4964.237,4965.165,1235
2026-02-16 20:30:00,4965.165,4965.436,4963.743,4963.809,1326
2026-02-16 20:45:00,4963.809,4965.000,4963.690,4963.930,1548
2026-02-16 21:00:00,4963.930,4964.800,4963.804,4964.277,1481
2026-02-16 21:15:00,4964.277,4964.764,4963.354,4964.285,1460
2026-02-16 21:30:00,4964.285,4964.682,4963.754,4964.076,1504
2026-02-16 21:45:00,4964.076,4964.200,4963.174,4964.040,1874
2026-02-16 22:00:00,4964.040,4964.195,4963.197,4963.969,1750
2026-02-16 22:15:00,4963.969,4964.258,4963.005,4963.564,1448
2026-02-16 22:30:00,4963.564,4964.418,4963.382,4964.332,1816
2026-02-16 22:45:00,4964.332,4964.411,4963.000,4963.499,1072
2026-02-16 23:00:00,4963.499,4963.813,4963.210,4963.690,1278
2026-02-16 23:15:00,4963.690,4963.831,4963.272,4963.326,1431
2026-02-16 23:30:00,4963.326,4963.966,4963.067,4963.227,1724
2026-02-16 23:45:00,4963.227,4968.876,4963.000,4968.750,1468
2026-02-17 00:00:00,4992.000,4965.000,4964.709,4964.846,1189
2026-02-17 00:15:00,4964.846,4964.977,4964.507,4964.860,1772
2026-02-17 00:30:00,4964.860,4964.895,4964.493,4964.657,2068
2026-02-17 00:45:00,4964.657,4965.000,4964.597,4964.640,1351
2026-02-17 01:00:00,4964.640,4965.000,4964.411,4964.913,1689
2026-02-17 01:15:00,4964.913,4965.000,4964.022,4964.360,1272
2026-02-17 01:30:00,4964.360,4964.840,4964.087,4964.233,1770
2026-02-17 01:45:00,4964.233,4964.656,4963.880,4963.984,1663
2026-02-17 02:00:00,4963.984,4964.475,4963.955,4964.142,1172
2026-02-17 02:15:00,4964.142,4964.616,4963.736,4963.831,1467
2026-02-17 02:30:00,4963.831,4964.629,4963.751,4964.126,1366
2026-02-17 02:45:00,4964.126,4964.524,4963.396,4963.784,1574
2026-02-17 03:00:00,4963.784,4965.000,4963.588,4964.060,1338
2026-02-17 03:15:00,4964.060,4964.373,4963.775,4963.857,1501
2026-02-17 03:30:00,4963.857,4964.115,4962.980,4963.833,1535
2026-02-17 03:45:00,4963.833,4964.200,4963.148,4963.312,1597
2026-02-17 04:00:00,4963.312,4965.000,4963.103,4965.000,1913
2026-02-17 04:15:00,4965.000,4965.000,4962.939,4964.117,1774
2026-02-17 04:30:00,4964.117,4964.139,4963.228,4963.349,1007
2026-02-17 04:45:00,4963.349,4964.354,4963.151,4963.968,1612
2026-02-17 05:00:00,4963.968,4964.233,4962.399,4962.998,1383
2026-02-17 05:15:00,4962.998,4963.811,4962.870,4963.608,1225
2026-02-17 05:30:00,4963.608,4963.664,4962.678,4962.791,1310
2026-02-17 05:45:00,4962.791,4963.791,4962.473,4962.799,1466
2026-02-17 06:00:00,4962.799,4963.556,4962.649,4963.105,1455
2026-02-17 06:15:00,4963.105,4963.692,4962.996,4963.023,1337
2026-02-17 06:30:00,4963.023,4963.277,4962.056,4962.736,2040
2026-02-17 06:45:00,4962.736,4963.087,4962.213,4963.086,1028
2026-02-17 07:00:00,4963.086,4963.153,4961.290,4962.187,1429
2026-02-17 07:15:00,4962.187,4962.870,4961.743,4962.801,944
2026-02-17 07:30:00,4962.801,4962.878,4961.674,4962.584,1237
2026-02-17 07:45:00,4962.584,4962.782,4961.812,4962.638,1484
2026-02-17 08:00:00,4962.638,4963.062,4961.227,4962.271,1423
2026-02-17 08:15:00,4962.271,4962.464,4957.000,4957.000,1253
2026-02-17 08:30:00,4957.000,4962.494,4957.000,4962.444,1733
2026-02-17 08:45:00,4962.444,4962.446,4961.464,4961.570,1032
2026-02-17 09:00:00,4961.570,4962.708,4960.448,4962.531,1245
2026-02-17 09:15:00,4962.531,4963.110,4962.039,4962.734,1535
2026-02-17 09:30:00,4962.734,4962.769,4960.914,4961.806,1396
2026-02-17 09:45:00,4961.806,4961.871,4960.920,4961.828,1375
2026-02-17 10:00:00,4961.828,4962.053,4961.148,4961.556,1421
2026-02-17 10:15:00,4961.556,4962.081,4960.845,4961.895,1619
2026-02-17 10:30:00,4961.895,4962.192,4961.629,4961.812,1208
2026-02-17 10:45:00,4961.812,4962.194,4961.055,4961.474,858
2026-02-17 11:00:00,4961.474,4961.866,4960.412,4960.680,1127
2026-02-17 11:15:00,4960.680,4960.951,4960.222,4960.734,1560
2026-02-17 11:30:00,4960.734,4961.968,4960.572,4960.904,1270
2026-02-17 11:45:00,4960.904,4961.166,4960.246,4960.923,1489
2026-02-17 12:00:00,4960.923,4961.368,4960.380,4961.358,1320
2026-02-17 12:15:00,4961.358,4961.418,4959.986,4961.027,1875
2026-02-17 12:30:00,4961.027,4961.688,4960.370,4960.688,1093
2026-02-17 12:45:00,4960.688,4961.413,4959.819,4959.980,1615
2026-02-17 13:00:00,4959.980,4961.128,4959.978,4961.006,1191
2026-02-17 13:15:00,4961.006,4961.158,4960.062,4960.354,1550
2026-02-17 13:30:00,4960.354,4960.681,4960.099,4960.525,1194
2026-02-17 13:45:00,4960.525,4961.255,4959.975,4960.499,1753
2026-02-17 14:00:00,4960.499,4961.368,4959.152,4959.264,1107
2026-02-17 14:15:00,4959.264,4960.546,4958.936,4960.540,1302
2026-02-17 14:30:00,4960.540,4960.839,4959.943,4960.331,1240
2026-02-17 14:45:00,4960.331,4960.380,4959.255,4960.203,913
2026-02-17 15:00:00,4960.203,4960.752,4959.294,4959.792,1466
2026-02-17 15:15:00,4959.792,4960.659,4959.611,4960.402,1400
2026-02-17 15:30:00,4960.402,4960.630,4959.859,4960.072,1897
2026-02-17 15:45:00,4960.072,4960.280,4959.358,4959.530,1013
2026-02-17 16:00:00,4959.530,4960.112,4958.998,4959.557,1614
2026-02-17 16:15:00,4959.557,4960.293,4958.960,4959.973,1489
2026-02-17 16:30:00,4959.973,4960.103,4958.972,4959.236,1909
2026-02-17 16:45:00,4959.236,4959.962,4958.978,4959.155,1636
2026-02-17 17:00:00,4959.155,4960.074,4957.990,4959.268,1664
2026-02-17 17:15:00,4959.268,4959.809,4958.689,4959.035,1350
2026-02-17 17:30:00,4959.035,4959.386,4958.760,4959.262,1387
2026-02-17 17:45:00,4959.262,4960.308,4959.082,4959.146,2014
2026-02-17 18:00:00,4959.146,4959.401,4958.431,4958.576,1583
2026-02-17 18:15:00,4958.576,4959.666,4958.528,4958.756,1642
2026-02-17 18:30:00,4958.756,4959.258,4958.164,4958.656,1562
2026-02-17 18:45:00,4958.656,4958.923,4957.950,4958.523,1709
2026-02-17 19:00:00,4958.523,4959.045,4958.157,4958.497,1527
2026-02-17 19:15:00,4958.497,4958.874,4957.543,4958.033,1497
2026-02-17 19:30:00,4958.033,4958.806,4957.814,4957.886,1219
2026-02-17 19:45:00,4957.886,4958.704,4957.579,4958.120,1043
2026-02-17 20:00:00,4958.120,4958.688,4957.758,4958.381,1457
2026-02-17 20:15:00,4958.381,4958.658,4957.626,4957.823,1582
2026-02-17 20:30:00,4957.823,4958.337,4957.641,4957.956,1433
2026-02-17 20:45:00,4957.956,4958.073,4957.546,4957.947,1816
2026-02-17 21:00:00,4957.947,4958.333,4957.483,4958.036,1800
2026-02-17 21:15:00,4958.036,4958.646,4957.877,4958.132,1228
2026-02-17 21:30:00,4958.132,4958.176,4957.241,4957.681,1369
2026-02-17 21:45:00,4957.681,4958.410,4957.274,4957.512,1902
2026-02-17 22:00:00,4957.512,4957.988,4957.336,4957.543,1651
2026-02-17 22:15:00,4957.543,4958.265,4957.272,4958.045,1626
2026-02-17 22:30:00,4958.045,4958.074,4957.000,4957.081,1211
2026-02-17 22:45:00,4957.081,4957.952,4957.000,4957.612,1536
2026-02-17 23:00:00,4957.612,4957.708,4957.076,4957.146,1261
2026-02-17 23:15:00,4957.146,4957.401,4957.018,4957.259,1513
2026-02-17 23:30:00,4957.259,4957.459,4957.000,4957.221,1676
2026-02-17 23:45:00,4957.221,4961.184,4957.000,4961.000,1700
2026-02-18 00:00:00,4976.500,4976.536,4974.566,4975.131,1557
2026-02-18 00:15:00,4975.131,4976.981,4973.091,4976.927,1737
2026-02-18 00:30:00,4976.927,4978.696,4974.342,4977.537,1503
2026-02-18 00:45:00,4977.537,4978.514,4973.580,4975.217,1580
2026-02-18 01:00:00,4975.217,4977.371,4974.095,4977.158,1429
2026-02-18 01:15:00,4977.158,4977.379,4973.708,4976.062,1212
2026-02-18 01:30:00,4976.062,4976.450,4974.016,4976.094,1134
2026-02-18 01:45:00,4976.094,4980.080,4972.971,4978.276,1766
2026-02-18 02:00:00,4978.276,4978.928,4974.168,4978.048,1242
2026-02-18 02:15:00,4978.048,4982.074,4974.904,4975.923,1627
2026-02-18 02:30:00,4975.923,4980.006,4972.686,4973.409,1566
2026-02-18 02:45:00,4973.409,4981.722,4972.763,4973.435,1237
2026-02-18 03:00:00,4973.435,4981.054,4972.876,4974.630,1562
2026-02-18 03:15:00,4974.630,4977.005,4971.063,4975.573,1328
2026-02-18 03:30:00,4975.573,4980.558,4972.904,4973.117,1735
2026-02-18 03:45:00,4973.117,4980.676,4972.638,4979.702,1428
2026-02-18 04:00:00,4979.702,4980.176,4977.131,4977.439,1592
2026-02-18 04:15:00,4977.439,4979.074,4974.305,4978.920,1292
2026-02-18 04:30:00,4978.920,4983.173,4973.727,4974.056,2021
2026-02-18 04:45:00,4974.056,4980.926,4973.007,4977.535,1664
2026-02-18 05:00:00,4977.535,4980.131,4975.722,4980.011,1303
2026-02-18 05:15:00,4980.011,4981.933,4971.867,4981.271,1597
2026-02-18 05:30:00,4981.271,4981.908,4976.746,4979.062,1694
2026-02-18 05:45:00,4979.062,4980.162,4971.735,4975.899,1450
2026-02-18 06:00:00,4975.899,4982.989,4975.548,4980.690,1332
2026-02-18 06:15:00,4980.690,4981.158,4968.500,4968.500,1514
2026-02-18 06:30:00,4968.500,4979.332,4968.500,4975.496,1924
2026-02-18 06:45:00,4975.496,4984.009,4972.812,4983.732,1508
2026-02-18 07:00:00,4983.732,4983.931,4974.995,4981.583,1514
2026-02-18 07:15:00,4981.583,4986.690,4973.927,4986.054,1563
2026-02-18 07:30:00,4986.054,4987.190,4973.941,4986.890,927
2026-02-18 07:45:00,4986.890,4987.138,4974.604,4974.863,1306
2026-02-18 08:00:00,4974.863,4979.858,4968.500,4968.500,1780
2026-02-18 08:15:00,4968.500,4982.781,4968.500,4975.525,1375
2026-02-18 08:30:00,4975.525,4989.259,4974.984,4977.886,1922
2026-02-18 08:45:00,4977.886,4987.911,4977.773,4978.000,1728
2026-02-18 09:00:00,4978.000,4985.383,4973.456,4973.695,1589
2026-02-18 09:15:00,4973.695,4980.814,4973.443,4976.732,1810
2026-02-18 09:30:00,4976.732,4982.955,4972.972,4982.756,1534
2026-02-18 09:45:00,4982.756,4985.507,4974.775,4985.307,1789
2026-02-18 10:00:00,4985.307,4985.444,4978.023,4984.000,1823
2026-02-18 10:15:00,4984.000,4988.114,4980.793,4983.021,1456
2026-02-18 10:30:00,4983.021,4983.313,4973.563,4977.646,1622
2026-02-18 10:45:00,4977.646,4981.817,4975.433,4975.524,1435
2026-02-18 11:00:00,4975.524,4985.970,4974.349,4980.060,1816
2026-02-18 11:15:00,4980.060,4981.620,4975.907,4978.355,1694
2026-02-18 11:30:00,4978.355,4983.382,4978.016,4981.839,1335
2026-02-18 11:45:00,4981.839,4982.799,4972.140,4972.317,1499
2026-02-18 12:00:00,4972.317,4988.601,4971.479,4982.783,1538
2026-02-18 12:15:00,4982.783,4982.926,4979.354,4981.033,1326
2026-02-18 12:30:00,4981.033,4984.690,4975.383,4975.501,1711
2026-02-18 12:45:00,4975.501,4983.157,4975.437,4979.451,1591
2026-02-18 13:00:00,4979.451,4984.001,4979.249,4983.571,1301
2026-02-18 13:15:00,4983.571,4986.290,4980.691,4986.012,2118
2026-02-18 13:30:00,4986.012,4990.680,4982.259,4990.313,1908
2026-02-18 13:45:00,4990.313,4990.877,4975.124,4988.346,1630
2026-02-18 14:00:00,4988.346,4990.398,4983.329,4989.407,1820
2026-02-18 14:15:00,4989.407,4989.663,4979.377,4984.220,1387
2026-02-18 14:30:00,4984.220,4993.500,4979.317,4985.411,1506
2026-02-18 14:45:00,4985.411,4985.911,4975.753,4983.254,1407
2026-02-18 15:00:00,4983.254,4985.751,4971.110,4971.873,1649
2026-02-18 15:15:00,4971.873,4988.678,4971.418,4975.411,1764
2026-02-18 15:30:00,4975.411,4983.174,4974.782,4982.271,1090
2026-02-18 15:45:00,4982.271,4989.550,4981.158,4985.900,1618
2026-02-18 16:00:00,4985.900,4987.086,4977.156,4977.459,1730
2026-02-18 16:15:00,4977.459,4988.888,4976.738,4988.174,1544
2026-02-18 16:30:00,4988.174,4988.238,4982.889,4984.031,1505
2026-02-18 16:45:00,4984.031,4990.990,4975.866,4982.651,1602
2026-02-18 17:00:00,4982.651,4983.724,4974.934,4979.219,1075
2026-02-18 17:15:00,4979.219,4989.004,4978.639,4982.479,1809
2026-02-18 17:30:00,4982.479,4987.249,4982.307,4985.771,1963
2026-02-18 17:45:00,4985.771,4986.224,4981.512,4981.864,1607
2026-02-18 18:00:00,4981.864,4987.945,4978.995,4983.346,1369
2026-02-18 18:15:00,4983.346,4988.543,4981.894,4982.207,1257
2026-02-18 18:30:00,4982.207,4992.346,4981.832,4984.397,1106
2026-02-18 18:45:00,4984.397,4986.708,4976.128,4986.496,1303
2026-02-18 19:00:00,4986.496,4989.182,4977.810,4978.209,1149
2026-02-18 19:15:00,4978.209,4985.331,4977.790,4984.775,1054
2026-02-18 19:30:00,4984.775,4991.122,4984.323,4986.246,1203
2026-02-18 19:45:00,4986.246,4986.343,4981.269,4982.119,1277
2026-02-18 20:00:00,4982.119,4986.771,4981.816,4981.979,1817
2026-02-18 20:15:00,4981.979,4987.917,4976.639,4983.014,1631
2026-02-18 20:30:00,4983.014,4988.904,4982.205,4986.191,1394
2026-02-18 20:45:00,4986.191,4986.203,4982.597,4985.740,1500
2026-02-18 21:00:00,4985.740,4993.500,4985.366,4993.500,1658
2026-02-18 21:15:00,4993.500,4993.500,4981.353,4981.409,1245
2026-02-18 21:30:00,4981.409,4987.225,4981.091,4983.976,1467
2026-02-18 21:45:00,4983.976,4987.809,4982.861,4983.822,1742
2026-02-18 22:00:00,4983.822,4989.420,4983.329,4984.779,1873
2026-02-18 22:15:00,4984.779,4988.275,4982.488,4987.420,2088
2026-02-18 22:30:00,4987.420,4987.677,4983.078,4983.587,1506
2026-02-18 22:45:00,4983.587,4988.864,4982.995,4984.234,1243
2026-02-18 23:00:00,4984.234,4989.415,4983.386,4985.462,1408
2026-02-18 23:15:00,4985.462,4987.384,4983.901,4986.805,1726
2026-02-18 23:30:00,4986.805,4986.916,4984.280,4985.307,1420
2026-02-18 23:45:00,4985.307,4989.280,4984.668,4989.000,1538
2026-02-19 00:00:00,4961.000,4984.342,4980.000,4983.317,1572
2026-02-19 00:15:00,4983.317,4986.065,4980.000,4982.461,1680
2026-02-19 00:30:00,4982.461,4986.337,4981.447,4984.306,1796
2026-02-19 00:45:00,4984.306,4984.752,4980.418,4981.072,1423
2026-02-19 01:00:00,4981.072,4989.513,4980.070,4981.526,1545
2026-02-19 01:15:00,4981.526,4984.720,4981.011,4984.162,1689
2026-02-19 01:30:00,4984.162,4990.759,4982.008,4982.257,1258
2026-02-19 01:45:00,4982.257,4989.207,4981.427,4988.086,1517
2026-02-19 02:00:00,4988.086,4988.705,4980.000,4980.000,1852
2026-02-19 02:15:00,4980.000,4987.745,4980.000,4985.673,1384
2026-02-19 02:30:00,4985.673,4990.264,4981.739,4989.334,1774
2026-02-19 02:45:00,4989.334,4990.542,4984.574,4990.045,1495
2026-02-19 03:00:00,4990.045,4994.527,4987.631,4988.453,1487
2026-02-19 03:15:00,4988.453,4989.067,4982.083,4982.998,1843
2026-02-19 03:30:00,4982.998,4994.180,4982.781,4988.510,1786
2026-02-19 03:45:00,4988.510,4991.411,4985.044,4988.600,1341
2026-02-19 04:00:00,4988.600,4996.393,4983.712,4995.336,1515
2026-02-19 04:15:00,4995.336,4995.639,4983.753,4990.680,1212
2026-02-19 04:30:00,4990.680,4993.610,4987.221,4993.503,1536
2026-02-19 04:45:00,4993.503,4994.470,4980.978,4987.686,1203
2026-02-19 05:00:00,4987.686,4999.625,4982.565,4984.395,1582
2026-02-19 05:15:00,4984.395,4996.582,4984.234,4987.885,1749
2026-02-19 05:30:00,4987.885,4990.073,4987.670,4988.180,1765
2026-02-19 05:45:00,4988.180,4996.494,4987.428,4990.011,1508
2026-02-19 06:00:00,4990.011,4999.309,4989.666,4994.076,1279
2026-02-19 06:15:00,4994.076,4996.326,4980.000,4980.000,1353
2026-02-19 06:30:00,4980.000,4997.272,4980.000,4993.962,1727
2026-02-19 06:45:00,4993.962,4997.871,4989.301,4995.683,1197
2026-02-19 07:00:00,4995.683,5001.304,4995.236,5000.114,1700
2026-02-19 07:15:00,5000.114,5000.606,4986.431,4997.464,1686
2026-02-19 07:30:00,4997.464,4997.828,4987.897,4992.856,1945
2026-02-19 07:45:00,4992.856,5003.328,4985.079,4985.813,1428
2026-02-19 08:00:00,4985.813,4998.039,4985.623,4991.178,1557
2026-02-19 08:15:00,4991.178,4997.430,4984.299,4996.242,1484
2026-02-19 08:30:00,4996.242,5000.520,4992.149,4999.092,1414
2026-02-19 08:45:00,4999.092,5001.332,4990.960,4995.506,1471
2026-02-19 09:00:00,4995.506,5000.873,4991.998,4993.324,1559
2026-02-19 09:15:00,4993.324,5002.884,4989.231,5002.662,1751
2026-02-19 09:30:00,5002.662,5003.683,4999.497,5002.055,1481
2026-02-19 09:45:00,5002.055,5002.409,4991.915,4993.040,1652
2026-02-19 10:00:00,4993.040,5004.984,4988.722,4996.239,1281
2026-02-19 10:15:00,4996.239,5005.302,4988.153,4998.851,1191
2026-02-19 10:30:00,4998.851,5005.024,4993.803,4994.517,1510
2026-02-19 10:45:00,4994.517,5001.955,4994.397,4997.606,1929
2026-02-19 11:00:00,4997.606,5006.772,4996.697,5002.469,1052
2026-02-19 11:15:00,5002.469,5007.866,4991.874,5006.221,1177
2026-02-19 11:30:00,5006.221,5006.996,4986.253,5000.986,1563
2026-02-19 11:45:00,5000.986,5003.013,4997.370,5002.815,1025
2026-02-19 12:00:00,5002.815,5006.619,4996.858,5004.049,1431
2026-02-19 12:15:00,5004.049,5004.527,4996.323,5000.832,1203
2026-02-19 12:30:00,5000.832,5014.569,4996.055,5009.830,1710
2026-02-19 12:45:00,5009.830,5010.523,4989.815,4999.172,1242
2026-02-19 13:00:00,4999.172,5010.596,4999.166,5009.372,1445
2026-02-19 13:15:00,5009.372,5010.046,4999.735,5001.057,1710
2026-02-19 13:30:00,5001.057,5015.211,4996.095,5000.486,1919
2026-02-19 13:45:00,5000.486,5006.918,4996.983,4997.538,1044
2026-02-19 14:00:00,4997.538,5013.954,4996.066,5006.066,1398
2026-02-19 14:15:00,5006.066,5007.430,5002.709,5004.911,945
2026-02-19 14:30:00,5004.911,5008.735,5000.009,5000.379,1235
2026-02-19 14:45:00,5000.379,5010.218,4998.483,5005.007,1723
2026-02-19 15:00:00,5005.007,5014.290,4994.112,5013.240,1581
2026-02-19 15:15:00,5013.240,5013.590,4997.769,4998.135,1447
2026-02-19 15:30:00,4998.135,5008.785,4996.789,5008.302,1756
2026-02-19 15:45:00,5008.302,5008.586,5000.610,5002.667,1393
2026-02-19 16:00:00,5002.667,5014.451,5002.010,5003.370,1342
2026-02-19 16:15:00,5003.370,5009.849,5003.108,5009.621,1755
2026-02-19 16:30:00,5009.621,5020.339,5007.712,5019.506,1676
2026-02-19 16:45:00,5019.506,5019.618,4998.975,5005.456,1228
2026-02-19 17:00:00,5005.456,5019.440,4997.827,4998.619,1637
2026-02-19 17:15:00,4998.619,5014.158,4996.660,5012.310,1330
2026-02-19 17:30:00,5012.310,5012.519,5004.244,5007.824,1572
2026-02-19 17:45:00,5007.824,5011.644,5004.721,5010.166,1452
2026-02-19 18:00:00,5010.166,5015.705,5008.411,5012.579,1406
2026-02-19 18:15:00,5012.579,5017.410,5003.512,5006.717,1632
2026-02-19 18:30:00,5006.717,5015.432,5006.553,5011.172,1958
2026-02-19 18:45:00,5011.172,5022.000,5000.851,5022.000,825
2026-02-19 19:00:00,5022.000,5022.000,5011.016,5011.208,849
2026-02-19 19:15:00,5011.208,5011.809,5000.824,5011.431,1658
2026-02-19 19:30:00,5011.431,5017.742,5006.788,5006.855,1626
2026-02-19 19:45:00,5006.855,5017.573,5006.063,5009.644,1632
2026-02-19 20:00:00,5009.644,5015.590,5009.305,5011.638,1727
2026-02-19 20:15:00,5011.638,5017.138,5009.840,5016.575,1178
2026-02-19 20:30:00,5016.575,5019.302,5005.844,5014.176,1372
2026-02-19 20:45:00,5014.176,5015.060,5007.743,5010.698,1250
2026-02-19 21:00:00,5010.698,5011.930,5007.519,5007.836,1316
2026-02-19 21:15:00,5007.836,5018.907,5006.668,5018.630,1324
2026-02-19 21:30:00,5018.630,5020.437,5009.977,5018.485,1306
2026-02-19 21:45:00,5018.485,5019.191,5014.095,5014.528,1528
2026-02-19 22:00:00,5014.528,5022.000,5014.116,5016.899,2122
2026-02-19 22:15:00,5016.899,5022.000,5015.371,5016.842,1241
2026-02-19 22:30:00,5016.842,5020.875,5015.385,5017.592,1772
2026-02-19 22:45:00,5017.592,5019.469,5013.422,5015.773,982
2026-02-19 23:00:00,5015.773,5020.267,5015.467,5019.709,1418
2026-02-19 23:15:00,5019.709,5020.057,5016.550,5018.431,1383
2026-02-19 23:30:00,5018.431,5018.977,5015.351,5016.368,1167
2026-02-19 23:45:00,5016.368,5019.102,5015.488,5017.000,1231
2026-02-20 00:00:00,4970.333,4997.514,4985.833,4992.880,1403
2026-02-20 00:15:00,4992.880,4997.540,4986.438,4997.201,1750
2026-02-20 00:30:00,4997.201,5000.498,4992.407,4992.960,1228
2026-02-20 00:45:00,4992.960,4999.388,4991.360,4999.172,1478
2026-02-20 01:00:00,4999.172,5006.037,4993.075,4995.176,1450
2026-02-20 01:15:00,4995.176,5004.394,4994.161,5003.589,1317
2026-02-20 01:30:00,5003.589,5004.657,4995.721,4999.566,1604
2026-02-20 01:45:00,4999.566,5009.693,4993.921,4994.214,1570
2026-02-20 02:00:00,4994.214,5001.306,4993.325,5000.152,1357
2026-02-20 02:15:00,5000.152,5002.542,4989.757,4990.016,1588
2026-02-20 02:30:00,4990.016,5000.361,4988.566,4999.514,1244
2026-02-20 02:45:00,4999.514,5006.998,4989.839,5005.631,1386
2026-02-20 03:00:00,5005.631,5009.986,4985.833,4997.888,1191
2026-02-20 03:15:00,4997.888,5010.330,4997.241,5004.659,1408
2026-02-20 03:30:00,5004.659,5008.158,4994.898,5004.005,1512
2026-02-20 03:45:00,5004.005,5009.172,5000.217,5000.488,1851
2026-02-20 04:00:00,5000.488,5008.677,4993.846,5007.920,1126
2026-02-20 04:15:00,5007.920,5009.331,4992.710,5009.034,1510
2026-02-20 04:30:00,5009.034,5009.930,4989.732,4992.425,1650
2026-02-20 04:45:00,4992.425,5013.627,4991.418,5008.831,1637
2026-02-20 05:00:00,5008.831,5009.740,4991.404,4995.500,1433
2026-02-20 05:15:00,4995.500,5007.560,4993.987,4997.539,1685
2026-02-20 05:30:00,4997.539,5016.261,4995.858,5015.489,1142
2026-02-20 05:45:00,5015.489,5017.557,5002.314,5002.600,1142
2026-02-20 06:00:00,5002.600,5015.998,5002.487,5015.308,1514
2026-02-20 06:15:00,5015.308,5016.967,5004.469,5004.548,1548
2026-02-20 06:30:00,5004.548,5010.355,4994.089,5008.660,1811
2026-02-20 06:45:00,5008.660,5031.003,4997.583,5029.059,1856
2026-02-20 07:00:00,5029.059,5031.118,4985.833,4985.833,1560
2026-02-20 07:15:00,4985.833,5020.521,4985.833,5011.444,1272
2026-02-20 07:30:00,5011.444,5024.451,5006.449,5023.397,1546
2026-02-20 07:45:00,5023.397,5025.641,4993.354,4994.314,1603
2026-02-20 08:00:00,4994.314,5017.141,4992.314,5016.957,1630
2026-02-20 08:15:00,5016.957,5017.412,5004.228,5007.354,1684
2026-02-20 08:30:00,5007.354,5023.514,4995.468,5019.834,1220
2026-02-20 08:45:00,5019.834,5020.821,5008.577,5010.031,1480
2026-02-20 09:00:00,5010.031,5020.275,5009.242,5010.542,1483
2026-02-20 09:15:00,5010.542,5033.143,4999.219,5001.657,1144
2026-02-20 09:30:00,5001.657,5020.818,5000.191,5013.616,1486
2026-02-20 09:45:00,5013.616,5019.767,4999.407,5019.147,1515
2026-02-20 10:00:00,5019.147,5027.899,5002.996,5007.570,1201
2026-02-20 10:15:00,5007.570,5022.799,5007.161,5011.600,1486
2026-02-20 10:30:00,5011.600,5024.321,5007.628,5024.173,1700
2026-02-20 10:45:00,5024.173,5025.733,5013.314,5018.392,1192
2026-02-20 11:00:00,5018.392,5022.783,5005.027,5016.108,1677
2026-02-20 11:15:00,5016.108,5016.978,4994.233,5004.062,1500
2026-02-20 11:30:00,5004.062,5019.329,5000.753,5019.221,1655
2026-02-20 11:45:00,5019.221,5026.505,5011.232,5019.406,1681
2026-02-20 12:00:00,5019.406,5032.874,5015.894,5031.875,1686
2026-02-20 12:15:00,5031.875,5034.105,4999.697,5015.952,1440
2026-02-20 12:30:00,5015.952,5021.482,5013.761,5014.062,1499
2026-02-20 12:45:00,5014.062,5031.039,5012.273,5024.043,1764
2026-02-20 13:00:00,5024.043,5030.226,5003.701,5027.897,1877
2026-02-20 13:15:00,5027.897,5030.543,5009.275,5029.251,1461
2026-02-20 13:30:00,5029.251,5031.867,5008.323,5018.188,1299
2026-02-20 13:45:00,5018.188,5034.787,5014.733,5034.058,1335
2026-02-20 14:00:00,5034.058,5035.703,5017.852,5018.891,1368
2026-02-20 14:15:00,5018.891,5035.556,5017.255,5035.225,1243
2026-02-20 14:30:00,5035.225,5036.454,5012.700,5026.617,984
2026-02-20 14:45:00,5026.617,5029.503,5011.424,5027.002,1349
2026-02-20 15:00:00,5027.002,5039.008,5024.986,5036.907,1813
2026-02-20 15:15:00,5036.907,5050.054,5027.010,5032.800,1429
2026-02-20 15:30:00,5032.800,5045.489,5020.258,5020.900,1778
2026-02-20 15:45:00,5020.900,5047.329,5019.727,5022.401,1587
2026-02-20 16:00:00,5022.401,5039.659,5022.363,5026.149,1816
2026-02-20 16:15:00,5026.149,5034.941,5025.825,5033.196,1840
2026-02-20 16:30:00,5033.196,5044.001,5023.465,5024.322,1638
2026-02-20 16:45:00,5024.322,5037.295,5015.406,5028.077,1356
2026-02-20 17:00:00,5028.077,5047.292,5027.254,5046.192,1293
2026-02-20 17:15:00,5046.192,5046.751,5024.465,5026.725,1531
2026-02-20 17:30:00,5026.725,5040.097,5025.390,5028.883,1612
2026-02-20 17:45:00,5028.883,5043.833,5025.089,5025.906,1525
2026-02-20 18:00:00,5025.906,5034.152,5021.314,5025.157,1554
2026-02-20 18:15:00,5025.157,5042.926,5023.087,5042.452,1517
2026-02-20 18:30:00,5042.452,5053.333,5029.198,5030.240,1447
2026-02-20 18:45:00,5030.240,5045.922,5029.231,5031.494,1367
2026-02-20 19:00:00,5031.494,5039.440,5030.221,5037.985,1699
2026-02-20 19:15:00,5037.985,5045.447,5031.426,5042.649,1305
2026-02-20 19:30:00,5042.649,5048.860,5027.436,5029.105,1456
2026-02-20 19:45:00,5029.105,5053.333,5027.725,5053.333,1461
2026-02-20 20:00:00,5053.333,5053.333,5027.926,5035.572,1317
2026-02-20 20:15:00,5035.572,5053.333,5031.917,5052.608,1345
2026-02-20 20:30:00,5052.608,5053.333,5035.001,5042.573,1868
2026-02-20 20:45:00,5042.573,5049.548,5028.060,5043.648,1219
2026-02-20 21:00:00,5043.648,5050.036,5039.758,5040.171,2132
2026-02-20 21:15:00,5040.171,5047.780,5028.889,5045.502,1751
2026-02-20 21:30:00,5045.502,5048.168,5036.253,5037.088,1533
2026-02-20 21:45:00,5037.088,5042.501,5035.886,5036.375,1511
2026-02-20 22:00:00,5036.375,5050.273,5034.432,5035.926,1108
2026-02-20 22:15:00,5035.926,5046.003,5035.324,5040.803,957
2026-02-20 22:30:00,5040.803,5045.274,5040.436,5044.432,1970
2026-02-20 22:45:00,5044.432,5050.230,5037.765,5044.524,1408
2026-02-20 23:00:00,5044.524,5050.686,5037.751,5038.727,1878
2026-02-20 23:15:00,5038.727,5048.940,5038.457,5047.943,1446
2026-02-20 23:30:00,5047.943,5049.022,5040.041,5043.916,1503
2026-02-20 23:45:00,5043.916,5050.918,5041.280,5047.833,1390
2026-02-23 00:00:00,4998.333,5036.469,5003.333,5033.218,1521
2026-02-23 00:15:00,5033.218,5042.588,5024.332,5039.341,1228
2026-02-23 00:30:00,5039.341,5041.427,5020.163,5026.763,1372
2026-02-23 00:45:00,5026.763,5034.741,5026.117,5033.392,1793
2026-02-23 01:00:00,5033.392,5045.437,5017.703,5043.755,1637
2026-02-23 01:15:00,5043.755,5048.861,5037.755,5041.715,1471
2026-02-23 01:30:00,5041.715,5046.555,5025.949,5027.529,1958
2026-02-23 01:45:00,5027.529,5060.592,5019.859,5020.551,1306
2026-02-23 02:00:00,5020.551,5048.029,5013.907,5043.589,1890
2026-02-23 02:15:00,5043.589,5048.148,5028.525,5029.789,2109
2026-02-23 02:30:00,5029.789,5053.167,5016.098,5017.139,1160
2026-02-23 02:45:00,5017.139,5061.104,5017.113,5025.752,1800
2026-02-23 03:00:00,5025.752,5068.030,5020.998,5038.896,1478
2026-02-23 03:15:00,5038.896,5041.880,5024.401,5039.523,1684
2026-02-23 03:30:00,5039.523,5069.523,5037.388,5049.466,1771
2026-02-23 03:45:00,5049.466,5061.015,5033.317,5034.579,1830
2026-02-23 04:00:00,5034.579,5064.726,5023.261,5063.315,1682
2026-02-23 04:15:00,5063.315,5071.146,5038.426,5043.944,1135
2026-02-23 04:30:00,5043.944,5071.688,5042.196,5071.601,1306
2026-02-23 04:45:00,5071.601,5074.094,5048.292,5053.571,1692
2026-02-23 05:00:00,5053.571,5054.433,5008.960,5044.257,1226
2026-02-23 05:15:00,5044.257,5066.198,5043.633,5051.573,1387
2026-02-23 05:30:00,5051.573,5070.419,5003.333,5064.780,1268
2026-02-23 05:45:00,5064.780,5071.907,5054.403,5057.022,1930
2026-02-23 06:00:00,5057.022,5080.262,5042.441,5056.859,1638
2026-02-23 06:15:00,5056.859,5072.077,5054.720,5066.313,1263
2026-02-23 06:30:00,5066.313,5072.597,5053.001,5056.136,1191
2026-02-23 06:45:00,5056.136,5079.131,5026.472,5048.953,1560
2026-02-23 07:00:00,5048.953,5094.129,5047.651,5060.361,1417
2026-02-23 07:15:00,5060.361,5090.567,5046.609,5046.918,1397
2026-02-23 07:30:00,5046.918,5088.725,5046.139,5059.694,1576
2026-02-23 07:45:00,5059.694,5147.333,5057.880,5078.350,1888
2026-02-23 08:00:00,5078.350,5081.120,5038.468,5056.654,1889
2026-02-23 08:15:00,5056.654,5065.610,5051.048,5056.916,1737
2026-02-23 08:30:00,5056.916,5105.332,5028.902,5033.570,1508
2026-02-23 08:45:00,5033.570,5095.060,5033.329,5093.203,1803
2026-02-23 09:00:00,5093.203,5109.034,5061.240,5107.851,1394
2026-02-23 09:15:00,5107.851,5109.738,5043.088,5072.698,1359
2026-02-23 09:30:00,5072.698,5101.613,5057.484,5100.065,1731
2026-02-23 09:45:00,5100.065,5100.406,5080.185,5091.677,2151
2026-02-23 10:00:00,5091.677,5093.145,5040.567,5042.431,1331
2026-02-23 10:15:00,5042.431,5109.059,5040.597,5077.282,2051
2026-02-23 10:30:00,5077.282,5114.647,5022.978,5024.806,1624
2026-02-23 10:45:00,5024.806,5080.842,5020.363,5080.195,1546
2026-02-23 11:00:00,5080.195,5108.266,5023.652,5025.959,1455
2026-02-23 11:15:00,5025.959,5144.203,5025.226,5105.278,1551
2026-02-23 11:30:00,5105.278,5108.874,5075.805,5076.065,1131
2026-02-23 11:45:00,5076.065,5082.025,5050.728,5078.590,1340
2026-02-23 12:00:00,5078.590,5118.473,5050.445,5085.096,1283
2026-02-23 12:15:00,5085.096,5128.622,5068.706,5071.950,1248
2026-02-23 12:30:00,5071.950,5108.814,5068.278,5105.303,1606
2026-02-23 12:45:00,5105.303,5118.285,5102.980,5114.401,1584
2026-02-23 13:00:00,5114.401,5121.064,5071.453,5110.789,1056
2026-02-23 13:15:00,5110.789,5111.371,5070.193,5078.328,1949
2026-02-23 13:30:00,5078.328,5115.540,5078.281,5091.858,1466
2026-02-23 13:45:00,5091.858,5095.890,5082.691,5083.321,1256
2026-02-23 14:00:00,5083.321,5113.004,5061.214,5070.919,1391
2026-02-23 14:15:00,5070.919,5110.400,5069.624,5108.155,1671
2026-02-23 14:30:00,5108.155,5114.690,5070.495,5113.632,1075
2026-02-23 14:45:00,5113.632,5123.360,5076.926,5120.287,1259
2026-02-23 15:00:00,5120.287,5120.978,5077.789,5087.254,1632
2026-02-23 15:15:00,5087.254,5115.695,5079.731,5115.111,1573
2026-02-23 15:30:00,5115.111,5115.207,5003.333,5003.333,1238
2026-02-23 15:45:00,5003.333,5109.646,5003.333,5098.224,1592
2026-02-23 16:00:00,5098.224,5139.541,5091.692,5098.092,1422
2026-02-23 16:15:00,5098.092,5130.397,5093.026,5102.029,1981
2026-02-23 16:30:00,5102.029,5120.914,5090.736,5119.112,1245
2026-02-23 16:45:00,5119.112,5133.123,5087.665,5130.367,1449
2026-02-23 17:00:00,5130.367,5133.068,5090.299,5123.834,1227
2026-02-23 17:15:00,5123.834,5124.419,5088.518,5103.205,1831
2026-02-23 17:30:00,5103.205,5146.928,5100.808,5106.279,1493
2026-02-23 17:45:00,5106.279,5111.832,5082.293,5090.116,1734
2026-02-23 18:00:00,5090.116,5116.819,5081.983,5083.442,1377
2026-02-23 18:15:00,5083.442,5134.163,5075.000,5134.023,1743
2026-02-23 18:30:00,5134.023,5137.317,5089.677,5092.071,1199
2026-02-23 18:45:00,5092.071,5140.461,5088.942,5112.898,1542
2026-02-23 19:00:00,5112.898,5131.910,5099.954,5124.947,1709
2026-02-23 19:15:00,5124.947,5130.625,5119.919,5129.463,1434
2026-02-23 19:30:00,5129.463,5139.228,5101.986,5107.794,1799
2026-02-23 19:45:00,5107.794,5112.732,5072.520,5107.483,1665
2026-02-23 20:00:00,5107.483,5132.700,5105.000,5119.981,1512
2026-02-23 20:15:00,5119.981,5147.333,5087.313,5089.127,1172
2026-02-23 20:30:00,5089.127,5126.338,5085.118,5103.842,1633
2026-02-23 20:45:00,5103.842,5120.771,5102.961,5110.903,1625
2026-02-23 21:00:00,5110.903,5144.089,5110.159,5117.838,1633
2026-02-23 21:15:00,5117.838,5145.878,5106.233,5106.852,1368
2026-02-23 21:30:00,5106.852,5123.213,5098.430,5103.657,1420
2026-02-23 21:45:00,5103.657,5138.981,5102.339,5137.463,1702
2026-02-23 22:00:00,5137.463,5140.823,5123.505,5125.542,1269
2026-02-23 22:15:00,5125.542,5145.596,5116.782,5144.489,1279
2026-02-23 22:30:00,5144.489,5147.333,5117.373,5126.259,1508
2026-02-23 22:45:00,5126.259,5136.576,5122.370,5122.458,1532
2026-02-23 23:00:00,5122.458,5136.559,5116.236,5132.309,1326
2026-02-23 23:15:00,5132.309,5135.749,5120.387,5127.783,2049
2026-02-23 23:30:00,5127.783,5142.562,5125.217,5137.179,835
2026-02-23 23:45:00,5137.179,5140.740,5126.924,5140.333,1211
2026-02-24 00:00:00,5007.667,5031.102,5009.167,5030.747,724
2026-02-24 00:15:00,5030.747,5034.803,5023.779,5032.402,1081
2026-02-24 00:30:00,5032.402,5041.282,5014.515,5032.591,1501
2026-02-24 00:45:00,5032.591,5033.887,5018.883,5023.727,1672
2026-02-24 01:00:00,5023.727,5053.100,5022.609,5051.192,1640
2026-02-24 01:15:00,5051.192,5052.376,5009.167,5022.229,1041
2026-02-24 01:30:00,5022.229,5060.197,5019.104,5022.289,1910
2026-02-24 01:45:00,5022.289,5045.126,5018.364,5041.162,1621
2026-02-24 02:00:00,5041.162,5044.446,5017.869,5019.529,1758
2026-02-24 02:15:00,5019.529,5090.282,5011.440,5040.894,1494
2026-02-24 02:30:00,5040.894,5076.292,5009.167,5013.244,1412
2026-02-24 02:45:00,5013.244,5051.914,5013.227,5037.210,1766
2026-02-24 03:00:00,5037.210,5040.214,5009.167,5028.150,1635
2026-02-24 03:15:00,5028.150,5048.604,5025.079,5025.577,1462
2026-02-24 03:30:00,5025.577,5069.974,5023.710,5051.797,1713
2026-02-24 03:45:00,5051.797,5056.222,5019.001,5019.222,1375
2026-02-24 04:00:00,5019.222,5086.297,5016.938,5080.846,1045
2026-02-24 04:15:00,5080.846,5083.560,5056.577,5063.034,1493
2026-02-24 04:30:00,5063.034,5069.308,5030.693,5031.785,2024
2026-02-24 04:45:00,5031.785,5090.895,5023.456,5028.981,1388
2026-02-24 05:00:00,5028.981,5070.119,5027.482,5047.258,1639
2026-02-24 05:15:00,5047.258,5082.263,5033.337,5077.146,1129
2026-02-24 05:30:00,5077.146,5080.926,5035.162,5039.366,1331
2026-02-24 05:45:00,5039.366,5072.712,5025.514,5029.102,1122
2026-02-24 06:00:00,5029.102,5088.732,5011.257,5015.392,869
2026-02-24 06:15:00,5015.392,5092.496,5010.467,5051.993,1423
2026-02-24 06:30:00,5051.993,5121.083,5032.946,5116.075,1401
2026-02-24 06:45:00,5116.075,5118.089,5057.070,5083.157,1079
2026-02-24 07:00:00,5083.157,5094.542,5047.569,5074.518,1327
2026-02-24 07:15:00,5074.518,5089.623,5043.541,5077.634,1410
2026-02-24 07:30:00,5077.634,5100.140,5053.095,5054.461,1624
2026-02-24 07:45:00,5054.461,5122.373,5052.725,5066.159,1523
2026-02-24 08:00:00,5066.159,5073.767,5051.502,5054.691,1232
2026-02-24 08:15:00,5054.691,5126.452,5050.468,5121.713,1838
2026-02-24 08:30:00,5121.713,5126.834,5055.731,5062.167,1457
2026-02-24 08:45:00,5062.167,5125.150,5035.328,5077.113,1960
2026-02-24 09:00:00,5077.113,5147.205,5040.572,5144.828,1587
2026-02-24 09:15:00,5144.828,5146.685,5048.349,5121.417,1463
2026-02-24 09:30:00,5121.417,5123.059,5065.261,5069.664,1627
2026-02-24 09:45:00,5069.664,5109.034,5067.081,5068.948,2010
2026-02-24 10:00:00,5068.948,5085.441,5009.167,5083.070,1339
2026-02-24 10:15:00,5083.070,5089.663,5057.013,5059.867,1276
2026-02-24 10:30:00,5059.867,5136.124,5056.021,5082.974,1773
2026-02-24 10:45:00,5082.974,5104.878,5053.747,5077.671,1098
2026-02-24 11:00:00,5077.671,5125.129,5044.270,5045.260,1794
2026-02-24 11:15:00,5045.260,5100.077,5045.112,5095.494,1593
2026-02-24 11:30:00,5095.494,5098.108,5024.214,5092.595,941
2026-02-24 11:45:00,5092.595,5095.953,5062.873,5079.457,1555
2026-02-24 12:00:00,5079.457,5093.371,5057.936,5092.151,1855
2026-02-24 12:15:00,5092.151,5095.164,5036.790,5075.665,1451
2026-02-24 12:30:00,5075.665,5158.730,5064.958,5068.634,1478
2026-02-24 12:45:00,5068.634,5111.989,5066.808,5111.102,1512
2026-02-24 13:00:00,5111.102,5137.036,5087.105,5115.751,1610
2026-02-24 13:15:00,5115.751,5178.667,5056.994,5178.667,1856
2026-02-24 13:30:00,5178.667,5178.667,5069.412,5083.641,1416
2026-02-24 13:45:00,5083.641,5129.164,5082.740,5127.436,2071
2026-02-24 14:00:00,5127.436,5133.886,5104.049,5104.360,1853
2026-02-24 14:15:00,5104.360,5108.909,5082.868,5083.836,1502
2026-02-24 14:30:00,5083.836,5148.495,5082.713,5145.678,1985
2026-02-24 14:45:00,5145.678,5149.246,5082.159,5132.024,1322
2026-02-24 15:00:00,5132.024,5137.237,5053.735,5071.392,1531
2026-02-24 15:15:00,5071.392,5128.950,5068.505,5117.824,955
2026-02-24 15:30:00,5117.824,5174.192,5083.116,5085.546,1629
2026-02-24 15:45:00,5085.546,5158.066,5083.901,5116.820,1763
2026-02-24 16:00:00,5116.820,5121.142,5084.080,5088.524,1608
2026-02-24 16:15:00,5088.524,5149.180,5086.471,5147.771,1607
2026-02-24 16:30:00,5147.771,5149.613,5080.787,5109.381,987
2026-02-24 16:45:00,5109.381,5132.668,5087.335,5091.442,1499
2026-02-24 17:00:00,5091.442,5147.816,5089.699,5143.957,1001
2026-02-24 17:15:00,5143.957,5178.667,5103.695,5104.280,1528
2026-02-24 17:30:00,5104.280,5161.337,5088.066,5159.515,1508
2026-02-24 17:45:00,5159.515,5164.204,5080.763,5082.842,1637
2026-02-24 18:00:00,5082.842,5142.796,5080.866,5134.748,1515
2026-02-24 18:15:00,5134.748,5141.516,5009.167,5117.790,1251
2026-02-24 18:30:00,5117.790,5143.049,5103.599,5125.946,1280
2026-02-24 18:45:00,5125.946,5172.968,5121.700,5169.774,1789
2026-02-24 19:00:00,5169.774,5177.394,5089.529,5096.564,1830
2026-02-24 19:15:00,5096.564,5157.872,5093.814,5133.922,1512
2026-02-24 19:30:00,5133.922,5152.467,5127.629,5152.094,1804
2026-02-24 19:45:00,5152.094,5158.184,5108.927,5142.722,1682
2026-02-24 20:00:00,5142.722,5155.833,5101.874,5129.655,1739
2026-02-24 20:15:00,5129.655,5146.781,5128.067,5141.799,1514
2026-02-24 20:30:00,5141.799,5172.460,5134.515,5141.284,1824
2026-02-24 20:45:00,5141.284,5175.769,5137.619,5138.857,1724
2026-02-24 21:00:00,5138.857,5150.054,5126.693,5148.191,1267
2026-02-24 21:15:00,5148.191,5160.588,5108.991,5160.203,1443
2026-02-24 21:30:00,5160.203,5165.597,5148.596,5164.152,1925
2026-02-24 21:45:00,5164.152,5165.357,5139.469,5159.423,1398
2026-02-24 22:00:00,5159.423,5163.385,5124.971,5145.062,1471
2026-02-24 22:15:00,5145.062,5162.008,5134.677,5138.012,1677
2026-02-24 22:30:00,5138.012,5158.346,5137.607,5147.762,1644
2026-02-24 22:45:00,5147.762,5154.361,5128.816,5151.377,1822
2026-02-24 23:00:00,5151.377,5153.859,5144.242,5146.881,1416
2026-02-24 23:15:00,5146.881,5164.813,5146.667,5155.162,1700
2026-02-24 23:30:00,5155.162,5165.678,5146.792,5148.386,1409
2026-02-24 23:45:00,5148.386,5173.186,5147.992,5171.167,1609
2026-02-25 00:00:00,5017.000,5055.431,5015.000,5046.414,1489
2026-02-25 00:15:00,5046.414,5062.811,5039.870,5060.177,1231
2026-02-25 00:30:00,5060.177,5061.512,5046.999,5056.069,1306
2026-02-25 00:45:00,5056.069,5073.543,5051.207,5066.336,1482
2026-02-25 01:00:00,5066.336,5068.234,5029.667,5067.162,1257
2026-02-25 01:15:00,5067.162,5076.564,5041.629,5043.460,1640
2026-02-25 01:30:00,5043.460,5052.432,5043.226,5051.983,949
2026-02-25 01:45:00,5051.983,5093.822,5038.828,5093.788,1254
2026-02-25 02:00:00,5093.788,5097.027,5051.459,5062.357,1581
2026-02-25 02:15:00,5062.357,5098.563,5050.228,5051.975,1626
2026-02-25 02:30:00,5051.975,5068.934,5044.706,5060.917,1830
2026-02-25 02:45:00,5060.917,5080.162,5058.413,5070.685,1392
2026-02-25 03:00:00,5070.685,5098.446,5052.779,5053.279,1709
2026-02-25 03:15:00,5053.279,5210.000,5043.346,5210.000,1586
2026-02-25 03:30:00,5210.000,5210.000,5061.850,5064.698,2038
2026-02-25 03:45:00,5064.698,5112.849,5057.813,5060.310,1224
2026-02-25 04:00:00,5060.310,5097.662,5056.375,5065.574,1446
2026-02-25 04:15:00,5065.574,5122.957,5059.471,5098.092,1666
2026-02-25 04:30:00,5098.092,5101.643,5034.106,5047.751,1230
2026-02-25 04:45:00,5047.751,5093.646,5046.243,5091.401,1417
2026-02-25 05:00:00,5091.401,5097.918,5015.000,5075.022,2015
2026-02-25 05:15:00,5075.022,5127.592,5061.647,5073.281,1319
2026-02-25 05:30:00,5073.281,5098.860,5038.618,5090.483,1548
2026-02-25 05:45:00,5090.483,5142.590,5065.815,5087.911,1964
2026-02-25 06:00:00,5087.911,5117.683,5084.578,5114.547,1548
2026-02-25 06:15:00,5114.547,5116.739,5051.575,5104.105,1311
2026-02-25 06:30:00,5104.105,5110.157,5071.947,5071.965,1402
2026-02-25 06:45:00,5071.965,5107.759,5040.057,5076.514,1488
2026-02-25 07:00:00,5076.514,5104.741,5069.255,5077.623,1375
2026-02-25 07:15:00,5077.623,5108.573,5052.487,5106.054,1539
2026-02-25 07:30:00,5106.054,5118.015,5070.210,5113.627,1312
2026-02-25 07:45:00,5113.627,5134.352,5028.182,5034.725,1355
2026-02-25 08:00:00,5034.725,5101.593,5029.784,5042.617,1242
2026-02-25 08:15:00,5042.617,5119.637,5038.308,5101.186,1658
2026-02-25 08:30:00,5101.186,5129.218,5078.509,5125.951,1116
2026-02-25 08:45:00,5125.951,5128.806,5063.086,5090.712,1565
2026-02-25 09:00:00,5090.712,5134.740,5057.881,5128.399,1485
2026-02-25 09:15:00,5128.399,5131.891,5073.922,5118.563,930
2026-02-25 09:30:00,5118.563,5123.239,5061.422,5104.758,1736
2026-02-25 09:45:00,5104.758,5115.591,5043.113,5110.910,1631
2026-02-25 10:00:00,5110.910,5132.377,5087.657,5089.445,1530
2026-02-25 10:15:00,5089.445,5125.652,5084.411,5123.872,1461
2026-02-25 10:30:00,5123.872,5134.543,5106.073,5125.411,1483
2026-02-25 10:45:00,5125.411,5126.261,5071.785,5079.775,1628
2026-02-25 11:00:00,5079.775,5131.259,5068.468,5100.799,1706
2026-02-25 11:15:00,5100.799,5116.810,5063.597,5067.279,1238
2026-02-25 11:30:00,5067.279,5133.657,5059.441,5130.359,1336
2026-02-25 11:45:00,5130.359,5134.657,5075.933,5078.061,1148
2026-02-25 12:00:00,5078.061,5148.311,5076.402,5099.633,1209
2026-02-25 12:15:00,5099.633,5151.839,5095.427,5126.414,1251
2026-02-25 12:30:00,5126.414,5132.655,5068.565,5076.667,1312
2026-02-25 12:45:00,5076.667,5178.638,5074.689,5122.241,1436
2026-02-25 13:00:00,5122.241,5135.658,5112.320,5117.662,1430
2026-02-25 13:15:00,5117.662,5138.479,5094.378,5095.196,1876
2026-02-25 13:30:00,5095.196,5117.114,5058.736,5074.540,1508
2026-02-25 13:45:00,5074.540,5151.267,5068.420,5118.550,1116
2026-02-25 14:00:00,5118.550,5152.956,5115.146,5134.102,1402
2026-02-25 14:15:00,5134.102,5138.000,5099.879,5135.263,1712
2026-02-25 14:30:00,5135.263,5189.959,5111.787,5149.175,2003
2026-02-25 14:45:00,5149.175,5155.613,5108.089,5154.016,1445
2026-02-25 15:00:00,5154.016,5189.831,5108.894,5114.713,1349
2026-02-25 15:15:00,5114.713,5196.509,5109.695,5191.341,1469
2026-02-25 15:30:00,5191.341,5191.874,5106.435,5168.034,1353
2026-02-25 15:45:00,5168.034,5171.220,5144.201,5147.922,1782
2026-02-25 16:00:00,5147.922,5166.642,5127.832,5131.444,1351
2026-02-25 16:15:00,5131.444,5149.592,5130.020,5147.810,1202
2026-02-25 16:30:00,5147.810,5150.117,5126.902,5136.050,1624
2026-02-25 16:45:00,5136.050,5168.721,5089.749,5167.153,1307
2026-02-25 17:00:00,5167.153,5168.123,5121.028,5157.659,1517
2026-02-25 17:15:00,5157.659,5168.361,5124.130,5153.614,1727
2026-02-25 17:30:00,5153.614,5181.834,5126.324,5127.469,1636
2026-02-25 17:45:00,5127.469,5172.241,5126.951,5156.758,1321
2026-02-25 18:00:00,5156.758,5175.127,5153.983,5166.443,1744
2026-02-25 18:15:00,5166.443,5205.152,5113.947,5204.792,1545
2026-02-25 18:30:00,5204.792,5210.000,5128.737,5129.250,1736
2026-02-25 18:45:00,5129.250,5164.034,5015.000,5015.000,2095
2026-02-25 19:00:00,5015.000,5171.320,5015.000,5170.789,1524
2026-02-25 19:15:00,5170.789,5172.058,5129.900,5164.894,1280
2026-02-25 19:30:00,5164.894,5167.467,5121.326,5126.820,1319
2026-02-25 19:45:00,5126.820,5162.881,5125.153,5157.316,1348
2026-02-25 20:00:00,5157.316,5181.445,5134.442,5177.031,1336
2026-02-25 20:15:00,5177.031,5182.357,5137.808,5175.616,1421
2026-02-25 20:30:00,5175.616,5180.684,5148.523,5153.367,2396
2026-02-25 20:45:00,5153.367,5171.045,5146.707,5162.279,1679
2026-02-25 21:00:00,5162.279,5188.016,5130.295,5186.278,1384
2026-02-25 21:15:00,5186.278,5191.871,5166.883,5182.838,1484
2026-02-25 21:30:00,5182.838,5190.696,5156.862,5182.631,1510
2026-02-25 21:45:00,5182.631,5185.704,5164.205,5168.495,1674
2026-02-25 22:00:00,5168.495,5180.951,5160.541,5169.283,1792
2026-02-25 22:15:00,5169.283,5175.088,5158.638,5169.276,1621
2026-02-25 22:30:00,5169.276,5186.029,5151.040,5155.728,1679
2026-02-25 22:45:00,5155.728,5179.652,5148.484,5164.870,1208
2026-02-25 23:00:00,5164.870,5184.184,5150.491,5154.099,1057
2026-02-25 23:15:00,5154.099,5181.617,5152.380,5169.222,1323
2026-02-25 23:30:00,5169.222,5182.372,5163.158,5177.832,1667
2026-02-25 23:45:00,5177.832,5203.429,5170.776,5202.000,965
2026-02-26 00:00:00,5109.500,5119.805,5108.558,5112.944,1490
2026-02-26 00:15:00,5112.944,5123.254,5108.657,5112.690,1284
2026-02-26 00:30:00,5112.690,5124.716,5109.746,5115.290,2215
2026-02-26 00:45:00,5115.290,5131.070,5115.124,5123.623,1686
2026-02-26 01:00:00,5123.623,5126.412,5100.106,5102.928,1748
2026-02-26 01:15:00,5102.928,5132.810,5102.637,5129.815,1435
2026-02-26 01:30:00,5129.815,5132.193,5112.047,5113.934,2069
2026-02-26 01:45:00,5113.934,5132.656,5097.500,5119.178,1830
2026-02-26 02:00:00,5119.178,5129.351,5112.018,5116.888,1057
2026-02-26 02:15:00,5116.888,5134.368,5097.500,5116.615,1007
2026-02-26 02:30:00,5116.615,5151.653,5115.108,5123.266,1305
2026-02-26 02:45:00,5123.266,5133.552,5112.840,5131.162,1306
2026-02-26 03:00:00,5131.162,5138.697,5110.525,5138.313,1938
2026-02-26 03:15:00,5138.313,5141.893,5121.178,5123.486,1356
2026-02-26 03:30:00,5123.486,5130.550,5098.397,5129.108,1061
2026-02-26 03:45:00,5129.108,5142.608,5127.713,5138.846,1517
2026-02-26 04:00:00,5138.846,5160.911,5115.297,5132.084,1588
2026-02-26 04:15:00,5132.084,5143.657,5112.901,5113.500,1602
2026-02-26 04:30:00,5113.500,5146.219,5110.733,5140.260,1378
2026-02-26 04:45:00,5140.260,5151.439,5103.233,5107.862,1741
2026-02-26 05:00:00,5107.862,5139.409,5104.052,5125.246,1693
2026-02-26 05:15:00,5125.246,5137.386,5113.683,5136.152,1254
2026-02-26 05:30:00,5136.152,5138.642,5113.240,5121.980,1489
2026-02-26 05:45:00,5121.980,5153.837,5118.820,5148.400,1270
2026-02-26 06:00:00,5148.400,5150.207,5112.415,5146.387,1322
2026-02-26 06:15:00,5146.387,5162.531,5108.183,5136.225,1329
2026-02-26 06:30:00,5136.225,5159.219,5121.937,5158.497,1040
2026-02-26 06:45:00,5158.497,5162.530,5097.500,5156.599,1810
2026-02-26 07:00:00,5156.599,5160.268,5128.061,5138.690,1607
2026-02-26 07:15:00,5138.690,5151.252,5120.306,5136.777,1585
2026-02-26 07:30:00,5136.777,5187.023,5131.751,5186.525,1380
2026-02-26 07:45:00,5186.525,5186.850,5120.200,5124.654,1520
2026-02-26 08:00:00,5124.654,5131.828,5110.222,5111.106,1536
2026-02-26 08:15:00,5111.106,5162.192,5105.970,5141.920,1365
2026-02-26 08:30:00,5141.920,5143.037,5118.069,5119.313,1742
2026-02-26 08:45:00,5119.313,5150.399,5116.122,5131.543,1390
2026-02-26 09:00:00,5131.543,5158.004,5125.278,5157.992,1905
2026-02-26 09:15:00,5157.992,5158.169,5108.794,5157.114,1813
2026-02-26 09:30:00,5157.114,5177.153,5142.525,5175.592,1435
2026-02-26 09:45:00,5175.592,5176.201,5143.672,5153.927,1415
2026-02-26 10:00:00,5153.927,5164.085,5128.889,5133.289,1266
2026-02-26 10:15:00,5133.289,5171.259,5130.582,5171.112,1925
2026-02-26 10:30:00,5171.112,5172.490,5109.422,5150.458,1493
2026-02-26 10:45:00,5150.458,5172.746,5146.654,5168.599,1435
2026-02-26 11:00:00,5168.599,5169.249,5105.571,5132.835,1289
2026-02-26 11:15:00,5132.835,5144.041,5097.500,5097.500,1312
2026-02-26 11:30:00,5097.500,5184.837,5097.500,5132.551,1378
2026-02-26 11:45:00,5132.551,5151.467,5130.564,5148.948,1451
2026-02-26 12:00:00,5148.948,5171.867,5142.688,5144.689,1724
2026-02-26 12:15:00,5144.689,5186.957,5118.761,5123.922,1506
2026-02-26 12:30:00,5123.922,5166.578,5121.892,5147.823,1419
2026-02-26 12:45:00,5147.823,5165.151,5145.140,5148.660,1746
2026-02-26 13:00:00,5148.660,5191.395,5137.857,5191.209,1923
2026-02-26 13:15:00,5191.209,5207.500,5144.652,5207.500,1413
2026-02-26 13:30:00,5207.500,5207.500,5155.027,5166.418,1314
2026-02-26 13:45:00,5166.418,5168.782,5127.221,5143.504,1893
2026-02-26 14:00:00,5143.504,5191.913,5142.085,5160.811,1176
2026-02-26 14:15:00,5160.811,5185.048,5129.303,5153.370,1434
2026-02-26 14:30:00,5153.370,5207.500,5149.248,5207.500,1484
2026-02-26 14:45:00,5207.500,5207.500,5105.861,5106.349,1426
2026-02-26 15:00:00,5106.349,5187.098,5102.193,5145.490,1123
2026-02-26 15:15:00,5145.490,5192.842,5142.633,5161.468,1318
2026-02-26 15:30:00,5161.468,5162.521,5131.100,5147.667,1366
2026-02-26 15:45:00,5147.667,5173.268,5133.639,5135.032,1694
2026-02-26 16:00:00,5135.032,5165.319,5134.326,5141.801,1535
2026-02-26 16:15:00,5141.801,5170.565,5126.814,5160.341,1386
2026-02-26 16:30:00,5160.341,5184.239,5130.373,5131.541,1730
2026-02-26 16:45:00,5131.541,5180.847,5130.892,5163.749,1533
2026-02-26 17:00:00,5163.749,5168.027,5138.468,5159.867,1215
2026-02-26 17:15:00,5159.867,5176.763,5137.726,5168.612,1634
2026-02-26 17:30:00,5168.612,5188.420,5155.579,5160.427,2199
2026-02-26 17:45:00,5160.427,5198.279,5153.589,5154.043,1569
2026-02-26 18:00:00,5154.043,5173.624,5151.184,5153.134,1173
2026-02-26 18:15:00,5153.134,5174.640,5152.360,5164.780,1843
2026-02-26 18:30:00,5164.780,5191.451,5162.916,5163.758,1535
2026-02-26 18:45:00,5163.758,5181.009,5153.986,5154.158,2134
2026-02-26 19:00:00,5154.158,5190.032,5149.756,5189.057,1577
2026-02-26 19:15:00,5189.057,5191.575,5154.931,5174.034,1556
2026-02-26 19:30:00,5174.034,5177.257,5168.104,5170.349,1565
2026-02-26 19:45:00,5170.349,5188.671,5134.747,5185.983,1964
2026-02-26 20:00:00,5185.983,5199.674,5165.123,5180.084,1581
2026-02-26 20:15:00,5180.084,5201.982,5176.071,5182.208,1712
2026-02-26 20:30:00,5182.208,5207.500,5161.240,5164.671,1667
2026-02-26 20:45:00,5164.671,5192.498,5164.535,5185.987,1693
2026-02-26 21:00:00,5185.987,5190.990,5144.255,5156.149,1283
2026-02-26 21:15:00,5156.149,5203.644,5154.086,5185.369,1641
2026-02-26 21:30:00,5185.369,5190.825,5164.501,5188.415,1389
2026-02-26 21:45:00,5188.415,5189.467,5165.357,5186.778,1633
2026-02-26 22:00:00,5186.778,5193.912,5174.561,5193.469,1319
2026-02-26 22:15:00,5193.469,5200.452,5165.868,5199.749,1410
2026-02-26 22:30:00,5199.749,5202.755,5181.419,5183.916,1597
2026-02-26 22:45:00,5183.916,5195.072,5179.887,5183.779,1326
2026-02-26 23:00:00,5183.779,5200.631,5170.214,5182.176,1415
2026-02-26 23:15:00,5182.176,5195.432,5180.212,5191.357,1495
2026-02-26 23:30:00,5191.357,5194.042,5179.832,5192.802,1005
2026-02-26 23:45:00,5192.802,5197.378,5179.228,5195.000,1296
2026-02-27 00:00:00,5202.000,5202.057,5196.665,5196.687,1854
2026-02-27 00:15:00,5196.687,5200.596,5195.214,5195.532,1217
2026-02-27 00:30:00,5195.532,5200.423,5195.268,5199.999,1595
2026-02-27 00:45:00,5199.999,5200.264,5194.430,5195.112,1521
2026-02-27 01:00:00,5195.112,5200.585,5194.148,5196.011,1011
2026-02-27 01:15:00,5196.011,5198.897,5195.582,5196.174,1769
2026-02-27 01:30:00,5196.174,5200.459,5195.710,5195.853,1810
2026-02-27 01:45:00,5195.853,5196.067,5180.000,5180.000,1125
2026-02-27 02:00:00,5180.000,5199.577,5180.000,5195.327,1548
2026-02-27 02:15:00,5195.327,5202.389,5191.995,5202.307,1780
2026-02-27 02:30:00,5202.307,5203.186,5189.502,5189.596,913
2026-02-27 02:45:00,5189.596,5197.564,5189.424,5197.407,1618
2026-02-27 03:00:00,5197.407,5198.023,5191.159,5194.229,1367
2026-02-27 03:15:00,5194.229,5196.271,5192.870,5193.436,1671
2026-02-27 03:30:00,5193.436,5199.657,5192.632,5197.464,1203
2026-02-27 03:45:00,5197.464,5197.676,5190.571,5194.765,1583
2026-02-27 04:00:00,5194.765,5202.132,5192.673,5193.090,1242
2026-02-27 04:15:00,5193.090,5200.288,5192.230,5200.072,1599
2026-02-27 04:30:00,5200.072,5200.450,5192.803,5199.500,1328
2026-02-27 04:45:00,5199.500,5200.404,5196.798,5199.661,1582
2026-02-27 05:00:00,5199.661,5199.974,5192.514,5192.720,1420
2026-02-27 05:15:00,5192.720,5199.797,5192.608,5199.653,1956
2026-02-27 05:30:00,5199.653,5200.293,5190.593,5191.128,1425
2026-02-27 05:45:00,5191.128,5200.827,5191.069,5193.718,1001
2026-02-27 06:00:00,5193.718,5200.788,5191.211,5191.329,1494
2026-02-27 06:15:00,5191.329,5193.935,5189.575,5192.253,1275
2026-02-27 06:30:00,5192.253,5205.000,5183.145,5183.266,1533
2026-02-27 06:45:00,5183.266,5200.437,5182.973,5200.098,1834
2026-02-27 07:00:00,5200.098,5200.572,5191.813,5198.422,1335
2026-02-27 07:15:00,5198.422,5199.260,5188.425,5193.424,1836
2026-02-27 07:30:00,5193.424,5196.109,5188.819,5189.481,1796
2026-02-27 07:45:00,5189.481,5196.234,5189.257,5193.158,1652
2026-02-27 08:00:00,5193.158,5205.000,5192.469,5196.869,1758
2026-02-27 08:15:00,5196.869,5197.756,5186.925,5191.515,1160
2026-02-27 08:30:00,5191.515,5201.432,5190.510,5191.762,1378
2026-02-27 08:45:00,5191.762,5194.418,5187.180,5194.007,1111
2026-02-27 09:00:00,5194.007,5194.788,5187.310,5187.462,1812
2026-02-27 09:15:00,5187.462,5202.156,5187.045,5193.563,1418
2026-02-27 09:30:00,5193.563,5200.209,5185.367,5197.903,1719
2026-02-27 09:45:00,5197.903,5198.406,5190.334,5190.519,1820
2026-02-27 10:00:00,5190.519,5193.900,5185.570,5185.646,1450
2026-02-27 10:15:00,5185.646,5195.605,5184.631,5193.536,1604
2026-02-27 10:30:00,5193.536,5193.639,5185.216,5186.311,1514
2026-02-27 10:45:00,5186.311,5196.900,5186.100,5196.665,1179
2026-02-27 11:00:00,5196.665,5197.029,5190.255,5190.293,1530
2026-02-27 11:15:00,5190.293,5194.127,5183.767,5194.113,1538
2026-02-27 11:30:00,5194.113,5195.827,5192.459,5195.150,1185
2026-02-27 11:45:00,5195.150,5202.156,5186.242,5192.729,1093
2026-02-27 12:00:00,5192.729,5194.076,5188.204,5188.677,1275
2026-02-27 12:15:00,5188.677,5194.130,5186.033,5186.648,1273
2026-02-27 12:30:00,5186.648,5189.252,5182.615,5188.234,1601
2026-02-27 12:45:00,5188.234,5194.720,5186.376,5190.340,1865
2026-02-27 13:00:00,5190.340,5191.028,5183.161,5187.549,1393
2026-02-27 13:15:00,5187.549,5191.659,5186.814,5191.517,1419
2026-02-27 13:30:00,5191.517,5192.304,5182.715,5189.835,1639
2026-02-27 13:45:00,5189.835,5191.801,5180.788,5180.945,1609
2026-02-27 14:00:00,5180.945,5194.283,5180.232,5180.601,2048
2026-02-27 14:15:00,5180.601,5194.070,5180.477,5187.739,1212
2026-02-27 14:30:00,5187.739,5197.448,5187.013,5197.319,1449
2026-02-27 14:45:00,5197.319,5197.358,5188.434,5193.773,1524
2026-02-27 15:00:00,5193.773,5194.180,5187.382,5187.938,1622
2026-02-27 15:15:00,5187.938,5196.450,5182.228,5195.500,1612
2026-02-27 15:30:00,5195.500,5197.703,5181.223,5182.073,1358
2026-02-27 15:45:00,5182.073,5187.374,5181.868,5187.189,1212
2026-02-27 16:00:00,5187.189,5191.929,5185.598,5190.472,1782
2026-02-27 16:15:00,5190.472,5196.454,5187.329,5190.134,1814
2026-02-27 16:30:00,5190.134,5194.407,5183.634,5184.036,1782
2026-02-27 16:45:00,5184.036,5191.169,5183.750,5190.275,1958
2026-02-27 17:00:00,5190.275,5196.696,5185.211,5185.278,1190
2026-02-27 17:15:00,5185.278,5187.891,5184.672,5187.601,1657
2026-02-27 17:30:00,5187.601,5193.064,5186.123,5192.628,1819
2026-02-27 17:45:00,5192.628,5193.342,5183.232,5183.295,1193
2026-02-27 18:00:00,5183.295,5196.262,5182.938,5194.690,1207
2026-02-27 18:15:00,5194.690,5194.970,5185.472,5186.102,1230
2026-02-27 18:30:00,5186.102,5195.656,5185.784,5191.283,1178
2026-02-27 18:45:00,5191.283,5195.659,5184.996,5195.459,1566
2026-02-27 19:00:00,5195.459,5196.140,5185.860,5191.183,1692
2026-02-27 19:15:00,5191.183,5192.030,5180.203,5191.325,1846
2026-02-27 19:30:00,5191.325,5191.639,5180.000,5188.730,1594
2026-02-27 19:45:00,5188.730,5189.609,5180.564,5188.698,1059
2026-02-27 20:00:00,5188.698,5192.281,5185.911,5191.208,1447
2026-02-27 20:15:00,5191.208,5191.705,5182.371,5185.417,1341
2026-02-27 20:30:00,5185.417,5190.836,5184.674,5189.587,1335
2026-02-27 20:45:00,5189.587,5189.951,5185.598,5188.204,1398
2026-02-27 21:00:00,5188.204,5189.129,5180.348,5180.569,1938
2026-02-27 21:15:00,5180.569,5190.223,5180.000,5189.896,1653
2026-02-27 21:30:00,5189.896,5190.323,5182.352,5187.362,1634
2026-02-27 21:45:00,5187.362,5188.000,5184.570,5184.843,1306
2026-02-27 22:00:00,5184.843,5189.108,5184.213,5184.644,1762
2026-02-27 22:15:00,5184.644,5189.886,5181.009,5189.404,1566
2026-02-27 22:30:00,5189.404,5190.344,5183.481,5187.044,1921
2026-02-27 22:45:00,5187.044,5187.228,5182.071,5184.516,1543
2026-02-27 23:00:00,5184.516,5187.625,5184.180,5187.474,1338
2026-02-27 23:15:00,5187.474,5187.555,5182.698,5183.770,1658
2026-02-27 23:30:00,5183.770,5186.920,5183.520,5185.310,1272
2026-02-27 23:45:00,5185.310,5188.384,5184.812,5188.000,1700
2026-03-02 00:00:00,5191.500,5210.196,5190.750,5206.012,1339
2026-03-02 00:15:00,5206.012,5212.514,5204.287,5209.815,1280
2026-03-02 00:30:00,5209.815,5222.665,5203.309,5215.216,1662
2026-03-02 00:45:00,5215.216,5226.879,5199.799,5220.190,1347
2026-03-02 01:00:00,5220.190,5220.516,5209.464,5213.042,1200
2026-03-02 01:15:00,5213.042,5221.292,5206.806,5220.663,1310
2026-03-02 01:30:00,5220.663,5226.652,5196.840,5217.322,1538
2026-03-02 01:45:00,5217.322,5223.987,5212.264,5217.907,1420
2026-03-02 02:00:00,5217.907,5229.180,5207.300,5229.055,1970
2026-03-02 02:15:00,5229.055,5229.664,5200.856,5202.562,1517
2026-03-02 02:30:00,5202.562,5223.355,5200.352,5204.219,1398
2026-03-02 02:45:00,5204.219,5221.268,5202.552,5220.234,1023
2026-03-02 03:00:00,5220.234,5221.019,5195.883,5219.634,2108
2026-03-02 03:15:00,5219.634,5232.757,5212.517,5213.531,1402
2026-03-02 03:30:00,5213.531,5231.817,5183.750,5183.750,1391
2026-03-02 03:45:00,5183.750,5237.588,5183.750,5222.001,1430
2026-03-02 04:00:00,5222.001,5226.175,5218.130,5220.528,1750
2026-03-02 04:15:00,5220.528,5224.131,5211.862,5222.011,1668
2026-03-02 04:30:00,5222.011,5225.912,5206.076,5225.062,1407
2026-03-02 04:45:00,5225.062,5235.505,5209.397,5214.436,1267
2026-03-02 05:00:00,5214.436,5216.418,5198.713,5206.449,1047
2026-03-02 05:15:00,5206.449,5238.678,5197.485,5229.626,1754
2026-03-02 05:30:00,5229.626,5241.586,5219.071,5239.781,1659
2026-03-02 05:45:00,5239.781,5250.057,5222.818,5245.829,1300
2026-03-02 06:00:00,5245.829,5246.635,5198.252,5198.476,1164
2026-03-02 06:15:00,5198.476,5230.191,5196.788,5198.990,1155
2026-03-02 06:30:00,5198.990,5248.897,5188.494,5248.468,1628
2026-03-02 06:45:00,5248.468,5249.289,5214.978,5229.179,1610
2026-03-02 07:00:00,5229.179,5236.341,5225.708,5229.006,1442
2026-03-02 07:15:00,5229.006,5246.834,5209.340,5226.770,1316
2026-03-02 07:30:00,5226.770,5255.739,5222.902,5232.799,1130
2026-03-02 07:45:00,5232.799,5263.900,5211.298,5234.105,1352
2026-03-02 08:00:00,5234.105,5247.511,5210.071,5214.603,1093
2026-03-02 08:15:00,5214.603,5263.759,5212.865,5261.455,1507
2026-03-02 08:30:00,5261.455,5263.207,5199.877,5201.306,1227
2026-03-02 08:45:00,5201.306,5230.573,5200.318,5229.690,1655
2026-03-02 09:00:00,5229.690,5248.319,5222.235,5224.545,1556
2026-03-02 09:15:00,5224.545,5243.240,5222.279,5224.169,1496
2026-03-02 09:30:00,5224.169,5257.440,5219.182,5255.356,1889
2026-03-02 09:45:00,5255.356,5257.280,5220.995,5242.402,1576
2026-03-02 10:00:00,5242.402,5243.188,5205.255,5242.984,1274
2026-03-02 10:15:00,5242.984,5245.439,5210.914,5215.983,1860
2026-03-02 10:30:00,5215.983,5234.510,5212.874,5214.532,1538
2026-03-02 10:45:00,5214.532,5251.294,5214.464,5249.268,1378
2026-03-02 11:00:00,5249.268,5251.378,5225.513,5250.583,1639
2026-03-02 11:15:00,5250.583,5283.750,5216.447,5283.750,1770
2026-03-02 11:30:00,5283.750,5283.750,5234.446,5238.760,1433
2026-03-02 11:45:00,5238.760,5260.388,5234.344,5240.706,1500
2026-03-02 12:00:00,5240.706,5252.101,5213.828,5248.476,1535
2026-03-02 12:15:00,5248.476,5249.558,5213.404,5213.989,1355
2026-03-02 12:30:00,5213.989,5229.254,5204.608,5225.900,1627
2026-03-02 12:45:00,5225.900,5262.321,5224.995,5243.462,1029
2026-03-02 13:00:00,5243.462,5264.103,5198.337,5198.838,1623
2026-03-02 13:15:00,5198.838,5256.649,5197.976,5256.547,1074
2026-03-02 13:30:00,5256.547,5256.807,5215.289,5230.017,1136
2026-03-02 13:45:00,5230.017,5281.921,5223.517,5236.318,1749
2026-03-02 14:00:00,5236.318,5261.955,5222.859,5223.565,1911
2026-03-02 14:15:00,5223.565,5254.465,5221.840,5252.345,1639
2026-03-02 14:30:00,5252.345,5275.525,5249.633,5260.779,1697
2026-03-02 14:45:00,5260.779,5269.946,5255.900,5268.029,1577
2026-03-02 15:00:00,5268.029,5271.069,5219.695,5239.068,1313
2026-03-02 15:15:00,5239.068,5251.864,5224.809,5250.316,1559
2026-03-02 15:30:00,5250.316,5260.458,5237.937,5253.961,2228
2026-03-02 15:45:00,5253.961,5256.473,5229.839,5237.157,1682
2026-03-02 16:00:00,5237.157,5278.806,5221.407,5278.804,1899
2026-03-02 16:15:00,5278.804,5279.320,5183.750,5243.646,1721
2026-03-02 16:30:00,5243.646,5273.564,5243.466,5253.280,1701
2026-03-02 16:45:00,5253.280,5271.873,5250.465,5268.239,2121
2026-03-02 17:00:00,5268.239,5271.661,5246.687,5247.811,1105
2026-03-02 17:15:00,5247.811,5265.098,5247.136,5258.732,1517
2026-03-02 17:30:00,5258.732,5268.864,5227.189,5229.025,1332
2026-03-02 17:45:00,5229.025,5265.551,5228.727,5259.013,2024
2026-03-02 18:00:00,5259.013,5281.459,5236.836,5281.216,1600
2026-03-02 18:15:00,5281.216,5283.144,5242.851,5256.729,1510
2026-03-02 18:30:00,5256.729,5274.231,5251.753,5260.687,1130
2026-03-02 18:45:00,5260.687,5260.744,5235.336,5238.266,1549
2026-03-02 19:00:00,5238.266,5276.213,5234.818,5257.158,1764
2026-03-02 19:15:00,5257.158,5262.304,5235.423,5237.380,1570
2026-03-02 19:30:00,5237.380,5262.366,5233.057,5256.907,1219
2026-03-02 19:45:00,5256.907,5282.241,5254.293,5256.842,1328
2026-03-02 20:00:00,5256.842,5264.384,5244.182,5244.957,1612
2026-03-02 20:15:00,5244.957,5266.035,5243.745,5263.920,1058
2026-03-02 20:30:00,5263.920,5271.927,5256.810,5268.768,1046
2026-03-02 20:45:00,5268.768,5283.750,5268.334,5269.875,1641
2026-03-02 21:00:00,5269.875,5269.962,5254.012,5266.783,1333
2026-03-02 21:15:00,5266.783,5281.537,5256.080,5257.161,1484
2026-03-02 21:30:00,5257.161,5274.557,5256.747,5274.148,1288
2026-03-02 21:45:00,5274.148,5274.289,5254.457,5255.019,1546
2026-03-02 22:00:00,5255.019,5273.933,5252.298,5266.581,1691
2026-03-02 22:15:00,5266.581,5273.438,5257.968,5270.891,1886
2026-03-02 22:30:00,5270.891,5273.946,5248.517,5265.741,1092
2026-03-02 22:45:00,5265.741,5278.873,5257.194,5259.987,1160
2026-03-02 23:00:00,5259.987,5280.332,5257.173,5266.864,1574
2026-03-02 23:15:00,5266.864,5271.823,5263.544,5270.432,1430
2026-03-02 23:30:00,5270.432,5273.131,5263.902,5266.190,1609
2026-03-02 23:45:00,5266.190,5272.847,5264.378,5269.000,1559
2026-03-03 00:00:00,5188.000,5213.408,5185.000,5207.126,1762
2026-03-03 00:15:00,5207.126,5218.512,5206.793,5215.153,1635
2026-03-03 00:30:00,5215.153,5219.015,5202.386,5210.633,1282
2026-03-03 00:45:00,5210.633,5220.267,5200.653,5202.052,1312
2026-03-03 01:00:00,5202.052,5216.918,5192.436,5215.894,1274
2026-03-03 01:15:00,5215.894,5220.370,5185.000,5185.000,1319
2026-03-03 01:30:00,5185.000,5228.876,5185.000,5203.329,1420
2026-03-03 01:45:00,5203.329,5223.927,5197.838,5219.364,1422
2026-03-03 02:00:00,5219.364,5231.593,5193.705,5224.999,1124
2026-03-03 02:15:00,5224.999,5237.959,5209.284,5210.770,1600
2026-03-03 02:30:00,5210.770,5247.992,5210.743,5243.249,1542
2026-03-03 02:45:00,5243.249,5248.267,5229.364,5247.414,1143
2026-03-03 03:00:00,5247.414,5248.498,5213.871,5221.503,1434
2026-03-03 03:15:00,5221.503,5254.330,5210.701,5219.726,1106
2026-03-03 03:30:00,5219.726,5220.427,5196.980,5210.740,1454
2026-03-03 03:45:00,5210.740,5233.631,5209.407,5232.415,1683
2026-03-03 04:00:00,5232.415,5241.949,5223.195,5226.786,1620
2026-03-03 04:15:00,5226.786,5254.677,5219.020,5254.342,1897
2026-03-03 04:30:00,5254.342,5255.534,5202.733,5208.398,1891
2026-03-03 04:45:00,5208.398,5261.473,5207.252,5237.738,1785
2026-03-03 05:00:00,5237.738,5256.705,5203.433,5253.197,1108
2026-03-03 05:15:00,5253.197,5254.632,5214.928,5216.424,1702
2026-03-03 05:30:00,5216.424,5254.643,5215.193,5218.368,1216
2026-03-03 05:45:00,5218.368,5242.898,5212.063,5213.467,1582
2026-03-03 06:00:00,5213.467,5236.361,5212.891,5231.962,1626
2026-03-03 06:15:00,5231.962,5241.609,5210.789,5235.991,1257
2026-03-03 06:30:00,5235.991,5247.004,5198.984,5223.413,1710
2026-03-03 06:45:00,5223.413,5274.089,5222.071,5232.845,1549
2026-03-03 07:00:00,5232.845,5262.054,5217.084,5220.212,1699
2026-03-03 07:15:00,5220.212,5272.897,5220.058,5224.668,1408
2026-03-03 07:30:00,5224.668,5284.977,5222.878,5265.405,1541
2026-03-03 07:45:00,5265.405,5269.148,5185.000,5185.000,1647
2026-03-03 08:00:00,5185.000,5258.608,5185.000,5236.263,1013
2026-03-03 08:15:00,5236.263,5252.209,5221.532,5221.983,1907
2026-03-03 08:30:00,5221.983,5253.681,5221.491,5253.553,1054
2026-03-03 08:45:00,5253.553,5256.324,5229.986,5230.832,1783
2026-03-03 09:00:00,5230.832,5255.418,5223.075,5249.695,1645
2026-03-03 09:15:00,5249.695,5260.858,5217.458,5257.235,1639
2026-03-03 09:30:00,5257.235,5260.944,5234.089,5239.301,1627
2026-03-03 09:45:00,5239.301,5242.700,5209.650,5223.091,1213
2026-03-03 10:00:00,5223.091,5254.386,5220.828,5243.075,1647
2026-03-03 10:15:00,5243.075,5256.134,5188.247,5254.705,1136
2026-03-03 10:30:00,5254.705,5269.050,5228.378,5228.595,1163
2026-03-03 10:45:00,5228.595,5268.414,5227.729,5258.323,1490
2026-03-03 11:00:00,5258.323,5285.489,5234.906,5283.295,1427
2026-03-03 11:15:00,5283.295,5284.008,5247.793,5253.043,1542
2026-03-03 11:30:00,5253.043,5274.382,5206.255,5264.429,1481
2026-03-03 11:45:00,5264.429,5266.294,5238.332,5252.376,1453
2026-03-03 12:00:00,5252.376,5305.174,5251.335,5301.984,1632
2026-03-03 12:15:00,5301.984,5303.471,5232.703,5245.022,908
2026-03-03 12:30:00,5245.022,5277.545,5238.095,5275.565,1689
2026-03-03 12:45:00,5275.565,5292.246,5246.386,5263.400,1571
2026-03-03 13:00:00,5263.400,5285.198,5230.507,5232.126,1382
2026-03-03 13:15:00,5232.126,5273.001,5227.744,5244.896,1806
2026-03-03 13:30:00,5244.896,5248.293,5229.319,5229.838,1336
2026-03-03 13:45:00,5229.838,5264.947,5227.256,5263.638,1641
2026-03-03 14:00:00,5263.638,5310.000,5226.542,5310.000,1408
2026-03-03 14:15:00,5310.000,5310.000,5233.730,5270.498,1668
2026-03-03 14:30:00,5270.498,5271.202,5242.566,5267.750,1367
2026-03-03 14:45:00,5267.750,5289.286,5247.585,5288.354,1598
2026-03-03 15:00:00,5288.354,5291.244,5251.353,5252.679,1030
2026-03-03 15:15:00,5252.679,5310.000,5245.765,5310.000,1095
2026-03-03 15:30:00,5310.000,5310.000,5249.412,5282.689,2075
2026-03-03 15:45:00,5282.689,5302.329,5219.878,5295.701,1535
2026-03-03 16:00:00,5295.701,5295.974,5260.427,5262.616,1115
2026-03-03 16:15:00,5262.616,5296.759,5238.488,5296.596,1759
2026-03-03 16:30:00,5296.596,5296.707,5234.034,5259.810,1687
2026-03-03 16:45:00,5259.810,5280.738,5240.929,5278.777,2198
2026-03-03 17:00:00,5278.777,5281.698,5256.072,5274.013,2013
2026-03-03 17:15:00,5274.013,5301.204,5244.266,5288.799,1429
2026-03-03 17:30:00,5288.799,5290.220,5267.044,5273.564,1671
2026-03-03 17:45:00,5273.564,5281.134,5242.423,5244.771,1213
2026-03-03 18:00:00,5244.771,5289.044,5243.395,5254.760,1351
2026-03-03 18:15:00,5254.760,5279.970,5251.990,5265.375,1454
2026-03-03 18:30:00,5265.375,5293.290,5258.514,5268.972,1630
2026-03-03 18:45:00,5268.972,5282.551,5259.244,5275.970,1507
2026-03-03 19:00:00,5275.970,5285.464,5271.901,5273.838,1628
2026-03-03 19:15:00,5273.838,5296.135,5252.600,5295.196,1813
2026-03-03 19:30:00,5295.196,5295.245,5251.513,5266.190,1599
2026-03-03 19:45:00,5266.190,5274.196,5261.018,5264.811,1420
2026-03-03 20:00:00,5264.811,5293.453,5243.796,5248.175,1487
2026-03-03 20:15:00,5248.175,5310.000,5247.219,5265.920,1599
2026-03-03 20:30:00,5265.920,5304.575,5264.325,5301.141,1704
2026-03-03 20:45:00,5301.141,5305.380,5266.381,5286.473,1599
2026-03-03 21:00:00,5286.473,5294.512,5265.654,5269.899,1091
2026-03-03 21:15:00,5269.899,5299.319,5266.867,5288.369,1146
2026-03-03 21:30:00,5288.369,5304.045,5279.727,5296.181,1389
2026-03-03 21:45:00,5296.181,5297.694,5276.303,5293.163,1177
2026-03-03 22:00:00,5293.163,5304.557,5274.898,5296.151,1569
2026-03-03 22:15:00,5296.151,5300.745,5277.119,5288.259,1624
2026-03-03 22:30:00,5288.259,5303.732,5278.369,5283.345,1967
2026-03-03 22:45:00,5283.345,5295.442,5275.343,5294.469,1171
2026-03-03 23:00:00,5294.469,5303.221,5283.317,5285.414,1508
2026-03-03 23:15:00,5285.414,5294.759,5274.745,5277.945,1530
2026-03-03 23:30:00,5277.945,5293.726,5272.550,5290.273,1395
2026-03-03 23:45:00,5290.273,5298.787,5287.475,5296.000,1174
2026-03-04 00:00:00,5224.000,5237.727,5223.758,5234.299,1209
2026-03-04 00:15:00,5234.299,5237.758,5223.309,5230.963,1016
2026-03-04 00:30:00,5230.963,5240.216,5227.465,5234.647,1504
2026-03-04 00:45:00,5234.647,5242.741,5229.947,5241.222,1906
2026-03-04 01:00:00,5241.222,5247.090,5232.458,5244.605,1578
2026-03-04 01:15:00,5244.605,5247.759,5230.546,5232.345,1693
2026-03-04 01:30:00,5232.345,5244.739,5228.139,5243.946,1072
2026-03-04 01:45:00,5243.946,5252.040,5232.686,5251.765,1420
2026-03-04 02:00:00,5251.765,5253.393,5231.801,5234.778,1649
2026-03-04 02:15:00,5234.778,5249.434,5230.601,5243.111,1518
2026-03-04 02:30:00,5243.111,5243.545,5215.489,5229.010,1513
2026-03-04 02:45:00,5229.010,5245.697,5226.944,5229.974,1660
2026-03-04 03:00:00,5229.974,5254.350,5228.507,5254.185,1523
2026-03-04 03:15:00,5254.185,5259.837,5210.535,5259.521,1753
2026-03-04 03:30:00,5259.521,5260.121,5218.305,5224.836,1142
2026-03-04 03:45:00,5224.836,5240.055,5210.000,5210.000,1676
2026-03-04 04:00:00,5210.000,5254.235,5210.000,5220.279,1391
2026-03-04 04:15:00,5220.279,5248.895,5219.094,5234.356,1390
2026-03-04 04:30:00,5234.356,5259.737,5219.972,5239.012,1668
2026-03-04 04:45:00,5239.012,5260.418,5227.587,5259.993,1821
2026-03-04 05:00:00,5259.993,5262.455,5229.265,5235.756,1928
2026-03-04 05:15:00,5235.756,5256.486,5210.000,5255.109,1532
2026-03-04 05:30:00,5255.109,5257.912,5230.410,5238.790,1370
2026-03-04 05:45:00,5238.790,5255.200,5238.175,5246.310,1920
2026-03-04 06:00:00,5246.310,5269.402,5237.218,5269.065,1762
2026-03-04 06:15:00,5269.065,5270.011,5230.186,5264.268,1079
2026-03-04 06:30:00,5264.268,5265.031,5242.803,5254.789,1552
2026-03-04 06:45:00,5254.789,5255.867,5220.747,5244.601,1718
2026-03-04 07:00:00,5244.601,5272.389,5243.364,5249.636,1975
2026-03-04 07:15:00,5249.636,5262.411,5246.153,5249.486,1296
2026-03-04 07:30:00,5249.486,5257.064,5239.889,5241.958,1488
2026-03-04 07:45:00,5241.958,5264.553,5240.419,5247.307,1435
2026-03-04 08:00:00,5247.307,5263.376,5244.480,5249.495,1559
2026-03-04 08:15:00,5249.495,5255.715,5228.933,5235.168,1499
2026-03-04 08:30:00,5235.168,5261.395,5229.174,5237.137,1108
2026-03-04 08:45:00,5237.137,5268.647,5235.642,5265.909,1651
2026-03-04 09:00:00,5265.909,5287.123,5241.237,5242.423,1253
2026-03-04 09:15:00,5242.423,5287.505,5235.645,5286.193,1780
2026-03-04 09:30:00,5286.193,5286.284,5233.313,5253.696,1813
2026-03-04 09:45:00,5253.696,5275.230,5242.405,5274.596,1434
2026-03-04 10:00:00,5274.596,5284.676,5251.314,5280.747,1582
2026-03-04 10:15:00,5280.747,5281.568,5234.632,5234.980,1707
2026-03-04 10:30:00,5234.980,5270.088,5232.325,5260.371,1756
2026-03-04 10:45:00,5260.371,5289.685,5243.371,5266.462,1669
2026-03-04 11:00:00,5266.462,5273.132,5248.798,5268.401,908
2026-03-04 11:15:00,5268.401,5270.815,5244.641,5252.092,1170
2026-03-04 11:30:00,5252.092,5266.255,5213.110,5215.056,1989
2026-03-04 11:45:00,5215.056,5274.082,5212.345,5271.650,951
2026-03-04 12:00:00,5271.650,5273.675,5229.455,5241.430,1903
2026-03-04 12:15:00,5241.430,5272.779,5241.091,5244.474,1081
2026-03-04 12:30:00,5244.474,5284.346,5242.379,5266.821,1581
2026-03-04 12:45:00,5266.821,5281.997,5266.114,5272.481,1858
2026-03-04 13:00:00,5272.481,5273.299,5241.648,5256.553,1428
2026-03-04 13:15:00,5256.553,5271.169,5236.358,5270.125,1768
2026-03-04 13:30:00,5270.125,5271.787,5255.899,5262.769,1143
2026-03-04 13:45:00,5262.769,5275.744,5261.016,5273.545,1348
2026-03-04 14:00:00,5273.545,5310.091,5253.005,5253.245,1061
2026-03-04 14:15:00,5253.245,5254.123,5233.023,5252.113,1575
2026-03-04 14:30:00,5252.113,5275.785,5250.294,5269.907,1189
2026-03-04 14:45:00,5269.907,5279.407,5251.891,5277.242,1284
2026-03-04 15:00:00,5277.242,5277.617,5257.787,5258.463,1713
2026-03-04 15:15:00,5258.463,5273.584,5245.345,5271.423,959
2026-03-04 15:30:00,5271.423,5281.745,5262.267,5262.337,1423
2026-03-04 15:45:00,5262.337,5275.935,5259.720,5271.391,1700
2026-03-04 16:00:00,5271.391,5272.855,5255.702,5256.705,1793
2026-03-04 16:15:00,5256.705,5275.401,5251.865,5273.335,1100
2026-03-04 16:30:00,5273.335,5281.411,5259.014,5277.237,1047
2026-03-04 16:45:00,5277.237,5289.543,5250.145,5253.502,1578
2026-03-04 17:00:00,5253.502,5286.155,5247.912,5266.489,1799
2026-03-04 17:15:00,5266.489,5284.250,5263.664,5274.873,1564
2026-03-04 17:30:00,5274.873,5313.333,5265.425,5268.226,1284
2026-03-04 17:45:00,5268.226,5284.524,5262.701,5276.455,901
2026-03-04 18:00:00,5276.455,5282.941,5264.630,5269.798,1485
2026-03-04 18:15:00,5269.798,5282.029,5260.041,5261.369,1453
2026-03-04 18:30:00,5261.369,5278.234,5244.716,5263.903,1238
2026-03-04 18:45:00,5263.903,5301.205,5261.748,5287.966,1464
2026-03-04 19:00:00,5287.966,5289.654,5261.945,5264.157,1292
2026-03-04 19:15:00,5264.157,5301.169,5263.649,5300.722,1277
2026-03-04 19:30:00,5300.722,5303.811,5256.685,5267.088,1598
2026-03-04 19:45:00,5267.088,5296.412,5260.842,5265.895,1418
2026-03-04 20:00:00,5265.895,5282.314,5254.053,5279.318,1291
2026-03-04 20:15:00,5279.318,5281.658,5266.369,5277.359,1655
2026-03-04 20:30:00,5277.359,5282.425,5259.611,5272.531,1702
2026-03-04 20:45:00,5272.531,5291.385,5272.044,5275.116,1780
2026-03-04 21:00:00,5275.116,5277.336,5254.877,5275.969,1429
2026-03-04 21:15:00,5275.969,5280.405,5271.638,5275.914,1221
2026-03-04 21:30:00,5275.914,5291.734,5267.590,5270.712,1582
2026-03-04 21:45:00,5270.712,5276.854,5263.359,5269.903,2013
2026-03-04 22:00:00,5269.903,5290.883,5264.627,5288.214,1132
2026-03-04 22:15:00,5288.214,5288.803,5268.902,5279.996,1437
2026-03-04 22:30:00,5279.996,5292.687,5277.654,5291.072,1532
2026-03-04 22:45:00,5291.072,5313.333,5272.051,5313.333,1477
2026-03-04 23:00:00,5313.333,5313.333,5263.377,5280.048,2324
2026-03-04 23:15:00,5280.048,5292.860,5270.350,5290.760,1645
2026-03-04 23:30:00,5290.760,5294.411,5276.191,5280.988,1371
2026-03-04 23:45:00,5280.988,5291.520,5278.405,5290.667,1422
2026-03-05 00:00:00,5260.000,5268.758,5259.700,5266.771,1480
2026-03-05 00:15:00,5266.771,5270.929,5261.342,5269.808,1709
2026-03-05 00:30:00,5269.808,5271.970,5255.093,5271.576,1621
2026-03-05 00:45:00,5271.576,5273.076,5260.235,5263.421,1643
2026-03-05 01:00:00,5263.421,5274.023,5250.614,5271.180,1921
2026-03-05 01:15:00,5271.180,5278.168,5271.130,5277.582,1793
2026-03-05 01:30:00,5277.582,5280.179,5260.416,5270.966,1286
2026-03-05 01:45:00,5270.966,5274.540,5261.258,5272.877,1869
2026-03-05 02:00:00,5272.877,5284.534,5261.401,5262.523,1871
2026-03-05 02:15:00,5262.523,5273.908,5257.951,5271.963,1391
2026-03-05 02:30:00,5271.963,5289.975,5262.431,5263.149,1793
2026-03-05 02:45:00,5263.149,5289.501,5252.852,5265.801,1797
2026-03-05 03:00:00,5265.801,5280.079,5257.248,5261.932,1543
2026-03-05 03:15:00,5261.932,5285.611,5247.387,5283.361,1761
2026-03-05 03:30:00,5283.361,5291.339,5273.287,5274.662,1139
2026-03-05 03:45:00,5274.662,5276.706,5264.109,5274.562,1463
2026-03-05 04:00:00,5274.562,5292.668,5264.565,5291.245,1504
2026-03-05 04:15:00,5291.245,5293.837,5267.882,5272.849,1449
2026-03-05 04:30:00,5272.849,5280.800,5270.799,5278.468,1723
2026-03-05 04:45:00,5278.468,5285.041,5267.190,5281.308,1554
2026-03-05 05:00:00,5281.308,5295.169,5260.815,5261.712,1323
2026-03-05 05:15:00,5261.712,5305.802,5246.531,5246.563,1499
2026-03-05 05:30:00,5246.563,5274.938,5245.544,5264.233,1475
2026-03-05 05:45:00,5264.233,5287.163,5263.955,5265.523,1687
2026-03-05 06:00:00,5265.523,5297.280,5256.690,5262.753,1667
2026-03-05 06:15:00,5262.753,5297.280,5252.699,5278.780,1381
2026-03-05 06:30:00,5278.780,5297.771,5235.000,5268.952,1323
2026-03-05 06:45:00,5268.952,5289.105,5267.257,5275.117,1669
2026-03-05 07:00:00,5275.117,5281.093,5259.786,5262.286,1321
2026-03-05 07:15:00,5262.286,5287.697,5256.301,5257.234,1677
2026-03-05 07:30:00,5257.234,5281.613,5252.293,5278.326,1615
2026-03-05 07:45:00,5278.326,5288.279,5275.699,5283.845,1358
2026-03-05 08:00:00,5283.845,5289.056,5273.554,5273.556,2193
2026-03-05 08:15:00,5273.556,5287.365,5250.511,5253.780,1197
2026-03-05 08:30:00,5253.780,5288.302,5253.688,5271.698,1370
2026-03-05 08:45:00,5271.698,5289.369,5240.215,5243.635,1924
2026-03-05 09:00:00,5243.635,5316.649,5243.610,5261.457,1393
2026-03-05 09:15:00,5261.457,5295.702,5260.958,5264.505,1793
2026-03-05 09:30:00,5264.505,5271.817,5258.978,5264.192,1715
2026-03-05 09:45:00,5264.192,5291.986,5260.004,5260.047,1405
2026-03-05 10:00:00,5260.047,5276.132,5257.460,5265.467,1205
2026-03-05 10:15:00,5265.467,5286.811,5262.927,5270.089,1581
2026-03-05 10:30:00,5270.089,5303.776,5261.047,5301.065,1709
2026-03-05 10:45:00,5301.065,5315.813,5275.552,5290.408,1787
2026-03-05 11:00:00,5290.408,5290.882,5260.554,5286.166,1433
2026-03-05 11:15:00,5286.166,5293.758,5238.482,5269.720,1286
2026-03-05 11:30:00,5269.720,5304.403,5260.407,5303.081,1377
2026-03-05 11:45:00,5303.081,5305.793,5272.736,5287.042,1285
2026-03-05 12:00:00,5287.042,5287.171,5261.850,5283.511,1644
2026-03-05 12:15:00,5283.511,5294.659,5235.000,5294.225,1267
2026-03-05 12:30:00,5294.225,5306.002,5254.514,5305.345,1971
2026-03-05 12:45:00,5305.345,5307.855,5263.214,5289.816,1400
2026-03-05 13:00:00,5289.816,5306.048,5238.510,5242.178,1329
2026-03-05 13:15:00,5242.178,5302.108,5242.116,5287.456,1366
2026-03-05 13:30:00,5287.456,5299.178,5250.101,5298.291,1644
2026-03-05 13:45:00,5298.291,5316.667,5276.386,5284.277,1879
2026-03-05 14:00:00,5284.277,5302.524,5243.338,5297.256,1730
2026-03-05 14:15:00,5297.256,5301.557,5269.359,5269.610,1563
2026-03-05 14:30:00,5269.610,5302.253,5266.408,5300.140,1125
2026-03-05 14:45:00,5300.140,5302.901,5284.744,5286.994,1168
2026-03-05 15:00:00,5286.994,5305.137,5277.100,5304.646,1728
2026-03-05 15:15:00,5304.646,5304.700,5235.000,5235.000,1410
2026-03-05 15:30:00,5235.000,5316.619,5235.000,5315.938,1019
2026-03-05 15:45:00,5315.938,5316.667,5273.669,5274.016,1567
2026-03-05 16:00:00,5274.016,5291.482,5271.626,5289.509,1190
2026-03-05 16:15:00,5289.509,5290.165,5271.965,5285.720,1254
2026-03-05 16:30:00,5285.720,5292.030,5280.066,5281.904,1729
2026-03-05 16:45:00,5281.904,5299.528,5261.076,5297.528,1131
2026-03-05 17:00:00,5297.528,5302.016,5274.217,5276.205,1583
2026-03-05 17:15:00,5276.205,5289.114,5274.743,5285.146,1154
2026-03-05 17:30:00,5285.146,5286.510,5259.412,5277.643,1409
2026-03-05 17:45:00,5277.643,5291.948,5277.244,5280.102,1461
2026-03-05 18:00:00,5280.102,5308.950,5278.112,5308.282,1332
2026-03-05 18:15:00,5308.282,5310.682,5263.932,5276.995,1670
2026-03-05 18:30:00,5276.995,5314.200,5276.328,5299.569,1086
2026-03-05 18:45:00,5299.569,5300.161,5280.005,5283.818,1706
2026-03-05 19:00:00,5283.818,5302.861,5282.164,5298.387,1535
2026-03-05 19:15:00,5298.387,5300.389,5276.819,5279.289,1189
2026-03-05 19:30:00,5279.289,5303.246,5279.137,5292.759,1003
2026-03-05 19:45:00,5292.759,5300.230,5269.092,5298.929,1398
2026-03-05 20:00:00,5298.929,5301.487,5276.829,5278.342,1199
2026-03-05 20:15:00,5278.342,5290.227,5270.540,5272.422,1188
2026-03-05 20:30:00,5272.422,5298.309,5267.451,5298.075,1586
2026-03-05 20:45:00,5298.075,5301.085,5286.194,5286.995,1913
2026-03-05 21:00:00,5286.995,5299.555,5283.781,5297.873,1208
2026-03-05 21:15:00,5297.873,5308.289,5281.460,5287.007,1587
2026-03-05 21:30:00,5287.007,5316.667,5286.864,5316.667,1810
2026-03-05 21:45:00,5316.667,5316.667,5280.414,5296.835,1832
2026-03-05 22:00:00,5296.835,5307.003,5284.389,5304.751,1682
2026-03-05 22:15:00,5304.751,5307.589,5283.148,5296.233,1866
2026-03-05 22:30:00,5296.233,5298.518,5283.378,5292.879,1690
2026-03-05 22:45:00,5292.879,5293.557,5283.987,5285.531,1404
2026-03-05 23:00:00,5285.531,5299.063,5284.742,5293.338,1501
2026-03-05 23:15:00,5293.338,5294.743,5287.725,5293.356,1566
2026-03-05 23:30:00,5293.356,5296.065,5290.974,5291.451,1668
2026-03-05 23:45:00,5291.451,5296.206,5281.944,5285.333,1422
2026-03-06 00:00:00,5296.000,5296.934,5293.227,5294.167,1308
2026-03-06 00:15:00,5294.167,5299.060,5291.775,5292.208,1819
2026-03-06 00:30:00,5292.208,5298.625,5291.797,5295.586,1051
2026-03-06 00:45:00,5295.586,5298.000,5287.667,5297.433,1601
2026-03-06 01:00:00,5297.433,5298.154,5286.153,5294.753,909
2026-03-06 01:15:00,5294.753,5299.043,5289.449,5289.578,1626
2026-03-06 01:30:00,5289.578,5300.201,5282.604,5283.246,1488
2026-03-06 01:45:00,5283.246,5305.441,5282.073,5297.247,1528
2026-03-06 02:00:00,5297.247,5301.099,5285.703,5299.923,1986
2026-03-06 02:15:00,5299.923,5302.698,5281.830,5302.091,1599
2026-03-06 02:30:00,5302.091,5302.871,5280.918,5292.205,1462
2026-03-06 02:45:00,5292.205,5320.000,5288.938,5320.000,1870
2026-03-06 03:00:00,5320.000,5320.000,5285.414,5302.462,1077
2026-03-06 03:15:00,5302.462,5304.843,5291.511,5298.039,1686
2026-03-06 03:30:00,5298.039,5299.876,5285.877,5288.545,1163
2026-03-06 03:45:00,5288.545,5295.064,5277.906,5290.240,1672
2026-03-06 04:00:00,5290.240,5297.084,5282.229,5283.771,1038
2026-03-06 04:15:00,5283.771,5297.194,5282.856,5291.790,1626
2026-03-06 04:30:00,5291.790,5299.377,5289.350,5290.493,1605
2026-03-06 04:45:00,5290.493,5293.836,5286.040,5286.465,1341
2026-03-06 05:00:00,5286.465,5306.020,5284.886,5292.084,1743
2026-03-06 05:15:00,5292.084,5296.154,5285.654,5287.256,1235
2026-03-06 05:30:00,5287.256,5300.959,5277.856,5278.611,1607
2026-03-06 05:45:00,5278.611,5295.624,5272.689,5273.547,1856
2026-03-06 06:00:00,5273.547,5292.388,5271.593,5279.360,1699
2026-03-06 06:15:00,5279.360,5316.958,5279.154,5296.728,1256
2026-03-06 06:30:00,5296.728,5297.145,5278.726,5289.757,1250
2026-03-06 06:45:00,5289.757,5309.505,5272.098,5308.205,1172
2026-03-06 07:00:00,5308.205,5308.973,5282.231,5292.206,1985
2026-03-06 07:15:00,5292.206,5309.235,5276.562,5305.780,1123
2026-03-06 07:30:00,5305.780,5305.794,5284.440,5291.745,904
2026-03-06 07:45:00,5291.745,5314.730,5283.824,5312.969,1101
2026-03-06 08:00:00,5312.969,5313.120,5279.380,5295.318,1597
2026-03-06 08:15:00,5295.318,5302.294,5275.619,5288.284,1454
2026-03-06 08:30:00,5288.284,5295.540,5285.751,5286.732,1676
2026-03-06 08:45:00,5286.732,5300.753,5285.514,5295.237,1074
2026-03-06 09:00:00,5295.237,5295.797,5272.995,5288.727,1291
2026-03-06 09:15:00,5288.727,5308.485,5272.963,5283.185,1163
2026-03-06 09:30:00,5283.185,5302.010,5278.591,5282.811,1662
2026-03-06 09:45:00,5282.811,5307.850,5281.849,5298.275,1591
2026-03-06 10:00:00,5298.275,5299.589,5288.972,5290.226,1578
2026-03-06 10:15:00,5290.226,5309.786,5277.978,5307.133,1426
2026-03-06 10:30:00,5307.133,5307.172,5281.992,5294.253,1475
2026-03-06 10:45:00,5294.253,5295.231,5283.023,5290.172,1467
2026-03-06 11:00:00,5290.172,5290.931,5269.580,5275.659,1655
2026-03-06 11:15:00,5275.659,5297.770,5274.501,5297.725,1700
2026-03-06 11:30:00,5297.725,5299.753,5273.048,5277.150,1577
2026-03-06 11:45:00,5277.150,5320.000,5274.407,5309.201,1001
2026-03-06 12:00:00,5309.201,5309.522,5268.830,5276.976,1706
2026-03-06 12:15:00,5276.976,5311.726,5276.223,5297.430,1255
2026-03-06 12:30:00,5297.430,5297.784,5276.204,5284.844,1555
2026-03-06 12:45:00,5284.844,5298.332,5281.679,5282.478,1620
2026-03-06 13:00:00,5282.478,5293.126,5281.975,5288.580,1711
2026-03-06 13:15:00,5288.580,5290.371,5281.524,5286.395,1991
2026-03-06 13:30:00,5286.395,5305.838,5278.302,5303.544,1709
2026-03-06 13:45:00,5303.544,5304.855,5285.727,5294.927,1510
2026-03-06 14:00:00,5294.927,5300.260,5287.427,5288.047,1285
2026-03-06 14:15:00,5288.047,5306.674,5287.981,5299.781,1236
2026-03-06 14:30:00,5299.781,5300.154,5275.046,5275.789,1647
2026-03-06 14:45:00,5275.789,5302.315,5275.131,5302.015,1394
2026-03-06 15:00:00,5302.015,5302.319,5278.561,5286.404,1569
2026-03-06 15:15:00,5286.404,5292.409,5272.631,5291.239,1404
2026-03-06 15:30:00,5291.239,5300.894,5271.331,5299.497,1174
2026-03-06 15:45:00,5299.497,5301.297,5271.626,5285.620,1526
2026-03-06 16:00:00,5285.620,5288.350,5278.124,5286.688,1150
2026-03-06 16:15:00,5286.688,5302.981,5276.218,5279.428,1236
2026-03-06 16:30:00,5279.428,5296.295,5275.184,5286.091,1957
2026-03-06 16:45:00,5286.091,5292.769,5282.458,5282.941,1421
2026-03-06 17:00:00,5282.941,5283.669,5278.273,5278.859,1316
2026-03-06 17:15:00,5278.859,5302.719,5278.079,5288.406,1741
2026-03-06 17:30:00,5288.406,5295.615,5279.730,5280.778,1815
2026-03-06 17:45:00,5280.778,5294.287,5267.525,5292.521,1193
2026-03-06 18:00:00,5292.521,5303.446,5273.378,5294.452,1893
2026-03-06 18:15:00,5294.452,5295.163,5275.058,5275.285,1362
2026-03-06 18:30:00,5275.285,5296.704,5273.827,5294.916,1333
2026-03-06 18:45:00,5294.916,5295.260,5260.000,5279.320,1568
2026-03-06 19:00:00,5279.320,5301.102,5277.114,5300.064,1589
2026-03-06 19:15:00,5300.064,5300.590,5270.154,5271.036,1536
2026-03-06 19:30:00,5271.036,5297.931,5270.867,5296.347,1210
2026-03-06 19:45:00,5296.347,5296.522,5279.908,5281.458,1004
2026-03-06 20:00:00,5281.458,5289.249,5273.112,5274.587,1419
2026-03-06 20:15:00,5274.587,5284.941,5273.356,5284.885,2009
2026-03-06 20:30:00,5284.885,5293.942,5271.730,5290.021,1915
2026-03-06 20:45:00,5290.021,5290.398,5278.945,5288.611,1217
2026-03-06 21:00:00,5288.611,5288.861,5260.000,5260.000,1543
2026-03-06 21:15:00,5260.000,5284.062,5260.000,5283.838,1372
2026-03-06 21:30:00,5283.838,5287.489,5273.650,5273.995,1056
2026-03-06 21:45:00,5273.995,5292.537,5271.097,5292.499,964
2026-03-06 22:00:00,5292.499,5293.369,5271.735,5280.591,1760
2026-03-06 22:15:00,5280.591,5286.925,5273.021,5273.935,1422
2026-03-06 22:30:00,5273.935,5281.440,5260.000,5281.284,1831
2026-03-06 22:45:00,5281.284,5287.146,5273.553,5274.284,1239
2026-03-06 23:00:00,5274.284,5284.877,5274.225,5282.824,1695
2026-03-06 23:15:00,5282.824,5282.900,5274.826,5280.558,1431
2026-03-06 23:30:00,5280.558,5284.152,5278.556,5280.853,1609
2026-03-06 23:45:00,5280.853,5285.444,5278.664,5280.000,1726
2026-03-09 00:00:00,5284.000,5220.250,5218.174,5219.257,1207
2026-03-09 00:15:00,5219.257,5220.224,5218.049,5219.914,1641
2026-03-09 00:30:00,5219.914,5220.079,5216.987,5218.823,1013
2026-03-09 00:45:00,5218.823,5220.250,5218.208,5220.250,1960
2026-03-09 01:00:00,5220.250,5220.250,5217.399,5218.182,1812
2026-03-09 01:15:00,5218.182,5219.215,5217.206,5218.173,964
2026-03-09 01:30:00,5218.173,5219.238,5215.418,5216.725,1443
2026-03-09 01:45:00,5216.725,5217.615,5215.453,5216.864,1787
2026-03-09 02:00:00,5216.864,5217.447,5216.364,5216.801,1118
2026-03-09 02:15:00,5216.801,5217.189,5214.760,5215.799,1463
2026-03-09 02:30:00,5215.799,5217.955,5213.404,5213.441,1688
2026-03-09 02:45:00,5213.441,5220.243,5213.013,5216.683,1720
2026-03-09 03:00:00,5216.683,5217.114,5214.200,5214.429,1648
2026-03-09 03:15:00,5214.429,5216.868,5211.821,5214.018,1352
2026-03-09 03:30:00,5214.018,5217.808,5212.497,5213.918,1265
2026-03-09 03:45:00,5213.918,5220.250,5211.621,5220.250,1718
2026-03-09 04:00:00,5220.250,5220.250,5211.282,5211.870,1010
2026-03-09 04:15:00,5211.870,5216.682,5210.901,5216.410,1103
2026-03-09 04:30:00,5216.410,5217.024,5211.398,5214.105,1384
2026-03-09 04:45:00,5214.105,5214.481,5209.896,5213.761,1455
2026-03-09 05:00:00,5213.761,5215.417,5213.277,5215.346,2014
2026-03-09 05:15:00,5215.346,5215.468,5210.443,5212.132,1344
2026-03-09 05:30:00,5212.132,5216.063,5211.393,5213.192,1913
2026-03-09 05:45:00,5213.192,5213.489,5211.701,5212.891,1922
2026-03-09 06:00:00,5212.891,5216.151,5211.626,5212.183,1164
2026-03-09 06:15:00,5212.183,5213.324,5209.398,5209.707,1861
2026-03-09 06:30:00,5209.707,5214.660,5208.628,5214.076,1461
2026-03-09 06:45:00,5214.076,5214.490,5209.048,5211.505,1227
2026-03-09 07:00:00,5211.505,5214.390,5210.028,5213.778,1742
2026-03-09 07:15:00,5213.778,5214.038,5210.899,5211.336,1178
2026-03-09 07:30:00,5211.336,5213.825,5207.861,5211.964,1419
2026-03-09 07:45:00,5211.964,5212.617,5208.765,5209.487,1762
2026-03-09 08:00:00,5209.487,5214.909,5209.239,5213.481,1785
2026-03-09 08:15:00,5213.481,5213.733,5205.451,5206.286,1614
2026-03-09 08:30:00,5206.286,5211.289,5205.245,5208.248,1182
2026-03-09 08:45:00,5208.248,5210.751,5205.688,5210.156,1497
2026-03-09 09:00:00,5210.156,5212.009,5205.862,5211.529,1338
2026-03-09 09:15:00,5211.529,5212.306,5207.239,5209.033,1090
2026-03-09 09:30:00,5209.033,5210.020,5206.679,5208.636,1504
2026-03-09 09:45:00,5208.636,5209.979,5207.233,5208.589,1660
2026-03-09 10:00:00,5208.589,5211.134,5206.306,5209.346,1918
2026-03-09 10:15:00,5209.346,5211.026,5204.914,5205.189,1814
2026-03-09 10:30:00,5205.189,5212.669,5205.058,5211.543,1369
2026-03-09 10:45:00,5211.543,5212.383,5206.850,5206.970,1834
2026-03-09 11:00:00,5206.970,5209.145,5206.291,5206.723,1364
2026-03-09 11:15:00,5206.723,5209.167,5200.003,5205.490,1352
2026-03-09 11:30:00,5205.490,5208.280,5204.896,5208.275,1565
2026-03-09 11:45:00,5208.275,5208.872,5204.476,5207.803,1502
2026-03-09 12:00:00,5207.803,5209.113,5192.500,5192.500,1606
2026-03-09 12:15:00,5192.500,5211.084,5192.500,5205.996,1684
2026-03-09 12:30:00,5205.996,5208.702,5205.188,5206.644,1372
2026-03-09 12:45:00,5206.644,5207.088,5202.995,5206.001,1380
2026-03-09 13:00:00,5206.001,5211.340,5203.114,5203.610,1232
2026-03-09 13:15:00,5203.610,5206.498,5202.709,5204.224,1244
2026-03-09 13:30:00,5204.224,5207.901,5202.203,5204.625,1367
2026-03-09 13:45:00,5204.625,5204.932,5203.983,5204.601,1273
2026-03-09 14:00:00,5204.601,5204.771,5200.446,5200.468,1954
2026-03-09 14:15:00,5200.468,5204.711,5199.986,5203.695,1939
2026-03-09 14:30:00,5203.695,5205.261,5201.647,5203.497,1369
2026-03-09 14:45:00,5203.497,5204.087,5198.461,5198.868,1619
2026-03-09 15:00:00,5198.868,5202.590,5198.383,5200.761,1304
2026-03-09 15:15:00,5200.761,5206.680,5200.448,5201.612,1349
2026-03-09 15:30:00,5201.612,5205.610,5199.613,5201.327,1590
2026-03-09 15:45:00,5201.327,5204.146,5198.981,5202.871,1301
2026-03-09 16:00:00,5202.871,5205.081,5201.801,5204.554,2048
2026-03-09 16:15:00,5204.554,5205.079,5198.321,5198.446,1648
2026-03-09 16:30:00,5198.446,5201.944,5198.377,5200.585,1813
2026-03-09 16:45:00,5200.585,5202.032,5197.813,5198.809,1145
2026-03-09 17:00:00,5198.809,5200.935,5196.818,5197.167,920
2026-03-09 17:15:00,5197.167,5201.348,5196.535,5198.645,1685
2026-03-09 17:30:00,5198.645,5200.707,5197.701,5197.949,1502
2026-03-09 17:45:00,5197.949,5201.028,5197.386,5200.009,1298
2026-03-09 18:00:00,5200.009,5200.299,5196.409,5200.122,1467
2026-03-09 18:15:00,5200.122,5200.762,5197.973,5199.860,1479
2026-03-09 18:30:00,5199.860,5200.563,5196.346,5197.962,1357
2026-03-09 18:45:00,5197.962,5201.661,5197.223,5201.120,1117
2026-03-09 19:00:00,5201.120,5201.567,5195.333,5198.368,1796
2026-03-09 19:15:00,5198.368,5199.957,5195.592,5198.810,1701
2026-03-09 19:30:00,5198.810,5198.950,5195.562,5197.615,1761
2026-03-09 19:45:00,5197.615,5198.640,5195.660,5196.425,1705
2026-03-09 20:00:00,5196.425,5198.424,5193.639,5195.819,1385
2026-03-09 20:15:00,5195.819,5200.369,5195.378,5198.199,1564
2026-03-09 20:30:00,5198.199,5198.972,5195.423,5195.797,1668
2026-03-09 20:45:00,5195.797,5196.251,5192.500,5195.420,1499
2026-03-09 21:00:00,5195.420,5198.274,5195.170,5197.730,1528
2026-03-09 21:15:00,5197.730,5197.846,5193.575,5195.225,1602
2026-03-09 21:30:00,5195.225,5196.209,5194.217,5194.281,1562
2026-03-09 21:45:00,5194.281,5196.545,5193.461,5193.967,1769
2026-03-09 22:00:00,5193.967,5196.771,5192.878,5194.259,1374
2026-03-09 22:15:00,5194.259,5195.630,5192.930,5193.437,1554
2026-03-09 22:30:00,5193.437,5195.557,5192.500,5195.437,1097
2026-03-09 22:45:00,5195.437,5196.096,5192.955,5194.319,1745
2026-03-09 23:00:00,5194.319,5194.716,5192.500,5193.964,1250
2026-03-09 23:15:00,5193.964,5195.172,5192.500,5193.529,1565
2026-03-09 23:30:00,5193.529,5194.242,5192.500,5192.726,1479
2026-03-09 23:45:00,5192.726,5205.459,5192.500,5205.000,1287
2026-03-10 00:00:00,5280.000,5187.000,5186.428,5186.983,1527
2026-03-10 00:15:00,5186.983,5187.000,5186.360,5186.798,1789
2026-03-10 00:30:00,5186.798,5187.000,5186.047,5186.533,1604
2026-03-10 00:45:00,5186.533,5186.980,5185.800,5186.379,1495
2026-03-10 01:00:00,5186.379,5186.705,5185.318,5186.050,1847
2026-03-10 01:15:00,5186.050,5186.283,5185.082,5185.789,1137
2026-03-10 01:30:00,5185.789,5186.289,5185.196,5185.356,1221
2026-03-10 01:45:00,5185.356,5186.588,5185.084,5185.843,1453
2026-03-10 02:00:00,5185.843,5186.166,5185.263,5185.528,1295
2026-03-10 02:15:00,5185.528,5185.725,5184.873,5185.050,1756
2026-03-10 02:30:00,5185.050,5185.991,5184.610,5185.072,1687
2026-03-10 02:45:00,5185.072,5185.579,5184.382,5184.466,1702
2026-03-10 03:00:00,5184.466,5184.918,5184.098,5184.746,1002
2026-03-10 03:15:00,5184.746,5185.783,5184.221,5184.734,1618
2026-03-10 03:30:00,5184.734,5184.920,5183.566,5184.548,1301
2026-03-10 03:45:00,5184.548,5185.195,5183.538,5183.689,1452
2026-03-10 04:00:00,5183.689,5184.926,5183.178,5184.708,1794
2026-03-10 04:15:00,5184.708,5184.977,5183.263,5183.349,1153
2026-03-10 04:30:00,5183.349,5184.191,5183.077,5183.581,1361
2026-03-10 04:45:00,5183.581,5184.279,5182.682,5184.052,1102
2026-03-10 05:00:00,5184.052,5184.713,5182.015,5182.879,1896
2026-03-10 05:15:00,5182.879,5183.860,5182.343,5182.870,1837
2026-03-10 05:30:00,5182.870,5183.988,5182.433,5183.907,1427
2026-03-10 05:45:00,5183.907,5183.969,5181.206,5182.142,1499
2026-03-10 06:00:00,5182.142,5183.102,5182.032,5182.768,1254
2026-03-10 06:15:00,5182.768,5183.183,5181.862,5182.425,1606
2026-03-10 06:30:00,5182.425,5183.728,5181.786,5182.127,1491
2026-03-10 06:45:00,5182.127,5183.104,5181.341,5182.433,1433
2026-03-10 07:00:00,5182.433,5182.750,5181.650,5182.304,1328
2026-03-10 07:15:00,5182.304,5183.063,5181.567,5182.233,1371
2026-03-10 07:30:00,5182.233,5182.521,5180.411,5180.663,1860
2026-03-10 07:45:00,5180.663,5182.259,5180.164,5180.388,1461
2026-03-10 08:00:00,5180.388,5181.867,5180.189,5181.069,1662
2026-03-10 08:15:00,5181.069,5181.764,5180.651,5180.911,1592
2026-03-10 08:30:00,5180.911,5181.450,5179.872,5180.989,1468
2026-03-10 08:45:00,5180.989,5181.487,5179.704,5180.337,1404
2026-03-10 09:00:00,5180.337,5181.437,5179.466,5179.999,1378
2026-03-10 09:15:00,5179.999,5181.488,5179.625,5180.854,1401
2026-03-10 09:30:00,5180.854,5181.496,5179.300,5180.983,1008
2026-03-10 09:45:00,5180.983,5181.212,5180.017,5180.194,1647
2026-03-10 10:00:00,5180.194,5180.518,5178.673,5179.395,1656
2026-03-10 10:15:00,5179.395,5180.554,5178.778,5180.379,1589
2026-03-10 10:30:00,5180.379,5180.618,5179.317,5179.835,1252
2026-03-10 10:45:00,5179.835,5180.527,5178.263,5178.948,1491
2026-03-10 11:00:00,5178.948,5180.393,5178.816,5179.807,1379
2026-03-10 11:15:00,5179.807,5180.158,5178.811,5178.848,1219
2026-03-10 11:30:00,5178.848,5180.373,5177.908,5178.455,947
2026-03-10 11:45:00,5178.455,5179.449,5178.122,5179.141,1179
2026-03-10 12:00:00,5179.141,5179.146,5177.708,5178.721,1038
2026-03-10 12:15:00,5178.721,5179.570,5177.303,5178.971,1380
2026-03-10 12:30:00,5178.971,5179.461,5176.846,5177.220,1345
2026-03-10 12:45:00,5177.220,5179.198,5176.671,5178.657,1625
2026-03-10 13:00:00,5178.657,5179.099,5177.258,5177.712,1450
2026-03-10 13:15:00,5177.712,5178.586,5177.628,5178.402,1640
2026-03-10 13:30:00,5178.402,5178.659,5176.514,5176.831,1756
2026-03-10 13:45:00,5176.831,5177.504,5176.391,5177.330,1381
2026-03-10 14:00:00,5177.330,5177.800,5176.647,5177.332,1381
2026-03-10 14:15:00,5177.332,5177.548,5176.314,5176.390,1888
2026-03-10 14:30:00,5176.390,5177.090,5175.239,5177.047,1366
2026-03-10 14:45:00,5177.047,5177.929,5176.060,5176.291,1129
2026-03-10 15:00:00,5176.291,5177.239,5174.866,5177.086,1277
2026-03-10 15:15:00,5177.086,5177.316,5174.526,5175.000,1682
2026-03-10 15:30:00,5175.000,5177.058,5174.885,5176.041,1614
2026-03-10 15:45:00,5176.041,5176.076,5175.159,5175.313,1721
2026-03-10 16:00:00,5175.313,5176.169,5174.685,5175.771,1533
2026-03-10 16:15:00,5175.771,5176.534,5174.846,5175.557,1424
2026-03-10 16:30:00,5175.557,5176.034,5175.049,5175.657,1138
2026-03-10 16:45:00,5175.657,5176.238,5170.000,5170.000,1793
2026-03-10 17:00:00,5170.000,5175.102,5170.000,5174.994,1653
2026-03-10 17:15:00,5174.994,5175.498,5174.581,5174.876,1352
2026-03-10 17:30:00,5174.876,5187.000,5173.282,5187.000,1657
2026-03-10 17:45:00,5187.000,5187.000,5173.455,5173.892,1970
2026-03-10 18:00:00,5173.892,5174.921,5173.384,5174.101,1112
2026-03-10 18:15:00,5174.101,5174.280,5173.206,5174.074,1066
2026-03-10 18:30:00,5174.074,5174.719,5173.540,5174.352,2127
2026-03-10 18:45:00,5174.352,5174.586,5172.518,5173.112,1491
2026-03-10 19:00:00,5173.112,5173.756,5172.629,5172.755,1069
2026-03-10 19:15:00,5172.755,5173.842,5172.193,5173.236,1678
2026-03-10 19:30:00,5173.236,5173.348,5172.056,5172.172,1465
2026-03-10 19:45:00,5172.172,5173.548,5172.127,5172.962,1765
2026-03-10 20:00:00,5172.962,5173.849,5172.144,5172.811,1611
2026-03-10 20:15:00,5172.811,5173.016,5172.183,5172.436,1552
2026-03-10 20:30:00,5172.436,5173.623,5172.198,5172.467,1362
2026-03-10 20:45:00,5172.467,5173.209,5171.751,5172.274,1634
2026-03-10 21:00:00,5172.274,5173.189,5171.340,5172.497,1552
2026-03-10 21:15:00,5172.497,5172.750,5170.975,5171.151,1481
2026-03-10 21:30:00,5171.151,5172.469,5171.025,5171.306,1275
2026-03-10 21:45:00,5171.306,5171.752,5170.577,5171.376,2114
2026-03-10 22:00:00,5171.376,5172.134,5170.694,5171.738,1445
2026-03-10 22:15:00,5171.738,5172.068,5170.485,5171.153,1698
2026-03-10 22:30:00,5171.153,5171.574,5170.664,5170.817,1379
2026-03-10 22:45:00,5170.817,5171.163,5170.242,5170.415,1080
2026-03-10 23:00:00,5170.415,5170.725,5170.000,5170.480,1110
2026-03-10 23:15:00,5170.480,5171.022,5170.000,5170.345,1388
2026-03-10 23:30:00,5170.345,5171.035,5170.000,5170.467,1242
2026-03-10 23:45:00,5170.467,5180.344,5170.000,5180.000,1073
2026-03-11 00:00:00,5246.667,5188.000,5181.420,5182.355,1804
2026-03-11 00:15:00,5182.355,5184.975,5180.608,5181.603,1790
2026-03-11 00:30:00,5181.603,5182.466,5180.027,5182.172,1680
2026-03-11 00:45:00,5182.172,5182.836,5178.835,5179.874,1556
2026-03-11 01:00:00,5179.874,5184.749,5179.213,5184.345,1695
2026-03-11 01:15:00,5184.345,5184.702,5179.571,5180.403,1430
2026-03-11 01:30:00,5180.403,5183.588,5177.632,5181.460,1581
2026-03-11 01:45:00,5181.460,5182.142,5175.707,5175.858,1709
2026-03-11 02:00:00,5175.858,5181.309,5174.756,5177.986,1523
2026-03-11 02:15:00,5177.986,5188.000,5174.303,5178.602,1552
2026-03-11 02:30:00,5178.602,5180.032,5174.451,5175.610,1499
2026-03-11 02:45:00,5175.610,5180.495,5174.138,5178.776,1395
2026-03-11 03:00:00,5178.776,5178.977,5176.764,5177.312,1509
2026-03-11 03:15:00,5177.312,5182.906,5176.387,5177.617,1245
2026-03-11 03:30:00,5177.617,5180.599,5176.642,5178.385,1617
2026-03-11 03:45:00,5178.385,5183.545,5172.944,5176.819,1336
2026-03-11 04:00:00,5176.819,5186.318,5173.448,5174.112,1639
2026-03-11 04:15:00,5174.112,5178.534,5173.387,5178.490,1700
2026-03-11 04:30:00,5178.490,5181.029,5168.020,5168.837,1328
2026-03-11 04:45:00,5168.837,5173.987,5168.344,5172.120,2012
2026-03-11 05:00:00,5172.120,5177.817,5167.312,5170.066,1496
2026-03-11 05:15:00,5170.066,5179.163,5168.299,5178.037,1355
2026-03-11 05:30:00,5178.037,5178.883,5168.552,5170.145,1802
2026-03-11 05:45:00,5170.145,5179.080,5169.983,5173.970,1863
2026-03-11 06:00:00,5173.970,5176.144,5167.083,5174.037,1617
2026-03-11 06:15:00,5174.037,5176.405,5171.269,5172.610,1610
2026-03-11 06:30:00,5172.610,5177.284,5165.296,5166.110,1564
2026-03-11 06:45:00,5166.110,5176.068,5165.327,5175.443,1158
2026-03-11 07:00:00,5175.443,5176.477,5168.732,5169.320,1727
2026-03-11 07:15:00,5169.320,5180.188,5168.526,5168.667,1554
2026-03-11 07:30:00,5168.667,5173.606,5166.674,5167.754,1390
2026-03-11 07:45:00,5167.754,5169.963,5159.621,5159.941,1762
2026-03-11 08:00:00,5159.941,5172.418,5158.276,5167.675,1481
2026-03-11 08:15:00,5167.675,5174.722,5163.072,5164.115,1259
2026-03-11 08:30:00,5164.115,5170.355,5162.800,5166.547,1422
2026-03-11 08:45:00,5166.547,5173.735,5162.824,5164.449,1261
2026-03-11 09:00:00,5164.449,5188.000,5163.651,5164.976,1417
2026-03-11 09:15:00,5164.976,5177.998,5164.031,5174.103,1669
2026-03-11 09:30:00,5174.103,5174.382,5164.851,5170.470,1457
2026-03-11 09:45:00,5170.470,5173.912,5158.725,5173.458,1312
2026-03-11 10:00:00,5173.458,5173.630,5158.365,5168.515,1266
2026-03-11 10:15:00,5168.515,5173.459,5161.027,5162.304,1246
2026-03-11 10:30:00,5162.304,5170.704,5159.002,5160.184,1656
2026-03-11 10:45:00,5160.184,5164.172,5154.862,5156.673,1710
2026-03-11 11:00:00,5156.673,5171.617,5154.691,5161.872,1810
2026-03-11 11:15:00,5161.872,5165.176,5159.152,5159.327,1246
2026-03-11 11:30:00,5159.327,5168.253,5159.016,5162.560,832
2026-03-11 11:45:00,5162.560,5168.305,5159.382,5168.241,1155
2026-03-11 12:00:00,5168.241,5174.672,5157.081,5161.170,1154
2026-03-11 12:15:00,5161.170,5165.730,5152.449,5155.423,1764
2026-03-11 12:30:00,5155.423,5167.707,5154.933,5159.106,1381
2026-03-11 12:45:00,5159.106,5167.530,5154.614,5163.509,1297
2026-03-11 13:00:00,5163.509,5165.855,5154.758,5156.337,1640
2026-03-11 13:15:00,5156.337,5165.210,5140.000,5140.000,1143
2026-03-11 13:30:00,5140.000,5160.566,5140.000,5159.080,1308
2026-03-11 13:45:00,5159.080,5161.063,5149.049,5149.096,1595
2026-03-11 14:00:00,5149.096,5162.948,5148.237,5154.726,1331
2026-03-11 14:15:00,5154.726,5157.273,5149.323,5149.959,1737
2026-03-11 14:30:00,5149.959,5163.090,5149.279,5151.692,1205
2026-03-11 14:45:00,5151.692,5171.863,5150.376,5159.935,1463
2026-03-11 15:00:00,5159.935,5160.051,5150.277,5157.961,1523
2026-03-11 15:15:00,5157.961,5161.770,5152.739,5161.524,1710
2026-03-11 15:30:00,5161.524,5162.437,5154.000,5154.745,1310
2026-03-11 15:45:00,5154.745,5158.332,5154.102,5157.226,850
2026-03-11 16:00:00,5157.226,5160.580,5143.275,5160.238,1648
2026-03-11 16:15:00,5160.238,5160.283,5150.564,5151.571,1163
2026-03-11 16:30:00,5151.571,5160.913,5150.410,5155.322,1486
2026-03-11 16:45:00,5155.322,5164.162,5150.366,5150.812,1374
2026-03-11 17:00:00,5150.812,5159.855,5150.124,5153.858,1256
2026-03-11 17:15:00,5153.858,5159.238,5143.254,5143.548,1755
2026-03-11 17:30:00,5143.548,5159.483,5143.027,5149.212,1632
2026-03-11 17:45:00,5149.212,5156.759,5144.241,5145.350,1326
2026-03-11 18:00:00,5145.350,5155.458,5145.025,5150.975,1223
2026-03-11 18:15:00,5150.975,5155.447,5147.040,5153.617,1427
2026-03-11 18:30:00,5153.617,5156.324,5146.177,5154.446,1484
2026-03-11 18:45:00,5154.446,5156.906,5147.464,5148.447,1025
2026-03-11 19:00:00,5148.447,5149.256,5145.991,5148.903,2006
2026-03-11 19:15:00,5148.903,5150.827,5143.891,5146.341,1243
2026-03-11 19:30:00,5146.341,5148.093,5145.350,5146.059,2031
2026-03-11 19:45:00,5146.059,5151.405,5144.252,5145.334,1269
2026-03-11 20:00:00,5145.334,5148.139,5143.522,5144.168,1767
2026-03-11 20:15:00,5144.168,5152.731,5143.387,5147.454,1916
2026-03-11 20:30:00,5147.454,5150.312,5142.639,5144.370,1216
2026-03-11 20:45:00,5144.370,5152.146,5142.787,5151.671,1598
2026-03-11 21:00:00,5151.671,5152.768,5141.967,5142.578,1346
2026-03-11 21:15:00,5142.578,5149.591,5142.031,5149.586,1349
2026-03-11 21:30:00,5149.586,5150.002,5143.270,5144.036,884
2026-03-11 21:45:00,5144.036,5150.360,5140.000,5140.830,1250
2026-03-11 22:00:00,5140.830,5147.284,5140.357,5141.322,1450
2026-03-11 22:15:00,5141.322,5147.328,5140.000,5144.755,1769
2026-03-11 22:30:00,5144.755,5147.789,5140.000,5144.245,1377
2026-03-11 22:45:00,5144.245,5146.482,5140.000,5140.000,1152
2026-03-11 23:00:00,5140.000,5143.966,5140.000,5142.597,2133
2026-03-11 23:15:00,5142.597,5145.130,5140.000,5140.756,1639
2026-03-11 23:30:00,5140.756,5143.027,5140.687,5142.730,1309
2026-03-11 23:45:00,5142.730,5153.673,5140.102,5153.333,1250
2026-03-12 00:00:00,5213.333,5189.000,5174.406,5177.424,1839
2026-03-12 00:15:00,5177.424,5182.738,5171.633,5181.380,1080
2026-03-12 00:30:00,5181.380,5183.405,5176.859,5180.754,1247
2026-03-12 00:45:00,5180.754,5182.589,5177.117,5181.769,1865
2026-03-12 01:00:00,5181.769,5182.335,5171.575,5180.606,1303
2026-03-12 01:15:00,5180.606,5186.822,5163.777,5183.949,1544
2026-03-12 01:30:00,5183.949,5184.956,5172.368,5174.843,1411
2026-03-12 01:45:00,5174.843,5182.185,5165.755,5175.284,1859
2026-03-12 02:00:00,5175.284,5180.912,5162.988,5163.905,1104
2026-03-12 02:15:00,5163.905,5179.596,5158.234,5169.737,1761
2026-03-12 02:30:00,5169.737,5189.000,5161.901,5172.534,1504
2026-03-12 02:45:00,5172.534,5176.287,5161.400,5161.888,1972
2026-03-12 03:00:00,5161.888,5182.243,5161.492,5181.804,1732
2026-03-12 03:15:00,5181.804,5187.486,5163.612,5168.054,2395
2026-03-12 03:30:00,5168.054,5179.741,5150.300,5175.899,1176
2026-03-12 03:45:00,5175.899,5181.190,5162.322,5165.265,1735
2026-03-12 04:00:00,5165.265,5180.692,5155.171,5180.658,1195
2026-03-12 04:15:00,5180.658,5182.989,5152.334,5173.870,1791
2026-03-12 04:30:00,5173.870,5189.000,5160.037,5162.758,1536
2026-03-12 04:45:00,5162.758,5177.998,5162.039,5175.066,1067
2026-03-12 05:00:00,5175.066,5179.108,5151.050,5151.876,1067
2026-03-12 05:15:00,5151.876,5170.896,5149.738,5161.789,1122
2026-03-12 05:30:00,5161.789,5169.554,5160.920,5166.588,1787
2026-03-12 05:45:00,5166.588,5173.737,5162.592,5173.330,1786
2026-03-12 06:00:00,5173.330,5174.639,5160.719,5164.447,1584
2026-03-12 06:15:00,5164.447,5175.557,5156.267,5158.783,1322
2026-03-12 06:30:00,5158.783,5167.409,5157.129,5166.561,1341
2026-03-12 06:45:00,5166.561,5182.242,5160.984,5179.065,1923
2026-03-12 07:00:00,5179.065,5182.252,5159.161,5180.126,1354
2026-03-12 07:15:00,5180.126,5181.571,5140.902,5141.755,1630
2026-03-12 07:30:00,5141.755,5157.980,5140.636,5147.351,1695
2026-03-12 07:45:00,5147.351,5167.386,5146.262,5154.287,1971
2026-03-12 08:00:00,5154.287,5178.809,5154.007,5159.328,1421
2026-03-12 08:15:00,5159.328,5171.760,5138.228,5154.261,1632
2026-03-12 08:30:00,5154.261,5167.997,5152.998,5154.459,1440
2026-03-12 08:45:00,5154.459,5172.845,5151.817,5163.635,1764
2026-03-12 09:00:00,5163.635,5178.282,5163.196,5175.703,1504
2026-03-12 09:15:00,5175.703,5179.029,5143.251,5153.385,1552
2026-03-12 09:30:00,5153.385,5189.000,5148.329,5150.331,1744
2026-03-12 09:45:00,5150.331,5159.133,5149.106,5158.446,1675
2026-03-12 10:00:00,5158.446,5171.814,5155.919,5167.696,996
2026-03-12 10:15:00,5167.696,5178.870,5152.023,5152.024,1394
2026-03-12 10:30:00,5152.024,5157.998,5148.730,5157.652,1711
2026-03-12 10:45:00,5157.652,5173.706,5143.558,5145.458,1682
2026-03-12 11:00:00,5145.458,5159.479,5142.753,5156.820,1242
2026-03-12 11:15:00,5156.820,5183.566,5149.905,5178.274,1559
2026-03-12 11:30:00,5178.274,5179.959,5141.329,5147.535,1641
2026-03-12 11:45:00,5147.535,5159.473,5147.179,5158.853,1919
2026-03-12 12:00:00,5158.853,5171.663,5116.869,5170.425,1365
2026-03-12 12:15:00,5170.425,5175.307,5132.789,5155.981,1263
2026-03-12 12:30:00,5155.981,5156.628,5138.791,5153.556,1387
2026-03-12 12:45:00,5153.556,5158.180,5139.989,5152.527,1708
2026-03-12 13:00:00,5152.527,5159.889,5148.542,5151.501,1233
2026-03-12 13:15:00,5151.501,5166.716,5136.153,5136.396,1305
2026-03-12 13:30:00,5136.396,5161.206,5135.009,5136.766,1360
2026-03-12 13:45:00,5136.766,5152.246,5119.996,5140.963,1698
2026-03-12 14:00:00,5140.963,5172.182,5138.666,5158.174,1644
2026-03-12 14:15:00,5158.174,5158.402,5137.478,5148.370,1389
2026-03-12 14:30:00,5148.370,5159.251,5136.978,5138.337,1488
2026-03-12 14:45:00,5138.337,5155.228,5132.505,5134.683,1352
2026-03-12 15:00:00,5134.683,5144.326,5132.524,5142.775,1470
2026-03-12 15:15:00,5142.775,5157.490,5133.135,5153.390,1148
2026-03-12 15:30:00,5153.390,5154.349,5121.443,5122.436,1378
2026-03-12 15:45:00,5122.436,5154.907,5122.177,5154.386,1130
2026-03-12 16:00:00,5154.386,5157.205,5137.890,5143.237,1517
2026-03-12 16:15:00,5143.237,5143.774,5112.389,5131.120,1790
2026-03-12 16:30:00,5131.120,5151.234,5129.155,5141.851,1110
2026-03-12 16:45:00,5141.851,5143.479,5130.639,5142.583,1522
2026-03-12 17:00:00,5142.583,5146.356,5129.531,5129.658,1618
2026-03-12 17:15:00,5129.658,5137.423,5124.111,5131.750,1429
2026-03-12 17:30:00,5131.750,5160.283,5128.822,5131.957,1860
2026-03-12 17:45:00,5131.957,5136.075,5127.146,5135.147,1319
2026-03-12 18:00:00,5135.147,5150.366,5130.019,5136.258,2321
2026-03-12 18:15:00,5136.258,5145.645,5115.350,5144.434,1348
2026-03-12 18:30:00,5144.434,5144.872,5122.927,5125.720,1233
2026-03-12 18:45:00,5125.720,5152.588,5125.668,5139.885,1527
2026-03-12 19:00:00,5139.885,5163.216,5114.339,5123.815,1733
2026-03-12 19:15:00,5123.815,5150.241,5121.737,5121.780,968
2026-03-12 19:30:00,5121.780,5130.730,5120.919,5126.995,1225
2026-03-12 19:45:00,5126.995,5143.684,5126.072,5142.312,1280
2026-03-12 20:00:00,5142.312,5144.063,5121.568,5124.617,1526
2026-03-12 20:15:00,5124.617,5128.863,5115.626,5119.206,1603
2026-03-12 20:30:00,5119.206,5151.340,5118.027,5130.927,1338
2026-03-12 20:45:00,5130.927,5189.000,5130.251,5189.000,1257
2026-03-12 21:00:00,5189.000,5189.000,5121.123,5124.082,1549
2026-03-12 21:15:00,5124.082,5143.269,5122.516,5137.999,1603
2026-03-12 21:30:00,5137.999,5138.672,5113.769,5123.974,1192
2026-03-12 21:45:00,5123.974,5131.565,5113.344,5129.438,1252
2026-03-12 22:00:00,5129.438,5130.853,5123.059,5129.450,1643
2026-03-12 22:15:00,5129.450,5134.525,5121.947,5133.293,1944
2026-03-12 22:30:00,5133.293,5136.424,5116.856,5123.003,1392
2026-03-12 22:45:00,5123.003,5125.414,5110.000,5122.031,1514
2026-03-12 23:00:00,5122.031,5130.959,5117.166,5117.974,1762
2026-03-12 23:15:00,5117.974,5135.554,5116.976,5121.636,1571
2026-03-12 23:30:00,5121.636,5125.812,5118.491,5120.215,1526
2026-03-12 23:45:00,5120.215,5128.051,5116.802,5126.667,1320
2026-03-13 00:00:00,5180.000,5183.040,5160.888,5165.362,1784
2026-03-13 00:15:00,5165.362,5174.934,5150.559,5174.694,1857
2026-03-13 00:30:00,5174.694,5176.001,5156.653,5169.679,1036
2026-03-13 00:45:00,5169.679,5172.065,5151.909,5158.175,1612
2026-03-13 01:00:00,5158.175,5164.486,5148.511,5151.521,1622
2026-03-13 01:15:00,5151.521,5171.090,5151.485,5159.444,1856
2026-03-13 01:30:00,5159.444,5190.000,5144.332,5148.614,1953
2026-03-13 01:45:00,5148.614,5169.777,5138.816,5169.095,1524
2026-03-13 02:00:00,5169.095,5180.317,5148.256,5149.598,1454
2026-03-13 02:15:00,5149.598,5167.635,5146.162,5151.917,1475
2026-03-13 02:30:00,5151.917,5183.320,5139.941,5177.450,1286
2026-03-13 02:45:00,5177.450,5178.586,5148.638,5162.436,1713
2026-03-13 03:00:00,5162.436,5165.303,5142.215,5143.577,1436
2026-03-13 03:15:00,5143.577,5175.664,5141.070,5159.287,1736
2026-03-13 03:30:00,5159.287,5168.702,5139.977,5167.733,1374
2026-03-13 03:45:00,5167.733,5168.156,5128.143,5158.986,1514
2026-03-13 04:00:00,5158.986,5165.541,5141.497,5164.184,1507
2026-03-13 04:15:00,5164.184,5166.877,5134.262,5134.592,1696
2026-03-13 04:30:00,5134.592,5173.087,5129.510,5131.792,1066
2026-03-13 04:45:00,5131.792,5190.000,5115.429,5190.000,1335
2026-03-13 05:00:00,5190.000,5190.000,5152.729,5174.896,1432
2026-03-13 05:15:00,5174.896,5176.470,5134.911,5141.267,1133
2026-03-13 05:30:00,5141.267,5175.285,5129.179,5173.228,1524
2026-03-13 05:45:00,5173.228,5174.685,5134.253,5137.935,1510
2026-03-13 06:00:00,5137.935,5178.849,5133.334,5176.983,1543
2026-03-13 06:15:00,5176.983,5179.090,5146.280,5148.724,1865
2026-03-13 06:30:00,5148.724,5168.864,5137.980,5138.828,1717
2026-03-13 06:45:00,5138.828,5165.243,5135.063,5164.272,1276
2026-03-13 07:00:00,5164.272,5166.155,5145.662,5160.773,1345
2026-03-13 07:15:00,5160.773,5162.494,5099.966,5134.888,1389
2026-03-13 07:30:00,5134.888,5166.363,5133.174,5163.843,1306
2026-03-13 07:45:00,5163.843,5164.930,5120.308,5128.421,1430
2026-03-13 08:00:00,5128.421,5178.166,5118.861,5177.561,1723
2026-03-13 08:15:00,5177.561,5179.171,5125.482,5141.919,1531
2026-03-13 08:30:00,5141.919,5146.105,5127.958,5128.177,1533
2026-03-13 08:45:00,5128.177,5163.918,5115.072,5163.561,1365
2026-03-13 09:00:00,5163.561,5164.689,5113.246,5149.150,1601
2026-03-13 09:15:00,5149.150,5154.756,5131.820,5142.574,1378
2026-03-13 09:30:00,5142.574,5143.672,5099.436,5131.977,2029
2026-03-13 09:45:00,5131.977,5165.431,5129.876,5134.108,1366
2026-03-13 10:00:00,5134.108,5138.732,5116.073,5116.645,1288
2026-03-13 10:15:00,5116.645,5160.192,5113.424,5115.887,1762
2026-03-13 10:30:00,5115.887,5160.424,5109.888,5140.153,1728
2026-03-13 10:45:00,5140.153,5155.554,5105.411,5153.552,1810
2026-03-13 11:00:00,5153.552,5153.980,5112.811,5114.531,1783
2026-03-13 11:15:00,5114.531,5169.786,5110.631,5152.293,1683
2026-03-13 11:30:00,5152.293,5154.400,5111.488,5152.150,1766
2026-03-13 11:45:00,5152.150,5154.542,5120.017,5121.495,1841
2026-03-13 12:00:00,5121.495,5151.922,5117.078,5143.205,1469
2026-03-13 12:15:00,5143.205,5147.625,5112.304,5124.114,1315
2026-03-13 12:30:00,5124.114,5167.741,5107.546,5147.661,1165
2026-03-13 12:45:00,5147.661,5147.918,5119.452,5120.278,1544
2026-03-13 13:00:00,5120.278,5155.207,5104.382,5108.633,1273
2026-03-13 13:15:00,5108.633,5134.491,5080.000,5105.251,1348
2026-03-13 13:30:00,5105.251,5127.815,5103.516,5117.873,1550
2026-03-13 13:45:00,5117.873,5152.837,5116.368,5150.110,1573
2026-03-13 14:00:00,5150.110,5152.396,5121.465,5122.451,1498
2026-03-13 14:15:00,5122.451,5143.684,5102.703,5118.454,1536
2026-03-13 14:30:00,5118.454,5149.068,5109.310,5148.807,1643
2026-03-13 14:45:00,5148.807,5152.696,5102.340,5131.430,979
2026-03-13 15:00:00,5131.430,5151.790,5108.693,5146.661,1316
2026-03-13 15:15:00,5146.661,5148.280,5125.366,5143.149,1025
2026-03-13 15:30:00,5143.149,5145.786,5122.161,5124.117,1971
2026-03-13 15:45:00,5124.117,5130.091,5090.957,5126.064,1345
2026-03-13 16:00:00,5126.064,5132.786,5080.000,5131.378,1349
2026-03-13 16:15:00,5131.378,5132.824,5099.156,5100.962,1215
2026-03-13 16:30:00,5100.962,5157.962,5084.278,5157.519,1327
2026-03-13 16:45:00,5157.519,5159.634,5109.697,5117.831,1517
2026-03-13 17:00:00,5117.831,5131.846,5116.529,5130.861,1445
2026-03-13 17:15:00,5130.861,5137.780,5097.599,5135.500,1825
2026-03-13 17:30:00,5135.500,5135.912,5118.620,5118.821,1405
2026-03-13 17:45:00,5118.821,5119.413,5090.295,5093.329,1113
2026-03-13 18:00:00,5093.329,5138.471,5080.000,5080.000,943
2026-03-13 18:15:00,5080.000,5125.837,5080.000,5084.454,1915
2026-03-13 18:30:00,5084.454,5117.870,5083.856,5090.212,1372
2026-03-13 18:45:00,5090.212,5126.046,5084.950,5123.792,1274
2026-03-13 19:00:00,5123.792,5125.244,5109.308,5123.922,1541
2026-03-13 19:15:00,5123.922,5127.054,5114.634,5116.575,1557
2026-03-13 19:30:00,5116.575,5138.437,5097.973,5128.584,1659
2026-03-13 19:45:00,5128.584,5128.966,5112.627,5121.126,1880
2026-03-13 20:00:00,5121.126,5136.609,5103.779,5103.935,1521
2026-03-13 20:15:00,5103.935,5126.509,5090.367,5090.388,1784
2026-03-13 20:30:00,5090.388,5128.433,5087.942,5121.004,1513
2026-03-13 20:45:00,5121.004,5122.631,5105.211,5116.812,1437
2026-03-13 21:00:00,5116.812,5123.455,5112.467,5118.558,1223
2026-03-13 21:15:00,5118.558,5118.988,5097.887,5102.121,1418
2026-03-13 21:30:00,5102.121,5126.955,5086.883,5126.327,1342
2026-03-13 21:45:00,5126.327,5128.983,5097.040,5106.953,1274
2026-03-13 22:00:00,5106.953,5109.649,5088.702,5107.023,1357
2026-03-13 22:15:00,5107.023,5121.217,5100.021,5101.435,1447
2026-03-13 22:30:00,5101.435,5122.270,5094.082,5104.778,1831
2026-03-13 22:45:00,5104.778,5108.499,5093.166,5107.169,1568
2026-03-13 23:00:00,5107.169,5113.549,5097.406,5105.676,1448
2026-03-13 23:15:00,5105.676,5107.739,5093.828,5101.727,1760
2026-03-13 23:30:00,5101.727,5105.770,5090.199,5094.613,1530
2026-03-13 23:45:00,5094.613,5101.292,5094.302,5100.000,1076
2026-03-16 00:00:00,5100.000,5080.000,5066.123,5067.999,1805
2026-03-16 00:15:00,5067.999,5072.038,5062.996,5066.175,1759
2026-03-16 00:30:00,5066.175,5068.372,5062.038,5062.898,1809
2026-03-16 00:45:00,5062.898,5068.689,5059.606,5065.797,1773
2026-03-16 01:00:00,5065.797,5072.393,5064.619,5066.529,2013
2026-03-16 01:15:00,5066.529,5068.420,5060.249,5061.657,1564
2026-03-16 01:30:00,5061.657,5075.000,5060.466,5061.016,1485
2026-03-16 01:45:00,5061.016,5065.765,5059.671,5065.637,1625
2026-03-16 02:00:00,5065.637,5074.890,5058.195,5058.963,1635
2026-03-16 02:15:00,5058.963,5080.000,5055.812,5080.000,1137
2026-03-16 02:30:00,5080.000,5080.000,5072.453,5080.000,1420
2026-03-16 02:45:00,5080.000,5080.000,5060.537,5061.365,1761
2026-03-16 03:00:00,5061.365,5078.180,5056.722,5058.695,1386
2026-03-16 03:15:00,5058.695,5068.053,5037.437,5038.884,1158
2026-03-16 03:30:00,5038.884,5071.688,5038.827,5071.464,1451
2026-03-16 03:45:00,5071.464,5072.122,5046.432,5047.670,1553
2026-03-16 04:00:00,5047.670,5078.418,5046.182,5076.523,1458
2026-03-16 04:15:00,5076.523,5076.891,5049.334,5049.957,1353
2026-03-16 04:30:00,5049.957,5072.204,5048.489,5062.672,1204
2026-03-16 04:45:00,5062.672,5065.436,5055.255,5062.753,1314
2026-03-16 05:00:00,5062.753,5064.045,5046.205,5063.980,1373
2026-03-16 05:15:00,5063.980,5067.161,5054.512,5055.297,1606
2026-03-16 05:30:00,5055.297,5058.239,5051.444,5057.252,1712
2026-03-16 05:45:00,5057.252,5080.000,5046.381,5047.902,1195
2026-03-16 06:00:00,5047.902,5070.447,5042.994,5044.088,1216
2026-03-16 06:15:00,5044.088,5057.252,5043.100,5056.802,1314
2026-03-16 06:30:00,5056.802,5074.692,5056.152,5067.290,1520
2026-03-16 06:45:00,5067.290,5074.198,5056.587,5073.654,1815
2026-03-16 07:00:00,5073.654,5073.956,5044.723,5045.691,1294
2026-03-16 07:15:00,5045.691,5061.708,5040.619,5040.748,1990
2026-03-16 07:30:00,5040.748,5067.957,5040.305,5046.707,1471
2026-03-16 07:45:00,5046.707,5071.259,5034.286,5063.494,1513
2026-03-16 08:00:00,5063.494,5064.270,5040.325,5055.777,1224
2026-03-16 08:15:00,5055.777,5057.186,5039.690,5040.453,1338
2026-03-16 08:30:00,5040.453,5068.151,5040.233,5041.930,1539
2026-03-16 08:45:00,5041.930,5060.669,5041.687,5060.190,1899
2026-03-16 09:00:00,5060.190,5061.605,5046.909,5053.213,1645
2026-03-16 09:15:00,5053.213,5062.733,5036.423,5036.448,1463
2026-03-16 09:30:00,5036.448,5062.335,5034.948,5054.524,1718
2026-03-16 09:45:00,5054.524,5055.287,5046.375,5048.452,1169
2026-03-16 10:00:00,5048.452,5059.114,5047.744,5047.899,1732
2026-03-16 10:15:00,5047.899,5062.533,5041.362,5041.524,1611
2026-03-16 10:30:00,5041.524,5072.717,5038.234,5055.462,1406
2026-03-16 10:45:00,5055.462,5067.841,5053.059,5053.497,1654
2026-03-16 11:00:00,5053.497,5054.958,5028.153,5054.864,1509
2026-03-16 11:15:00,5054.864,5057.040,5038.726,5056.879,1597
2026-03-16 11:30:00,5056.879,5061.328,5049.101,5060.930,1443
2026-03-16 11:45:00,5060.930,5062.655,5045.458,5059.444,1411
2026-03-16 12:00:00,5059.444,5060.523,5035.757,5052.397,1241
2026-03-16 12:15:00,5052.397,5053.104,5035.606,5036.214,1839
2026-03-16 12:30:00,5036.214,5048.805,5030.256,5045.013,1170
2026-03-16 12:45:00,5045.013,5053.874,5032.454,5034.867,1315
2026-03-16 13:00:00,5034.867,5051.915,5033.125,5045.207,1519
2026-03-16 13:15:00,5045.207,5050.719,5020.000,5020.847,1183
2026-03-16 13:30:00,5020.847,5067.729,5020.507,5050.640,1519
2026-03-16 13:45:00,5050.640,5053.094,5038.396,5050.705,1741
2026-03-16 14:00:00,5050.705,5059.607,5038.183,5038.245,1792
2026-03-16 14:15:00,5038.245,5039.404,5036.584,5037.764,1294
2026-03-16 14:30:00,5037.764,5046.926,5020.000,5020.000,1676
2026-03-16 14:45:00,5020.000,5061.041,5020.000,5045.508,1737
2026-03-16 15:00:00,5045.508,5053.199,5031.575,5052.112,1396
2026-03-16 15:15:00,5052.112,5052.701,5032.288,5047.578,1456
2026-03-16 15:30:00,5047.578,5054.635,5030.225,5030.507,1329
2026-03-16 15:45:00,5030.507,5061.169,5028.530,5044.225,1832
2026-03-16 16:00:00,5044.225,5044.422,5032.691,5038.926,1590
2026-03-16 16:15:00,5038.926,5048.324,5026.309,5037.235,1484
2026-03-16 16:30:00,5037.235,5058.148,5036.474,5055.496,1499
2026-03-16 16:45:00,5055.496,5057.102,5028.438,5040.269,1356
2026-03-16 17:00:00,5040.269,5049.380,5034.917,5034.922,1722
2026-03-16 17:15:00,5034.922,5039.807,5028.202,5035.404,1240
2026-03-16 17:30:00,5035.404,5036.535,5026.577,5027.499,1276
2026-03-16 17:45:00,5027.499,5043.247,5026.889,5030.876,1631
2026-03-16 18:00:00,5030.876,5044.953,5020.990,5033.707,1380
2026-03-16 18:15:00,5033.707,5047.186,5030.512,5032.174,1265
2026-03-16 18:30:00,5032.174,5046.928,5029.358,5042.476,1330
2026-03-16 18:45:00,5042.476,5049.836,5026.803,5036.849,1317
2026-03-16 19:00:00,5036.849,5040.442,5025.551,5038.501,1281
2026-03-16 19:15:00,5038.501,5039.140,5028.281,5031.762,1307
2026-03-16 19:30:00,5031.762,5041.154,5029.547,5034.425,2039
2026-03-16 19:45:00,5034.425,5052.101,5029.725,5037.314,1246
2026-03-16 20:00:00,5037.314,5044.630,5022.520,5044.393,1293
2026-03-16 20:15:00,5044.393,5044.408,5026.641,5035.805,1624
2026-03-16 20:30:00,5035.805,5040.463,5023.830,5033.064,1475
2026-03-16 20:45:00,5033.064,5041.246,5031.654,5035.749,1537
2026-03-16 21:00:00,5035.749,5036.702,5021.396,5030.396,1158
2026-03-16 21:15:00,5030.396,5032.660,5027.520,5028.333,1479
2026-03-16 21:30:00,5028.333,5036.146,5028.160,5035.464,1247
2026-03-16 21:45:00,5035.464,5038.537,5023.371,5037.129,1185
2026-03-16 22:00:00,5037.129,5039.775,5023.499,5035.343,1184
2026-03-16 22:15:00,5035.343,5035.842,5022.129,5023.952,1389
2026-03-16 22:30:00,5023.952,5031.273,5023.848,5027.731,1160
2026-03-16 22:45:00,5027.731,5034.500,5025.406,5032.643,863
2026-03-16 23:00:00,5032.643,5035.432,5020.000,5032.554,1895
2026-03-16 23:15:00,5032.554,5033.687,5023.888,5026.638,1648
2026-03-16 23:30:00,5026.638,5028.545,5024.336,5027.142,1950
2026-03-16 23:45:00,5027.142,5048.553,5025.544,5048.000,1931
2026-03-17 00:00:00,5082.667,5013.333,5009.940,5012.528,1856
2026-03-17 00:15:00,5012.528,5012.591,5007.397,5009.602,1621
2026-03-17 00:30:00,5009.602,5011.374,5005.077,5008.879,1618
2026-03-17 00:45:00,5008.879,5013.333,5007.502,5007.763,953
2026-03-17 01:00:00,5007.763,5013.333,5007.079,5008.589,1842
2026-03-17 01:15:00,5008.589,5009.579,5004.945,5009.149,1511
2026-03-17 01:30:00,5009.149,5011.663,5006.213,5007.485,1719
2026-03-17 01:45:00,5007.485,5009.774,5001.000,5007.808,1516
2026-03-17 02:00:00,5007.808,5012.732,5002.823,5011.678,1465
2026-03-17 02:15:00,5011.678,5012.998,5002.059,5005.195,1506
2026-03-17 02:30:00,5005.195,5011.066,5004.840,5007.257,1014
2026-03-17 02:45:00,5007.257,5008.644,4999.078,4999.710,1524
2026-03-17 03:00:00,4999.710,5009.080,4999.701,5007.319,1315
2026-03-17 03:15:00,5007.319,5008.303,5000.332,5007.780,1044
2026-03-17 03:30:00,5007.780,5008.733,4995.925,4999.728,1732
2026-03-17 03:45:00,4999.728,5006.166,4998.386,4999.642,1658
2026-03-17 04:00:00,4999.642,5006.786,4998.551,5002.531,1688
2026-03-17 04:15:00,5002.531,5009.101,4998.978,5001.336,1467
2026-03-17 04:30:00,5001.336,5004.525,4995.045,4995.743,1158
2026-03-17 04:45:00,4995.743,5000.911,4995.588,5000.684,1440
2026-03-17 05:00:00,5000.684,5002.861,4998.484,4999.348,1169
2026-03-17 05:15:00,4999.348,5000.225,4992.153,4995.555,1696
2026-03-17 05:30:00,4995.555,5009.439,4995.063,5002.388,1465
2026-03-17 05:45:00,5002.388,5007.103,4992.765,4994.242,1445
2026-03-17 06:00:00,4994.242,5004.554,4993.771,4996.721,2091
2026-03-17 06:15:00,4996.721,5007.808,4994.768,5006.285,1305
2026-03-17 06:30:00,5006.285,5007.438,4998.054,4998.701,1423
2026-03-17 06:45:00,4998.701,5002.594,4997.625,4998.154,1736
2026-03-17 07:00:00,4998.154,4999.974,4993.483,4999.053,1387
2026-03-17 07:15:00,4999.053,5004.550,4993.572,4995.370,1281
2026-03-17 07:30:00,4995.370,4996.543,4989.267,4992.693,862
2026-03-17 07:45:00,4992.693,5001.359,4988.061,4993.692,1153
2026-03-17 08:00:00,4993.692,5003.801,4991.011,5003.631,1469
2026-03-17 08:15:00,5003.631,5003.894,4988.192,4992.859,1083
2026-03-17 08:30:00,4992.859,4997.069,4985.307,4996.706,1794
2026-03-17 08:45:00,4996.706,5004.598,4987.272,5004.410,1234
2026-03-17 09:00:00,5004.410,5004.696,4987.198,4993.357,1530
2026-03-17 09:15:00,4993.357,4998.317,4990.439,4992.895,1351
2026-03-17 09:30:00,4992.895,5007.855,4989.597,4989.639,1401
2026-03-17 09:45:00,4989.639,4995.759,4988.875,4994.893,1027
2026-03-17 10:00:00,4994.893,5004.993,4990.361,4993.867,1221
2026-03-17 10:15:00,4993.867,4994.309,4980.835,4990.799,1044
2026-03-17 10:30:00,4990.799,4996.896,4984.327,4984.778,1704
2026-03-17 10:45:00,4984.778,4991.579,4981.647,4986.227,1835
2026-03-17 11:00:00,4986.227,4991.917,4978.009,4988.280,1413
2026-03-17 11:15:00,4988.280,4997.556,4981.339,4985.836,1612
2026-03-17 11:30:00,4985.836,4993.819,4984.577,4988.791,1093
2026-03-17 11:45:00,4988.791,4997.055,4985.720,4989.038,1380
2026-03-17 12:00:00,4989.038,4989.280,4982.108,4986.964,1518
2026-03-17 12:15:00,4986.964,4988.500,4976.469,4987.087,1298
2026-03-17 12:30:00,4987.087,4991.903,4986.051,4986.702,1418
2026-03-17 12:45:00,4986.702,4991.244,4981.739,4990.640,1374
2026-03-17 13:00:00,4990.640,4991.709,4980.081,4982.012,1594
2026-03-17 13:15:00,4982.012,4992.596,4979.197,4979.802,1394
2026-03-17 13:30:00,4979.802,4987.210,4979.619,4980.372,1356
2026-03-17 13:45:00,4980.372,4985.355,4978.994,4984.770,1584
2026-03-17 14:00:00,4984.770,4991.264,4979.631,4980.370,1817
2026-03-17 14:15:00,4980.370,4990.152,4979.301,4989.506,1369
2026-03-17 14:30:00,4989.506,4989.527,4978.195,4979.417,1555
2026-03-17 14:45:00,4979.417,4981.167,4978.492,4978.610,549
2026-03-17 15:00:00,4978.610,4984.973,4975.457,4984.535,1586
2026-03-17 15:15:00,4984.535,4989.650,4981.747,4983.566,1702
2026-03-17 15:30:00,4983.566,4990.351,4981.444,4982.942,1438
2026-03-17 15:45:00,4982.942,4986.984,4976.332,4986.896,1311
2026-03-17 16:00:00,4986.896,4987.242,4974.769,4975.194,1187
2026-03-17 16:15:00,4975.194,4982.293,4974.869,4978.508,1411
2026-03-17 16:30:00,4978.508,4982.697,4974.046,4975.463,1727
2026-03-17 16:45:00,4975.463,4980.308,4972.407,4972.973,1671
2026-03-17 17:00:00,4972.973,4978.976,4971.762,4977.941,1747
2026-03-17 17:15:00,4977.941,4983.283,4976.649,4979.000,1197
2026-03-17 17:30:00,4979.000,4983.513,4977.309,4981.245,983
2026-03-17 17:45:00,4981.245,4983.998,4973.448,4983.917,1889
2026-03-17 18:00:00,4983.917,4985.357,4976.976,4977.885,1452
2026-03-17 18:15:00,4977.885,4982.460,4970.136,4970.691,1468
2026-03-17 18:30:00,4970.691,4982.058,4970.138,4971.893,1187
2026-03-17 18:45:00,4971.893,4977.640,4967.174,4977.069,1794
2026-03-17 19:00:00,4977.069,4983.662,4971.301,4971.338,1901
2026-03-17 19:15:00,4971.338,4980.682,4969.370,4978.539,1584
2026-03-17 19:30:00,4978.539,4981.942,4969.390,4979.950,1542
2026-03-17 19:45:00,4979.950,4980.572,4968.653,4971.833,1281
2026-03-17 20:00:00,4971.833,4978.421,4968.804,4970.323,1769
2026-03-17 20:15:00,4970.323,4980.987,4970.058,4970.291,1316
2026-03-17 20:30:00,4970.291,4977.885,4968.337,4970.484,1291
2026-03-17 20:45:00,4970.484,4978.736,4967.448,4968.168,1758
2026-03-17 21:00:00,4968.168,4975.190,4967.075,4968.905,1750
2026-03-17 21:15:00,4968.905,4973.341,4965.242,4965.627,1672
2026-03-17 21:30:00,4965.627,4973.520,4965.309,4972.562,1395
2026-03-17 21:45:00,4972.562,4972.654,4965.746,4969.884,1758
2026-03-17 22:00:00,4969.884,4972.866,4968.101,4972.243,1620
2026-03-17 22:15:00,4972.243,4974.187,4965.000,4967.067,1246
2026-03-17 22:30:00,4967.067,4968.063,4965.000,4966.863,1569
2026-03-17 22:45:00,4966.863,4970.641,4965.000,4965.000,1131
2026-03-17 23:00:00,4965.000,5013.333,4965.000,5013.333,1427
2026-03-17 23:15:00,5013.333,5013.333,4965.000,4965.571,1160
2026-03-17 23:30:00,4965.571,4967.372,4965.000,4966.587,1431
2026-03-17 23:45:00,4966.587,4989.485,4965.000,4988.667,1444
2026-03-18 00:00:00,5065.333,4946.667,4944.271,4945.273,1556
2026-03-18 00:15:00,4945.273,4946.667,4944.659,4945.511,1548
2026-03-18 00:30:00,4945.511,4946.667,4943.598,4944.990,975
2026-03-18 00:45:00,4944.990,4945.975,4943.426,4943.560,1367
2026-03-18 01:00:00,4943.560,4945.928,4943.126,4944.261,1654
2026-03-18 01:15:00,4944.261,4945.159,4941.553,4943.698,1048
2026-03-18 01:30:00,4943.698,4946.667,4942.299,4942.899,1157
2026-03-18 01:45:00,4942.899,4946.568,4940.570,4944.475,1598
2026-03-18 02:00:00,4944.475,4945.632,4940.766,4943.740,1778
2026-03-18 02:15:00,4943.740,4943.943,4939.997,4940.867,1484
2026-03-18 02:30:00,4940.867,4944.214,4939.550,4939.974,1726
2026-03-18 02:45:00,4939.974,4942.909,4939.582,4941.421,1735
2026-03-18 03:00:00,4941.421,4943.316,4937.492,4939.036,2091
2026-03-18 03:15:00,4939.036,4942.372,4938.550,4941.223,1315
2026-03-18 03:30:00,4941.223,4945.056,4940.112,4942.938,1565
2026-03-18 03:45:00,4942.938,4943.472,4936.458,4942.145,1186
2026-03-18 04:00:00,4942.145,4943.348,4938.470,4939.201,1417
2026-03-18 04:15:00,4939.201,4939.762,4936.732,4939.701,1457
2026-03-18 04:30:00,4939.701,4941.507,4937.035,4940.535,1419
2026-03-18 04:45:00,4940.535,4942.293,4937.355,4938.566,1664
2026-03-18 05:00:00,4938.566,4939.828,4935.537,4936.782,1282
2026-03-18 05:15:00,4936.782,4941.823,4936.489,4938.747,1677
2026-03-18 05:30:00,4938.747,4940.877,4936.523,4937.254,1611
2026-03-18 05:45:00,4937.254,4938.024,4935.564,4937.865,1770
2026-03-18 06:00:00,4937.865,4938.874,4931.669,4933.937,1687
2026-03-18 06:15:00,4933.937,4936.867,4933.654,4936.437,1369
2026-03-18 06:30:00,4936.437,4938.143,4931.165,4937.639,1658
2026-03-18 06:45:00,4937.639,4940.032,4934.763,4935.789,1864
2026-03-18 07:00:00,4935.789,4940.227,4933.299,4934.076,1636
2026-03-18 07:15:00,4934.076,4937.358,4933.730,4936.151,1629
2026-03-18 07:30:00,4936.151,4936.979,4929.550,4936.011,1949
2026-03-18 07:45:00,4936.011,4936.071,4932.030,4934.904,1550
2026-03-18 08:00:00,4934.904,4936.275,4934.508,4936.212,1406
2026-03-18 08:15:00,4936.212,4936.238,4931.229,4934.587,1544
2026-03-18 08:30:00,4934.587,4936.312,4933.560,4935.530,1624
2026-03-18 08:45:00,4935.530,4936.448,4930.224,4931.166,1091
2026-03-18 09:00:00,4931.166,4937.848,4929.657,4932.370,1763
2026-03-18 09:15:00,4932.370,4935.188,4927.842,4933.687,1698
2026-03-18 09:30:00,4933.687,4934.802,4930.294,4930.438,1181
2026-03-18 09:45:00,4930.438,4932.977,4930.143,4932.175,1620
2026-03-18 10:00:00,4932.175,4934.487,4925.591,4932.802,2188
2026-03-18 10:15:00,4932.802,4936.336,4930.836,4931.994,1742
2026-03-18 10:30:00,4931.994,4933.593,4927.681,4930.598,1795
2026-03-18 10:45:00,4930.598,4932.903,4928.143,4931.668,1675
2026-03-18 11:00:00,4931.668,4932.227,4925.255,4930.235,1816
2026-03-18 11:15:00,4930.235,4931.107,4927.799,4928.221,1399
2026-03-18 11:30:00,4928.221,4928.661,4924.705,4926.869,1468
2026-03-18 11:45:00,4926.869,4930.206,4925.704,4929.674,1024
2026-03-18 12:00:00,4929.674,4931.419,4925.021,4925.435,1196
2026-03-18 12:15:00,4925.435,4928.003,4923.730,4926.939,1514
2026-03-18 12:30:00,4926.939,4929.677,4926.373,4926.841,1358
2026-03-18 12:45:00,4926.841,4931.298,4922.060,4930.394,1892
2026-03-18 13:00:00,4930.394,4930.530,4924.242,4924.810,1307
2026-03-18 13:15:00,4924.810,4928.972,4924.691,4925.318,1724
2026-03-18 13:30:00,4925.318,4927.964,4923.805,4925.727,1403
2026-03-18 13:45:00,4925.727,4927.121,4919.945,4926.397,1652
2026-03-18 14:00:00,4926.397,4927.730,4922.605,4926.019,1172
2026-03-18 14:15:00,4926.019,4928.583,4921.638,4927.599,1659
2026-03-18 14:30:00,4927.599,4929.401,4923.208,4928.877,1792
2026-03-18 14:45:00,4928.877,4929.349,4921.345,4924.017,1573
2026-03-18 15:00:00,4924.017,4925.819,4921.514,4924.741,1388
2026-03-18 15:15:00,4924.741,4946.667,4924.033,4946.667,1482
2026-03-18 15:30:00,4946.667,4946.667,4921.212,4924.007,1488
2026-03-18 15:45:00,4924.007,4924.949,4919.574,4924.216,1672
2026-03-18 16:00:00,4924.216,4925.642,4918.877,4920.667,1493
2026-03-18 16:15:00,4920.667,4922.791,4919.890,4922.264,1566
2026-03-18 16:30:00,4922.264,4922.665,4921.044,4921.195,1510
2026-03-18 16:45:00,4921.195,4923.320,4915.972,4916.611,1555
2026-03-18 17:00:00,4916.611,4922.500,4915.914,4921.986,1593
2026-03-18 17:15:00,4921.986,4924.091,4917.479,4917.654,1522
2026-03-18 17:30:00,4917.654,4919.228,4915.144,4917.717,1477
2026-03-18 17:45:00,4917.717,4922.991,4917.429,4921.045,1791
2026-03-18 18:00:00,4921.045,4921.759,4917.974,4920.181,1373
2026-03-18 18:15:00,4920.181,4921.525,4916.853,4917.654,1664
2026-03-18 18:30:00,4917.654,4920.485,4915.162,4920.108,1536
2026-03-18 18:45:00,4920.108,4921.544,4916.449,4920.085,1405
2026-03-18 19:00:00,4920.085,4920.540,4913.904,4914.726,1148
2026-03-18 19:15:00,4914.726,4919.144,4913.776,4914.662,1662
2026-03-18 19:30:00,4914.662,4918.398,4913.942,4915.256,1413
2026-03-18 19:45:00,4915.256,4918.177,4913.390,4913.964,1498
2026-03-18 20:00:00,4913.964,4918.085,4912.405,4913.392,1275
2026-03-18 20:15:00,4913.392,4916.999,4912.664,4914.963,1467
2026-03-18 20:30:00,4914.963,4915.104,4910.000,4910.000,2084
2026-03-18 20:45:00,4910.000,4917.644,4910.000,4915.105,1606
2026-03-18 21:00:00,4915.105,4916.646,4912.754,4915.690,1458
2026-03-18 21:15:00,4915.690,4917.322,4912.499,4915.262,1894
2026-03-18 21:30:00,4915.262,4916.039,4911.917,4914.443,1455
2026-03-18 21:45:00,4914.443,4914.869,4910.903,4912.311,1566
2026-03-18 22:00:00,4912.311,4914.619,4911.629,4913.995,1270
2026-03-18 22:15:00,4913.995,4914.909,4910.000,4911.162,1480
2026-03-18 22:30:00,4911.162,4913.282,4910.099,4913.214,1167
2026-03-18 22:45:00,4913.214,4915.195,4910.904,4912.086,1218
2026-03-18 23:00:00,4912.086,4912.214,4910.000,4911.564,1064
2026-03-18 23:15:00,4911.564,4912.959,4910.000,4910.990,1813
2026-03-18 23:30:00,4910.990,4911.496,4910.000,4910.919,1754
2026-03-18 23:45:00,4910.919,4930.173,4910.000,4929.333,1438
2026-03-19 00:00:00,5048.000,4880.000,4878.127,4879.886,1464
2026-03-19 00:15:00,4879.886,4880.000,4878.980,4879.596,1807
2026-03-19 00:30:00,4879.596,4879.717,4878.837,4879.040,1481
2026-03-19 00:45:00,4879.040,4879.712,4878.266,4879.051,1920
2026-03-19 01:00:00,4879.051,4879.742,4878.143,4878.847,1487
2026-03-19 01:15:00,4878.847,4879.354,4877.496,4877.903,1574
2026-03-19 01:30:00,4877.903,4879.052,4876.797,4878.309,1483
2026-03-19 01:45:00,4878.309,4878.859,4877.274,4878.066,1833
2026-03-19 02:00:00,4878.066,4880.000,4877.100,4877.526,1634
2026-03-19 02:15:00,4877.526,4879.077,4876.410,4877.537,1127
2026-03-19 02:30:00,4877.537,4879.284,4876.971,4877.247,1746
2026-03-19 02:45:00,4877.247,4878.023,4876.260,4876.708,1599
2026-03-19 03:00:00,4876.708,4877.095,4876.097,4876.485,1778
2026-03-19 03:15:00,4876.485,4877.203,4875.265,4876.659,1617
2026-03-19 03:30:00,4876.659,4877.133,4875.075,4876.775,1733
2026-03-19 03:45:00,4876.775,4877.013,4874.982,4876.405,2100
2026-03-19 04:00:00,4876.405,4876.882,4874.772,4875.292,1147
2026-03-19 04:15:00,4875.292,4876.610,4874.523,4874.910,1461
2026-03-19 04:30:00,4874.910,4876.700,4874.412,4875.475,1650
2026-03-19 04:45:00,4875.475,4875.886,4874.022,4874.768,1961
2026-03-19 05:00:00,4874.768,4876.177,4873.177,4875.537,1166
2026-03-19 05:15:00,4875.537,4876.120,4872.741,4874.813,1352
2026-03-19 05:30:00,4874.813,4875.593,4873.327,4874.894,1481
2026-03-19 05:45:00,4874.894,4875.248,4873.588,4874.196,1772
2026-03-19 06:00:00,4874.196,4875.200,4873.084,4873.164,1754
2026-03-19 06:15:00,4873.164,4873.609,4870.959,4872.916,1263
2026-03-19 06:30:00,4872.916,4874.122,4871.287,4872.277,1787
2026-03-19 06:45:00,4872.277,4874.151,4871.134,4872.176,1111
2026-03-19 07:00:00,4872.176,4873.273,4871.366,4872.070,1799
2026-03-19 07:15:00,4872.070,4873.766,4871.137,4872.664,1721
2026-03-19 07:30:00,4872.664,4873.307,4870.664,4872.004,1560
2026-03-19 07:45:00,4872.004,4872.375,4871.245,4871.392,960
2026-03-19 08:00:00,4871.392,4873.020,4870.182,4870.706,1644
2026-03-19 08:15:00,4870.706,4871.645,4870.100,4870.130,1283
2026-03-19 08:30:00,4870.130,4871.799,4869.523,4870.618,1092
2026-03-19 08:45:00,4870.618,4872.553,4869.606,4870.067,1643
2026-03-19 09:00:00,4870.067,4871.500,4869.463,4870.305,1561
2026-03-19 09:15:00,4870.305,4872.676,4869.830,4870.289,1708
2026-03-19 09:30:00,4870.289,4871.108,4868.528,4870.628,1866
2026-03-19 09:45:00,4870.628,4871.321,4868.677,4869.669,1705
2026-03-19 10:00:00,4869.669,4871.361,4869.292,4869.751,1740
2026-03-19 10:15:00,4869.751,4871.091,4868.242,4868.911,1725
2026-03-19 10:30:00,4868.911,4869.791,4868.538,4869.598,1440
2026-03-19 10:45:00,4869.598,4869.714,4868.402,4868.834,1160
2026-03-19 11:00:00,4868.834,4869.306,4867.000,4868.049,1871
2026-03-19 11:15:00,4868.049,4868.978,4867.109,4867.425,1085
2026-03-19 11:30:00,4867.425,4868.556,4866.603,4866.797,1537
2026-03-19 11:45:00,4866.797,4869.141,4866.156,4868.122,1312
2026-03-19 12:00:00,4868.122,4869.321,4866.208,4868.798,1670
2026-03-19 12:15:00,4868.798,4869.613,4866.451,4866.970,1783
2026-03-19 12:30:00,4866.970,4868.038,4865.365,4865.474,1240
2026-03-19 12:45:00,4865.474,4867.985,4865.324,4867.000,1744
2026-03-19 13:00:00,4867.000,4867.270,4864.469,4866.587,1308
2026-03-19 13:15:00,4866.587,4868.363,4864.168,4866.592,1370
2026-03-19 13:30:00,4866.592,4867.935,4865.342,4865.621,1513
2026-03-19 13:45:00,4865.621,4867.075,4865.080,4865.792,2162
2026-03-19 14:00:00,4865.792,4865.869,4864.420,4864.631,1794
2026-03-19 14:15:00,4864.631,4866.448,4863.940,4864.470,1264
2026-03-19 14:30:00,4864.470,4868.030,4863.070,4864.337,1323
2026-03-19 14:45:00,4864.337,4864.805,4863.553,4864.386,1175
2026-03-19 15:00:00,4864.386,4865.592,4863.200,4863.980,1592
2026-03-19 15:15:00,4863.980,4865.230,4861.159,4864.590,1107
2026-03-19 15:30:00,4864.590,4864.836,4855.000,4855.000,1310
2026-03-19 15:45:00,4855.000,4864.036,4855.000,4863.943,1732
2026-03-19 16:00:00,4863.943,4864.653,4862.218,4864.651,1686
2026-03-19 16:15:00,4864.651,4864.691,4861.792,4862.936,1877
2026-03-19 16:30:00,4862.936,4863.731,4862.074,4862.786,685
2026-03-19 16:45:00,4862.786,4863.924,4861.729,4862.756,1514
2026-03-19 17:00:00,4862.756,4863.023,4860.392,4860.936,1890
2026-03-19 17:15:00,4860.936,4862.221,4860.658,4861.297,1865
2026-03-19 17:30:00,4861.297,4862.579,4860.060,4860.972,1158
2026-03-19 17:45:00,4860.972,4861.295,4858.981,4860.879,1524
2026-03-19 18:00:00,4860.879,4861.953,4860.496,4861.250,1539
2026-03-19 18:15:00,4861.250,4861.835,4859.087,4860.612,1768
2026-03-19 18:30:00,4860.612,4861.383,4859.283,4859.974,1412
2026-03-19 18:45:00,4859.974,4861.431,4858.436,4860.973,1304
2026-03-19 19:00:00,4860.973,4861.216,4859.418,4860.243,1325
2026-03-19 19:15:00,4860.243,4861.487,4858.995,4859.290,1398
2026-03-19 19:30:00,4859.290,4860.244,4858.061,4858.688,1230
2026-03-19 19:45:00,4858.688,4859.942,4858.109,4859.551,1275
2026-03-19 20:00:00,4859.551,4860.019,4857.869,4858.734,1741
2026-03-19 20:15:00,4858.734,4859.445,4857.654,4858.338,1202
2026-03-19 20:30:00,4858.338,4859.317,4856.559,4857.502,1593
2026-03-19 20:45:00,4857.502,4859.429,4857.041,4857.554,1749
2026-03-19 21:00:00,4857.554,4858.708,4856.373,4857.287,1694
2026-03-19 21:15:00,4857.287,4858.121,4856.846,4857.922,1581
2026-03-19 21:30:00,4857.922,4858.941,4856.835,4857.532,1717
2026-03-19 21:45:00,4857.532,4857.923,4856.024,4857.456,1345
2026-03-19 22:00:00,4857.456,4857.651,4855.606,4856.422,1270
2026-03-19 22:15:00,4856.422,4857.364,4855.632,4856.467,1571
2026-03-19 22:30:00,4856.467,4857.481,4855.000,4856.364,1560
2026-03-19 22:45:00,4856.364,4856.911,4855.045,4855.763,1637
2026-03-19 23:00:00,4855.763,4856.852,4855.000,4855.871,1726
2026-03-19 23:15:00,4855.871,4856.877,4855.066,4855.376,1407
2026-03-19 23:30:00,4855.376,4856.034,4855.000,4855.417,1477
2026-03-19 23:45:00,4855.417,4870.265,4855.000,4870.000,1630
2026-03-20 00:00:00,4870.000,4735.000,4734.031,4734.681,1222
2026-03-20 00:15:00,4734.681,4735.000,4732.778,4734.101,1170
2026-03-20 00:30:00,4734.101,4735.000,4732.636,4733.759,1986
2026-03-20 00:45:00,4733.759,4735.000,4732.690,4734.360,1611
2026-03-20 01:00:00,4734.360,4734.999,4733.241,4733.883,1855
2026-03-20 01:15:00,4733.883,4733.977,4732.526,4733.540,1483
2026-03-20 01:30:00,4733.540,4734.306,4732.179,4733.278,1468
2026-03-20 01:45:00,4733.278,4733.504,4731.736,4733.039,1691
2026-03-20 02:00:00,4733.039,4733.671,4732.151,4733.310,1603
2026-03-20 02:15:00,4733.310,4734.084,4731.309,4732.808,1653
2026-03-20 02:30:00,4732.808,4732.969,4730.727,4731.720,1504
2026-03-20 02:45:00,4731.720,4733.456,4730.030,4732.226,1760
2026-03-20 03:00:00,4732.226,4732.666,4730.993,4731.343,1592
2026-03-20 03:15:00,4731.343,4733.351,4729.728,4730.243,1768
2026-03-20 03:30:00,4730.243,4732.978,4730.096,4731.942,1457
2026-03-20 03:45:00,4731.942,4731.997,4729.521,4730.853,1133
2026-03-20 04:00:00,4730.853,4732.050,4730.311,4730.857,1559
2026-03-20 04:15:00,4730.857,4730.978,4728.931,4730.182,1550
2026-03-20 04:30:00,4730.182,4731.581,4728.090,4730.153,1154
2026-03-20 04:45:00,4730.153,4731.345,4728.541,4729.238,1633
2026-03-20 05:00:00,4729.238,4730.641,4728.733,4730.076,1600
2026-03-20 05:15:00,4730.076,4731.047,4728.500,4728.971,1107
2026-03-20 05:30:00,4728.971,4730.156,4728.291,4728.894,1575
2026-03-20 05:45:00,4728.894,4729.792,4728.126,4729.378,1708
2026-03-20 06:00:00,4729.378,4729.595,4725.881,4727.908,2019
2026-03-20 06:15:00,4727.908,4729.381,4726.530,4726.728,1579
2026-03-20 06:30:00,4726.728,4729.390,4726.615,4728.425,1535
2026-03-20 06:45:00,4728.425,4728.434,4725.582,4727.472,1851
2026-03-20 07:00:00,4727.472,4730.005,4726.409,4729.136,1425
2026-03-20 07:15:00,4729.136,4729.539,4726.564,4727.334,1854
2026-03-20 07:30:00,4727.334,4727.908,4726.115,4726.561,1103
2026-03-20 07:45:00,4726.561,4729.029,4725.745,4726.327,1242
2026-03-20 08:00:00,4726.327,4728.473,4724.669,4728.136,1750
2026-03-20 08:15:00,4728.136,4728.148,4725.286,4725.667,1308
2026-03-20 08:30:00,4725.667,4725.989,4723.193,4723.237,1570
2026-03-20 08:45:00,4723.237,4726.379,4723.018,4725.801,1076
2026-03-20 09:00:00,4725.801,4727.105,4724.180,4724.770,1273
2026-03-20 09:15:00,4724.770,4726.225,4724.532,4725.764,1718
2026-03-20 09:30:00,4725.764,4725.903,4723.299,4723.807,1648
2026-03-20 09:45:00,4723.807,4726.315,4722.228,4723.124,1305
2026-03-20 10:00:00,4723.124,4725.067,4722.437,4723.385,1799
2026-03-20 10:15:00,4723.385,4725.027,4722.873,4723.801,1540
2026-03-20 10:30:00,4723.801,4725.234,4723.344,4723.537,1649
2026-03-20 10:45:00,4723.537,4723.917,4722.674,4723.520,1357
2026-03-20 11:00:00,4723.520,4724.480,4721.024,4721.138,1913
2026-03-20 11:15:00,4721.138,4724.245,4720.980,4723.889,1155
2026-03-20 11:30:00,4723.889,4725.313,4721.527,4721.766,1586
2026-03-20 11:45:00,4721.766,4723.314,4721.347,4722.843,1645
2026-03-20 12:00:00,4722.843,4723.736,4721.695,4722.625,1533
2026-03-20 12:15:00,4722.625,4723.276,4721.128,4721.972,1668
2026-03-20 12:30:00,4721.972,4723.745,4720.024,4720.243,1170
2026-03-20 12:45:00,4720.243,4723.143,4720.067,4721.308,1866
2026-03-20 13:00:00,4721.308,4723.301,4720.613,4721.261,1597
2026-03-20 13:15:00,4721.261,4722.771,4720.570,4720.606,1134
2026-03-20 13:30:00,4720.606,4721.923,4719.425,4721.774,2033
2026-03-20 13:45:00,4721.774,4722.579,4719.456,4721.698,1197
2026-03-20 14:00:00,4721.698,4721.885,4718.366,4720.604,1122
2026-03-20 14:15:00,4720.604,4721.254,4717.838,4719.237,1439
2026-03-20 14:30:00,4719.237,4720.676,4717.446,4720.323,991
2026-03-20 14:45:00,4720.323,4721.148,4718.565,4719.993,1628
2026-03-20 15:00:00,4719.993,4720.008,4717.360,4717.783,1503
2026-03-20 15:15:00,4717.783,4719.498,4717.062,4718.649,1269
2026-03-20 15:30:00,4718.649,4720.924,4716.855,4720.655,2246
2026-03-20 15:45:00,4720.655,4721.246,4717.756,4719.095,1620
2026-03-20 16:00:00,4719.095,4719.951,4716.880,4717.901,1576
2026-03-20 16:15:00,4717.901,4719.029,4717.202,4717.609,1021
2026-03-20 16:30:00,4717.609,4719.251,4716.989,4718.164,1287
2026-03-20 16:45:00,4718.164,4719.390,4716.261,4717.391,1448
2026-03-20 17:00:00,4717.391,4718.486,4715.698,4716.593,1062
2026-03-20 17:15:00,4716.593,4718.846,4713.962,4714.064,1596
2026-03-20 17:30:00,4714.064,4718.215,4713.962,4716.450,1402
2026-03-20 17:45:00,4716.450,4716.615,4714.980,4716.316,1652
2026-03-20 18:00:00,4716.316,4717.785,4714.818,4714.990,1703
2026-03-20 18:15:00,4714.990,4717.784,4714.552,4715.532,1537
2026-03-20 18:30:00,4715.532,4717.636,4714.170,4714.261,1711
2026-03-20 18:45:00,4714.261,4716.915,4713.938,4714.894,1673
2026-03-20 19:00:00,4714.894,4735.000,4713.860,4714.077,1048
2026-03-20 19:15:00,4714.077,4715.774,4713.552,4714.936,1659
2026-03-20 19:30:00,4714.936,4716.210,4713.903,4714.588,1568
2026-03-20 19:45:00,4714.588,4715.487,4713.187,4713.421,1947
2026-03-20 20:00:00,4713.421,4714.922,4713.050,4714.373,1418
2026-03-20 20:15:00,4714.373,4714.632,4713.411,4713.727,1656
2026-03-20 20:30:00,4713.727,4713.996,4711.731,4711.905,1265
2026-03-20 20:45:00,4711.905,4714.971,4711.208,4712.815,1331
2026-03-20 21:00:00,4712.815,4713.359,4711.751,4712.236,1510
2026-03-20 21:15:00,4712.236,4713.106,4712.082,4712.688,1314
2026-03-20 21:30:00,4712.688,4713.156,4711.143,4711.930,1713
2026-03-20 21:45:00,4711.930,4713.882,4710.752,4711.125,1313
2026-03-20 22:00:00,4711.125,4711.693,4710.375,4711.622,1571
2026-03-20 22:15:00,4711.622,4712.278,4711.079,4711.589,1128
2026-03-20 22:30:00,4711.589,4712.598,4710.336,4710.945,1982
2026-03-20 22:45:00,4710.945,4712.293,4710.403,4710.534,1292
2026-03-20 23:00:00,4710.534,4711.315,4710.000,4710.973,1495
2026-03-20 23:15:00,4710.973,4711.488,4710.000,4710.000,1939
2026-03-20 23:30:00,4710.000,4711.419,4710.000,4710.198,1545
2026-03-20 23:45:00,4710.198,4725.160,4710.000,4725.000,1689
2026-03-23 00:00:00,4725.000,4720.000,4705.872,4707.121,1290
2026-03-23 00:15:00,4707.121,4710.051,4703.525,4707.945,1387
2026-03-23 00:30:00,4707.945,4711.068,4703.995,4709.067,1188
2026-03-23 00:45:00,4709.067,4712.332,4706.244,4711.944,1242
2026-03-23 01:00:00,4711.944,4712.219,4702.192,4709.829,1529
2026-03-23 01:15:00,4709.829,4710.494,4698.556,4699.127,1603
2026-03-23 01:30:00,4699.127,4710.224,4698.912,4705.542,1687
2026-03-23 01:45:00,4705.542,4708.258,4699.967,4706.388,1534
2026-03-23 02:00:00,4706.388,4707.326,4698.798,4704.743,1761
2026-03-23 02:15:00,4704.743,4712.676,4701.595,4707.787,1703
2026-03-23 02:30:00,4707.787,4708.030,4697.837,4707.084,1291
2026-03-23 02:45:00,4707.084,4714.175,4703.860,4713.571,1591
2026-03-23 03:00:00,4713.571,4714.071,4702.550,4703.383,1468
2026-03-23 03:15:00,4703.383,4704.965,4698.406,4700.008,1438
2026-03-23 03:30:00,4700.008,4712.208,4698.951,4707.698,1989
2026-03-23 03:45:00,4707.698,4707.899,4700.328,4705.170,973
2026-03-23 04:00:00,4705.170,4709.376,4697.698,4706.109,1424
2026-03-23 04:15:00,4706.109,4712.797,4696.186,4696.926,1903
2026-03-23 04:30:00,4696.926,4709.074,4695.863,4707.870,1495
2026-03-23 04:45:00,4707.870,4709.196,4670.000,4697.678,1481
2026-03-23 05:00:00,4697.678,4709.421,4690.218,4691.578,1886
2026-03-23 05:15:00,4691.578,4707.589,4689.947,4702.330,1293
2026-03-23 05:30:00,4702.330,4716.697,4695.737,4715.119,1439
2026-03-23 05:45:00,4715.119,4715.200,4695.959,4696.646,1824
2026-03-23 06:00:00,4696.646,4719.869,4696.315,4702.077,2125
2026-03-23 06:15:00,4702.077,4708.885,4700.790,4700.867,1661
2026-03-23 06:30:00,4700.867,4702.465,4690.950,4699.353,1353
2026-03-23 06:45:00,4699.353,4704.185,4697.219,4700.121,1598
2026-03-23 07:00:00,4700.121,4706.648,4693.764,4695.647,1502
2026-03-23 07:15:00,4695.647,4712.777,4693.312,4704.832,1815
2026-03-23 07:30:00,4704.832,4708.165,4689.255,4689.648,1173
2026-03-23 07:45:00,4689.648,4714.739,4688.548,4699.114,1779
2026-03-23 08:00:00,4699.114,4704.967,4691.106,4698.980,1490
2026-03-23 08:15:00,4698.980,4707.072,4698.293,4700.103,1415
2026-03-23 08:30:00,4700.103,4708.497,4699.948,4705.022,855
2026-03-23 08:45:00,4705.022,4706.410,4685.548,4699.832,1559
2026-03-23 09:00:00,4699.832,4710.878,4689.485,4710.137,1366
2026-03-23 09:15:00,4710.137,4710.674,4692.620,4693.519,1529
2026-03-23 09:30:00,4693.519,4712.958,4693.364,4712.948,1861
2026-03-23 09:45:00,4712.948,4713.223,4683.639,4685.170,1385
2026-03-23 10:00:00,4685.170,4709.289,4684.221,4706.557,1508
2026-03-23 10:15:00,4706.557,4720.000,4700.522,4720.000,1548
2026-03-23 10:30:00,4720.000,4720.000,4688.828,4700.458,1818
2026-03-23 10:45:00,4700.458,4720.000,4688.629,4707.704,1789
2026-03-23 11:00:00,4707.704,4713.743,4693.462,4712.907,1508
2026-03-23 11:15:00,4712.907,4714.390,4689.218,4702.104,1533
2026-03-23 11:30:00,4702.104,4720.000,4686.024,4687.979,1590
2026-03-23 11:45:00,4687.979,4710.648,4673.917,4675.799,1565
2026-03-23 12:00:00,4675.799,4707.855,4674.073,4707.629,1964
2026-03-23 12:15:00,4707.629,4708.507,4697.402,4700.142,1212
2026-03-23 12:30:00,4700.142,4709.530,4687.112,4687.246,1492
2026-03-23 12:45:00,4687.246,4704.059,4686.850,4703.718,873
2026-03-23 13:00:00,4703.718,4706.505,4692.088,4692.187,1581
2026-03-23 13:15:00,4692.187,4708.518,4686.491,4707.682,1951
2026-03-23 13:30:00,4707.682,4708.446,4689.650,4700.794,1574
2026-03-23 13:45:00,4700.794,4703.829,4686.138,4703.444,1335
2026-03-23 14:00:00,4703.444,4703.595,4686.430,4695.052,1614
2026-03-23 14:15:00,4695.052,4698.327,4680.669,4697.207,1423
2026-03-23 14:30:00,4697.207,4704.058,4687.513,4688.129,1279
2026-03-23 14:45:00,4688.129,4701.421,4687.354,4700.830,1479
2026-03-23 15:00:00,4700.830,4701.303,4688.164,4699.504,1327
2026-03-23 15:15:00,4699.504,4700.733,4688.990,4690.123,1572
2026-03-23 15:30:00,4690.123,4698.180,4679.093,4679.225,1281
2026-03-23 15:45:00,4679.225,4704.782,4673.518,4673.852,1911
2026-03-23 16:00:00,4673.852,4695.331,4673.320,4685.935,1268
2026-03-23 16:15:00,4685.935,4706.730,4685.261,4691.768,1470
2026-03-23 16:30:00,4691.768,4695.453,4680.501,4681.667,1614
2026-03-23 16:45:00,4681.667,4711.362,4681.269,4704.413,1350
2026-03-23 17:00:00,4704.413,4704.899,4683.595,4684.365,1762
2026-03-23 17:15:00,4684.365,4698.071,4672.553,4693.192,1537
2026-03-23 17:30:00,4693.192,4693.416,4670.000,4688.673,1370
2026-03-23 17:45:00,4688.673,4694.706,4683.856,4692.303,1792
2026-03-23 18:00:00,4692.303,4693.252,4682.280,4690.349,1680
2026-03-23 18:15:00,4690.349,4694.638,4677.591,4691.615,1585
2026-03-23 18:30:00,4691.615,4698.307,4688.984,4689.252,1667
2026-03-23 18:45:00,4689.252,4690.788,4673.963,4683.746,1336
2026-03-23 19:00:00,4683.746,4699.193,4682.531,4695.230,1989
2026-03-23 19:15:00,4695.230,4700.417,4684.803,4690.526,1514
2026-03-23 19:30:00,4690.526,4702.671,4689.492,4696.940,1392
2026-03-23 19:45:00,4696.940,4697.373,4682.109,4687.107,1805
2026-03-23 20:00:00,4687.107,4688.210,4684.392,4686.592,1786
2026-03-23 20:15:00,4686.592,4695.272,4686.173,4695.140,1404
2026-03-23 20:30:00,4695.140,4695.216,4679.116,4686.481,1643
2026-03-23 20:45:00,4686.481,4697.447,4684.949,4692.815,1881
2026-03-23 21:00:00,4692.815,4696.350,4678.558,4679.299,1803
2026-03-23 21:15:00,4679.299,4696.042,4679.116,4695.272,1519
2026-03-23 21:30:00,4695.272,4696.198,4684.396,4685.610,2026
2026-03-23 21:45:00,4685.610,4690.984,4683.783,4690.437,975
2026-03-23 22:00:00,4690.437,4691.356,4687.190,4689.172,1610
2026-03-23 22:15:00,4689.172,4691.345,4688.921,4691.255,1602
2026-03-23 22:30:00,4691.255,4692.610,4684.191,4688.713,1015
2026-03-23 22:45:00,4688.713,4689.137,4685.545,4686.843,1593
2026-03-23 23:00:00,4686.843,4690.815,4685.835,4689.034,1296
2026-03-23 23:15:00,4689.034,4692.057,4686.517,4688.053,1534
2026-03-23 23:30:00,4688.053,4688.786,4683.082,4684.945,1476
2026-03-23 23:45:00,4684.945,4696.162,4683.303,4695.000,1595
2026-03-24 00:00:00,4715.000,4715.918,4700.955,4704.741,948
2026-03-24 00:15:00,4704.741,4708.729,4700.062,4700.916,1720
2026-03-24 00:30:00,4700.916,4708.298,4700.702,4702.926,1697
2026-03-24 00:45:00,4702.926,4708.433,4702.359,4707.428,1486
2026-03-24 01:00:00,4707.428,4708.722,4699.473,4708.102,1655
2026-03-24 01:15:00,4708.102,4708.534,4699.204,4700.177,1610
2026-03-24 01:30:00,4700.177,4707.673,4697.005,4707.511,2031
2026-03-24 01:45:00,4707.511,4710.447,4693.852,4709.751,1724
2026-03-24 02:00:00,4709.751,4710.307,4696.928,4697.114,2217
2026-03-24 02:15:00,4697.114,4708.368,4693.917,4694.677,1511
2026-03-24 02:30:00,4694.677,4706.101,4694.049,4702.206,1632
2026-03-24 02:45:00,4702.206,4717.574,4700.539,4701.184,1279
2026-03-24 03:00:00,4701.184,4704.074,4691.461,4700.714,1035
2026-03-24 03:15:00,4700.714,4709.567,4687.110,4707.727,1684
2026-03-24 03:30:00,4707.727,4711.495,4701.125,4708.577,1336
2026-03-24 03:45:00,4708.577,4718.224,4695.365,4717.302,1900
2026-03-24 04:00:00,4717.302,4718.663,4689.983,4696.080,1519
2026-03-24 04:15:00,4696.080,4713.691,4693.007,4701.116,1799
2026-03-24 04:30:00,4701.116,4705.880,4694.679,4704.980,1721
2026-03-24 04:45:00,4704.980,4706.224,4692.507,4699.300,1394
2026-03-24 05:00:00,4699.300,4701.531,4686.773,4700.454,1537
2026-03-24 05:15:00,4700.454,4702.241,4680.563,4682.047,1643
2026-03-24 05:30:00,4682.047,4707.243,4680.159,4685.925,1077
2026-03-24 05:45:00,4685.925,4716.896,4684.122,4698.362,1872
2026-03-24 06:00:00,4698.362,4712.408,4691.833,4711.617,1838
2026-03-24 06:15:00,4711.617,4711.851,4699.075,4707.926,1294
2026-03-24 06:30:00,4707.926,4708.703,4691.490,4698.658,1472
2026-03-24 06:45:00,4698.658,4706.214,4666.667,4666.667,1465
2026-03-24 07:00:00,4666.667,4702.139,4666.667,4694.971,1267
2026-03-24 07:15:00,4694.971,4705.288,4683.866,4684.360,1109
2026-03-24 07:30:00,4684.360,4705.288,4683.898,4695.623,1183
2026-03-24 07:45:00,4695.623,4698.192,4695.507,4696.942,2024
2026-03-24 08:00:00,4696.942,4706.412,4696.348,4704.566,1185
2026-03-24 08:15:00,4704.566,4717.581,4688.345,4689.374,1916
2026-03-24 08:30:00,4689.374,4704.390,4678.608,4680.295,2061
2026-03-24 08:45:00,4680.295,4701.736,4677.966,4696.543,1441
2026-03-24 09:00:00,4696.543,4720.000,4678.151,4720.000,1494
2026-03-24 09:15:00,4720.000,4720.000,4680.243,4680.903,1363
2026-03-24 09:30:00,4680.903,4705.185,4680.517,4693.932,1445
2026-03-24 09:45:00,4693.932,4705.933,4687.877,4688.000,1509
2026-03-24 10:00:00,4688.000,4708.694,4681.480,4681.739,1354
2026-03-24 10:15:00,4681.739,4703.758,4681.590,4694.613,1758
2026-03-24 10:30:00,4694.613,4700.676,4678.119,4679.384,1643
2026-03-24 10:45:00,4679.384,4703.285,4679.315,4702.575,1689
2026-03-24 11:00:00,4702.575,4714.441,4687.216,4689.194,1270
2026-03-24 11:15:00,4689.194,4707.522,4682.705,4700.575,1690
2026-03-24 11:30:00,4700.575,4701.704,4688.589,4690.985,1205
2026-03-24 11:45:00,4690.985,4712.364,4687.493,4711.748,1564
2026-03-24 12:00:00,4711.748,4712.085,4689.754,4689.956,1711
2026-03-24 12:15:00,4689.956,4702.341,4680.168,4686.043,1170
2026-03-24 12:30:00,4686.043,4718.870,4674.197,4675.674,1540
2026-03-24 12:45:00,4675.674,4693.708,4675.601,4687.908,1680
2026-03-24 13:00:00,4687.908,4697.933,4679.196,4696.970,1585
2026-03-24 13:15:00,4696.970,4708.678,4695.676,4700.961,1549
2026-03-24 13:30:00,4700.961,4708.910,4667.780,4669.625,1409
2026-03-24 13:45:00,4669.625,4694.815,4667.236,4685.336,1475
2026-03-24 14:00:00,4685.336,4696.430,4676.373,4683.464,1769
2026-03-24 14:15:00,4683.464,4701.434,4682.519,4682.706,1663
2026-03-24 14:30:00,4682.706,4694.477,4666.667,4677.426,1366
2026-03-24 14:45:00,4677.426,4704.975,4677.304,4686.508,2021
2026-03-24 15:00:00,4686.508,4687.426,4673.566,4681.510,1122
2026-03-24 15:15:00,4681.510,4701.560,4680.996,4701.194,1492
2026-03-24 15:30:00,4701.194,4702.057,4684.859,4685.802,1613
2026-03-24 15:45:00,4685.802,4701.994,4675.792,4695.108,1630
2026-03-24 16:00:00,4695.108,4696.796,4681.928,4689.556,1100
2026-03-24 16:15:00,4689.556,4695.609,4682.087,4683.762,2151
2026-03-24 16:30:00,4683.762,4710.556,4678.272,4685.835,1621
2026-03-24 16:45:00,4685.835,4687.758,4672.916,4682.666,1273
2026-03-24 17:00:00,4682.666,4694.141,4682.590,4692.739,1369
2026-03-24 17:15:00,4692.739,4696.873,4687.043,4688.313,1808
2026-03-24 17:30:00,4688.313,4720.000,4687.146,4692.541,1889
2026-03-24 17:45:00,4692.541,4695.430,4684.276,4692.014,1690
2026-03-24 18:00:00,4692.014,4695.247,4690.648,4691.543,1914
2026-03-24 18:15:00,4691.543,4692.993,4673.949,4679.375,1853
2026-03-24 18:30:00,4679.375,4694.819,4674.282,4688.135,1949
2026-03-24 18:45:00,4688.135,4690.582,4678.072,4687.532,1479
2026-03-24 19:00:00,4687.532,4694.792,4682.636,4690.241,1813
2026-03-24 19:15:00,4690.241,4693.665,4679.079,4688.081,1222
2026-03-24 19:30:00,4688.081,4689.327,4675.395,4675.507,1971
2026-03-24 19:45:00,4675.507,4696.909,4673.807,4692.893,1356
2026-03-24 20:00:00,4692.893,4694.768,4676.496,4677.666,955
2026-03-24 20:15:00,4677.666,4686.887,4676.923,4681.582,1837
2026-03-24 20:30:00,4681.582,4696.384,4677.035,4682.485,1821
2026-03-24 20:45:00,4682.485,4694.196,4682.370,4693.317,1590
2026-03-24 21:00:00,4693.317,4694.503,4678.353,4678.378,1742
2026-03-24 21:15:00,4678.378,4701.396,4678.339,4700.903,1062
2026-03-24 21:30:00,4700.903,4701.900,4679.788,4682.971,1515
2026-03-24 21:45:00,4682.971,4683.046,4673.376,4678.782,1632
2026-03-24 22:00:00,4678.782,4697.239,4677.880,4697.026,1573
2026-03-24 22:15:00,4697.026,4701.979,4681.033,4682.490,1583
2026-03-24 22:30:00,4682.490,4696.644,4680.195,4695.304,1087
2026-03-24 22:45:00,4695.304,4695.531,4671.244,4681.179,1154
2026-03-24 23:00:00,4681.179,4688.946,4673.598,4688.253,1750
2026-03-24 23:15:00,4688.253,4689.570,4680.871,4687.545,1488
2026-03-24 23:30:00,4687.545,4690.045,4678.819,4680.125,1738
2026-03-24 23:45:00,4680.125,4694.429,4678.939,4693.333,1460
2026-03-25 00:00:00,4705.000,4705.416,4696.548,4702.973,1677
2026-03-25 00:15:00,4702.973,4706.954,4694.928,4700.188,1845
2026-03-25 00:30:00,4700.188,4704.509,4694.581,4698.998,1291
2026-03-25 00:45:00,4698.998,4701.913,4692.968,4693.821,1781
2026-03-25 01:00:00,4693.821,4712.575,4692.875,4703.106,1072
2026-03-25 01:15:00,4703.106,4708.672,4700.564,4708.409,1456
2026-03-25 01:30:00,4708.409,4710.713,4682.938,4683.021,1519
2026-03-25 01:45:00,4683.021,4700.088,4682.026,4695.093,1581
2026-03-25 02:00:00,4695.093,4706.051,4693.858,4697.492,2054
2026-03-25 02:15:00,4697.492,4697.879,4681.036,4682.556,1319
2026-03-25 02:30:00,4682.556,4712.676,4681.684,4711.235,1570
2026-03-25 02:45:00,4711.235,4711.321,4686.795,4686.835,1826
2026-03-25 03:00:00,4686.835,4707.769,4685.786,4700.547,1975
2026-03-25 03:15:00,4700.547,4701.349,4683.461,4688.359,1615
2026-03-25 03:30:00,4688.359,4704.656,4684.665,4684.751,1548
2026-03-25 03:45:00,4684.751,4709.772,4684.088,4685.126,1505
2026-03-25 04:00:00,4685.126,4694.871,4682.950,4690.209,1219
2026-03-25 04:15:00,4690.209,4708.981,4689.749,4705.554,1725
2026-03-25 04:30:00,4705.554,4710.068,4676.048,4677.325,1231
2026-03-25 04:45:00,4677.325,4710.918,4676.809,4692.016,1341
2026-03-25 05:00:00,4692.016,4710.926,4689.962,4710.718,1553
2026-03-25 05:15:00,4710.718,4711.313,4681.998,4683.251,1442
2026-03-25 05:30:00,4683.251,4711.130,4682.784,4706.062,1689
2026-03-25 05:45:00,4706.062,4706.691,4679.596,4706.396,1268
2026-03-25 06:00:00,4706.396,4707.373,4684.926,4695.536,1673
2026-03-25 06:15:00,4695.536,4703.333,4683.281,4683.979,1626
2026-03-25 06:30:00,4683.979,4700.166,4672.397,4673.617,1533
2026-03-25 06:45:00,4673.617,4702.518,4672.258,4701.331,1267
2026-03-25 07:00:00,4701.331,4702.413,4663.333,4667.438,1700
2026-03-25 07:15:00,4667.438,4703.075,4667.098,4679.314,1867
2026-03-25 07:30:00,4679.314,4704.459,4677.520,4702.969,1375
2026-03-25 07:45:00,4702.969,4715.098,4702.761,4714.901,1408
2026-03-25 08:00:00,4714.901,4715.809,4696.854,4697.572,1812
2026-03-25 08:15:00,4697.572,4704.580,4668.528,4692.787,1081
2026-03-25 08:30:00,4692.787,4693.136,4671.474,4676.019,1658
2026-03-25 08:45:00,4676.019,4711.000,4673.284,4709.762,1459
2026-03-25 09:00:00,4709.762,4710.337,4680.485,4707.990,1507
2026-03-25 09:15:00,4707.990,4708.486,4684.016,4703.172,1359
2026-03-25 09:30:00,4703.172,4708.165,4699.170,4700.100,1452
2026-03-25 09:45:00,4700.100,4712.507,4688.060,4705.122,1255
2026-03-25 10:00:00,4705.122,4707.823,4692.466,4693.426,1311
2026-03-25 10:15:00,4693.426,4718.677,4680.406,4718.377,1475
2026-03-25 10:30:00,4718.377,4718.863,4680.640,4681.642,1057
2026-03-25 10:45:00,4681.642,4691.118,4676.850,4685.219,1462
2026-03-25 11:00:00,4685.219,4698.269,4673.934,4674.432,1114
2026-03-25 11:15:00,4674.432,4698.811,4672.712,4698.486,1489
2026-03-25 11:30:00,4698.486,4700.866,4675.537,4676.661,1303
2026-03-25 11:45:00,4676.661,4705.070,4675.924,4686.296,1126
2026-03-25 12:00:00,4686.296,4708.519,4685.464,4708.334,1428
2026-03-25 12:15:00,4708.334,4709.662,4675.077,4699.694,1939
2026-03-25 12:30:00,4699.694,4716.417,4692.357,4693.427,1701
2026-03-25 12:45:00,4693.427,4702.039,4677.187,4677.283,1163
2026-03-25 13:00:00,4677.283,4695.368,4677.219,4688.549,1826
2026-03-25 13:15:00,4688.549,4694.476,4663.333,4693.074,1429
2026-03-25 13:30:00,4693.074,4693.147,4675.886,4677.366,1254
2026-03-25 13:45:00,4677.366,4720.000,4676.502,4720.000,817
2026-03-25 14:00:00,4720.000,4720.000,4683.526,4685.024,1162
2026-03-25 14:15:00,4685.024,4713.774,4684.151,4712.942,1556
2026-03-25 14:30:00,4712.942,4715.144,4682.905,4687.202,1405
2026-03-25 14:45:00,4687.202,4694.439,4673.051,4694.271,1526
2026-03-25 15:00:00,4694.271,4700.023,4688.201,4689.770,1152
2026-03-25 15:15:00,4689.770,4702.999,4687.328,4687.806,1629
2026-03-25 15:30:00,4687.806,4701.166,4684.006,4685.499,1409
2026-03-25 15:45:00,4685.499,4701.676,4679.784,4686.056,735
2026-03-25 16:00:00,4686.056,4688.915,4665.711,4676.070,1390
2026-03-25 16:15:00,4676.070,4704.481,4675.938,4704.318,2279
2026-03-25 16:30:00,4704.318,4711.055,4680.588,4680.599,1274
2026-03-25 16:45:00,4680.599,4697.155,4679.715,4682.106,1525
2026-03-25 17:00:00,4682.106,4714.370,4680.889,4713.286,1662
2026-03-25 17:15:00,4713.286,4713.440,4685.002,4698.348,1357
2026-03-25 17:30:00,4698.348,4715.436,4666.985,4667.360,1530
2026-03-25 17:45:00,4667.360,4687.984,4666.767,4682.807,1582
2026-03-25 18:00:00,4682.807,4706.320,4674.700,4676.829,1672
2026-03-25 18:15:00,4676.829,4703.763,4676.489,4701.592,1540
2026-03-25 18:30:00,4701.592,4703.473,4670.493,4671.520,1571
2026-03-25 18:45:00,4671.520,4687.166,4671.373,4683.721,1666
2026-03-25 19:00:00,4683.721,4715.252,4683.181,4698.129,1400
2026-03-25 19:15:00,4698.129,4705.170,4671.621,4704.725,1214
2026-03-25 19:30:00,4704.725,4705.450,4669.322,4693.234,1565
2026-03-25 19:45:00,4693.234,4713.980,4692.553,4693.420,906
2026-03-25 20:00:00,4693.420,4708.923,4680.254,4691.473,1503
2026-03-25 20:15:00,4691.473,4701.538,4672.636,4690.507,1556
2026-03-25 20:30:00,4690.507,4720.000,4689.446,4720.000,1510
2026-03-25 20:45:00,4720.000,4720.000,4681.431,4681.978,1686
2026-03-25 21:00:00,4681.978,4700.405,4678.727,4680.717,1606
2026-03-25 21:15:00,4680.717,4698.593,4679.196,4697.557,1288
2026-03-25 21:30:00,4697.557,4697.577,4683.268,4684.395,1400
2026-03-25 21:45:00,4684.395,4693.080,4673.247,4675.106,1612
2026-03-25 22:00:00,4675.106,4693.469,4672.914,4690.714,1415
2026-03-25 22:15:00,4690.714,4692.477,4667.032,4691.281,1860
2026-03-25 22:30:00,4691.281,4696.925,4673.430,4683.831,1780
2026-03-25 22:45:00,4683.831,4692.720,4679.447,4692.414,1195
2026-03-25 23:00:00,4692.414,4693.477,4680.921,4687.058,1822
2026-03-25 23:15:00,4687.058,4690.575,4674.855,4689.065,1737
2026-03-25 23:30:00,4689.065,4689.378,4682.725,4684.217,1634
2026-03-25 23:45:00,4684.217,4692.261,4681.643,4691.667,1283
2026-03-26 00:00:00,4695.000,4695.617,4686.780,4688.653,1209
2026-03-26 00:15:00,4688.653,4691.319,4685.065,4686.572,1705
2026-03-26 00:30:00,4686.572,4691.195,4684.523,4688.527,1510
2026-03-26 00:45:00,4688.527,4695.109,4687.609,4689.429,1692
2026-03-26 01:00:00,4689.429,4690.045,4682.314,4682.776,1491
2026-03-26 01:15:00,4682.776,4696.203,4679.558,4681.203,1935
2026-03-26 01:30:00,4681.203,4697.045,4680.031,4696.258,1473
2026-03-26 01:45:00,4696.258,4697.868,4682.700,4690.861,2008
2026-03-26 02:00:00,4690.861,4691.262,4684.413,4686.241,1161
2026-03-26 02:15:00,4686.241,4699.664,4683.979,4688.578,1224
2026-03-26 02:30:00,4688.578,4694.760,4684.720,4690.557,1327
2026-03-26 02:45:00,4690.557,4698.921,4680.682,4681.184,1671
2026-03-26 03:00:00,4681.184,4689.668,4677.756,4684.906,2017
2026-03-26 03:15:00,4684.906,4692.259,4678.019,4691.855,1613
2026-03-26 03:30:00,4691.855,4692.378,4664.625,4688.171,1800
2026-03-26 03:45:00,4688.171,4697.007,4674.197,4696.781,1523
2026-03-26 04:00:00,4696.781,4699.999,4682.630,4684.052,1647
2026-03-26 04:15:00,4684.052,4690.908,4676.368,4679.429,1321
2026-03-26 04:30:00,4679.429,4696.720,4676.558,4696.122,1650
2026-03-26 04:45:00,4696.122,4701.224,4681.571,4682.484,1697
2026-03-26 05:00:00,4682.484,4704.031,4681.477,4703.547,1911
2026-03-26 05:15:00,4703.547,4705.316,4696.366,4701.305,1987
2026-03-26 05:30:00,4701.305,4702.091,4688.826,4698.589,1386
2026-03-26 05:45:00,4698.589,4700.752,4682.341,4682.600,1364
2026-03-26 06:00:00,4682.600,4703.702,4681.151,4699.286,1263
2026-03-26 06:15:00,4699.286,4700.991,4667.100,4668.632,1363
2026-03-26 06:30:00,4668.632,4686.976,4667.917,4679.076,1341
2026-03-26 06:45:00,4679.076,4702.141,4671.205,4700.726,1475
2026-03-26 07:00:00,4700.726,4714.725,4682.682,4700.539,1262
2026-03-26 07:15:00,4700.539,4703.295,4671.862,4691.837,1416
2026-03-26 07:30:00,4691.837,4720.000,4683.640,4692.938,1974
2026-03-26 07:45:00,4692.938,4696.039,4682.183,4686.625,1543
2026-03-26 08:00:00,4686.625,4691.099,4679.590,4690.861,1461
2026-03-26 08:15:00,4690.861,4709.116,4676.348,4708.448,1449
2026-03-26 08:30:00,4708.448,4709.091,4686.087,4687.114,1500
2026-03-26 08:45:00,4687.114,4697.755,4660.000,4660.000,1611
2026-03-26 09:00:00,4660.000,4687.896,4660.000,4684.580,1459
2026-03-26 09:15:00,4684.580,4710.672,4672.359,4672.444,1809
2026-03-26 09:30:00,4672.444,4690.859,4670.609,4688.272,1114
2026-03-26 09:45:00,4688.272,4695.942,4682.556,4682.882,1384
2026-03-26 10:00:00,4682.882,4694.004,4676.905,4679.941,1122
2026-03-26 10:15:00,4679.941,4688.022,4679.560,4681.061,1754
2026-03-26 10:30:00,4681.061,4687.852,4675.027,4687.061,1511
2026-03-26 10:45:00,4687.061,4704.261,4675.938,4676.927,1317
2026-03-26 11:00:00,4676.927,4706.232,4675.351,4705.088,1769
2026-03-26 11:15:00,4705.088,4706.038,4681.022,4683.330,1215
2026-03-26 11:30:00,4683.330,4704.882,4682.370,4685.351,1458
2026-03-26 11:45:00,4685.351,4698.805,4684.778,4686.012,1052
2026-03-26 12:00:00,4686.012,4696.254,4677.511,4678.481,1691
2026-03-26 12:15:00,4678.481,4695.355,4662.428,4662.620,1090
2026-03-26 12:30:00,4662.620,4692.195,4662.520,4689.101,1918
2026-03-26 12:45:00,4689.101,4703.723,4674.805,4692.924,1389
2026-03-26 13:00:00,4692.924,4699.921,4679.850,4679.893,1673
2026-03-26 13:15:00,4679.893,4712.731,4677.991,4712.232,1400
2026-03-26 13:30:00,4712.232,4713.419,4677.306,4681.671,1779
2026-03-26 13:45:00,4681.671,4685.899,4673.524,4684.381,1450
2026-03-26 14:00:00,4684.381,4692.987,4683.000,4689.411,1750
2026-03-26 14:15:00,4689.411,4708.661,4685.851,4686.987,1636
2026-03-26 14:30:00,4686.987,4688.386,4681.285,4684.272,1560
2026-03-26 14:45:00,4684.272,4686.045,4669.241,4672.189,1429
2026-03-26 15:00:00,4672.189,4696.627,4670.378,4690.161,1670
2026-03-26 15:15:00,4690.161,4690.374,4671.616,4672.005,1162
2026-03-26 15:30:00,4672.005,4681.131,4671.208,4671.614,1256
2026-03-26 15:45:00,4671.614,4688.991,4671.052,4686.953,1714
2026-03-26 16:00:00,4686.953,4693.429,4669.690,4690.951,1865
2026-03-26 16:15:00,4690.951,4701.601,4679.385,4685.596,1799
2026-03-26 16:30:00,4685.596,4688.478,4669.327,4678.378,1037
2026-03-26 16:45:00,4678.378,4696.271,4677.384,4696.092,1187
2026-03-26 17:00:00,4696.092,4697.157,4678.309,4694.867,1358
2026-03-26 17:15:00,4694.867,4695.650,4670.287,4693.275,1861
2026-03-26 17:30:00,4693.275,4695.895,4688.609,4695.571,1000
2026-03-26 17:45:00,4695.571,4696.992,4674.611,4674.848,1606
2026-03-26 18:00:00,4674.848,4690.325,4669.518,4686.714,1554
2026-03-26 18:15:00,4686.714,4702.354,4684.699,4694.635,1005
2026-03-26 18:30:00,4694.635,4694.880,4678.331,4691.935,1998
2026-03-26 18:45:00,4691.935,4691.938,4660.333,4661.200,1388
2026-03-26 19:00:00,4661.200,4720.000,4660.000,4720.000,1561
2026-03-26 19:15:00,4720.000,4720.000,4660.000,4660.000,1760
2026-03-26 19:30:00,4660.000,4686.056,4660.000,4684.541,1148
2026-03-26 19:45:00,4684.541,4697.102,4673.983,4675.859,1269
2026-03-26 20:00:00,4675.859,4687.130,4674.496,4677.778,1392
2026-03-26 20:15:00,4677.778,4702.938,4675.906,4691.894,1073
2026-03-26 20:30:00,4691.894,4700.776,4679.505,4679.854,1684
2026-03-26 20:45:00,4679.854,4696.326,4674.149,4674.518,1955
2026-03-26 21:00:00,4674.518,4699.813,4673.998,4698.922,1110
2026-03-26 21:15:00,4698.922,4700.102,4685.742,4690.118,1529
2026-03-26 21:30:00,4690.118,4691.178,4675.665,4685.867,1283
2026-03-26 21:45:00,4685.867,4699.288,4680.754,4697.914,1285
2026-03-26 22:00:00,4697.914,4698.034,4668.059,4685.552,1238
2026-03-26 22:15:00,4685.552,4693.472,4676.786,4686.472,1301
2026-03-26 22:30:00,4686.472,4694.473,4680.207,4680.521,1897
2026-03-26 22:45:00,4680.521,4687.903,4679.177,4684.764,1601
2026-03-26 23:00:00,4684.764,4690.529,4682.975,4683.977,1821
2026-03-26 23:15:00,4683.977,4688.345,4678.661,4678.865,1906
2026-03-26 23:30:00,4678.865,4689.827,4678.101,4688.273,1318
2026-03-26 23:45:00,4688.273,4690.268,4683.794,4690.000,1666
2026-03-27 00:00:00,4693.750,4685.000,4672.195,4673.604,1698
2026-03-27 00:15:00,4673.604,4676.262,4671.363,4676.084,1158
2026-03-27 00:30:00,4676.084,4677.575,4673.056,4673.283,1268
2026-03-27 00:45:00,4673.283,4677.195,4668.088,4675.977,934
2026-03-27 01:00:00,4675.977,4677.906,4672.009,4672.874,1664
2026-03-27 01:15:00,4672.874,4678.369,4671.115,4674.935,1737
2026-03-27 01:30:00,4674.935,4676.758,4663.392,4663.661,1522
2026-03-27 01:45:00,4663.661,4669.448,4660.658,4666.570,1716
2026-03-27 02:00:00,4666.570,4677.247,4658.767,4676.920,1298
2026-03-27 02:15:00,4676.920,4677.271,4664.569,4665.461,1894
2026-03-27 02:30:00,4665.461,4679.612,4630.500,4630.500,1258
2026-03-27 02:45:00,4630.500,4670.467,4630.500,4669.066,1178
2026-03-27 03:00:00,4669.066,4678.108,4667.540,4673.196,1249
2026-03-27 03:15:00,4673.196,4684.537,4662.684,4664.320,1684
2026-03-27 03:30:00,4664.320,4678.655,4663.928,4678.374,814
2026-03-27 03:45:00,4678.374,4679.151,4653.185,4674.975,1266
2026-03-27 04:00:00,4674.975,4676.406,4664.981,4667.521,1993
2026-03-27 04:15:00,4667.521,4683.314,4645.883,4672.211,1103
2026-03-27 04:30:00,4672.211,4672.351,4660.389,4669.409,1055
2026-03-27 04:45:00,4669.409,4672.762,4656.066,4659.765,1531
2026-03-27 05:00:00,4659.765,4671.187,4652.862,4653.318,1898
2026-03-27 05:15:00,4653.318,4668.196,4652.616,4653.861,1709
2026-03-27 05:30:00,4653.861,4679.582,4653.306,4673.454,1239
2026-03-27 05:45:00,4673.454,4673.993,4655.982,4659.234,1406
2026-03-27 06:00:00,4659.234,4676.912,4658.045,4665.356,1815
2026-03-27 06:15:00,4665.356,4665.662,4661.868,4664.276,1576
2026-03-27 06:30:00,4664.276,4664.692,4660.498,4662.349,1799
2026-03-27 06:45:00,4662.349,4664.574,4652.559,4652.947,1630
2026-03-27 07:00:00,4652.947,4665.147,4652.451,4663.810,993
2026-03-27 07:15:00,4663.810,4676.531,4647.267,4676.483,1267
2026-03-27 07:30:00,4676.483,4678.715,4643.356,4670.149,1274
2026-03-27 07:45:00,4670.149,4670.736,4657.910,4664.449,1177
2026-03-27 08:00:00,4664.449,4673.158,4649.912,4650.058,1602
2026-03-27 08:15:00,4650.058,4659.156,4647.103,4657.617,1972
2026-03-27 08:30:00,4657.617,4666.301,4652.099,4655.669,1154
2026-03-27 08:45:00,4655.669,4668.399,4653.397,4667.447,1640
2026-03-27 09:00:00,4667.447,4673.298,4655.468,4656.366,1705
2026-03-27 09:15:00,4656.366,4663.972,4655.225,4663.465,1546
2026-03-27 09:30:00,4663.465,4685.000,4659.016,4685.000,1706
2026-03-27 09:45:00,4685.000,4685.000,4652.607,4672.634,1449
2026-03-27 10:00:00,4672.634,4672.677,4640.907,4641.067,1104
2026-03-27 10:15:00,4641.067,4663.993,4636.306,4637.391,1540
2026-03-27 10:30:00,4637.391,4662.047,4636.885,4654.173,1631
2026-03-27 10:45:00,4654.173,4675.229,4654.050,4655.817,1297
2026-03-27 11:00:00,4655.817,4660.468,4646.210,4650.704,1220
2026-03-27 11:15:00,4650.704,4668.653,4631.139,4667.250,1582
2026-03-27 11:30:00,4667.250,4668.175,4657.117,4657.664,1171
2026-03-27 11:45:00,4657.664,4673.769,4656.191,4666.322,1639
2026-03-27 12:00:00,4666.322,4668.228,4643.950,4663.769,1827
2026-03-27 12:15:00,4663.769,4663.900,4646.174,4655.745,1179
2026-03-27 12:30:00,4655.745,4670.402,4649.787,4660.145,1402
2026-03-27 12:45:00,4660.145,4660.425,4641.802,4652.400,1748
2026-03-27 13:00:00,4652.400,4670.287,4641.080,4642.157,1002
2026-03-27 13:15:00,4642.157,4659.295,4640.182,4658.419,1644
2026-03-27 13:30:00,4658.419,4669.975,4652.551,4659.239,1960
2026-03-27 13:45:00,4659.239,4661.751,4646.415,4646.729,1443
2026-03-27 14:00:00,4646.729,4665.021,4644.966,4648.409,1675
2026-03-27 14:15:00,4648.409,4655.026,4641.529,4641.618,1785
2026-03-27 14:30:00,4641.618,4662.771,4641.500,4654.255,1419
2026-03-27 14:45:00,4654.255,4662.335,4641.481,4643.757,1067
2026-03-27 15:00:00,4643.757,4663.328,4643.050,4648.232,1226
2026-03-27 15:15:00,4648.232,4661.404,4647.865,4658.104,1560
2026-03-27 15:30:00,4658.104,4661.704,4644.643,4645.205,1307
2026-03-27 15:45:00,4645.205,4665.052,4640.348,4640.617,1424
2026-03-27 16:00:00,4640.617,4655.798,4640.159,4655.094,1079
2026-03-27 16:15:00,4655.094,4685.000,4648.626,4685.000,1436
2026-03-27 16:30:00,4685.000,4685.000,4639.521,4646.134,1377
2026-03-27 16:45:00,4646.134,4656.484,4645.206,4654.949,1262
2026-03-27 17:00:00,4654.949,4656.861,4638.593,4638.593,1492
2026-03-27 17:15:00,4638.593,4657.139,4638.003,4643.832,1604
2026-03-27 17:30:00,4643.832,4666.435,4635.598,4656.740,1391
2026-03-27 17:45:00,4656.740,4658.654,4642.136,4653.280,1375
2026-03-27 18:00:00,4653.280,4655.064,4641.870,4648.687,1581
2026-03-27 18:15:00,4648.687,4651.014,4644.346,4645.634,1576
2026-03-27 18:30:00,4645.634,4664.941,4643.722,4662.522,1576
2026-03-27 18:45:00,4662.522,4667.619,4648.843,4649.469,1606
2026-03-27 19:00:00,4649.469,4657.870,4645.985,4646.690,1169
2026-03-27 19:15:00,4646.690,4664.577,4642.990,4643.578,1272
2026-03-27 19:30:00,4643.578,4656.959,4640.725,4642.038,1058
2026-03-27 19:45:00,4642.038,4649.979,4630.500,4630.500,1187
2026-03-27 20:00:00,4630.500,4656.890,4630.500,4643.241,1489
2026-03-27 20:15:00,4643.241,4657.346,4633.370,4634.311,1826
2026-03-27 20:30:00,4634.311,4658.874,4633.107,4649.920,1467
2026-03-27 20:45:00,4649.920,4661.202,4645.503,4646.086,1759
2026-03-27 21:00:00,4646.086,4647.115,4642.164,4643.539,1348
2026-03-27 21:15:00,4643.539,4655.405,4643.411,4647.728,1173
2026-03-27 21:30:00,4647.728,4651.331,4635.263,4636.112,1818
2026-03-27 21:45:00,4636.112,4657.312,4635.401,4641.073,1185
2026-03-27 22:00:00,4641.073,4653.053,4639.411,4645.255,1800
2026-03-27 22:15:00,4645.255,4651.917,4645.144,4646.993,1197
2026-03-27 22:30:00,4646.993,4647.413,4637.335,4645.022,1495
2026-03-27 22:45:00,4645.022,4649.365,4642.996,4647.441,2034
2026-03-27 23:00:00,4647.441,4649.420,4638.075,4644.199,1301
2026-03-27 23:15:00,4644.199,4645.480,4641.216,4644.572,1933
2026-03-27 23:30:00,4644.572,4647.987,4643.927,4645.945,1783
2026-03-27 23:45:00,4645.945,4658.463,4642.601,4658.250,2194
2026-03-30 00:00:00,4690.000,4580.000,4577.422,4579.180,1780
2026-03-30 00:15:00,4579.180,4579.708,4577.847,4578.236,1438
2026-03-30 00:30:00,4578.236,4580.000,4576.531,4577.890,1584
2026-03-30 00:45:00,4577.890,4579.616,4576.862,4578.814,1162
2026-03-30 01:00:00,4578.814,4578.964,4576.386,4577.075,1213
2026-03-30 01:15:00,4577.075,4580.000,4573.761,4574.920,1474
2026-03-30 01:30:00,4574.920,4578.168,4574.408,4577.841,1609
2026-03-30 01:45:00,4577.841,4578.906,4574.535,4575.262,1726
2026-03-30 02:00:00,4575.262,4578.477,4572.594,4575.512,1617
2026-03-30 02:15:00,4575.512,4578.219,4575.286,4577.255,1621
2026-03-30 02:30:00,4577.255,4577.574,4572.548,4574.975,1503
2026-03-30 02:45:00,4574.975,4575.695,4571.358,4572.784,1457
2026-03-30 03:00:00,4572.784,4580.000,4571.434,4580.000,1289
2026-03-30 03:15:00,4580.000,4580.000,4571.991,4572.145,1428
2026-03-30 03:30:00,4572.145,4575.810,4571.556,4574.356,1500
2026-03-30 03:45:00,4574.356,4576.780,4570.990,4572.790,1128
2026-03-30 04:00:00,4572.790,4575.149,4571.535,4572.317,1152
2026-03-30 04:15:00,4572.317,4574.656,4570.670,4572.945,1762
2026-03-30 04:30:00,4572.945,4573.207,4568.470,4571.065,1436
2026-03-30 04:45:00,4571.065,4573.470,4569.772,4572.954,1841
2026-03-30 05:00:00,4572.954,4575.302,4567.978,4575.124,1434
2026-03-30 05:15:00,4575.124,4577.059,4567.506,4571.349,1688
2026-03-30 05:30:00,4571.349,4573.692,4567.210,4573.551,1729
2026-03-30 05:45:00,4573.551,4573.885,4565.607,4566.918,1599
2026-03-30 06:00:00,4566.918,4573.862,4566.486,4573.765,1895
2026-03-30 06:15:00,4573.765,4574.469,4568.611,4569.161,1680
2026-03-30 06:30:00,4569.161,4572.588,4564.030,4571.730,1411
2026-03-30 06:45:00,4571.730,4572.896,4568.329,4568.960,1441
2026-03-30 07:00:00,4568.960,4571.344,4564.480,4568.209,1460
2026-03-30 07:15:00,4568.209,4570.697,4567.615,4568.573,1940
2026-03-30 07:30:00,4568.573,4569.542,4564.052,4564.296,966
2026-03-30 07:45:00,4564.296,4568.966,4563.723,4568.686,1514
2026-03-30 08:00:00,4568.686,4570.915,4566.011,4567.594,1366
2026-03-30 08:15:00,4567.594,4570.505,4562.650,4563.570,1234
2026-03-30 08:30:00,4563.570,4565.983,4561.918,4563.431,1481
2026-03-30 08:45:00,4563.431,4566.777,4562.880,4565.830,1485
2026-03-30 09:00:00,4565.830,4566.000,4563.888,4565.514,1431
2026-03-30 09:15:00,4565.514,4567.235,4559.225,4563.042,1383
2026-03-30 09:30:00,4563.042,4565.637,4560.160,4564.412,1409
2026-03-30 09:45:00,4564.412,4567.382,4561.763,4562.411,1451
2026-03-30 10:00:00,4562.411,4563.888,4560.764,4562.500,1478
2026-03-30 10:15:00,4562.500,4569.577,4561.466,4563.055,1756
2026-03-30 10:30:00,4563.055,4564.901,4558.820,4558.979,1190
2026-03-30 10:45:00,4558.979,4565.134,4558.227,4564.610,1393
2026-03-30 11:00:00,4564.610,4564.859,4559.466,4562.314,1668
2026-03-30 11:15:00,4562.314,4565.407,4560.945,4564.543,1160
2026-03-30 11:30:00,4564.543,4564.598,4542.000,4542.000,1372
2026-03-30 11:45:00,4542.000,4560.206,4542.000,4559.959,1717
2026-03-30 12:00:00,4559.959,4561.995,4557.083,4557.779,1589
2026-03-30 12:15:00,4557.779,4560.645,4556.219,4557.004,1827
2026-03-30 12:30:00,4557.004,4563.284,4556.366,4562.726,1197
2026-03-30 12:45:00,4562.726,4564.479,4558.734,4559.414,1977
2026-03-30 13:00:00,4559.414,4560.350,4557.478,4559.886,1256
2026-03-30 13:15:00,4559.886,4562.931,4555.531,4559.291,1753
2026-03-30 13:30:00,4559.291,4560.565,4553.090,4557.810,1300
2026-03-30 13:45:00,4557.810,4561.726,4557.454,4560.407,1548
2026-03-30 14:00:00,4560.407,4561.281,4553.479,4561.083,1575
2026-03-30 14:15:00,4561.083,4561.143,4554.786,4557.249,1554
2026-03-30 14:30:00,4557.249,4559.869,4555.428,4559.684,1713
2026-03-30 14:45:00,4559.684,4562.259,4555.260,4561.154,1131
2026-03-30 15:00:00,4561.154,4561.357,4552.174,4553.624,1466
2026-03-30 15:15:00,4553.624,4558.415,4552.246,4557.209,1304
2026-03-30 15:30:00,4557.209,4558.192,4551.072,4552.286,1505
2026-03-30 15:45:00,4552.286,4555.841,4550.778,4554.997,2103
2026-03-30 16:00:00,4554.997,4556.787,4552.548,4552.746,1512
2026-03-30 16:15:00,4552.746,4558.141,4552.088,4555.085,1463
2026-03-30 16:30:00,4555.085,4555.514,4550.623,4552.270,1933
2026-03-30 16:45:00,4552.270,4556.141,4550.603,4553.520,909
2026-03-30 17:00:00,4553.520,4553.753,4550.745,4553.184,1367
2026-03-30 17:15:00,4553.184,4554.984,4551.351,4551.436,1610
2026-03-30 17:30:00,4551.436,4553.811,4548.988,4552.492,1298
2026-03-30 17:45:00,4552.492,4554.213,4550.072,4553.233,1673
2026-03-30 18:00:00,4553.233,4553.845,4548.563,4552.312,1624
2026-03-30 18:15:00,4552.312,4554.095,4549.671,4551.435,1352
2026-03-30 18:30:00,4551.435,4553.915,4547.164,4549.233,1597
2026-03-30 18:45:00,4549.233,4552.102,4547.190,4547.517,1421
2026-03-30 19:00:00,4547.517,4555.084,4547.078,4550.045,1371
2026-03-30 19:15:00,4550.045,4550.537,4547.192,4549.991,1555
2026-03-30 19:30:00,4549.991,4554.169,4548.202,4548.436,1513
2026-03-30 19:45:00,4548.436,4549.313,4547.107,4549.230,1463
2026-03-30 20:00:00,4549.230,4549.383,4545.632,4547.803,1797
2026-03-30 20:15:00,4547.803,4551.451,4545.431,4546.115,1591
2026-03-30 20:30:00,4546.115,4551.220,4544.342,4547.042,1773
2026-03-30 20:45:00,4547.042,4548.253,4544.422,4547.426,1828
2026-03-30 21:00:00,4547.426,4551.847,4545.563,4548.822,1626
2026-03-30 21:15:00,4548.822,4549.062,4543.936,4543.999,1189
2026-03-30 21:30:00,4543.999,4547.939,4542.963,4545.870,1396
2026-03-30 21:45:00,4545.870,4547.269,4543.964,4544.627,1580
2026-03-30 22:00:00,4544.627,4546.085,4543.428,4544.956,1496
2026-03-30 22:15:00,4544.956,4547.399,4543.934,4544.950,1746
2026-03-30 22:30:00,4544.950,4547.255,4542.635,4543.428,1308
2026-03-30 22:45:00,4543.428,4547.308,4542.563,4544.793,1411
2026-03-30 23:00:00,4544.793,4545.923,4542.622,4543.840,1575
2026-03-30 23:15:00,4543.840,4544.909,4543.066,4543.463,1554
2026-03-30 23:30:00,4543.463,4544.135,4542.000,4542.000,1721
2026-03-30 23:45:00,4542.000,4563.996,4542.000,4563.000,1273
2026-03-31 00:00:00,4563.000,4598.150,4562.066,4596.405,1390
2026-03-31 00:15:00,4596.405,4596.463,4589.499,4594.077,1282
2026-03-31 00:30:00,4594.077,4602.572,4590.399,4601.829,1317
2026-03-31 00:45:00,4601.829,4603.530,4576.485,4593.543,1432
2026-03-31 01:00:00,4593.543,4602.627,4589.290,4594.530,1549
2026-03-31 01:15:00,4594.530,4608.675,4591.413,4601.760,1383
2026-03-31 01:30:00,4601.760,4603.310,4581.869,4600.784,1600
2026-03-31 01:45:00,4600.784,4615.193,4573.295,4599.046,1285
2026-03-31 02:00:00,4599.046,4612.976,4587.263,4610.425,1761
2026-03-31 02:15:00,4610.425,4610.501,4576.261,4588.238,1387
2026-03-31 02:30:00,4588.238,4619.757,4588.017,4612.668,1804
2026-03-31 02:45:00,4612.668,4613.540,4591.696,4603.728,891
2026-03-31 03:00:00,4603.728,4608.824,4573.471,4596.526,1541
2026-03-31 03:15:00,4596.526,4624.020,4595.655,4605.604,1092
2026-03-31 03:30:00,4605.604,4616.289,4596.040,4596.467,1608
2026-03-31 03:45:00,4596.467,4627.475,4582.608,4625.646,1410
2026-03-31 04:00:00,4625.646,4629.427,4593.763,4604.231,1757
2026-03-31 04:15:00,4604.231,4605.986,4580.831,4595.063,1352
2026-03-31 04:30:00,4595.063,4611.374,4593.622,4594.345,1865
2026-03-31 04:45:00,4594.345,4625.642,4583.837,4625.535,1361
2026-03-31 05:00:00,4625.535,4626.919,4585.909,4612.810,1586
2026-03-31 05:15:00,4612.810,4615.775,4588.998,4613.387,1511
2026-03-31 05:30:00,4613.387,4615.386,4594.151,4612.213,1294
2026-03-31 05:45:00,4612.213,4634.079,4605.774,4607.670,1458
2026-03-31 06:00:00,4607.670,4608.582,4555.000,4590.992,1567
2026-03-31 06:15:00,4590.992,4608.447,4588.928,4601.884,1500
2026-03-31 06:30:00,4601.884,4625.568,4599.227,4603.021,1474
2026-03-31 06:45:00,4603.021,4617.544,4586.526,4602.428,1652
2026-03-31 07:00:00,4602.428,4619.309,4584.206,4611.924,1380
2026-03-31 07:15:00,4611.924,4642.850,4579.445,4624.312,1819
2026-03-31 07:30:00,4624.312,4626.858,4571.692,4574.506,1567
2026-03-31 07:45:00,4574.506,4665.000,4573.408,4665.000,1638
2026-03-31 08:00:00,4665.000,4665.000,4569.354,4612.368,1816
2026-03-31 08:15:00,4612.368,4630.712,4594.284,4628.639,1668
2026-03-31 08:30:00,4628.639,4629.124,4589.527,4609.896,1240
2026-03-31 08:45:00,4609.896,4642.902,4581.987,4586.444,917
2026-03-31 09:00:00,4586.444,4636.480,4585.062,4608.305,1463
2026-03-31 09:15:00,4608.305,4620.439,4578.755,4579.656,1511
2026-03-31 09:30:00,4579.656,4625.765,4576.358,4615.398,1714
2026-03-31 09:45:00,4615.398,4629.208,4597.979,4625.645,1740
2026-03-31 10:00:00,4625.645,4627.554,4591.597,4593.897,1414
2026-03-31 10:15:00,4593.897,4649.438,4593.335,4607.930,1576
2026-03-31 10:30:00,4607.930,4622.387,4604.594,4619.041,1148
2026-03-31 10:45:00,4619.041,4622.609,4567.227,4610.195,1106
2026-03-31 11:00:00,4610.195,4623.000,4582.760,4620.851,1606
2026-03-31 11:15:00,4620.851,4634.753,4596.155,4597.756,1493
2026-03-31 11:30:00,4597.756,4647.088,4597.203,4642.820,1889
2026-03-31 11:45:00,4642.820,4643.622,4617.526,4620.381,1213
2026-03-31 12:00:00,4620.381,4642.195,4595.427,4596.276,1501
2026-03-31 12:15:00,4596.276,4646.377,4595.751,4612.927,1461
2026-03-31 12:30:00,4612.927,4619.467,4588.604,4608.271,1841
2026-03-31 12:45:00,4608.271,4637.181,4589.935,4635.323,1975
2026-03-31 13:00:00,4635.323,4635.839,4592.937,4593.242,1528
2026-03-31 13:15:00,4593.242,4649.446,4591.718,4621.391,1418
2026-03-31 13:30:00,4621.391,4645.961,4608.047,4642.916,1001
2026-03-31 13:45:00,4642.916,4647.696,4590.039,4593.716,1919
2026-03-31 14:00:00,4593.716,4642.413,4592.758,4613.291,1746
2026-03-31 14:15:00,4613.291,4640.435,4603.744,4638.948,1519
2026-03-31 14:30:00,4638.948,4642.506,4610.790,4641.768,1479
2026-03-31 14:45:00,4641.768,4642.434,4619.832,4621.190,1621
2026-03-31 15:00:00,4621.190,4647.248,4609.496,4643.233,1051
2026-03-31 15:15:00,4643.233,4645.170,4615.223,4632.887,1508
2026-03-31 15:30:00,4632.887,4646.624,4607.340,4644.013,1186
2026-03-31 15:45:00,4644.013,4647.403,4615.395,4622.617,1533
2026-03-31 16:00:00,4622.617,4640.145,4595.724,4638.141,1590
2026-03-31 16:15:00,4638.141,4665.000,4611.884,4618.777,1531
2026-03-31 16:30:00,4618.777,4637.858,4607.729,4633.315,1293
2026-03-31 16:45:00,4633.315,4653.049,4555.000,4555.000,1536
2026-03-31 17:00:00,4555.000,4654.553,4555.000,4653.790,1354
2026-03-31 17:15:00,4653.790,4656.362,4617.878,4650.023,1736
2026-03-31 17:30:00,4650.023,4650.447,4609.078,4611.208,1824
2026-03-31 17:45:00,4611.208,4643.462,4605.788,4606.965,1379
2026-03-31 18:00:00,4606.965,4635.667,4606.809,4619.027,980
2026-03-31 18:15:00,4619.027,4646.466,4618.124,4638.101,1326
2026-03-31 18:30:00,4638.101,4647.651,4603.036,4606.831,1400
2026-03-31 18:45:00,4606.831,4635.486,4604.210,4624.467,1039
2026-03-31 19:00:00,4624.467,4645.324,4587.864,4591.157,1701
2026-03-31 19:15:00,4591.157,4646.576,4590.903,4640.526,1204
2026-03-31 19:30:00,4640.526,4644.379,4598.844,4611.642,1296
2026-03-31 19:45:00,4611.642,4657.800,4611.412,4645.694,1578
2026-03-31 20:00:00,4645.694,4646.599,4624.396,4635.538,1786
2026-03-31 20:15:00,4635.538,4645.340,4616.895,4617.385,1523
2026-03-31 20:30:00,4617.385,4655.273,4617.270,4628.899,1012
2026-03-31 20:45:00,4628.899,4652.654,4626.363,4639.821,1559
2026-03-31 21:00:00,4639.821,4658.283,4625.066,4629.046,1493
2026-03-31 21:15:00,4629.046,4646.287,4622.039,4645.655,1757
2026-03-31 21:30:00,4645.655,4649.303,4626.026,4628.695,1337
2026-03-31 21:45:00,4628.695,4657.187,4624.353,4633.360,1544
2026-03-31 22:00:00,4633.360,4651.394,4629.813,4636.650,1588
2026-03-31 22:15:00,4636.650,4654.159,4630.528,4630.942,1620
2026-03-31 22:30:00,4630.942,4652.697,4628.175,4649.890,1196
2026-03-31 22:45:00,4649.890,4650.931,4627.410,4643.377,1239
2026-03-31 23:00:00,4643.377,4644.683,4631.470,4635.263,1573
2026-03-31 23:15:00,4635.263,4643.798,4627.358,4641.838,1322
2026-03-31 23:30:00,4641.838,4645.290,4638.768,4641.371,1162
2026-03-31 23:45:00,4641.371,4645.379,4623.533,4624.000,1572
2026-04-01 00:00:00,4593.500,4606.679,4593.090,4602.085,1580
2026-04-01 00:15:00,4602.085,4610.083,4591.753,4591.905,1223
2026-04-01 00:30:00,4591.905,4607.937,4591.574,4600.484,1456
2026-04-01 00:45:00,4600.484,4607.312,4599.025,4605.318,1269
2026-04-01 01:00:00,4605.318,4614.551,4597.989,4612.767,1733
2026-04-01 01:15:00,4612.767,4614.203,4599.455,4600.276,1832
2026-04-01 01:30:00,4600.276,4615.703,4598.257,4602.542,1722
2026-04-01 01:45:00,4602.542,4617.916,4599.524,4607.699,1781
2026-04-01 02:00:00,4607.699,4617.607,4592.537,4614.159,1614
2026-04-01 02:15:00,4614.159,4616.440,4603.124,4606.118,1493
2026-04-01 02:30:00,4606.118,4607.725,4597.699,4602.504,1694
2026-04-01 02:45:00,4602.504,4613.605,4600.880,4613.223,1468
2026-04-01 03:00:00,4613.223,4626.475,4612.621,4616.570,1635
2026-04-01 03:15:00,4616.570,4617.198,4582.500,4582.500,1324
2026-04-01 03:30:00,4582.500,4623.675,4582.500,4609.561,1194
2026-04-01 03:45:00,4609.561,4617.130,4592.453,4592.864,1959
2026-04-01 04:00:00,4592.864,4636.757,4592.816,4606.391,1573
2026-04-01 04:15:00,4606.391,4631.043,4605.836,4630.919,1832
2026-04-01 04:30:00,4630.919,4632.409,4593.375,4606.297,1997
2026-04-01 04:45:00,4606.297,4637.766,4586.791,4635.644,1533
2026-04-01 05:00:00,4635.644,4636.773,4590.005,4595.147,1567
2026-04-01 05:15:00,4595.147,4621.067,4594.800,4611.387,1253
2026-04-01 05:30:00,4611.387,4633.970,4595.533,4631.957,1059
2026-04-01 05:45:00,4631.957,4633.413,4586.076,4598.879,1224
2026-04-01 06:00:00,4598.879,4635.843,4596.038,4634.106,1757
2026-04-01 06:15:00,4634.106,4636.808,4582.500,4582.500,1251
2026-04-01 06:30:00,4582.500,4647.283,4582.500,4644.388,1530
2026-04-01 06:45:00,4644.388,4646.613,4588.385,4589.299,1471
2026-04-01 07:00:00,4589.299,4635.613,4589.156,4631.084,1276
2026-04-01 07:15:00,4631.084,4662.449,4610.771,4657.941,1812
2026-04-01 07:30:00,4657.941,4659.753,4606.045,4608.940,1565
2026-04-01 07:45:00,4608.940,4628.645,4593.154,4628.629,816
2026-04-01 08:00:00,4628.629,4634.440,4608.349,4609.294,1643
2026-04-01 08:15:00,4609.294,4640.363,4608.928,4611.764,1476
2026-04-01 08:30:00,4611.764,4639.191,4604.996,4606.941,1651
2026-04-01 08:45:00,4606.941,4664.846,4599.107,4664.462,1312
2026-04-01 09:00:00,4664.462,4665.095,4603.970,4605.486,825
2026-04-01 09:15:00,4605.486,4654.238,4602.530,4627.360,2137
2026-04-01 09:30:00,4627.360,4632.744,4600.760,4619.275,1545
2026-04-01 09:45:00,4619.275,4626.050,4604.488,4609.784,1558
2026-04-01 10:00:00,4609.784,4623.317,4606.017,4621.975,1687
2026-04-01 10:15:00,4621.975,4652.472,4610.557,4631.693,1392
2026-04-01 10:30:00,4631.693,4637.907,4589.119,4590.379,1235
2026-04-01 10:45:00,4590.379,4638.781,4586.260,4631.495,1454
2026-04-01 11:00:00,4631.495,4636.096,4584.475,4617.775,1906
2026-04-01 11:15:00,4617.775,4635.868,4610.044,4633.242,1278
2026-04-01 11:30:00,4633.242,4663.080,4615.008,4616.599,1348
2026-04-01 11:45:00,4616.599,4641.476,4616.377,4640.791,1568
2026-04-01 12:00:00,4640.791,4640.897,4603.264,4624.460,1522
2026-04-01 12:15:00,4624.460,4641.764,4599.762,4631.371,1684
2026-04-01 12:30:00,4631.371,4640.018,4620.481,4639.082,1322
2026-04-01 12:45:00,4639.082,4662.177,4608.649,4609.379,1379
2026-04-01 13:00:00,4609.379,4679.683,4606.691,4635.653,1861
2026-04-01 13:15:00,4635.653,4638.767,4623.492,4635.974,1728
2026-04-01 13:30:00,4635.974,4656.510,4618.373,4619.174,1396
2026-04-01 13:45:00,4619.174,4672.771,4618.723,4669.765,1409
2026-04-01 14:00:00,4669.765,4671.478,4608.651,4653.925,1320
2026-04-01 14:15:00,4653.925,4657.963,4613.484,4653.552,1477
2026-04-01 14:30:00,4653.552,4661.890,4627.022,4659.856,1558
2026-04-01 14:45:00,4659.856,4661.401,4622.950,4640.817,1562
2026-04-01 15:00:00,4640.817,4642.786,4591.686,4634.519,1558
2026-04-01 15:15:00,4634.519,4639.301,4616.689,4637.923,1218
2026-04-01 15:30:00,4637.923,4651.663,4629.889,4638.576,1892
2026-04-01 15:45:00,4638.576,4650.246,4626.326,4639.033,1893
2026-04-01 16:00:00,4639.033,4682.500,4625.500,4626.938,2012
2026-04-01 16:15:00,4626.938,4629.741,4602.082,4603.895,1626
2026-04-01 16:30:00,4603.895,4650.524,4603.869,4624.414,1573
2026-04-01 16:45:00,4624.414,4649.356,4620.324,4642.860,1538
2026-04-01 17:00:00,4642.860,4657.966,4631.290,4656.889,1337
2026-04-01 17:15:00,4656.889,4659.773,4640.278,4643.006,1499
2026-04-01 17:30:00,4643.006,4647.997,4609.435,4614.470,1399
2026-04-01 17:45:00,4614.470,4657.579,4611.534,4657.257,1947
2026-04-01 18:00:00,4657.257,4665.847,4635.471,4664.504,1469
2026-04-01 18:15:00,4664.504,4666.359,4639.157,4646.063,1260
2026-04-01 18:30:00,4646.063,4660.676,4630.325,4631.137,1657
2026-04-01 18:45:00,4631.137,4640.844,4622.801,4631.612,1611
2026-04-01 19:00:00,4631.612,4645.236,4630.785,4636.293,1489
2026-04-01 19:15:00,4636.293,4666.884,4630.644,4631.731,1767
2026-04-01 19:30:00,4631.731,4648.035,4629.735,4646.508,1421
2026-04-01 19:45:00,4646.508,4650.185,4635.803,4649.387,1627
2026-04-01 20:00:00,4649.387,4682.500,4635.280,4682.500,1567
2026-04-01 20:15:00,4682.500,4682.500,4646.437,4648.135,1578
2026-04-01 20:30:00,4648.135,4658.855,4646.701,4653.197,1626
2026-04-01 20:45:00,4653.197,4656.166,4626.569,4628.282,1630
2026-04-01 21:00:00,4628.282,4671.022,4626.800,4643.003,1571
2026-04-01 21:15:00,4643.003,4663.743,4640.235,4645.756,1358
2026-04-01 21:30:00,4645.756,4646.438,4634.539,4645.284,1478
2026-04-01 21:45:00,4645.284,4653.199,4638.768,4640.773,1341
2026-04-01 22:00:00,4640.773,4666.112,4640.697,4664.242,1504
2026-04-01 22:15:00,4664.242,4668.761,4646.174,4646.921,1454
2026-04-01 22:30:00,4646.921,4650.187,4642.909,4646.013,1706
2026-04-01 22:45:00,4646.013,4655.988,4645.051,4647.503,1232
2026-04-01 23:00:00,4647.503,4653.569,4641.949,4653.481,1363
2026-04-01 23:15:00,4653.481,4656.908,4642.771,4651.531,1710
2026-04-01 23:30:00,4651.531,4657.492,4648.612,4653.537,1316
2026-04-01 23:45:00,4653.537,4657.169,4646.779,4652.000,1728
2026-04-02 00:00:00,4624.000,4633.169,4622.063,4629.478,752
2026-04-02 00:15:00,4629.478,4636.108,4626.312,4634.789,1342
2026-04-02 00:30:00,4634.789,4636.914,4626.632,4629.395,1476
2026-04-02 00:45:00,4629.395,4645.670,4622.089,4642.098,1847
2026-04-02 01:00:00,4642.098,4642.595,4626.258,4634.858,1323
2026-04-02 01:15:00,4634.858,4637.650,4623.223,4634.887,1695
2026-04-02 01:30:00,4634.887,4635.724,4629.333,4633.243,1357
2026-04-02 01:45:00,4633.243,4646.487,4626.312,4645.407,1362
2026-04-02 02:00:00,4645.407,4646.197,4610.832,4632.297,1638
2026-04-02 02:15:00,4632.297,4655.936,4627.109,4628.188,983
2026-04-02 02:30:00,4628.188,4642.832,4613.526,4637.683,1501
2026-04-02 02:45:00,4637.683,4639.489,4622.517,4622.722,1569
2026-04-02 03:00:00,4622.722,4633.606,4610.000,4629.900,1785
2026-04-02 03:15:00,4629.900,4663.249,4628.570,4662.144,1365
2026-04-02 03:30:00,4662.144,4662.479,4624.300,4633.489,1584
2026-04-02 03:45:00,4633.489,4641.216,4631.033,4635.811,1421
2026-04-02 04:00:00,4635.811,4659.878,4624.010,4625.200,1086
2026-04-02 04:15:00,4625.200,4641.848,4623.471,4634.271,1352
2026-04-02 04:30:00,4634.271,4652.101,4633.451,4645.066,1929
2026-04-02 04:45:00,4645.066,4645.662,4629.025,4631.144,1557
2026-04-02 05:00:00,4631.144,4650.296,4622.502,4630.204,1860
2026-04-02 05:15:00,4630.204,4652.899,4630.104,4643.014,1720
2026-04-02 05:30:00,4643.014,4650.890,4622.417,4636.915,1947
2026-04-02 05:45:00,4636.915,4647.909,4626.336,4627.599,1621
2026-04-02 06:00:00,4627.599,4652.247,4625.616,4651.456,1304
2026-04-02 06:15:00,4651.456,4670.480,4625.794,4642.966,1380
2026-04-02 06:30:00,4642.966,4644.110,4626.998,4637.697,1230
2026-04-02 06:45:00,4637.697,4651.192,4615.369,4638.822,1762
2026-04-02 07:00:00,4638.822,4650.300,4635.127,4648.161,1442
2026-04-02 07:15:00,4648.161,4664.106,4644.107,4662.318,1240
2026-04-02 07:30:00,4662.318,4662.974,4610.000,4610.000,1496
2026-04-02 07:45:00,4610.000,4657.389,4610.000,4630.088,1972
2026-04-02 08:00:00,4630.088,4672.702,4629.400,4670.176,1598
2026-04-02 08:15:00,4670.176,4670.822,4632.527,4652.194,1609
2026-04-02 08:30:00,4652.194,4653.408,4630.427,4650.567,2051
2026-04-02 08:45:00,4650.567,4650.745,4638.742,4647.655,1789
2026-04-02 09:00:00,4647.655,4647.774,4628.922,4641.695,1049
2026-04-02 09:15:00,4641.695,4657.414,4640.196,4652.634,1871
2026-04-02 09:30:00,4652.634,4677.397,4649.643,4677.312,1408
2026-04-02 09:45:00,4677.312,4677.745,4628.259,4643.356,1337
2026-04-02 10:00:00,4643.356,4697.648,4628.553,4656.396,1782
2026-04-02 10:15:00,4656.396,4682.741,4629.916,4673.065,1456
2026-04-02 10:30:00,4673.065,4677.874,4620.120,4623.139,1661
2026-04-02 10:45:00,4623.139,4660.845,4620.701,4648.448,1110
2026-04-02 11:00:00,4648.448,4662.379,4626.815,4628.437,1513
2026-04-02 11:15:00,4628.437,4660.373,4626.473,4659.387,1957
2026-04-02 11:30:00,4659.387,4672.892,4621.825,4667.445,1381
2026-04-02 11:45:00,4667.445,4669.059,4646.870,4665.835,1850
2026-04-02 12:00:00,4665.835,4669.005,4640.004,4661.822,1354
2026-04-02 12:15:00,4661.822,4662.299,4637.911,4638.208,1311
2026-04-02 12:30:00,4638.208,4673.411,4637.484,4643.267,1481
2026-04-02 12:45:00,4643.267,4671.593,4637.465,4640.967,1232
2026-04-02 13:00:00,4640.967,4666.967,4631.963,4632.239,1205
2026-04-02 13:15:00,4632.239,4650.772,4617.496,4645.093,1628
2026-04-02 13:30:00,4645.093,4667.363,4643.175,4647.563,1069
2026-04-02 13:45:00,4647.563,4684.421,4634.396,4634.747,1633
2026-04-02 14:00:00,4634.747,4682.833,4634.186,4655.321,1688
2026-04-02 14:15:00,4655.321,4656.506,4630.181,4638.530,1519
2026-04-02 14:30:00,4638.530,4658.946,4638.442,4653.411,1686
2026-04-02 14:45:00,4653.411,4685.721,4647.672,4650.410,946
2026-04-02 15:00:00,4650.410,4658.340,4648.926,4655.573,1414
2026-04-02 15:15:00,4655.573,4685.269,4652.941,4672.540,1377
2026-04-02 15:30:00,4672.540,4697.534,4656.916,4657.691,1483
2026-04-02 15:45:00,4657.691,4663.097,4644.503,4662.142,1297
2026-04-02 16:00:00,4662.142,4692.716,4637.138,4653.685,1710
2026-04-02 16:15:00,4653.685,4666.939,4644.835,4645.330,1195
2026-04-02 16:30:00,4645.330,4676.319,4643.072,4658.454,1471
2026-04-02 16:45:00,4658.454,4668.134,4658.307,4662.448,1169
2026-04-02 17:00:00,4662.448,4669.636,4653.501,4668.671,1521
2026-04-02 17:15:00,4668.671,4669.651,4636.353,4638.429,1280
2026-04-02 17:30:00,4638.429,4683.725,4637.370,4641.832,1825
2026-04-02 17:45:00,4641.832,4671.462,4640.119,4660.799,1078
2026-04-02 18:00:00,4660.799,4676.894,4659.734,4662.603,1644
2026-04-02 18:15:00,4662.603,4686.916,4658.828,4660.627,1768
2026-04-02 18:30:00,4660.627,4697.803,4649.841,4651.925,1715
2026-04-02 18:45:00,4651.925,4679.213,4647.635,4668.601,1874
2026-04-02 19:00:00,4668.601,4700.000,4645.964,4700.000,1607
2026-04-02 19:15:00,4700.000,4700.000,4656.159,4669.568,1397
2026-04-02 19:30:00,4669.568,4683.226,4659.386,4663.488,1712
2026-04-02 19:45:00,4663.488,4684.326,4661.712,4682.457,1535
2026-04-02 20:00:00,4682.457,4695.476,4649.565,4650.429,1412
2026-04-02 20:15:00,4650.429,4686.539,4650.162,4664.092,1455
2026-04-02 20:30:00,4664.092,4674.665,4655.445,4656.147,1771
2026-04-02 20:45:00,4656.147,4681.137,4651.785,4664.992,1797
2026-04-02 21:00:00,4664.992,4679.782,4663.927,4677.667,1352
2026-04-02 21:15:00,4677.667,4678.632,4652.843,4668.603,1305
2026-04-02 21:30:00,4668.603,4685.068,4655.204,4657.315,1304
2026-04-02 21:45:00,4657.315,4681.969,4656.749,4669.407,2054
2026-04-02 22:00:00,4669.407,4689.844,4664.449,4667.546,1570
2026-04-02 22:15:00,4667.546,4681.584,4666.039,4670.571,1315
2026-04-02 22:30:00,4670.571,4684.177,4670.354,4680.883,1448
2026-04-02 22:45:00,4680.883,4684.289,4655.656,4683.230,1882
2026-04-02 23:00:00,4683.230,4683.988,4666.542,4673.589,1720
2026-04-02 23:15:00,4673.589,4681.332,4670.260,4678.462,1503
2026-04-02 23:30:00,4678.462,4689.534,4673.571,4676.565,1360
2026-04-02 23:45:00,4676.565,4700.000,4674.762,4680.000,1833
2026-04-03 00:00:00,4652.000,4661.571,4650.986,4654.461,1823
2026-04-03 00:15:00,4654.461,4660.338,4649.205,4651.237,1233
2026-04-03 00:30:00,4651.237,4658.328,4650.495,4657.579,2048
2026-04-03 00:45:00,4657.579,4660.873,4650.643,4659.921,2078
2026-04-03 01:00:00,4659.921,4663.652,4656.238,4658.659,1500
2026-04-03 01:15:00,4658.659,4662.257,4653.278,4654.905,1458
2026-04-03 01:30:00,4654.905,4663.320,4647.142,4647.682,1436
2026-04-03 01:45:00,4647.682,4665.594,4646.444,4653.748,1152
2026-04-03 02:00:00,4653.748,4663.547,4647.246,4653.503,1561
2026-04-03 02:15:00,4653.503,4671.087,4652.469,4661.179,1309
2026-04-03 02:30:00,4661.179,4673.015,4651.264,4660.564,1667
2026-04-03 02:45:00,4660.564,4661.476,4641.864,4649.657,1572
2026-04-03 03:00:00,4649.657,4671.790,4649.166,4658.026,1284
2026-04-03 03:15:00,4658.026,4679.186,4635.000,4635.000,2177
2026-04-03 03:30:00,4635.000,4670.414,4635.000,4668.911,1572
2026-04-03 03:45:00,4668.911,4672.654,4656.367,4670.984,1123
2026-04-03 04:00:00,4670.984,4689.156,4654.724,4671.094,1641
2026-04-03 04:15:00,4671.094,4672.057,4642.652,4654.823,1370
2026-04-03 04:30:00,4654.823,4683.355,4639.588,4640.977,1154
2026-04-03 04:45:00,4640.977,4671.874,4635.000,4659.051,1909
2026-04-03 05:00:00,4659.051,4677.850,4657.189,4676.642,1528
2026-04-03 05:15:00,4676.642,4676.826,4653.455,4665.282,1397
2026-04-03 05:30:00,4665.282,4683.086,4662.038,4668.743,918
2026-04-03 05:45:00,4668.743,4669.586,4643.648,4646.852,1282
2026-04-03 06:00:00,4646.852,4679.654,4645.639,4670.246,1564
2026-04-03 06:15:00,4670.246,4675.836,4648.385,4674.275,1432
2026-04-03 06:30:00,4674.275,4678.626,4666.537,4667.470,1174
2026-04-03 06:45:00,4667.470,4676.812,4655.880,4675.746,1547
2026-04-03 07:00:00,4675.746,4675.906,4652.828,4673.114,1712
2026-04-03 07:15:00,4673.114,4683.388,4667.199,4675.607,1783
2026-04-03 07:30:00,4675.607,4683.763,4657.768,4669.367,1794
2026-04-03 07:45:00,4669.367,4675.051,4660.771,4672.035,1514
2026-04-03 08:00:00,4672.035,4689.023,4642.634,4687.001,1328
2026-04-03 08:15:00,4687.001,4687.266,4656.046,4660.028,1970
2026-04-03 08:30:00,4660.028,4688.735,4658.587,4674.586,1415
2026-04-03 08:45:00,4674.586,4679.961,4669.033,4670.258,1711
2026-04-03 09:00:00,4670.258,4685.703,4652.598,4654.185,1603
2026-04-03 09:15:00,4654.185,4677.485,4654.148,4672.159,1714
2026-04-03 09:30:00,4672.159,4697.442,4652.581,4654.955,1454
2026-04-03 09:45:00,4654.955,4672.487,4653.783,4664.211,1172
2026-04-03 10:00:00,4664.211,4688.421,4657.485,4687.695,1089
2026-04-03 10:15:00,4687.695,4687.810,4660.513,4662.404,1847
2026-04-03 10:30:00,4662.404,4683.703,4662.124,4667.540,1718
2026-04-03 10:45:00,4667.540,4679.197,4666.229,4670.388,1685
2026-04-03 11:00:00,4670.388,4676.784,4667.891,4672.944,1311
2026-04-03 11:15:00,4672.944,4673.862,4648.602,4650.138,1784
2026-04-03 11:30:00,4650.138,4677.554,4648.057,4666.610,1336
2026-04-03 11:45:00,4666.610,4694.038,4662.409,4685.208,1579
2026-04-03 12:00:00,4685.208,4687.708,4651.863,4660.230,1597
2026-04-03 12:15:00,4660.230,4674.249,4655.579,4663.689,1418
2026-04-03 12:30:00,4663.689,4677.829,4653.908,4656.627,1676
2026-04-03 12:45:00,4656.627,4675.985,4656.549,4674.827,1189
2026-04-03 13:00:00,4674.827,4684.573,4653.097,4666.806,1607
2026-04-03 13:15:00,4666.806,4682.884,4656.320,4680.661,1878
2026-04-03 13:30:00,4680.661,4689.902,4663.577,4665.855,1735
2026-04-03 13:45:00,4665.855,4671.078,4640.606,4640.775,1512
2026-04-03 14:00:00,4640.775,4671.324,4639.532,4668.164,2050
2026-04-03 14:15:00,4668.164,4681.411,4667.854,4679.319,1592
2026-04-03 14:30:00,4679.319,4682.529,4656.074,4681.367,1529
2026-04-03 14:45:00,4681.367,4684.105,4665.657,4680.050,1576
2026-04-03 15:00:00,4680.050,4680.161,4663.223,4675.486,1769
2026-04-03 15:15:00,4675.486,4696.336,4666.988,4675.528,1819
2026-04-03 15:30:00,4675.528,4699.362,4660.340,4679.647,1596
2026-04-03 15:45:00,4679.647,4695.103,4671.533,4679.450,1812
2026-04-03 16:00:00,4679.450,4680.350,4650.918,4651.153,1483
2026-04-03 16:15:00,4651.153,4692.250,4647.940,4674.464,1559
2026-04-03 16:30:00,4674.464,4684.121,4673.335,4683.820,1820
2026-04-03 16:45:00,4683.820,4684.392,4668.198,4682.901,1398
2026-04-03 17:00:00,4682.901,4685.250,4652.230,4669.446,1650
2026-04-03 17:15:00,4669.446,4693.152,4662.512,4667.840,1858
2026-04-03 17:30:00,4667.840,4688.258,4664.367,4686.825,1377
2026-04-03 17:45:00,4686.825,4687.703,4668.852,4673.927,1725
2026-04-03 18:00:00,4673.927,4693.332,4656.708,4658.230,1524
2026-04-03 18:15:00,4658.230,4710.000,4655.851,4690.778,968
2026-04-03 18:30:00,4690.778,4710.000,4662.900,4685.651,1389
2026-04-03 18:45:00,4685.651,4695.020,4670.106,4671.410,1668
2026-04-03 19:00:00,4671.410,4685.515,4670.330,4684.798,1765
2026-04-03 19:15:00,4684.798,4685.772,4676.113,4676.743,1313
2026-04-03 19:30:00,4676.743,4685.611,4676.048,4680.597,1423
2026-04-03 19:45:00,4680.597,4682.348,4667.628,4668.169,1512
2026-04-03 20:00:00,4668.169,4694.249,4665.779,4689.906,1547
2026-04-03 20:15:00,4689.906,4690.214,4670.037,4681.037,1864
2026-04-03 20:30:00,4681.037,4695.937,4673.653,4695.882,1761
2026-04-03 20:45:00,4695.882,4697.652,4681.032,4684.598,1405
2026-04-03 21:00:00,4684.598,4685.427,4664.085,4664.492,1160
2026-04-03 21:15:00,4664.492,4691.734,4664.459,4691.362,1480
2026-04-03 21:30:00,4691.362,4692.572,4678.345,4683.790,1329
2026-04-03 21:45:00,4683.790,4684.218,4675.063,4677.048,1460
2026-04-03 22:00:00,4677.048,4689.608,4676.994,4688.579,1490
2026-04-03 22:15:00,4688.579,4689.376,4672.964,4688.999,1300
2026-04-03 22:30:00,4688.999,4690.414,4683.512,4687.101,1781
2026-04-03 22:45:00,4687.101,4692.283,4674.889,4691.637,1762
2026-04-03 23:00:00,4691.637,4691.943,4675.827,4676.894,1348
2026-04-03 23:15:00,4676.894,4684.985,4675.176,4682.452,1422
2026-04-03 23:30:00,4682.452,4689.631,4679.730,4681.021,2044
2026-04-03 23:45:00,4681.021,4690.627,4679.153,4690.000,1360
2026-04-06 00:00:00,4693.333,4700.668,4688.864,4690.382,1505
2026-04-06 00:15:00,4690.382,4704.190,4684.727,4696.056,1086
2026-04-06 00:30:00,4696.056,4701.831,4690.340,4691.778,1538
2026-04-06 00:45:00,4691.778,4701.568,4686.986,4699.887,1731
2026-04-06 01:00:00,4699.887,4711.319,4680.000,4690.439,1321
2026-04-06 01:15:00,4690.439,4701.141,4689.414,4696.986,1761
2026-04-06 01:30:00,4696.986,4717.606,4691.984,4696.839,1394
2026-04-06 01:45:00,4696.839,4706.035,4683.634,4703.313,1940
2026-04-06 02:00:00,4703.313,4703.436,4680.809,4700.351,1237
2026-04-06 02:15:00,4700.351,4707.037,4688.899,4693.118,1110
2026-04-06 02:30:00,4693.118,4707.963,4683.340,4701.616,1310
2026-04-06 02:45:00,4701.616,4713.918,4686.467,4710.779,1177
2026-04-06 03:00:00,4710.779,4713.810,4690.153,4695.162,1518
2026-04-06 03:15:00,4695.162,4714.988,4692.754,4714.457,1695
2026-04-06 03:30:00,4714.457,4715.878,4686.832,4689.265,1884
2026-04-06 03:45:00,4689.265,4717.080,4689.075,4690.525,1208
2026-04-06 04:00:00,4690.525,4718.214,4680.000,4680.000,1698
2026-04-06 04:15:00,4680.000,4714.658,4680.000,4680.000,1490
2026-04-06 04:30:00,4680.000,4698.502,4680.000,4693.917,1297
2026-04-06 04:45:00,4693.917,4723.028,4692.732,4713.945,1105
2026-04-06 05:00:00,4713.945,4727.542,4696.807,4724.920,790
2026-04-06 05:15:00,4724.920,4727.145,4701.854,4705.685,1299
2026-04-06 05:30:00,4705.685,4720.751,4694.990,4707.549,1745
2026-04-06 05:45:00,4707.549,4731.923,4683.446,4703.725,1675
2026-04-06 06:00:00,4703.725,4719.774,4688.725,4691.826,1139
2026-04-06 06:15:00,4691.826,4727.574,4690.046,4715.856,1424
2026-04-06 06:30:00,4715.856,4718.274,4696.987,4708.672,1549
2026-04-06 06:45:00,4708.672,4730.593,4694.369,4718.919,1369
2026-04-06 07:00:00,4718.919,4733.342,4712.729,4731.650,1462
2026-04-06 07:15:00,4731.650,4746.061,4713.952,4715.166,1487
2026-04-06 07:30:00,4715.166,4737.253,4711.745,4726.551,1670
2026-04-06 07:45:00,4726.551,4728.494,4718.365,4721.732,1525
2026-04-06 08:00:00,4721.732,4734.020,4688.881,4703.414,1750
2026-04-06 08:15:00,4703.414,4715.966,4702.293,4712.420,1222
2026-04-06 08:30:00,4712.420,4741.894,4704.875,4710.531,1197
2026-04-06 08:45:00,4710.531,4742.670,4690.608,4698.209,1368
2026-04-06 09:00:00,4698.209,4733.075,4697.945,4703.597,923
2026-04-06 09:15:00,4703.597,4748.674,4692.703,4717.085,1622
2026-04-06 09:30:00,4717.085,4745.818,4716.786,4732.978,1630
2026-04-06 09:45:00,4732.978,4743.009,4700.105,4701.752,1047
2026-04-06 10:00:00,4701.752,4732.931,4700.250,4731.052,1114
2026-04-06 10:15:00,4731.052,4739.395,4706.716,4712.200,1701
2026-04-06 10:30:00,4712.200,4745.063,4708.962,4709.653,1468
2026-04-06 10:45:00,4709.653,4756.906,4695.570,4749.872,1480
2026-04-06 11:00:00,4749.872,4751.312,4726.029,4733.379,1980
2026-04-06 11:15:00,4733.379,4733.794,4684.827,4722.132,1566
2026-04-06 11:30:00,4722.132,4750.295,4720.674,4748.762,1185
2026-04-06 11:45:00,4748.762,4757.626,4727.401,4729.092,1326
2026-04-06 12:00:00,4729.092,4739.776,4707.391,4721.552,1935
2026-04-06 12:15:00,4721.552,4752.643,4701.131,4716.438,1065
2026-04-06 12:30:00,4716.438,4758.533,4714.704,4740.207,1308
2026-04-06 12:45:00,4740.207,4757.267,4727.863,4757.153,1014
2026-04-06 13:00:00,4757.153,4760.039,4731.126,4733.447,1407
2026-04-06 13:15:00,4733.447,4741.000,4722.731,4734.943,1630
2026-04-06 13:30:00,4734.943,4738.915,4692.932,4717.295,1355
2026-04-06 13:45:00,4717.295,4725.805,4706.794,4716.919,1256
2026-04-06 14:00:00,4716.919,4750.332,4715.530,4748.613,885
2026-04-06 14:15:00,4748.613,4754.037,4730.070,4734.071,1335
2026-04-06 14:30:00,4734.071,4758.714,4722.183,4754.905,1486
2026-04-06 14:45:00,4754.905,4756.675,4734.274,4734.358,1489
2026-04-06 15:00:00,4734.358,4736.193,4709.362,4711.103,1567
2026-04-06 15:15:00,4711.103,4753.228,4710.625,4729.309,1773
2026-04-06 15:30:00,4729.309,4778.082,4705.124,4777.639,2021
2026-04-06 15:45:00,4777.639,4777.984,4714.839,4716.948,1598
2026-04-06 16:00:00,4716.948,4742.732,4715.868,4738.347,1626
2026-04-06 16:15:00,4738.347,4741.511,4725.496,4726.133,1219
2026-04-06 16:30:00,4726.133,4771.605,4724.155,4754.526,1150
2026-04-06 16:45:00,4754.526,4760.056,4715.050,4730.586,1312
2026-04-06 17:00:00,4730.586,4752.003,4730.407,4741.568,1594
2026-04-06 17:15:00,4741.568,4747.161,4726.260,4727.409,1683
2026-04-06 17:30:00,4727.409,4740.919,4724.886,4738.429,1386
2026-04-06 17:45:00,4738.429,4755.546,4738.409,4739.363,1359
2026-04-06 18:00:00,4739.363,4756.310,4735.823,4739.009,1548
2026-04-06 18:15:00,4739.009,4752.318,4737.518,4738.773,1755
2026-04-06 18:30:00,4738.773,4758.517,4724.879,4758.073,1317
2026-04-06 18:45:00,4758.073,4770.528,4718.256,4735.459,1351
2026-04-06 19:00:00,4735.459,4738.876,4714.494,4715.538,1307
2026-04-06 19:15:00,4715.538,4751.044,4713.354,4725.682,1661
2026-04-06 19:30:00,4725.682,4748.930,4723.640,4747.457,1709
2026-04-06 19:45:00,4747.457,4755.811,4745.431,4746.493,1561
2026-04-06 20:00:00,4746.493,4761.035,4745.893,4748.616,1422
2026-04-06 20:15:00,4748.616,4757.260,4715.529,4743.399,1201
2026-04-06 20:30:00,4743.399,4767.572,4742.140,4754.865,1422
2026-04-06 20:45:00,4754.865,4783.333,4752.396,4754.783,1602
2026-04-06 21:00:00,4754.783,4756.382,4743.615,4745.224,2113
2026-04-06 21:15:00,4745.224,4748.149,4737.798,4746.245,1590
2026-04-06 21:30:00,4746.245,4755.302,4742.987,4747.557,1417
2026-04-06 21:45:00,4747.557,4777.128,4736.040,4737.437,1472
2026-04-06 22:00:00,4737.437,4783.333,4736.510,4783.333,940
2026-04-06 22:15:00,4783.333,4783.333,4749.520,4750.643,1417
2026-04-06 22:30:00,4750.643,4761.819,4742.797,4761.008,1196
2026-04-06 22:45:00,4761.008,4766.229,4746.196,4758.589,1615
2026-04-06 23:00:00,4758.589,4762.396,4747.818,4748.635,1504
2026-04-06 23:15:00,4748.635,4765.423,4739.865,4761.994,1505
2026-04-06 23:30:00,4761.994,4762.047,4753.610,4754.040,1289
2026-04-06 23:45:00,4754.040,4774.349,4752.467,4773.333,1590
2026-04-07 00:00:00,4700.000,4714.297,4699.379,4710.862,1528
2026-04-07 00:15:00,4710.862,4717.498,4707.046,4710.667,1186
2026-04-07 00:30:00,4710.667,4727.443,4705.762,4706.843,1250
2026-04-07 00:45:00,4706.843,4725.513,4697.065,4723.673,1489
2026-04-07 01:00:00,4723.673,4727.611,4701.030,4718.400,1796
2026-04-07 01:15:00,4718.400,4718.931,4690.000,4690.000,1519
2026-04-07 01:30:00,4690.000,4731.681,4690.000,4720.608,1127
2026-04-07 01:45:00,4720.608,4726.470,4695.798,4722.578,1799
2026-04-07 02:00:00,4722.578,4725.043,4710.759,4718.406,1806
2026-04-07 02:15:00,4718.406,4729.068,4701.120,4724.960,1584
2026-04-07 02:30:00,4724.960,4740.035,4704.062,4719.997,1849
2026-04-07 02:45:00,4719.997,4724.074,4701.081,4712.507,1306
2026-04-07 03:00:00,4712.507,4734.947,4711.389,4724.371,1705
2026-04-07 03:15:00,4724.371,4732.646,4707.703,4730.340,1886
2026-04-07 03:30:00,4730.340,4742.172,4705.230,4723.952,1540
2026-04-07 03:45:00,4723.952,4724.074,4701.040,4719.035,1896
2026-04-07 04:00:00,4719.035,4735.407,4708.652,4710.335,1437
2026-04-07 04:15:00,4710.335,4739.332,4690.000,4726.171,1430
2026-04-07 04:30:00,4726.171,4745.508,4712.034,4742.848,1234
2026-04-07 04:45:00,4742.848,4747.787,4728.998,4745.772,1798
2026-04-07 05:00:00,4745.772,4751.987,4717.800,4718.571,1487
2026-04-07 05:15:00,4718.571,4741.589,4715.807,4728.411,1204
2026-04-07 05:30:00,4728.411,4746.551,4705.346,4706.582,1452
2026-04-07 05:45:00,4706.582,4750.904,4701.836,4702.994,1462
2026-04-07 06:00:00,4702.994,4780.632,4702.878,4740.653,1125
2026-04-07 06:15:00,4740.653,4740.873,4710.403,4720.528,1633
2026-04-07 06:30:00,4720.528,4769.810,4711.575,4768.512,1528
2026-04-07 06:45:00,4768.512,4769.364,4701.494,4716.331,1497
2026-04-07 07:00:00,4716.331,4738.306,4713.904,4727.199,1505
2026-04-07 07:15:00,4727.199,4771.556,4723.773,4748.026,1419
2026-04-07 07:30:00,4748.026,4748.057,4728.856,4729.643,1788
2026-04-07 07:45:00,4729.643,4737.677,4723.704,4737.023,1547
2026-04-07 08:00:00,4737.023,4778.602,4724.238,4743.826,1417
2026-04-07 08:15:00,4743.826,4753.064,4710.812,4713.037,1529
2026-04-07 08:30:00,4713.037,4737.508,4711.410,4735.306,1732
2026-04-07 08:45:00,4735.306,4748.553,4729.702,4731.583,1385
2026-04-07 09:00:00,4731.583,4787.786,4730.420,4732.850,1174
2026-04-07 09:15:00,4732.850,4757.746,4729.704,4737.385,1465
2026-04-07 09:30:00,4737.385,4760.725,4733.537,4735.379,1389
2026-04-07 09:45:00,4735.379,4761.763,4714.637,4723.927,1360
2026-04-07 10:00:00,4723.927,4759.459,4722.234,4758.781,1073
2026-04-07 10:15:00,4758.781,4767.418,4729.030,4729.753,2026
2026-04-07 10:30:00,4729.753,4788.344,4729.553,4758.056,1477
2026-04-07 10:45:00,4758.056,4759.625,4715.619,4749.879,1222
2026-04-07 11:00:00,4749.879,4754.016,4726.765,4751.887,1328
2026-04-07 11:15:00,4751.887,4759.112,4713.449,4731.833,1786
2026-04-07 11:30:00,4731.833,4763.034,4730.109,4757.924,1269
2026-04-07 11:45:00,4757.924,4774.649,4731.960,4732.056,1240
2026-04-07 12:00:00,4732.056,4782.171,4724.474,4772.887,1102
2026-04-07 12:15:00,4772.887,4773.624,4704.631,4734.486,1759
2026-04-07 12:30:00,4734.486,4769.670,4732.910,4745.884,1576
2026-04-07 12:45:00,4745.884,4750.242,4729.969,4730.064,1410
2026-04-07 13:00:00,4730.064,4781.160,4725.677,4779.782,1271
2026-04-07 13:15:00,4779.782,4780.360,4746.591,4747.871,1576
2026-04-07 13:30:00,4747.871,4758.574,4701.013,4757.424,1120
2026-04-07 13:45:00,4757.424,4758.056,4709.930,4712.546,1475
2026-04-07 14:00:00,4712.546,4744.656,4711.006,4744.116,1731
2026-04-07 14:15:00,4744.116,4759.984,4702.276,4755.945,1401
2026-04-07 14:30:00,4755.945,4774.802,4746.987,4772.532,1146
2026-04-07 14:45:00,4772.532,4791.606,4730.957,4737.733,1304
2026-04-07 15:00:00,4737.733,4774.821,4733.204,4739.164,1559
2026-04-07 15:15:00,4739.164,4792.921,4737.908,4756.598,1114
2026-04-07 15:30:00,4756.598,4790.215,4744.129,4744.816,1565
2026-04-07 15:45:00,4744.816,4777.916,4735.792,4737.871,1267
2026-04-07 16:00:00,4737.871,4774.547,4736.192,4774.484,1568
2026-04-07 16:15:00,4774.484,4777.420,4738.589,4763.732,1320
2026-04-07 16:30:00,4763.732,4774.434,4748.302,4750.454,1590
2026-04-07 16:45:00,4750.454,4773.935,4749.729,4757.225,1184
2026-04-07 17:00:00,4757.225,4810.581,4745.517,4774.399,1871
2026-04-07 17:15:00,4774.399,4778.614,4757.631,4771.073,1297
2026-04-07 17:30:00,4771.073,4774.715,4754.918,4759.308,1295
2026-04-07 17:45:00,4759.308,4790.538,4757.717,4789.838,1381
2026-04-07 18:00:00,4789.838,4796.154,4758.311,4758.372,1511
2026-04-07 18:15:00,4758.372,4815.000,4757.152,4768.965,1095
2026-04-07 18:30:00,4768.965,4770.713,4743.022,4755.167,1425
2026-04-07 18:45:00,4755.167,4802.014,4754.341,4767.393,1513
2026-04-07 19:00:00,4767.393,4782.154,4766.153,4781.729,1894
2026-04-07 19:15:00,4781.729,4789.020,4763.154,4764.209,1583
2026-04-07 19:30:00,4764.209,4796.776,4760.963,4779.693,1439
2026-04-07 19:45:00,4779.693,4790.557,4763.580,4790.514,1595
2026-04-07 20:00:00,4790.514,4793.921,4764.124,4776.275,1736
2026-04-07 20:15:00,4776.275,4776.368,4764.955,4770.806,1545
2026-04-07 20:30:00,4770.806,4815.000,4766.522,4766.854,1943
2026-04-07 20:45:00,4766.854,4793.678,4757.239,4780.754,1517
2026-04-07 21:00:00,4780.754,4793.148,4762.280,4765.614,1354
2026-04-07 21:15:00,4765.614,4789.207,4763.962,4780.604,1144
2026-04-07 21:30:00,4780.604,4806.857,4773.048,4775.845,1360
2026-04-07 21:45:00,4775.845,4793.105,4771.942,4791.854,1900
2026-04-07 22:00:00,4791.854,4795.780,4767.124,4771.919,1058
2026-04-07 22:15:00,4771.919,4782.403,4765.500,4777.789,1283
2026-04-07 22:30:00,4777.789,4783.491,4766.583,4780.199,1398
2026-04-07 22:45:00,4780.199,4792.175,4771.923,4785.612,1372
2026-04-07 23:00:00,4785.612,4790.794,4770.150,4790.435,1095
2026-04-07 23:15:00,4790.435,4794.466,4775.563,4777.023,1852
2026-04-07 23:30:00,4777.023,4796.125,4772.458,4789.805,1358
2026-04-07 23:45:00,4789.805,4810.491,4784.199,4810.000,2116
2026-04-08 00:45:00,4813.535,4826.805,4808.615,4817.335,15
2026-04-08 01:00:00,4817.375,4824.958,4805.898,4819.775,15
2026-04-08 01:15:00,4819.775,4821.925,4791.875,4793.605,15
2026-04-08 01:30:00,4793.635,4804.205,4787.965,4799.845,15
2026-04-08 01:45:00,4799.865,4814.035,4798.165,4809.905,15
2026-04-08 02:00:00,4809.808,4825.165,4809.808,4813.578,15
2026-04-08 02:15:00,4813.645,4813.645,4807.508,4811.425,15
2026-04-08 02:30:00,4811.405,4820.575,4805.905,4806.575,15
2026-04-08 02:45:00,4806.425,4808.925,4798.455,4803.695,15
2026-04-08 03:00:00,4803.675,4805.625,4797.715,4798.615,15
2026-04-08 03:15:00,4798.575,4805.005,4796.145,4802.775,15
2026-04-08 03:30:00,4802.685,4804.705,4794.725,4799.985,15
2026-04-08 03:45:00,4799.965,4804.335,4796.115,4797.215,15
2026-04-08 04:00:00,4797.295,4801.005,4793.355,4797.125,15
2026-04-08 04:15:00,4797.105,4803.996,4789.985,4802.035,15
2026-04-08 04:30:00,4802.185,4806.475,4800.575,4802.555,15
2026-04-08 04:45:00,4802.795,4803.765,4797.625,4803.345,15
2026-04-08 05:00:00,4803.305,4810.375,4800.135,4809.205,15
2026-04-08 05:15:00,4809.235,4816.365,4806.425,4815.525,15
2026-04-08 05:30:00,4815.495,4824.965,4813.575,4822.165,15
2026-04-08 05:45:00,4822.135,4843.505,4820.595,4827.275,15
2026-04-08 06:00:00,4827.235,4834.835,4820.815,4826.235,15
2026-04-08 06:15:00,4826.245,4836.355,4824.295,4836.145,15
2026-04-08 06:30:00,4836.205,4839.575,4828.925,4835.475,15
2026-04-08 06:45:00,4835.455,4839.325,4819.645,4819.695,15
2026-04-08 07:00:00,4819.675,4820.595,4807.145,4812.225,15
2026-04-08 07:15:00,4812.175,4821.105,4809.145,4818.395,15
2026-04-08 07:30:00,4818.335,4818.495,4804.925,4808.845,15
2026-04-08 07:45:00,4808.835,4820.245,4808.195,4813.045,15
2026-04-08 08:00:00,4813.355,4819.255,4807.855,4814.938,15
2026-04-08 08:15:00,4815.205,4819.555,4798.235,4808.325,15
2026-04-08 08:30:00,4808.295,4808.375,4790.145,4793.255,15
2026-04-08 08:45:00,4793.235,4803.245,4790.485,4793.585,15
2026-04-08 09:00:00,4793.615,4800.825,4792.898,4800.295,15
2026-04-08 09:15:00,4800.255,4806.405,4794.758,4798.005,15
2026-04-08 09:30:00,4797.985,4803.328,4776.355,4782.185,15
2026-04-08 09:45:00,4782.215,4788.435,4775.728,4782.798,15
2026-04-08 10:00:00,4782.838,4789.965,4781.375,4782.398,15
2026-04-08 10:15:00,4782.115,4782.978,4770.885,4782.218,15
2026-04-08 10:30:00,4782.218,4791.885,4779.575,4791.315,15
2026-04-08 10:45:00,4791.175,4795.805,4782.098,4782.298,15
2026-04-08 11:00:00,4782.298,4790.565,4779.425,4786.898,15
2026-04-08 11:15:00,4786.898,4796.815,4782.598,4789.418,15
2026-04-08 11:30:00,4789.625,4792.235,4777.865,4789.955,15
2026-04-08 11:45:00,4790.005,4802.655,4789.165,4798.138,15
2026-04-08 12:00:00,4798.085,4807.005,4797.685,4805.005,15
2026-04-08 12:15:00,4805.065,4805.125,4768.128,4783.925,15
2026-04-08 12:30:00,4783.955,4797.905,4783.165,4794.575,15
2026-04-08 12:45:00,4794.585,4802.185,4794.265,4799.325,15
2026-04-08 13:00:00,4799.295,4806.405,4790.518,4792.815,15
2026-04-08 13:15:00,4792.758,4798.975,4788.695,4789.908,15
2026-04-08 13:30:00,4789.918,4794.398,4773.298,4773.938,15
2026-04-08 13:45:00,4773.918,4788.545,4767.945,4777.295,15
2026-04-08 14:00:00,4777.168,4791.565,4776.095,4779.725,15
2026-04-08 14:15:00,4779.785,4785.018,4760.998,4767.375,15
2026-04-08 14:30:00,4767.495,4769.895,4750.665,4759.788,15
2026-04-08 14:45:00,4759.778,4764.748,4731.905,4735.845,15
2026-04-08 15:00:00,4735.905,4749.125,4733.855,4743.325,15
2026-04-08 15:15:00,4743.098,4757.545,4742.545,4750.765,15
2026-04-08 15:30:00,4750.735,4761.525,4750.255,4755.425,15
2026-04-08 15:45:00,4755.565,4762.865,4754.305,4756.205,15
2026-04-08 16:00:00,4756.175,4762.495,4753.565,4753.798,15
2026-04-08 16:15:00,4753.798,4754.815,4745.005,4749.845,15
2026-04-08 16:30:00,4749.875,4759.935,4747.835,4758.265,15
2026-04-08 16:45:00,4758.255,4765.298,4756.215,4760.098,15
2026-04-08 17:00:00,4760.098,4764.115,4755.988,4760.435,15
2026-04-08 17:15:00,4760.465,4762.265,4745.205,4750.658,15
2026-04-08 17:30:00,4750.618,4754.105,4735.818,4740.325,15
2026-04-08 17:45:00,4740.305,4741.375,4731.288,4733.745,15
2026-04-08 18:00:00,4733.525,4744.295,4726.835,4743.475,15
2026-04-08 18:15:00,4743.495,4744.335,4716.935,4722.315,15
2026-04-08 18:30:00,4722.933,4724.835,4707.935,4709.125,15
2026-04-08 18:45:00,4709.095,4716.785,4703.635,4705.105,15
2026-04-08 19:00:00,4704.825,4716.205,4699.235,4715.315,15
2026-04-08 19:15:00,4715.295,4718.385,4707.195,4708.405,15
2026-04-08 19:30:00,4708.335,4724.545,4707.815,4721.645,15
2026-04-08 19:45:00,4721.545,4731.698,4721.375,4730.465,15
2026-04-08 20:00:00,4730.298,4731.975,4726.255,4727.605,15
2026-04-08 20:15:00,4727.605,4729.825,4721.395,4722.805,15
2026-04-08 20:30:00,4722.825,4723.705,4720.765,4722.075,15
2026-04-08 20:45:00,4722.055,4724.195,4715.735,4715.835,15
2026-04-08 22:00:00,4718.098,4732.525,4708.925,4711.888,15
2026-04-08 22:15:00,4711.868,4716.938,4704.075,4713.248,15
2026-04-08 22:30:00,4713.288,4719.145,4705.355,4712.435,15
2026-04-08 22:45:00,4712.485,4720.055,4711.335,4717.085,15
2026-04-08 23:00:00,4715.715,4717.278,4704.998,4708.245,15
2026-04-08 23:15:00,4708.205,4715.665,4705.485,4709.805,15
2026-04-08 23:30:00,4709.805,4715.435,4706.765,4713.125,15
2026-04-08 23:45:00,4713.085,4719.795,4712.285,4715.215,15
2026-04-09 00:00:00,4715.375,4715.405,4698.085,4702.065,15
2026-04-09 00:15:00,4702.005,4712.055,4700.588,4706.105,15
2026-04-09 00:30:00,4706.075,4718.195,4705.215,4718.075,15
2026-04-09 00:45:00,4718.115,4718.885,4705.605,4706.515,15
2026-04-09 01:00:00,4706.365,4721.775,4699.178,4720.455,15
2026-04-09 01:15:00,4720.535,4723.195,4702.695,4704.695,15
2026-04-09 01:30:00,4704.385,4721.355,4703.745,4717.345,15
2026-04-09 01:45:00,4717.875,4728.125,4717.555,4727.155,15
2026-04-09 02:00:00,4727.235,4728.665,4720.775,4722.725,15
2026-04-09 02:15:00,4722.765,4727.755,4722.345,4725.285,15
2026-04-09 02:30:00,4725.315,4732.435,4725.175,4732.065,15
2026-04-09 02:45:00,4732.005,4732.595,4717.075,4718.825,15
2026-04-09 03:00:00,4718.775,4720.065,4711.158,4712.225,15
2026-04-09 03:15:00,4712.275,4713.015,4704.898,4712.258,15
2026-04-09 03:30:00,4712.335,4714.635,4711.485,4714.525,15
2026-04-09 03:45:00,4714.555,4714.605,4706.275,4711.165,15
2026-04-09 04:00:00,4711.185,4722.145,4709.435,4721.375,15
2026-04-09 04:15:00,4721.575,4722.948,4716.778,4716.778,15
2026-04-09 04:30:00,4716.778,4723.165,4714.105,4720.548,15
2026-04-09 04:45:00,4720.765,4725.038,4719.625,4720.505,15
2026-04-09 05:00:00,4720.545,4723.348,4710.445,4713.615,15
2026-04-09 05:15:00,4713.635,4726.295,4713.125,4726.035,15
2026-04-09 05:30:00,4726.015,4726.375,4715.835,4723.595,15
2026-04-09 05:45:00,4723.475,4724.085,4705.515,4712.705,15
2026-04-09 06:00:00,4712.725,4724.995,4711.085,4718.825,15
2026-04-09 06:15:00,4718.888,4721.565,4712.138,4718.045,15
2026-04-09 06:30:00,4718.155,4722.815,4711.238,4713.205,15
2026-04-09 06:45:00,4713.185,4714.745,4703.185,4712.125,15
2026-04-09 07:00:00,4712.245,4730.068,4708.145,4724.195,15
2026-04-09 07:15:00,4724.205,4724.455,4705.335,4708.275,15
2026-04-09 07:30:00,4708.305,4730.995,4708.305,4722.215,15
2026-04-09 07:45:00,4722.185,4724.448,4711.235,4724.065,15
2026-04-09 08:00:00,4724.005,4726.028,4719.428,4723.795,15
2026-04-09 08:15:00,4723.725,4727.545,4720.645,4720.955,15
2026-04-09 08:30:00,4721.015,4732.735,4719.895,4729.328,15
2026-04-09 08:45:00,4729.358,4733.095,4725.785,4726.025,15
2026-04-09 09:00:00,4726.055,4732.965,4722.685,4730.535,15
2026-04-09 09:15:00,4730.565,4733.375,4728.685,4729.555,15
2026-04-09 09:30:00,4729.378,4732.485,4726.378,4726.458,15
2026-04-09 09:45:00,4726.408,4730.415,4723.318,4728.938,15
2026-04-09 10:00:00,4728.918,4732.578,4725.505,4727.115,15
2026-04-09 10:15:00,4727.165,4739.585,4723.485,4737.885,15
2026-04-09 10:30:00,4737.925,4741.155,4736.068,4740.515,15
2026-04-09 10:45:00,4740.515,4746.445,4739.045,4740.838,15
2026-04-09 11:00:00,4740.798,4743.825,4738.185,4738.875,15
2026-04-09 11:15:00,4738.945,4747.495,4738.435,4745.685,15
2026-04-09 11:30:00,4745.655,4751.115,4742.875,4750.728,15
2026-04-09 11:45:00,4750.755,4757.465,4750.375,4756.335,15
2026-04-09 12:00:00,4756.615,4759.385,4741.665,4742.175,15
2026-04-09 12:15:00,4742.195,4743.975,4734.695,4737.415,15
2026-04-09 12:30:00,4737.415,4747.755,4734.885,4743.505,15
2026-04-09 12:45:00,4743.525,4747.175,4737.188,4745.665,15
2026-04-09 13:00:00,4745.745,4756.338,4738.505,4754.485,15
2026-04-09 13:15:00,4754.658,4758.535,4751.148,4752.238,15
2026-04-09 13:30:00,4752.258,4777.015,4750.175,4775.585,15
2026-04-09 13:45:00,4775.585,4776.525,4759.365,4764.048,15
2026-04-09 14:00:00,4764.048,4775.935,4761.558,4770.608,15
2026-04-09 14:15:00,4770.535,4772.995,4759.915,4765.285,15
2026-04-09 14:30:00,4765.128,4767.295,4747.075,4755.935,15
2026-04-09 14:45:00,4755.885,4768.785,4755.005,4768.545,15
2026-04-09 15:00:00,4768.575,4770.325,4760.948,4768.815,15
2026-04-09 15:15:00,4768.885,4786.295,4768.885,4778.705,15
2026-04-09 15:30:00,4778.865,4797.855,4778.135,4789.865,15
2026-04-09 15:45:00,4790.095,4794.035,4784.015,4792.515,15
2026-04-09 16:00:00,4792.738,4800.695,4787.645,4788.015,15
2026-04-09 16:15:00,4787.825,4797.515,4787.495,4792.455,15
2026-04-09 16:30:00,4792.745,4795.315,4785.625,4787.095,15
2026-04-09 16:45:00,4787.125,4791.055,4784.195,4788.595,15
2026-04-09 17:00:00,4788.645,4793.795,4786.485,4792.885,15
2026-04-09 17:15:00,4792.748,4798.048,4789.855,4792.615,15
2026-04-09 17:30:00,4793.312,4801.015,4787.385,4795.025,15
2026-04-09 17:45:00,4795.095,4800.845,4795.025,4797.525,15
2026-04-09 18:00:00,4797.625,4797.765,4780.255,4783.525,15
2026-04-09 18:15:00,4783.558,4788.035,4777.505,4781.875,15
2026-04-09 18:30:00,4781.798,4782.115,4768.245,4770.298,15
2026-04-09 18:45:00,4770.325,4774.185,4767.498,4771.785,15
2026-04-09 19:00:00,4771.755,4782.385,4768.675,4779.265,15
2026-04-09 19:15:00,4779.295,4780.275,4772.165,4773.405,15
2026-04-09 19:30:00,4773.335,4777.815,4769.305,4771.965,15
2026-04-09 19:45:00,4771.915,4773.715,4766.675,4768.665,15
2026-04-09 20:00:00,4768.855,4771.175,4766.678,4769.585,15
2026-04-09 20:15:00,4769.725,4773.135,4766.005,4769.675,15
2026-04-09 20:30:00,4769.665,4771.185,4760.505,4763.975,15
2026-04-09 20:45:00,4764.115,4768.645,4763.345,4763.345,15
2026-04-09 22:00:00,4766.498,4779.285,4765.285,4769.845,15
2026-04-09 22:15:00,4769.815,4770.735,4763.475,4764.245,15
2026-04-09 22:30:00,4764.385,4767.325,4759.085,4760.975,15
2026-04-09 22:45:00,4761.085,4764.475,4758.375,4763.838,15
2026-04-09 23:00:00,4763.858,4763.918,4757.025,4759.395,15
2026-04-09 23:15:00,4759.345,4761.575,4756.695,4758.085,15
2026-04-09 23:30:00,4758.105,4762.885,4758.085,4759.845,15
2026-04-09 23:45:00,4759.875,4764.065,4758.285,4763.435,15
2026-04-10 00:00:00,4763.485,4763.485,4750.475,4754.005,15
2026-04-10 00:15:00,4754.015,4758.155,4750.575,4753.415,15
2026-04-10 00:30:00,4753.445,4760.915,4753.445,4755.315,15
2026-04-10 00:45:00,4755.255,4762.935,4754.455,4762.745,15
2026-04-10 01:00:00,4762.705,4767.215,4757.665,4760.515,15
2026-04-10 01:15:00,4760.495,4765.245,4757.925,4762.235,15
2026-04-10 01:30:00,4762.295,4777.035,4760.125,4771.645,15
2026-04-10 01:45:00,4771.505,4773.345,4760.018,4764.335,15
2026-04-10 02:00:00,4764.385,4765.235,4748.245,4752.305,15
2026-04-10 02:15:00,4752.335,4753.975,4742.125,4744.385,15
2026-04-10 02:30:00,4744.345,4749.775,4737.715,4749.375,15
2026-04-10 02:45:00,4749.635,4753.545,4747.215,4752.925,15
2026-04-10 03:00:00,4752.815,4761.575,4752.805,4759.835,15
2026-04-10 03:15:00,4759.775,4761.748,4754.698,4755.635,15
2026-04-10 03:30:00,4755.635,4768.265,4755.465,4764.995,15
2026-04-10 03:45:00,4765.015,4769.235,4763.625,4766.355,15
2026-04-10 04:00:00,4766.325,4767.845,4764.508,4767.035,15
2026-04-10 04:15:00,4767.105,4770.525,4765.105,4765.175,15
2026-04-10 04:30:00,4765.205,4765.435,4761.375,4762.145,15
2026-04-10 04:45:00,4762.075,4765.335,4757.635,4758.255,15
2026-04-10 05:00:00,4758.315,4763.085,4756.928,4759.745,15
2026-04-10 05:15:00,4759.765,4763.885,4758.325,4759.385,15
2026-04-10 05:30:00,4759.715,4768.055,4759.045,4764.735,15
2026-04-10 05:45:00,4764.705,4768.915,4764.455,4765.465,15
2026-04-10 06:00:00,4765.505,4765.625,4755.385,4756.035,15
2026-04-10 06:15:00,4756.045,4757.385,4751.495,4755.255,15
2026-04-10 06:30:00,4755.275,4758.395,4749.198,4750.535,15
2026-04-10 06:45:00,4750.565,4754.045,4742.655,4746.165,15
2026-04-10 07:00:00,4745.725,4752.505,4741.045,4746.855,15
2026-04-10 07:15:00,4746.965,4755.835,4746.035,4753.365,15
2026-04-10 07:30:00,4753.605,4757.345,4751.335,4753.805,15
2026-04-10 07:45:00,4753.775,4754.765,4747.965,4749.355,15
2026-04-10 08:00:00,4749.385,4753.155,4746.985,4749.675,15
2026-04-10 08:15:00,4749.625,4749.895,4742.005,4746.775,15
2026-04-10 08:30:00,4746.555,4752.145,4740.825,4742.135,15
2026-04-10 08:45:00,4742.315,4743.755,4730.205,4740.398,15
2026-04-10 09:00:00,4740.735,4746.585,4740.545,4746.565,15
2026-04-10 09:15:00,4746.475,4760.555,4744.365,4748.545,15
2026-04-10 09:30:00,4748.365,4750.825,4746.045,4750.225,15
2026-04-10 09:45:00,4750.195,4752.915,4747.725,4751.355,15
2026-04-10 10:00:00,4751.335,4753.125,4742.095,4746.875,15
2026-04-10 10:15:00,4746.905,4760.468,4746.178,4757.995,15
2026-04-10 10:30:00,4758.025,4759.485,4753.648,4755.345,15
2026-04-10 10:45:00,4755.305,4759.525,4753.895,4756.895,15
2026-04-10 11:00:00,4756.915,4759.325,4753.025,4755.415,15
2026-04-10 11:15:00,4755.415,4762.245,4754.175,4761.475,15
2026-04-10 11:30:00,4761.405,4766.775,4758.268,4766.775,15
2026-04-10 11:45:00,4766.795,4768.445,4762.615,4767.965,15
2026-04-10 12:00:00,4768.115,4769.755,4763.365,4766.675,15
2026-04-10 12:15:00,4766.725,4770.898,4759.565,4762.435,15
2026-04-10 12:30:00,4762.465,4782.315,4761.195,4772.445,15
2026-04-10 12:45:00,4772.485,4773.995,4763.385,4771.565,15
2026-04-10 13:00:00,4771.615,4777.485,4767.825,4772.145,15
2026-04-10 13:15:00,4772.278,4779.875,4765.825,4775.545,15
2026-04-10 13:30:00,4775.635,4778.625,4764.615,4768.935,15
2026-04-10 13:45:00,4768.905,4777.455,4765.825,4774.405,15
2026-04-10 14:00:00,4775.015,4780.378,4766.868,4779.965,15
2026-04-10 14:15:00,4780.005,4792.745,4778.895,4790.405,15
2026-04-10 14:30:00,4790.345,4794.765,4773.805,4780.545,15
2026-04-10 14:45:00,4780.715,4783.055,4770.518,4774.418,15
2026-04-10 15:00:00,4774.418,4783.535,4769.185,4781.555,15
2026-04-10 15:15:00,4781.725,4787.195,4775.815,4775.875,15
2026-04-10 15:30:00,4775.825,4778.155,4755.245,4765.665,15
2026-04-10 15:45:00,4765.485,4769.725,4758.318,4761.898,15
2026-04-10 16:00:00,4761.875,4763.285,4747.105,4763.195,15
2026-04-10 16:15:00,4763.255,4765.155,4753.985,4757.985,15
2026-04-10 16:30:00,4758.275,4765.125,4755.948,4756.398,15
2026-04-10 16:45:00,4756.748,4765.785,4755.658,4763.525,15
2026-04-10 17:00:00,4763.605,4766.025,4757.715,4764.325,15
2026-04-10 17:15:00,4764.275,4768.405,4761.115,4762.515,15
2026-04-10 17:30:00,4762.675,4765.495,4757.995,4758.815,15
2026-04-10 17:45:00,4758.695,4764.745,4758.455,4760.155,15
2026-04-10 18:00:00,4760.125,4763.655,4750.705,4763.175,15
2026-04-10 18:15:00,4763.215,4769.245,4762.505,4765.765,15
2026-04-10 18:30:00,4765.885,4772.765,4765.785,4767.975,15
2026-04-10 18:45:00,4767.975,4768.035,4762.995,4764.895,15
2026-04-10 19:00:00,4764.935,4767.815,4764.165,4766.595,15
2026-04-10 19:15:00,4766.545,4770.325,4762.845,4763.325,15
2026-04-10 19:30:00,4763.465,4765.245,4760.505,4763.555,15
2026-04-10 19:45:00,4763.565,4764.305,4758.085,4759.585,15
2026-04-10 20:00:00,4759.655,4759.785,4750.958,4753.178,15
2026-04-10 20:15:00,4753.195,4753.218,4740.598,4745.218,15
2026-04-10 20:30:00,4745.158,4752.098,4744.778,4750.648,15
2026-04-10 20:45:00,4750.645,4751.628,4745.125,4746.935,15
2026-04-12 22:00:00,4634.998,4690.685,4634.998,4675.635,15
2026-04-12 22:15:00,4675.585,4682.425,4643.178,4646.898,15
2026-04-12 22:30:00,4647.098,4658.488,4644.478,4657.298,15
2026-04-12 22:45:00,4657.255,4659.798,4651.008,4658.398,15
2026-04-12 23:00:00,4658.398,4660.008,4651.338,4659.185,15
2026-04-12 23:15:00,4659.365,4659.645,4644.015,4653.225,15
2026-04-12 23:30:00,4653.165,4659.975,4649.805,4655.195,15
2026-04-12 23:45:00,4655.205,4671.685,4655.165,4671.155,15
2026-04-13 00:00:00,4671.175,4672.928,4664.325,4671.995,15
2026-04-13 00:15:00,4671.965,4675.885,4668.815,4672.725,15
2026-04-13 00:30:00,4672.595,4682.945,4670.645,4678.185,15
2026-04-13 00:45:00,4678.155,4698.615,4677.775,4695.275,15
2026-04-13 01:00:00,4694.795,4719.425,4693.405,4715.215,15
2026-04-13 01:15:00,4715.095,4721.425,4711.365,4717.255,15
2026-04-13 01:30:00,4717.285,4721.395,4710.505,4714.145,15
2026-04-13 01:45:00,4714.115,4728.035,4709.645,4721.035,15
2026-04-13 02:00:00,4721.005,4725.715,4718.695,4722.355,15
2026-04-13 02:15:00,4722.305,4724.595,4718.865,4719.665,15
2026-04-13 02:30:00,4719.695,4727.795,4714.895,4715.205,15
2026-04-13 02:45:00,4715.155,4721.325,4710.925,4720.295,15
2026-04-13 03:00:00,4720.135,4721.465,4711.875,4713.485,15
2026-04-13 03:15:00,4713.455,4720.775,4712.745,4718.665,15
2026-04-13 03:30:00,4718.625,4723.625,4717.085,4721.925,15
2026-04-13 03:45:00,4721.865,4722.205,4716.935,4717.695,15
2026-04-13 04:00:00,4717.675,4718.165,4708.335,4714.355,15
2026-04-13 04:15:00,4714.415,4715.585,4709.375,4712.395,15
2026-04-13 04:30:00,4712.445,4719.105,4708.585,4718.425,15
2026-04-13 04:45:00,4717.935,4724.595,4715.875,4722.738,15
2026-04-13 05:00:00,4722.755,4726.165,4717.998,4718.965,15
2026-04-13 05:15:00,4718.985,4721.335,4716.075,4720.275,15
2026-04-13 05:30:00,4720.235,4724.575,4717.815,4720.965,15
2026-04-13 05:45:00,4720.905,4730.605,4720.295,4729.145,15
2026-04-13 06:00:00,4729.125,4729.535,4723.165,4725.845,15
2026-04-13 06:15:00,4725.918,4731.685,4725.175,4731.375,15
2026-04-13 06:30:00,4731.625,4732.425,4725.215,4726.155,15
2026-04-13 06:45:00,4726.175,4726.205,4720.635,4725.445,15
2026-04-13 07:00:00,4725.405,4738.465,4724.485,4727.975,15
2026-04-13 07:15:00,4727.945,4732.555,4726.245,4730.585,15
2026-04-13 07:30:00,4730.715,4733.585,4727.185,4732.035,15
2026-04-13 07:45:00,4731.995,4739.815,4727.955,4733.435,15
2026-04-13 08:00:00,4733.465,4738.495,4732.215,4732.815,15
2026-04-13 08:15:00,4732.815,4734.165,4730.065,4731.945,15
2026-04-13 08:30:00,4731.905,4736.205,4720.785,4721.215,15
2026-04-13 08:45:00,4721.205,4729.575,4720.065,4723.265,15
2026-04-13 09:00:00,4723.285,4728.575,4715.745,4718.995,15
2026-04-13 09:15:00,4718.965,4721.255,4714.145,4715.015,15
2026-04-13 09:30:00,4715.015,4719.845,4710.385,4714.055,15
2026-04-13 09:45:00,4713.748,4716.495,4710.735,4714.545,15
2026-04-13 10:00:00,4714.565,4718.915,4713.545,4717.765,15
2026-04-13 10:15:00,4717.825,4718.005,4708.135,4712.205,15
2026-04-13 10:30:00,4712.278,4718.355,4711.475,4717.935,15
2026-04-13 10:45:00,4717.905,4723.745,4717.245,4721.905,15
2026-04-13 11:00:00,4721.975,4728.955,4719.845,4721.335,15
2026-04-13 11:15:00,4721.445,4723.445,4718.405,4720.835,15
2026-04-13 11:30:00,4720.645,4722.245,4703.935,4707.505,15
2026-04-13 11:45:00,4707.485,4712.015,4703.165,4706.875,15
2026-04-13 12:00:00,4706.745,4719.945,4703.515,4716.985,15
2026-04-13 12:15:00,4717.335,4717.625,4703.485,4710.455,15
2026-04-13 12:30:00,4710.455,4716.215,4708.785,4715.495,15
2026-04-13 12:45:00,4715.435,4724.895,4715.218,4723.315,15
2026-04-13 13:00:00,4723.218,4735.975,4722.545,4734.015,15
2026-04-13 13:15:00,4734.065,4737.165,4728.588,4732.888,15
2026-04-13 13:30:00,4733.355,4736.948,4724.275,4726.645,15
2026-04-13 13:45:00,4726.615,4744.315,4721.015,4730.158,15
2026-04-13 14:00:00,4730.115,4730.878,4720.415,4727.025,15
2026-04-13 14:15:00,4727.185,4727.885,4709.125,4715.105,15
2026-04-13 14:30:00,4715.065,4722.345,4708.285,4721.575,15
2026-04-13 14:45:00,4721.555,4723.228,4709.785,4718.775,15
2026-04-13 15:00:00,4718.715,4719.565,4700.025,4707.555,15
2026-04-13 15:15:00,4707.575,4711.345,4702.865,4703.595,15
2026-04-13 15:30:00,4703.645,4718.015,4702.065,4712.225,15
2026-04-13 15:45:00,4712.205,4715.585,4710.485,4714.225,15
2026-04-13 16:00:00,4714.195,4720.695,4708.975,4719.495,15
2026-04-13 16:15:00,4719.745,4733.798,4718.475,4729.875,15
2026-04-13 16:30:00,4729.888,4740.315,4728.415,4740.015,15
2026-04-13 16:45:00,4740.045,4746.090,4731.985,4732.785,15
2026-04-13 17:00:00,4732.795,4738.155,4725.258,4730.755,15
2026-04-13 17:15:00,4730.945,4749.725,4729.365,4742.805,15
2026-04-13 17:30:00,4742.635,4747.225,4742.475,4743.795,15
2026-04-13 17:45:00,4743.775,4743.995,4727.035,4729.648,15
2026-04-13 18:00:00,4729.725,4732.695,4728.628,4730.025,15
2026-04-13 18:15:00,4729.995,4730.955,4723.295,4727.145,15
2026-04-13 18:30:00,4727.035,4735.165,4726.615,4733.395,15
2026-04-13 18:45:00,4733.355,4740.525,4733.315,4738.245,15
2026-04-13 19:00:00,4738.165,4739.265,4730.345,4734.485,15
2026-04-13 19:15:00,4734.565,4743.755,4734.565,4742.965,15
2026-04-13 19:30:00,4742.785,4747.235,4738.745,4741.585,15
2026-04-13 19:45:00,4741.505,4745.495,4739.115,4740.968,15
2026-04-13 20:00:00,4740.938,4743.788,4739.438,4742.185,15
2026-04-13 20:15:00,4742.205,4743.555,4738.215,4739.075,15
2026-04-13 20:30:00,4739.048,4740.308,4738.158,4739.645,15
2026-04-13 20:45:00,4739.548,4742.485,4737.915,4739.645,15
2026-04-13 22:00:00,4742.318,4755.725,4742.318,4748.118,15
2026-04-13 22:15:00,4748.128,4749.475,4745.445,4748.535,15
2026-04-13 22:30:00,4748.465,4750.175,4746.035,4750.175,15
2026-04-13 22:45:00,4750.358,4759.375,4748.985,4757.468,15
2026-04-13 23:00:00,4757.395,4765.668,4757.305,4762.665,15
2026-04-13 23:15:00,4762.705,4763.225,4754.475,4755.175,15
2026-04-13 23:30:00,4755.205,4761.345,4754.175,4759.325,15
2026-04-13 23:45:00,4759.295,4761.518,4756.405,4757.365,15
2026-04-14 00:00:00,4757.405,4760.345,4751.285,4759.305,15
2026-04-14 00:15:00,4759.335,4767.355,4759.258,4762.195,15
2026-04-14 00:30:00,4762.215,4775.565,4761.145,4769.878,15
2026-04-14 00:45:00,4769.615,4771.695,4767.825,4769.495,15
2026-04-14 01:00:00,4769.535,4776.715,4762.195,4775.695,15
2026-04-14 01:15:00,4775.895,4776.515,4769.305,4770.185,15
2026-04-14 01:30:00,4770.235,4773.095,4764.155,4772.825,15
2026-04-14 01:45:00,4772.815,4773.785,4761.465,4764.745,15
2026-04-14 02:00:00,4764.745,4770.885,4762.705,4767.855,15
2026-04-14 02:15:00,4767.735,4772.395,4767.435,4768.535,15
2026-04-14 02:30:00,4768.515,4772.725,4761.795,4772.205,15
2026-04-14 02:45:00,4772.325,4777.075,4772.165,4774.875,15
2026-04-14 03:00:00,4774.855,4775.295,4768.415,4768.805,15
2026-04-14 03:15:00,4768.855,4771.028,4765.775,4768.125,15
2026-04-14 03:30:00,4768.145,4769.375,4765.298,4767.315,15
2026-04-14 03:45:00,4767.275,4771.805,4767.195,4767.545,15
2026-04-14 04:00:00,4767.915,4770.225,4766.695,4768.515,15
2026-04-14 04:15:00,4768.465,4776.935,4768.355,4775.755,15
2026-04-14 04:30:00,4775.815,4776.135,4771.088,4773.125,15
2026-04-14 04:45:00,4773.158,4775.718,4772.338,4773.825,15
2026-04-14 05:00:00,4773.845,4774.045,4762.978,4765.098,15
2026-04-14 05:15:00,4765.135,4767.975,4761.415,4764.405,15
2026-04-14 05:30:00,4764.398,4767.045,4757.638,4761.025,15
2026-04-14 05:45:00,4760.845,4766.665,4758.995,4759.648,15
2026-04-14 06:00:00,4759.618,4769.625,4759.618,4765.865,15
2026-04-14 06:15:00,4765.845,4767.925,4763.155,4767.445,15
2026-04-14 06:30:00,4767.425,4770.245,4763.985,4769.248,15
2026-04-14 06:45:00,4769.248,4782.855,4768.548,4782.005,15
2026-04-14 07:00:00,4781.945,4796.185,4780.805,4789.945,15
2026-04-14 07:15:00,4789.945,4791.455,4767.575,4772.485,15
2026-04-14 07:30:00,4772.455,4779.475,4771.645,4777.765,15
2026-04-14 07:45:00,4777.735,4780.475,4773.605,4777.025,15
2026-04-14 08:00:00,4776.975,4782.865,4774.035,4780.195,15
2026-04-14 08:15:00,4780.135,4786.465,4775.425,4785.845,15
2026-04-14 08:30:00,4785.855,4789.825,4782.445,4784.565,15
2026-04-14 08:45:00,4784.745,4786.685,4781.168,4786.685,15
2026-04-14 09:00:00,4786.715,4787.925,4780.125,4785.435,15
2026-04-14 09:15:00,4785.545,4789.115,4778.375,4778.405,15
2026-04-14 09:30:00,4778.415,4779.555,4771.395,4778.205,15
2026-04-14 09:45:00,4778.185,4782.215,4772.785,4777.985,15
2026-04-14 10:00:00,4778.065,4784.815,4777.898,4782.155,15
2026-04-14 10:15:00,4782.175,4787.955,4780.205,4783.745,15
2026-04-14 10:30:00,4783.715,4784.405,4751.285,4767.215,15
2026-04-14 10:45:00,4767.165,4772.105,4766.615,4768.175,15
2026-04-14 11:00:00,4768.145,4776.785,4766.665,4776.425,15
2026-04-14 11:15:00,4776.465,4782.885,4774.835,4777.965,15
2026-04-14 11:30:00,4778.245,4779.745,4772.985,4777.925,15
2026-04-14 11:45:00,4777.985,4782.518,4770.298,4774.578,15
2026-04-14 12:00:00,4774.755,4777.365,4768.545,4769.578,15
2026-04-14 12:15:00,4769.578,4772.445,4762.455,4768.255,15
2026-04-14 12:30:00,4768.225,4776.015,4767.785,4768.645,15
2026-04-14 12:45:00,4768.865,4773.485,4761.905,4771.235,15
2026-04-14 13:00:00,4771.265,4781.778,4770.965,4781.705,15
2026-04-14 13:15:00,4781.685,4792.295,4780.798,4782.565,15
2026-04-14 13:30:00,4782.585,4803.115,4779.775,4792.905,15
2026-04-14 13:45:00,4792.465,4796.235,4788.745,4794.388,15
2026-04-14 14:00:00,4794.388,4803.465,4792.668,4794.665,15
2026-04-14 14:15:00,4794.705,4810.425,4794.705,4808.908,15
2026-04-14 14:30:00,4808.915,4817.598,4798.158,4798.298,15
2026-04-14 14:45:00,4798.315,4806.325,4794.948,4803.635,15
2026-04-14 15:00:00,4803.645,4803.665,4790.995,4794.375,15
2026-04-14 15:15:00,4794.405,4805.575,4792.945,4802.395,15
2026-04-14 15:30:00,4802.395,4813.465,4802.028,4808.805,15
2026-04-14 15:45:00,4809.155,4815.885,4806.285,4807.795,15
2026-04-14 16:00:00,4807.865,4813.705,4804.735,4809.225,15
2026-04-14 16:15:00,4809.245,4819.018,4806.995,4816.035,15
2026-04-14 16:30:00,4816.088,4819.995,4813.285,4814.915,15
2026-04-14 16:45:00,4815.058,4817.915,4808.808,4809.885,15
2026-04-14 17:00:00,4809.965,4833.295,4809.198,4826.805,15
2026-04-14 17:15:00,4826.835,4831.608,4824.598,4825.398,15
2026-04-14 17:30:00,4825.398,4841.515,4824.908,4836.848,15
2026-04-14 17:45:00,4836.848,4839.525,4834.265,4834.885,15
2026-04-14 18:00:00,4834.925,4843.018,4834.225,4838.498,15
2026-04-14 18:15:00,4838.508,4839.668,4832.808,4837.415,15
2026-04-14 18:30:00,4837.358,4838.768,4833.815,4834.178,15
2026-04-14 18:45:00,4834.178,4836.028,4830.615,4835.308,15
2026-04-14 19:00:00,4835.375,4842.225,4835.305,4840.745,15
2026-04-14 19:15:00,4840.745,4842.098,4838.158,4840.435,15
2026-04-14 19:30:00,4840.365,4843.485,4838.298,4840.698,15
2026-04-14 19:45:00,4840.698,4846.098,4839.865,4844.735,15
2026-04-14 20:00:00,4844.725,4845.955,4841.685,4842.455,15
2026-04-14 20:15:00,4842.478,4843.105,4839.295,4839.998,15
2026-04-14 20:30:00,4840.018,4842.865,4839.605,4841.915,15
2026-04-14 20:45:00,4841.735,4842.995,4839.548,4841.155,15
2026-04-14 22:00:00,4836.618,4850.445,4836.618,4844.425,15
2026-04-14 22:15:00,4844.455,4846.705,4835.748,4839.775,15
2026-04-14 22:30:00,4839.755,4843.105,4837.565,4840.005,15
2026-04-14 22:45:00,4840.025,4840.175,4832.928,4834.448,15
2026-04-14 23:00:00,4834.448,4843.378,4833.128,4836.775,15
2026-04-14 23:15:00,4836.795,4838.995,4834.598,4835.595,15
2026-04-14 23:30:00,4835.615,4842.535,4834.598,4842.045,15
2026-04-14 23:45:00,4842.075,4843.905,4835.878,4836.935,15
2026-04-15 00:00:00,4836.965,4839.805,4831.135,4833.595,15
2026-04-15 00:15:00,4833.175,4836.205,4828.415,4833.345,15
2026-04-15 00:30:00,4833.325,4833.375,4826.855,4829.935,15
2026-04-15 00:45:00,4829.885,4837.505,4828.745,4835.315,15
2026-04-15 01:00:00,4835.285,4852.255,4827.905,4849.985,15
2026-04-15 01:15:00,4849.905,4871.165,4841.838,4850.575,15
2026-04-15 01:30:00,4850.485,4851.095,4842.148,4843.048,15
2026-04-15 01:45:00,4843.148,4848.665,4839.405,4846.855,15
2026-04-15 02:00:00,4846.695,4853.125,4843.978,4844.885,15
2026-04-15 02:15:00,4845.015,4845.735,4831.948,4834.375,15
2026-04-15 02:30:00,4834.498,4834.798,4821.155,4827.975,15
2026-04-15 02:45:00,4827.955,4830.185,4820.395,4823.695,15
2026-04-15 03:00:00,4823.985,4824.865,4816.548,4820.545,15
2026-04-15 03:15:00,4820.565,4827.745,4820.125,4826.325,15
2026-04-15 03:30:00,4826.355,4828.505,4824.918,4828.195,15
2026-04-15 03:45:00,4828.225,4829.395,4823.728,4823.825,15
2026-04-15 04:00:00,4823.745,4826.165,4820.105,4824.938,15
2026-04-15 04:15:00,4824.938,4826.325,4820.648,4824.325,15
2026-04-15 04:30:00,4824.395,4827.695,4822.678,4823.155,15
2026-04-15 04:45:00,4823.155,4825.845,4821.335,4824.505,15
2026-04-15 05:00:00,4824.615,4828.285,4822.098,4826.635,15
2026-04-15 05:15:00,4826.595,4830.325,4824.215,4826.035,15
2026-04-15 05:30:00,4826.055,4827.845,4812.445,4816.645,15
2026-04-15 05:45:00,4816.725,4823.495,4814.098,4819.365,15
2026-04-15 06:00:00,4819.435,4824.695,4816.295,4818.935,15
2026-04-15 06:15:00,4818.945,4819.445,4813.318,4814.665,15
2026-04-15 06:30:00,4814.318,4817.685,4810.855,4815.885,15
2026-04-15 06:45:00,4815.905,4821.995,4811.038,4811.345,15
2026-04-15 07:00:00,4811.655,4816.775,4803.715,4815.575,15
2026-04-15 07:15:00,4815.605,4815.965,4805.375,4812.665,15
2026-04-15 07:30:00,4812.685,4815.835,4808.258,4810.205,15
2026-04-15 07:45:00,4810.175,4812.705,4805.705,4810.955,15
2026-04-15 08:00:00,4810.755,4812.435,4804.215,4811.395,15
2026-04-15 08:15:00,4811.425,4813.968,4805.735,4809.755,15
2026-04-15 08:30:00,4809.645,4812.825,4805.205,4809.988,15
2026-04-15 08:45:00,4810.215,4821.298,4809.665,4818.185,15
2026-04-15 09:00:00,4818.205,4819.345,4792.495,4804.765,15
2026-04-15 09:15:00,4804.845,4807.135,4797.238,4797.875,15
2026-04-15 09:30:00,4797.165,4803.755,4795.145,4795.925,15
2026-04-15 09:45:00,4795.835,4800.195,4785.885,4798.065,15
2026-04-15 10:00:00,4797.925,4802.935,4794.858,4801.105,15
2026-04-15 10:15:00,4801.085,4801.215,4789.915,4794.895,15
2026-04-15 10:30:00,4794.865,4800.585,4792.785,4800.025,15
2026-04-15 10:45:00,4800.185,4805.025,4799.465,4799.835,15
2026-04-15 11:00:00,4799.935,4804.395,4795.355,4802.245,15
2026-04-15 11:15:00,4802.205,4806.905,4799.655,4804.765,15
2026-04-15 11:30:00,4804.895,4808.515,4802.498,4805.765,15
2026-04-15 11:45:00,4805.765,4814.805,4803.498,4812.475,15
2026-04-15 12:00:00,4812.495,4814.125,4806.765,4813.835,15
2026-04-15 12:15:00,4813.855,4816.025,4809.798,4812.405,15
2026-04-15 12:30:00,4812.485,4815.965,4810.165,4811.495,15
2026-04-15 12:45:00,4811.465,4815.315,4808.165,4811.335,15
2026-04-15 13:00:00,4811.305,4816.138,4808.255,4813.825,15
2026-04-15 13:15:00,4813.785,4821.845,4809.895,4821.595,15
2026-04-15 13:30:00,4821.625,4825.195,4815.585,4820.345,15
2026-04-15 13:45:00,4820.325,4829.995,4819.785,4828.595,15
2026-04-15 14:00:00,4828.555,4829.525,4820.065,4828.375,15
2026-04-15 14:15:00,4828.405,4830.435,4822.085,4825.175,15
2026-04-15 14:30:00,4824.898,4825.495,4815.225,4819.075,15
2026-04-15 14:45:00,4819.105,4819.335,4813.165,4815.385,15
2026-04-15 15:00:00,4815.405,4816.025,4799.898,4809.985,15
2026-04-15 15:15:00,4809.965,4810.745,4797.318,4798.015,15
2026-04-15 15:30:00,4797.965,4806.195,4786.805,4803.325,15
2026-04-15 15:45:00,4803.295,4807.395,4798.438,4801.445,15
2026-04-15 16:00:00,4801.435,4810.218,4800.225,4808.355,15
2026-04-15 16:15:00,4808.355,4812.295,4804.985,4810.935,15
2026-04-15 16:30:00,4810.955,4811.745,4802.608,4804.385,15
2026-04-15 16:45:00,4804.355,4807.055,4799.975,4803.755,15
2026-04-15 17:00:00,4803.655,4804.745,4797.955,4797.995,15
2026-04-15 17:15:00,4797.975,4808.575,4797.975,4801.525,15
2026-04-15 17:30:00,4801.585,4802.505,4791.965,4793.235,15
2026-04-15 17:45:00,4793.255,4795.745,4790.495,4792.315,15
2026-04-15 18:00:00,4792.345,4800.595,4790.105,4796.835,15
2026-04-15 18:15:00,4796.805,4798.565,4792.638,4794.595,15
2026-04-15 18:30:00,4794.915,4798.255,4794.415,4796.745,15
2026-04-15 18:45:00,4796.785,4801.945,4796.635,4799.705,15
2026-04-15 19:00:00,4799.435,4803.315,4797.825,4798.525,15
2026-04-15 19:15:00,4798.615,4803.015,4797.575,4802.815,15
2026-04-15 19:30:00,4802.655,4802.725,4794.898,4796.605,15
2026-04-15 19:45:00,4796.765,4801.265,4794.375,4795.605,15
2026-04-15 20:00:00,4795.635,4796.515,4792.518,4793.695,15
2026-04-15 20:15:00,4793.615,4795.755,4793.165,4793.755,15
2026-04-15 20:30:00,4793.705,4793.705,4789.925,4790.605,15
2026-04-15 20:45:00,4790.645,4792.798,4787.595,4789.365,15
2026-04-15 22:00:00,4787.135,4799.185,4787.135,4791.685,15
2026-04-15 22:15:00,4791.705,4802.145,4791.625,4801.105,15
2026-04-15 22:30:00,4801.085,4803.245,4798.955,4800.638,15
2026-04-15 22:45:00,4800.648,4811.665,4800.648,4807.058,15
2026-04-15 23:00:00,4807.058,4812.955,4806.948,4812.485,15
2026-04-15 23:15:00,4812.515,4815.615,4812.195,4814.825,15
2026-04-15 23:30:00,4814.765,4824.005,4814.285,4822.965,15
2026-04-15 23:45:00,4822.925,4826.425,4821.795,4823.205,15
2026-04-16 00:00:00,4822.995,4831.215,4822.995,4829.445,15
2026-04-16 00:15:00,4829.478,4830.985,4822.218,4824.595,15
2026-04-16 00:30:00,4824.558,4837.455,4820.578,4832.275,15
2026-04-16 00:45:00,4832.245,4837.105,4830.505,4832.398,15
2026-04-16 01:00:00,4832.418,4835.985,4828.545,4829.505,15
2026-04-16 01:15:00,4829.425,4830.185,4822.535,4823.355,15
2026-04-16 01:30:00,4823.305,4825.365,4811.048,4815.785,15
2026-04-16 01:45:00,4815.835,4821.755,4815.098,4817.725,15
2026-04-16 02:00:00,4817.785,4824.765,4817.135,4820.848,15
2026-04-16 02:15:00,4820.848,4823.148,4818.938,4818.938,15
2026-04-16 02:30:00,4818.938,4821.195,4812.158,4816.935,15
2026-04-16 02:45:00,4816.985,4820.945,4815.145,4819.525,15
2026-04-16 03:00:00,4819.315,4826.985,4818.895,4826.355,15
2026-04-16 03:15:00,4826.335,4826.485,4822.265,4823.635,15
2026-04-16 03:30:00,4823.615,4825.735,4818.765,4820.305,15
2026-04-16 03:45:00,4820.365,4826.395,4820.285,4823.835,15
2026-04-16 04:00:00,4823.735,4827.015,4822.998,4826.765,15
2026-04-16 04:15:00,4826.785,4829.785,4825.448,4826.205,15
2026-04-16 04:30:00,4826.145,4831.215,4824.715,4830.325,15
2026-04-16 04:45:00,4830.215,4833.315,4829.128,4832.895,15
2026-04-16 05:00:00,4832.875,4838.335,4832.595,4834.105,15
2026-04-16 05:15:00,4834.105,4836.015,4831.498,4833.055,15
2026-04-16 05:30:00,4833.065,4833.505,4824.298,4824.945,15
2026-04-16 05:45:00,4824.815,4829.125,4821.085,4821.105,15
2026-04-16 06:00:00,4821.045,4827.835,4820.995,4822.418,15
2026-04-16 06:15:00,4822.418,4825.125,4814.105,4815.828,15
2026-04-16 06:30:00,4815.375,4824.795,4814.638,4823.965,15
2026-04-16 06:45:00,4823.915,4830.465,4822.275,4825.805,15
2026-04-16 07:00:00,4825.845,4830.735,4822.998,4824.875,15
2026-04-16 07:15:00,4824.845,4829.475,4816.945,4827.925,15
2026-04-16 07:30:00,4828.035,4829.885,4824.025,4827.255,15
2026-04-16 07:45:00,4827.275,4827.875,4818.888,4820.715,15
2026-04-16 08:00:00,4820.805,4821.645,4806.955,4811.505,15
2026-04-16 08:15:00,4811.505,4814.475,4809.088,4811.095,15
2026-04-16 08:30:00,4811.075,4813.235,4806.128,4811.745,15
2026-04-16 08:45:00,4811.725,4814.488,4808.065,4813.438,15
2026-04-16 09:00:00,4813.438,4817.745,4811.415,4815.885,15
2026-04-16 09:15:00,4815.905,4816.795,4811.085,4812.915,15
2026-04-16 09:30:00,4812.495,4814.765,4806.535,4814.485,15
2026-04-16 09:45:00,4814.505,4815.165,4809.905,4812.635,15
2026-04-16 10:00:00,4812.675,4815.485,4806.705,4806.765,15
2026-04-16 10:15:00,4806.735,4809.905,4804.855,4806.815,15
2026-04-16 10:30:00,4806.835,4812.045,4804.975,4808.075,15
2026-04-16 10:45:00,4808.055,4817.015,4806.355,4816.975,15
2026-04-16 11:00:00,4817.035,4820.345,4816.125,4817.295,15
2026-04-16 11:15:00,4817.325,4819.805,4815.195,4815.755,15
2026-04-16 11:30:00,4815.845,4819.548,4815.558,4817.515,15
2026-04-16 11:45:00,4817.475,4822.395,4815.765,4822.015,15
2026-04-16 12:00:00,4822.015,4822.915,4811.415,4817.105,15
2026-04-16 12:15:00,4817.165,4818.365,4813.675,4814.515,15
2026-04-16 12:30:00,4814.475,4820.465,4811.645,4816.708,15
2026-04-16 12:45:00,4816.708,4818.895,4813.625,4815.905,15
2026-04-16 13:00:00,4815.955,4822.875,4813.875,4816.988,15
2026-04-16 13:15:00,4816.988,4821.165,4814.875,4815.315,15
2026-04-16 13:30:00,4815.285,4823.575,4812.258,4816.045,15
2026-04-16 13:45:00,4815.995,4819.395,4784.745,4794.515,15
2026-04-16 14:00:00,4794.358,4805.185,4784.875,4800.575,15
2026-04-16 14:15:00,4800.595,4802.855,4790.745,4799.015,15
2026-04-16 14:30:00,4799.395,4800.565,4772.898,4787.705,15
2026-04-16 14:45:00,4787.395,4793.305,4785.215,4788.575,15
2026-04-16 15:00:00,4788.555,4812.695,4788.015,4806.555,15
2026-04-16 15:15:00,4806.595,4809.385,4801.785,4801.825,15
2026-04-16 15:30:00,4801.385,4810.855,4797.855,4802.715,15
2026-04-16 15:45:00,4802.815,4808.295,4800.655,4806.835,15
2026-04-16 16:00:00,4806.955,4810.098,4803.205,4804.705,15
2026-04-16 16:15:00,4804.735,4805.725,4796.505,4799.155,15
2026-04-16 16:30:00,4799.065,4799.715,4786.395,4789.818,15
2026-04-16 16:45:00,4789.815,4793.365,4784.935,4791.865,15
2026-04-16 17:00:00,4791.915,4795.165,4789.535,4791.185,15
2026-04-16 17:15:00,4791.225,4793.685,4784.425,4784.855,15
2026-04-16 17:30:00,4784.855,4789.125,4781.215,4786.925,15
2026-04-16 17:45:00,4786.985,4790.615,4782.255,4789.015,15
2026-04-16 18:00:00,4789.055,4794.235,4785.345,4789.955,15
2026-04-16 18:15:00,4789.565,4792.935,4786.438,4786.825,15
2026-04-16 18:30:00,4786.765,4791.165,4786.455,4790.195,15
2026-04-16 18:45:00,4789.925,4792.535,4788.055,4789.405,15
2026-04-16 19:00:00,4789.435,4794.845,4789.258,4789.705,15
2026-04-16 19:15:00,4789.738,4793.575,4789.695,4790.495,15
2026-04-16 19:30:00,4790.495,4797.665,4790.445,4797.455,15
2026-04-16 19:45:00,4797.515,4798.395,4792.195,4793.445,15
2026-04-16 20:00:00,4793.118,4793.655,4789.785,4790.355,15
2026-04-16 20:15:00,4790.245,4791.465,4788.215,4788.805,15
2026-04-16 20:30:00,4788.765,4790.185,4786.155,4788.455,15
2026-04-16 20:45:00,4788.605,4790.725,4786.135,4787.975,15
2026-04-16 22:00:00,4790.395,4797.635,4790.395,4795.008,15
2026-04-16 22:15:00,4795.035,4795.765,4792.148,4793.745,15
2026-04-16 22:30:00,4793.775,4795.975,4790.665,4795.055,15
2026-04-16 22:45:00,4795.115,4796.715,4794.445,4794.568,15
2026-04-16 23:00:00,4794.568,4794.808,4791.895,4792.725,15
2026-04-16 23:15:00,4792.755,4797.675,4792.165,4794.175,15
2026-04-16 23:30:00,4794.145,4795.975,4792.185,4795.555,15
2026-04-16 23:45:00,4795.595,4796.465,4791.505,4791.505,15
2026-04-17 00:00:00,4791.475,4791.705,4785.635,4789.955,15
2026-04-17 00:15:00,4789.945,4792.605,4787.305,4792.565,15
2026-04-17 00:30:00,4792.535,4798.355,4792.275,4798.355,15
2026-04-17 00:45:00,4798.295,4800.985,4793.515,4794.615,15
2026-04-17 01:00:00,4794.665,4795.495,4769.175,4778.595,15
2026-04-17 01:15:00,4778.615,4784.995,4768.000,4768.565,15
2026-04-17 01:30:00,4768.675,4777.665,4768.000,4777.378,15
2026-04-17 01:45:00,4777.385,4791.185,4774.995,4789.215,15
2026-04-17 02:00:00,4789.175,4794.095,4788.055,4790.905,15
2026-04-17 02:15:00,4790.915,4791.625,4788.015,4788.575,15
2026-04-17 02:30:00,4788.795,4794.495,4788.165,4791.235,15
2026-04-17 02:45:00,4791.245,4793.435,4784.145,4784.405,15
2026-04-17 03:00:00,4784.335,4797.525,4784.335,4795.635,15
2026-04-17 03:15:00,4795.675,4797.915,4792.655,4793.675,15
2026-04-17 03:30:00,4793.555,4794.835,4791.645,4794.055,15
2026-04-17 03:45:00,4793.995,4796.385,4792.415,4792.948,15
2026-04-17 04:00:00,4792.808,4795.965,4792.265,4795.055,15
2026-04-17 04:15:00,4795.025,4795.915,4793.308,4795.705,15
2026-04-17 04:30:00,4795.675,4801.285,4795.015,4800.745,15
2026-04-17 04:45:00,4800.765,4804.305,4798.288,4802.685,15
2026-04-17 05:00:00,4802.695,4805.935,4799.455,4804.648,15
2026-04-17 05:15:00,4804.648,4804.885,4801.135,4803.048,15
2026-04-17 05:30:00,4803.048,4805.048,4795.365,4796.225,15
2026-04-17 05:45:00,4796.185,4800.215,4793.425,4794.075,15
2026-04-17 06:00:00,4794.005,4795.045,4786.655,4787.445,15
2026-04-17 06:15:00,4787.445,4789.605,4782.918,4783.545,15
2026-04-17 06:30:00,4783.525,4786.965,4779.235,4785.425,15
2026-04-17 06:45:00,4785.435,4787.155,4783.755,4784.795,15
2026-04-17 07:00:00,4784.975,4790.825,4784.055,4786.985,15
2026-04-17 07:15:00,4787.065,4792.835,4784.525,4791.495,15
2026-04-17 07:30:00,4791.475,4794.565,4782.305,4785.635,15
2026-04-17 07:45:00,4785.595,4785.935,4778.598,4784.295,15
2026-04-17 08:00:00,4784.255,4790.915,4780.695,4783.475,15
2026-04-17 08:15:00,4783.275,4786.985,4782.565,4784.315,15
2026-04-17 08:30:00,4784.145,4796.735,4784.135,4796.715,15
2026-04-17 08:45:00,4796.695,4796.775,4790.935,4795.825,15
2026-04-17 09:00:00,4795.865,4800.785,4792.525,4792.865,15
2026-04-17 09:15:00,4792.885,4798.255,4791.835,4795.745,15
2026-04-17 09:30:00,4795.765,4798.825,4793.875,4794.545,15
2026-04-17 09:45:00,4794.715,4795.085,4789.665,4790.125,15
2026-04-17 10:00:00,4790.175,4791.945,4786.835,4791.075,15
2026-04-17 10:15:00,4791.095,4793.755,4788.505,4789.315,15
2026-04-17 10:30:00,4789.365,4789.565,4782.045,4784.735,15
2026-04-17 10:45:00,4784.665,4788.145,4782.115,4787.225,15
2026-04-17 11:00:00,4787.295,4789.595,4783.355,4786.135,15
2026-04-17 11:15:00,4786.175,4793.215,4784.385,4792.835,15
2026-04-17 11:30:00,4792.715,4798.535,4789.555,4798.405,15
2026-04-17 11:45:00,4798.445,4811.555,4798.445,4798.935,15
2026-04-17 12:00:00,4799.005,4805.515,4797.418,4803.695,15
2026-04-17 12:15:00,4803.645,4819.238,4802.925,4816.688,15
2026-04-17 12:30:00,4817.216,4824.945,4814.928,4823.235,15
2026-04-17 12:45:00,4823.315,4847.615,4821.545,4846.195,15
2026-04-17 13:00:00,4846.215,4889.335,4834.825,4882.815,15
2026-04-17 13:15:00,4882.795,4883.505,4850.028,4851.195,15
2026-04-17 13:30:00,4851.065,4873.325,4848.178,4864.195,15
2026-04-17 13:45:00,4864.215,4881.765,4851.825,4880.175,15
2026-04-17 14:00:00,4880.613,4885.145,4860.525,4866.895,15
2026-04-17 14:15:00,4866.955,4880.195,4865.095,4871.195,15
2026-04-17 14:30:00,4871.745,4882.678,4868.925,4877.008,15
2026-04-17 14:45:00,4877.108,4880.878,4869.285,4872.705,15
2026-04-17 15:00:00,4872.885,4880.275,4862.185,4867.445,15
2026-04-17 15:15:00,4867.595,4874.435,4862.965,4865.745,15
2026-04-17 15:30:00,4865.995,4873.698,4854.595,4858.408,15
2026-04-17 15:45:00,4858.538,4871.655,4857.718,4867.145,15
2026-04-17 16:00:00,4867.078,4873.065,4863.375,4871.155,15
2026-04-17 16:15:00,4871.125,4873.098,4867.235,4867.425,15
2026-04-17 16:30:00,4867.445,4872.695,4867.245,4868.085,15
2026-04-17 16:45:00,4868.115,4868.705,4864.518,4866.645,15
2026-04-17 17:00:00,4866.685,4869.315,4857.565,4862.635,15
2026-04-17 17:15:00,4862.685,4864.835,4853.515,4858.275,15
2026-04-17 17:30:00,4858.225,4862.685,4853.875,4854.665,15
2026-04-17 17:45:00,4854.558,4863.078,4854.415,4862.248,15
2026-04-17 18:00:00,4862.325,4866.105,4859.945,4860.645,15
2026-04-17 18:15:00,4860.705,4867.798,4858.435,4860.315,15
2026-04-17 18:30:00,4860.455,4866.335,4859.975,4861.868,15
2026-04-17 18:45:00,4861.758,4862.598,4855.378,4857.858,15
2026-04-17 19:00:00,4857.858,4858.518,4853.475,4856.335,15
2026-04-17 19:15:00,4856.265,4857.845,4853.878,4856.595,15
2026-04-17 19:30:00,4856.555,4860.985,4855.555,4859.975,15
2026-04-17 19:45:00,4859.975,4859.975,4852.485,4854.098,15
2026-04-17 20:00:00,4854.135,4854.955,4844.445,4845.765,15
2026-04-17 20:15:00,4845.695,4851.835,4844.258,4845.518,15
2026-04-17 20:30:00,4845.518,4846.538,4833.418,4835.298,15
2026-04-17 20:45:00,4835.238,4837.058,4825.925,4829.115,15
2026-04-19 22:00:00,4767.405,4794.225,4758.085,4789.805,15
2026-04-19 22:15:00,4789.865,4794.635,4783.538,4784.565,15
2026-04-19 22:30:00,4784.648,4790.365,4778.788,4780.065,15
2026-04-19 22:45:00,4780.005,4786.418,4777.498,4778.698,15
2026-04-19 23:00:00,4778.698,4778.848,4771.308,4772.215,15
2026-04-19 23:15:00,4772.175,4775.735,4767.925,4768.945,15
2026-04-19 23:30:00,4769.115,4773.205,4740.768,4751.615,15
2026-04-19 23:45:00,4751.945,4755.115,4736.635,4754.945,15
2026-04-20 00:00:00,4754.995,4754.995,4744.295,4751.985,15
2026-04-20 00:15:00,4752.005,4765.635,4751.455,4765.255,15
2026-04-20 00:30:00,4765.215,4767.825,4760.975,4763.975,15
2026-04-20 00:45:00,4764.025,4774.185,4759.205,4772.105,15
2026-04-20 01:00:00,4772.165,4794.245,4771.345,4793.605,15
2026-04-20 01:15:00,4793.675,4803.625,4788.395,4802.685,15
2026-04-20 01:30:00,4802.785,4812.085,4801.185,4806.198,15
2026-04-20 01:45:00,4806.198,4814.035,4805.715,4807.525,15
2026-04-20 02:00:00,4807.415,4808.825,4800.505,4800.735,15
2026-04-20 02:15:00,4800.705,4803.645,4797.685,4800.085,15
2026-04-20 02:30:00,4800.105,4801.765,4794.565,4795.935,15
2026-04-20 02:45:00,4795.965,4797.275,4792.908,4796.905,15
2026-04-20 03:00:00,4796.935,4798.285,4790.098,4791.185,15
2026-04-20 03:15:00,4791.198,4795.745,4788.445,4794.895,15
2026-04-20 03:30:00,4794.795,4796.585,4789.575,4793.095,15
2026-04-20 03:45:00,4793.065,4794.485,4788.708,4790.645,15
2026-04-20 04:00:00,4790.975,4795.455,4790.508,4792.575,15
2026-04-20 04:15:00,4792.165,4795.575,4791.525,4794.455,15
2026-04-20 04:30:00,4794.415,4794.535,4786.858,4787.095,15
2026-04-20 04:45:00,4787.175,4793.055,4787.175,4788.715,15
2026-04-20 05:00:00,4788.785,4792.905,4784.195,4786.145,15
2026-04-20 05:15:00,4786.225,4789.325,4784.778,4787.715,15
2026-04-20 05:30:00,4787.725,4795.845,4779.285,4780.565,15
2026-04-20 05:45:00,4780.545,4792.935,4780.545,4790.705,15
2026-04-20 06:00:00,4790.665,4793.895,4785.405,4790.445,15
2026-04-20 06:15:00,4790.435,4790.485,4783.578,4785.835,15
2026-04-20 06:30:00,4785.875,4791.855,4785.275,4789.935,15
2026-04-20 06:45:00,4789.915,4795.305,4785.265,4795.255,15
2026-04-20 07:00:00,4795.635,4801.325,4793.695,4797.355,15
2026-04-20 07:15:00,4797.285,4805.605,4794.065,4797.665,15
2026-04-20 07:30:00,4797.645,4798.635,4789.955,4797.395,15
2026-04-20 07:45:00,4797.325,4797.455,4786.605,4789.465,15
2026-04-20 08:00:00,4789.445,4791.545,4785.835,4788.865,15
2026-04-20 08:15:00,4788.865,4792.365,4786.285,4791.785,15
2026-04-20 08:30:00,4791.785,4792.405,4788.395,4792.255,15
2026-04-20 08:45:00,4792.275,4796.125,4792.045,4796.085,15
2026-04-20 09:00:00,4796.025,4797.765,4793.245,4795.525,15
2026-04-20 09:15:00,4795.665,4795.665,4791.505,4791.995,15
2026-04-20 09:30:00,4792.405,4794.085,4783.235,4791.865,15
2026-04-20 09:45:00,4791.815,4796.875,4788.995,4791.335,15
2026-04-20 10:00:00,4791.315,4799.405,4789.485,4795.545,15
2026-04-20 10:15:00,4795.525,4800.765,4795.025,4797.955,15
2026-04-20 10:30:00,4798.005,4799.915,4794.815,4794.865,15
2026-04-20 10:45:00,4794.915,4796.955,4794.305,4795.685,15
2026-04-20 11:00:00,4795.575,4795.985,4786.675,4789.555,15
2026-04-20 11:15:00,4789.395,4790.755,4786.315,4788.155,15
2026-04-20 11:30:00,4788.135,4794.655,4787.455,4794.655,15
2026-04-20 11:45:00,4794.655,4810.775,4794.515,4810.395,15
2026-04-20 12:00:00,4810.325,4812.965,4802.605,4810.865,15
2026-04-20 12:15:00,4810.915,4821.848,4803.625,4805.375,15
2026-04-20 12:30:00,4805.345,4809.365,4798.795,4805.915,15
2026-04-20 12:45:00,4805.965,4808.305,4800.825,4803.295,15
2026-04-20 13:00:00,4803.245,4816.845,4799.365,4815.315,15
2026-04-20 13:15:00,4815.345,4825.805,4811.775,4824.148,15
2026-04-20 13:30:00,4824.148,4826.188,4815.515,4822.255,15
2026-04-20 13:45:00,4822.235,4824.295,4816.568,4817.545,15
2026-04-20 14:00:00,4817.855,4817.985,4806.655,4815.848,15
2026-04-20 14:15:00,4815.845,4826.465,4814.155,4823.025,15
2026-04-20 14:30:00,4823.055,4827.348,4810.155,4813.795,15
2026-04-20 14:45:00,4813.765,4814.515,4792.045,4804.895,15
2026-04-20 15:00:00,4804.858,4807.105,4792.425,4797.965,15
2026-04-20 15:15:00,4798.005,4809.315,4793.815,4807.845,15
2026-04-20 15:30:00,4808.055,4809.075,4799.185,4799.945,15
2026-04-20 15:45:00,4799.925,4801.465,4795.015,4799.495,15
2026-04-20 16:00:00,4799.515,4801.218,4793.975,4798.178,15
2026-04-20 16:15:00,4798.195,4801.765,4792.725,4800.975,15
2026-04-20 16:30:00,4801.025,4804.298,4798.655,4801.775,15
2026-04-20 16:45:00,4801.665,4806.065,4801.455,4805.225,15
2026-04-20 17:00:00,4805.445,4810.215,4803.558,4808.485,15
2026-04-20 17:15:00,4808.495,4811.205,4806.015,4809.865,15
2026-04-20 17:30:00,4809.955,4811.935,4804.808,4809.285,15
2026-04-20 17:45:00,4809.255,4809.555,4805.398,4806.515,15
2026-04-20 18:00:00,4806.535,4815.755,4806.535,4815.225,15
2026-04-20 18:15:00,4815.235,4815.365,4811.525,4813.068,15
2026-04-20 18:30:00,4813.068,4815.215,4810.498,4814.098,15
2026-04-20 18:45:00,4813.975,4816.198,4812.778,4813.798,15
2026-04-20 19:00:00,4813.588,4821.058,4813.478,4820.098,15
2026-04-20 19:15:00,4820.098,4820.168,4815.738,4816.698,15
2026-04-20 19:30:00,4816.698,4816.955,4810.055,4811.178,15
2026-04-20 19:45:00,4811.185,4814.165,4810.775,4814.135,15
2026-04-20 20:00:00,4813.978,4816.628,4812.475,4813.365,15
2026-04-20 20:15:00,4813.395,4816.725,4811.975,4815.735,15
2026-04-20 20:30:00,4815.675,4817.018,4812.655,4816.265,15
2026-04-20 20:45:00,4816.315,4821.705,4816.028,4820.265,15
2026-04-20 22:00:00,4821.098,4832.275,4819.395,4828.795,15
2026-04-20 22:15:00,4828.765,4832.845,4828.275,4828.565,15
2026-04-20 22:30:00,4828.505,4830.785,4824.895,4830.465,15
2026-04-20 22:45:00,4830.315,4831.545,4825.075,4827.318,15
2026-04-20 23:00:00,4827.078,4831.338,4823.638,4825.675,15
2026-04-20 23:15:00,4825.645,4826.725,4823.635,4825.555,15
2026-04-20 23:30:00,4825.515,4825.515,4822.635,4823.845,15
2026-04-20 23:45:00,4823.995,4824.535,4819.525,4821.485,15
2026-04-21 00:00:00,4821.795,4830.565,4820.045,4828.415,15
2026-04-21 00:15:00,4828.035,4829.085,4819.275,4819.505,15
2026-04-21 00:30:00,4819.915,4824.665,4816.575,4822.445,15
2026-04-21 00:45:00,4822.525,4826.005,4821.325,4823.825,15
2026-04-21 01:00:00,4823.845,4824.485,4812.825,4814.545,15
2026-04-21 01:15:00,4814.575,4818.485,4814.175,4818.225,15
2026-04-21 01:30:00,4818.075,4818.655,4808.945,4813.195,15
2026-04-21 01:45:00,4813.215,4813.815,4805.365,4809.798,15
2026-04-21 02:00:00,4809.805,4810.115,4805.715,4806.895,15
2026-04-21 02:15:00,4806.945,4808.445,4803.365,4807.325,15
2026-04-21 02:30:00,4807.275,4807.485,4802.225,4806.255,15
2026-04-21 02:45:00,4806.225,4807.805,4802.115,4806.595,15
2026-04-21 03:00:00,4806.645,4807.555,4800.015,4800.245,15
2026-04-21 03:15:00,4800.295,4802.025,4793.335,4798.385,15
2026-04-21 03:30:00,4798.325,4799.645,4792.345,4794.795,15
2026-04-21 03:45:00,4794.765,4797.585,4793.445,4796.945,15
2026-04-21 04:00:00,4797.155,4797.675,4793.318,4793.778,15
2026-04-21 04:15:00,4793.758,4796.365,4790.928,4791.875,15
2026-04-21 04:30:00,4791.835,4794.105,4789.395,4791.385,15
2026-04-21 04:45:00,4791.405,4793.265,4788.465,4788.765,15
2026-04-21 05:00:00,4789.055,4792.835,4785.675,4789.375,15
2026-04-21 05:15:00,4789.405,4791.135,4785.545,4787.385,15
2026-04-21 05:30:00,4787.365,4796.725,4786.565,4796.115,15
2026-04-21 05:45:00,4796.155,4796.415,4782.785,4783.925,15
2026-04-21 06:00:00,4783.945,4790.535,4775.365,4784.845,15
2026-04-21 06:15:00,4784.835,4785.815,4775.575,4778.555,15
2026-04-21 06:30:00,4778.615,4782.245,4775.815,4780.175,15
2026-04-21 06:45:00,4780.125,4783.245,4774.298,4778.535,15
2026-04-21 07:00:00,4778.065,4785.438,4772.395,4782.358,15
2026-04-21 07:15:00,4782.838,4787.248,4780.085,4783.165,15
2026-04-21 07:30:00,4783.165,4786.975,4780.458,4786.295,15
2026-04-21 07:45:00,4786.235,4792.405,4784.005,4785.548,15
2026-04-21 08:00:00,4785.495,4787.315,4774.318,4775.598,15
2026-04-21 08:15:00,4775.565,4789.045,4774.858,4787.055,15
2026-04-21 08:30:00,4786.965,4792.715,4784.595,4791.515,15
2026-04-21 08:45:00,4791.535,4792.735,4785.895,4785.895,15
2026-04-21 09:00:00,4786.250,4786.765,4781.235,4784.085,15
2026-04-21 09:15:00,4784.065,4787.775,4780.895,4781.978,15
2026-04-21 09:30:00,4781.948,4787.365,4781.665,4787.105,15
2026-04-21 09:45:00,4787.175,4789.345,4783.075,4783.415,15
2026-04-21 10:00:00,4783.435,4785.675,4782.125,4782.685,15
2026-04-21 10:15:00,4782.865,4784.715,4780.545,4782.715,15
2026-04-21 10:30:00,4782.875,4787.735,4782.365,4786.115,15
2026-04-21 10:45:00,4786.095,4790.295,4785.955,4789.685,15
2026-04-21 11:00:00,4789.655,4790.055,4775.195,4781.605,15
2026-04-21 11:15:00,4781.545,4784.245,4779.005,4783.295,15
2026-04-21 11:30:00,4783.265,4794.855,4782.995,4793.005,15
2026-04-21 11:45:00,4793.095,4797.935,4791.545,4794.415,15
2026-04-21 12:00:00,4794.595,4796.895,4790.658,4790.835,15
2026-04-21 12:15:00,4790.775,4791.425,4778.955,4779.925,15
2026-04-21 12:30:00,4779.945,4790.305,4764.475,4778.675,15
2026-04-21 12:45:00,4778.615,4782.805,4775.975,4778.535,15
2026-04-21 13:00:00,4778.955,4783.715,4764.525,4764.955,15
2026-04-21 13:15:00,4765.085,4775.175,4759.585,4774.685,15
2026-04-21 13:30:00,4774.455,4792.465,4769.925,4788.915,15
2026-04-21 13:45:00,4788.875,4794.165,4777.075,4778.825,15
2026-04-21 14:00:00,4778.795,4782.485,4773.135,4778.325,15
2026-04-21 14:15:00,4778.255,4780.405,4769.515,4773.925,15
2026-04-21 14:30:00,4773.845,4774.925,4743.585,4744.715,15
2026-04-21 14:45:00,4744.625,4745.515,4723.360,4738.915,15
2026-04-21 15:00:00,4739.095,4750.625,4727.595,4747.785,15
2026-04-21 15:15:00,4747.815,4757.385,4741.665,4742.245,15
2026-04-21 15:30:00,4742.265,4747.545,4736.615,4745.545,15
2026-04-21 15:45:00,4745.585,4749.885,4738.555,4741.425,15
2026-04-21 16:00:00,4741.385,4746.860,4726.635,4730.105,15
2026-04-21 16:15:00,4729.935,4733.945,4719.745,4720.545,15
2026-04-21 16:30:00,4720.585,4727.415,4719.348,4720.718,15
2026-04-21 16:45:00,4720.718,4722.565,4708.065,4710.865,15
2026-04-21 17:00:00,4710.935,4718.955,4700.865,4706.205,15
2026-04-21 17:15:00,4706.125,4708.475,4697.415,4699.625,15
2026-04-21 17:30:00,4699.815,4722.055,4696.645,4717.495,15
2026-04-21 17:45:00,4717.535,4718.298,4705.745,4710.875,15
2026-04-21 18:00:00,4710.785,4714.455,4703.475,4704.255,15
2026-04-21 18:15:00,4704.225,4704.665,4692.088,4696.245,15
2026-04-21 18:30:00,4696.265,4703.505,4696.265,4702.905,15
2026-04-21 18:45:00,4702.905,4713.805,4698.805,4709.165,15
2026-04-21 19:00:00,4709.605,4712.755,4704.078,4707.085,15
2026-04-21 19:15:00,4707.085,4714.825,4704.845,4713.715,15
2026-04-21 19:30:00,4713.785,4714.565,4668.275,4671.445,15
2026-04-21 19:45:00,4671.795,4685.525,4670.725,4678.875,15
2026-04-21 20:00:00,4678.875,4702.045,4668.685,4696.755,15
2026-04-21 20:15:00,4697.375,4711.035,4694.525,4705.395,15
2026-04-21 20:30:00,4705.425,4713.525,4705.028,4711.175,15
2026-04-21 20:45:00,4711.138,4720.585,4709.218,4720.045,15
2026-04-21 22:00:00,4720.145,4729.035,4715.055,4721.565,15
2026-04-21 22:15:00,4721.535,4721.635,4716.165,4718.775,15
2026-04-21 22:30:00,4718.745,4719.375,4715.765,4716.655,15
2026-04-21 22:45:00,4716.645,4719.795,4715.275,4718.998,15
2026-04-21 23:00:00,4718.968,4729.535,4717.528,4727.195,15
2026-04-21 23:15:00,4727.175,4732.845,4726.085,4729.755,15
2026-04-21 23:30:00,4729.805,4733.605,4728.665,4731.525,15
2026-04-21 23:45:00,4731.495,4740.345,4731.285,4737.795,15
2026-04-22 00:00:00,4737.765,4747.305,4737.765,4742.645,15
2026-04-22 00:15:00,4742.675,4745.565,4740.168,4742.295,15
2026-04-22 00:30:00,4742.265,4746.845,4741.175,4741.915,15
2026-04-22 00:45:00,4741.895,4746.575,4738.258,4739.595,15
2026-04-22 01:00:00,4739.505,4745.005,4735.565,4738.075,15
2026-04-22 01:15:00,4737.955,4749.005,4737.655,4746.105,15
2026-04-22 01:30:00,4746.075,4753.635,4746.055,4749.575,15
2026-04-22 01:45:00,4749.545,4754.585,4747.755,4751.985,15
2026-04-22 02:00:00,4752.205,4755.865,4749.728,4755.515,15
2026-04-22 02:15:00,4755.445,4757.815,4753.335,4755.355,15
2026-04-22 02:30:00,4755.375,4758.495,4751.155,4751.195,15
2026-04-22 02:45:00,4751.088,4757.055,4750.835,4755.525,15
2026-04-22 03:00:00,4755.485,4760.735,4752.705,4757.315,15
2026-04-22 03:15:00,4757.365,4763.125,4756.555,4762.915,15
2026-04-22 03:30:00,4762.835,4764.795,4756.575,4758.925,15
2026-04-22 03:45:00,4758.988,4760.455,4756.915,4757.965,15
2026-04-22 04:00:00,4757.935,4759.395,4756.538,4757.165,15
2026-04-22 04:15:00,4757.205,4757.665,4754.138,4755.665,15
2026-04-22 04:30:00,4755.625,4757.125,4752.498,4756.195,15
2026-04-22 04:45:00,4756.058,4759.128,4751.868,4754.355,15
2026-04-22 05:00:00,4754.375,4756.695,4751.965,4756.545,15
2026-04-22 05:15:00,4756.525,4771.385,4755.925,4765.885,15
2026-04-22 05:30:00,4765.895,4769.285,4763.535,4767.135,15
2026-04-22 05:45:00,4767.165,4771.935,4763.915,4767.345,15
2026-04-22 06:00:00,4767.335,4767.575,4758.595,4762.595,15
2026-04-22 06:15:00,4762.585,4767.145,4760.315,4766.875,15
2026-04-22 06:30:00,4766.625,4767.595,4763.525,4763.535,15
2026-04-22 06:45:00,4763.505,4767.685,4763.125,4767.555,15
2026-04-22 07:00:00,4767.525,4772.165,4764.965,4765.495,15
2026-04-22 07:15:00,4765.455,4767.805,4762.395,4765.875,15
2026-04-22 07:30:00,4765.855,4766.338,4761.965,4763.615,15
2026-04-22 07:45:00,4763.635,4764.145,4759.345,4760.245,15
2026-04-22 08:00:00,4760.315,4762.065,4757.555,4757.775,15
2026-04-22 08:15:00,4757.845,4759.825,4753.945,4754.125,15
2026-04-22 08:30:00,4754.095,4756.815,4751.645,4755.915,15
2026-04-22 08:45:00,4755.825,4758.245,4753.525,4756.815,15
2026-04-22 09:00:00,4756.845,4761.665,4756.475,4760.445,15
2026-04-22 09:15:00,4760.415,4761.625,4756.165,4756.165,15
2026-04-22 09:30:00,4756.108,4762.285,4754.875,4758.285,15
2026-04-22 09:45:00,4758.305,4759.015,4752.315,4755.065,15
2026-04-22 10:00:00,4755.235,4757.595,4745.585,4748.395,15
2026-04-22 10:15:00,4748.395,4755.905,4748.245,4754.425,15
2026-04-22 10:30:00,4754.465,4759.335,4753.368,4756.305,15
2026-04-22 10:45:00,4756.325,4760.125,4755.025,4759.045,15
2026-04-22 11:00:00,4759.075,4760.315,4756.265,4757.135,15
2026-04-22 11:15:00,4757.075,4760.625,4756.188,4757.055,15
2026-04-22 11:30:00,4757.075,4759.635,4748.225,4748.365,15
2026-04-22 11:45:00,4748.395,4753.015,4747.655,4750.115,15
2026-04-22 12:00:00,4750.155,4757.285,4749.405,4752.095,15
2026-04-22 12:15:00,4752.125,4759.495,4746.925,4752.925,15
2026-04-22 12:30:00,4752.985,4754.085,4745.435,4746.565,15
2026-04-22 12:45:00,4746.485,4748.125,4742.655,4744.035,15
2026-04-22 13:00:00,4744.065,4750.525,4738.995,4742.145,15
2026-04-22 13:15:00,4742.175,4749.905,4736.195,4749.798,15
2026-04-22 13:30:00,4749.758,4756.375,4742.015,4755.155,15
2026-04-22 13:45:00,4755.255,4760.825,4750.645,4752.735,15
2026-04-22 14:00:00,4752.685,4757.325,4742.125,4745.225,15
2026-04-22 14:15:00,4745.255,4750.535,4742.915,4743.725,15
2026-04-22 14:30:00,4743.705,4744.415,4729.835,4733.125,15
2026-04-22 14:45:00,4733.065,4739.495,4732.038,4735.825,15
2026-04-22 15:00:00,4735.885,4740.045,4734.265,4737.575,15
2026-04-22 15:15:00,4737.605,4737.605,4729.595,4735.085,15
2026-04-22 15:30:00,4735.105,4735.335,4725.875,4727.018,15
2026-04-22 15:45:00,4727.175,4731.205,4724.815,4727.415,15
2026-04-22 16:00:00,4727.395,4734.765,4725.655,4730.115,15
2026-04-22 16:15:00,4730.135,4730.315,4724.015,4726.905,15
2026-04-22 16:30:00,4726.905,4731.945,4723.685,4728.015,15
2026-04-22 16:45:00,4727.865,4730.685,4726.115,4728.495,15
2026-04-22 17:00:00,4728.495,4739.285,4728.385,4735.085,15
2026-04-22 17:15:00,4735.145,4737.475,4732.605,4734.945,15
2026-04-22 17:30:00,4735.215,4738.035,4734.238,4736.005,15
2026-04-22 17:45:00,4736.145,4738.235,4733.445,4736.915,15
2026-04-22 18:00:00,4736.935,4738.465,4734.875,4735.575,15
2026-04-22 18:15:00,4735.335,4735.785,4729.725,4730.045,15
2026-04-22 18:30:00,4730.145,4739.455,4730.075,4739.375,15
2026-04-22 18:45:00,4739.165,4749.565,4738.635,4741.525,15
2026-04-22 19:00:00,4741.545,4743.405,4736.685,4738.425,15
2026-04-22 19:15:00,4738.435,4745.265,4738.005,4744.195,15
2026-04-22 19:30:00,4744.455,4744.535,4738.285,4739.105,15
2026-04-22 19:45:00,4739.185,4741.715,4736.795,4739.985,15
2026-04-22 20:00:00,4740.025,4740.295,4734.605,4735.815,15
2026-04-22 20:15:00,4735.835,4737.525,4734.265,4736.755,15
2026-04-22 20:30:00,4736.755,4739.315,4736.075,4737.315,15
2026-04-22 20:45:00,4737.285,4740.525,4737.045,4739.355,15
2026-04-22 22:00:00,4739.945,4746.245,4735.738,4736.235,15
2026-04-22 22:15:00,4736.345,4738.095,4732.215,4732.675,15
2026-04-22 22:30:00,4732.795,4735.095,4729.565,4729.725,15
2026-04-22 22:45:00,4729.745,4731.725,4725.205,4725.638,15
2026-04-22 23:00:00,4725.638,4728.085,4723.008,4725.635,15
2026-04-22 23:15:00,4725.655,4729.715,4725.115,4727.855,15
2026-04-22 23:30:00,4727.895,4727.895,4723.535,4724.255,15
2026-04-22 23:45:00,4724.235,4728.945,4724.235,4727.525,15
2026-04-23 00:00:00,4727.505,4727.905,4698.535,4699.205,15
2026-04-23 00:15:00,4699.285,4742.095,4693.638,4741.235,15
2026-04-23 00:30:00,4741.275,4751.808,4740.935,4744.565,15
2026-04-23 00:45:00,4744.545,4753.585,4743.325,4747.815,15
2026-04-23 01:00:00,4747.485,4749.675,4735.735,4736.655,15
2026-04-23 01:15:00,4736.675,4738.445,4726.915,4728.015,15
2026-04-23 01:30:00,4728.045,4735.535,4725.655,4733.425,15
2026-04-23 01:45:00,4733.445,4736.785,4722.255,4723.045,15
2026-04-23 02:00:00,4723.165,4724.535,4706.285,4706.985,15
2026-04-23 02:15:00,4706.885,4717.955,4704.685,4713.815,15
2026-04-23 02:30:00,4713.785,4715.495,4700.145,4701.085,15
2026-04-23 02:45:00,4701.045,4707.075,4698.145,4698.745,15
2026-04-23 03:00:00,4698.695,4708.455,4698.095,4701.825,15
2026-04-23 03:15:00,4701.855,4705.605,4697.985,4702.895,15
2026-04-23 03:30:00,4702.925,4706.795,4700.618,4704.535,15
2026-04-23 03:45:00,4704.625,4707.255,4702.255,4703.705,15
2026-04-23 04:00:00,4703.705,4706.165,4700.475,4706.035,15
2026-04-23 04:15:00,4706.055,4706.945,4702.525,4705.375,15
2026-04-23 04:30:00,4705.245,4706.885,4701.275,4701.465,15
2026-04-23 04:45:00,4701.435,4704.355,4698.455,4704.115,15
2026-04-23 05:00:00,4704.155,4710.105,4703.065,4707.505,15
2026-04-23 05:15:00,4707.505,4709.155,4705.085,4705.565,15
2026-04-23 05:30:00,4705.705,4707.115,4692.078,4701.485,15
2026-04-23 05:45:00,4701.455,4715.225,4701.445,4713.095,15
2026-04-23 06:00:00,4713.215,4718.075,4710.425,4711.675,15
2026-04-23 06:15:00,4711.675,4714.135,4708.305,4711.815,15
2026-04-23 06:30:00,4711.785,4717.025,4708.875,4714.925,15
2026-04-23 06:45:00,4715.015,4721.035,4711.745,4712.665,15
2026-04-23 07:00:00,4712.615,4716.235,4707.215,4712.105,15
2026-04-23 07:15:00,4712.065,4713.715,4702.945,4705.885,15
2026-04-23 07:30:00,4705.785,4713.585,4703.245,4713.515,15
2026-04-23 07:45:00,4713.485,4720.345,4713.165,4719.045,15
2026-04-23 08:00:00,4718.965,4724.695,4717.305,4718.155,15
2026-04-23 08:15:00,4718.155,4721.645,4714.805,4715.115,15
2026-04-23 08:30:00,4715.405,4716.055,4703.275,4703.635,15
2026-04-23 08:45:00,4703.545,4707.355,4701.395,4703.155,15
2026-04-23 09:00:00,4703.105,4703.515,4694.575,4696.815,15
2026-04-23 09:15:00,4696.745,4702.975,4695.455,4700.715,15
2026-04-23 09:30:00,4700.715,4702.955,4698.815,4700.745,15
2026-04-23 09:45:00,4700.715,4702.075,4694.515,4697.395,15
2026-04-23 10:00:00,4697.125,4701.525,4685.015,4688.925,15
2026-04-23 10:15:00,4688.835,4692.475,4684.205,4686.535,15
2026-04-23 10:30:00,4686.625,4696.785,4684.095,4690.575,15
2026-04-23 10:45:00,4690.545,4697.055,4689.235,4696.425,15
2026-04-23 11:00:00,4696.465,4700.085,4695.285,4697.745,15
2026-04-23 11:15:00,4697.515,4703.165,4696.275,4699.045,15
2026-04-23 11:30:00,4699.175,4705.795,4696.395,4705.215,15
2026-04-23 11:45:00,4705.235,4720.825,4704.685,4720.515,15
2026-04-23 12:00:00,4720.585,4738.538,4719.525,4729.035,15
2026-04-23 12:15:00,4729.025,4734.825,4725.795,4733.055,15
2026-04-23 12:30:00,4731.586,4742.365,4731.341,4739.295,15
2026-04-23 12:45:00,4739.275,4742.985,4731.325,4739.905,15
2026-04-23 13:00:00,4740.005,4740.615,4723.675,4725.425,15
2026-04-23 13:15:00,4725.495,4730.615,4725.195,4727.245,15
2026-04-23 13:30:00,4727.285,4735.515,4724.465,4733.918,15
2026-04-23 13:45:00,4733.918,4741.095,4724.085,4724.225,15
2026-04-23 14:00:00,4724.115,4728.605,4716.775,4724.045,15
2026-04-23 14:15:00,4723.985,4735.755,4723.285,4731.205,15
2026-04-23 14:30:00,4731.185,4734.535,4725.625,4730.725,15
2026-04-23 14:45:00,4730.755,4736.465,4727.795,4733.495,15
2026-04-23 15:00:00,4733.515,4734.685,4726.615,4730.635,15
2026-04-23 15:15:00,4730.655,4740.905,4729.655,4733.365,15
2026-04-23 15:30:00,4733.405,4734.635,4727.875,4727.945,15
2026-04-23 15:45:00,4727.995,4728.435,4715.975,4720.275,15
2026-04-23 16:00:00,4720.345,4722.335,4715.405,4719.235,15
2026-04-23 16:15:00,4719.175,4724.895,4718.805,4723.055,15
2026-04-23 16:30:00,4722.865,4734.465,4722.515,4733.905,15
2026-04-23 16:45:00,4733.915,4736.985,4730.455,4732.835,15
2026-04-23 17:00:00,4732.825,4734.385,4705.505,4715.875,15
2026-04-23 17:15:00,4715.875,4717.735,4704.305,4706.245,15
2026-04-23 17:30:00,4706.205,4713.825,4672.935,4677.315,15
2026-04-23 17:45:00,4677.425,4710.685,4664.045,4709.135,15
2026-04-23 18:00:00,4709.185,4721.915,4707.675,4713.735,15
2026-04-23 18:15:00,4713.655,4716.665,4710.245,4716.475,15
2026-04-23 18:30:00,4716.505,4720.125,4707.095,4711.145,15
2026-04-23 18:45:00,4711.195,4711.805,4699.165,4700.745,15
2026-04-23 19:00:00,4700.665,4704.345,4692.525,4696.165,15
2026-04-23 19:15:00,4696.225,4702.525,4695.335,4699.985,15
2026-04-23 19:30:00,4699.965,4701.005,4689.195,4692.215,15
2026-04-23 19:45:00,4692.235,4699.965,4692.005,4695.915,15
2026-04-23 20:00:00,4695.945,4698.045,4690.395,4690.545,15
2026-04-23 20:15:00,4690.435,4692.415,4686.415,4689.145,15
2026-04-23 20:30:00,4689.195,4691.455,4687.955,4691.075,15
2026-04-23 20:45:00,4691.115,4694.365,4688.275,4692.355,15
2026-04-23 22:00:00,4698.245,4702.195,4694.315,4697.105,15
2026-04-23 22:15:00,4697.045,4697.105,4692.055,4692.575,15
2026-04-23 22:30:00,4692.635,4696.365,4690.495,4693.435,15
2026-04-23 22:45:00,4693.445,4694.345,4689.845,4692.865,15
2026-04-23 23:00:00,4692.765,4695.138,4689.455,4689.455,15
2026-04-23 23:15:00,4689.485,4694.375,4686.625,4694.175,15
2026-04-23 23:30:00,4694.295,4700.515,4693.285,4697.105,15
2026-04-23 23:45:00,4697.145,4699.415,4691.905,4695.025,15
2026-04-24 00:00:00,4695.025,4699.875,4690.495,4697.865,15
2026-04-24 00:15:00,4697.995,4705.485,4696.285,4705.275,15
2026-04-24 00:30:00,4705.255,4707.775,4701.035,4701.385,15
2026-04-24 00:45:00,4701.425,4705.665,4697.115,4704.365,15
2026-04-24 01:00:00,4704.345,4709.765,4695.535,4709.155,15
2026-04-24 01:15:00,4709.125,4710.935,4698.055,4698.125,15
2026-04-24 01:30:00,4698.185,4702.015,4690.085,4690.565,15
2026-04-24 01:45:00,4690.595,4700.315,4690.025,4699.225,15
2026-04-24 02:00:00,4699.195,4700.335,4689.895,4692.945,15
2026-04-24 02:15:00,4692.965,4696.065,4681.845,4683.405,15
2026-04-24 02:30:00,4683.365,4690.865,4680.005,4683.205,15
2026-04-24 02:45:00,4683.235,4683.895,4672.965,4676.445,15
2026-04-24 03:00:00,4676.415,4678.035,4668.305,4670.215,15
2026-04-24 03:15:00,4670.445,4677.925,4670.045,4674.305,15
2026-04-24 03:30:00,4674.335,4678.065,4672.645,4674.965,15
2026-04-24 03:45:00,4674.915,4676.775,4671.095,4671.975,15
2026-04-24 04:00:00,4671.665,4674.355,4667.255,4669.715,15
2026-04-24 04:15:00,4669.745,4670.505,4658.545,4659.335,15
2026-04-24 04:30:00,4659.275,4668.395,4657.485,4667.975,15
2026-04-24 04:45:00,4668.075,4676.795,4667.945,4674.205,15
2026-04-24 05:00:00,4674.275,4676.635,4669.335,4673.405,15
2026-04-24 05:15:00,4673.385,4678.395,4671.745,4676.335,15
2026-04-24 05:30:00,4676.315,4687.115,4676.295,4682.445,15
2026-04-24 05:45:00,4682.455,4686.745,4680.025,4686.345,15
2026-04-24 06:00:00,4686.375,4688.035,4680.928,4681.645,15
2026-04-24 06:15:00,4681.645,4681.778,4669.895,4671.375,15
2026-04-24 06:30:00,4671.345,4676.005,4669.528,4673.605,15
2026-04-24 06:45:00,4673.605,4676.465,4666.515,4671.685,15
2026-04-24 07:00:00,4671.605,4681.255,4670.735,4680.405,15
2026-04-24 07:15:00,4680.365,4684.685,4678.045,4684.245,15
2026-04-24 07:30:00,4684.185,4686.065,4682.155,4685.435,15
2026-04-24 07:45:00,4685.415,4694.995,4685.135,4694.285,15
2026-04-24 08:00:00,4694.245,4694.415,4686.265,4687.275,15
2026-04-24 08:15:00,4687.375,4697.315,4686.525,4687.715,15
2026-04-24 08:30:00,4687.715,4690.015,4684.925,4687.955,15
2026-04-24 08:45:00,4687.905,4692.775,4687.575,4690.615,15
2026-04-24 09:00:00,4690.635,4695.235,4689.425,4695.135,15
2026-04-24 09:15:00,4695.065,4696.535,4682.015,4683.095,15
2026-04-24 09:30:00,4683.105,4688.395,4679.235,4685.785,15
2026-04-24 09:45:00,4685.815,4686.675,4679.115,4681.815,15
2026-04-24 10:00:00,4681.805,4684.565,4680.695,4682.185,15
2026-04-24 10:15:00,4682.125,4686.075,4680.215,4682.085,15
2026-04-24 10:30:00,4682.085,4682.255,4674.455,4678.855,15
2026-04-24 10:45:00,4678.975,4680.535,4676.435,4677.625,15
2026-04-24 11:00:00,4677.565,4703.075,4677.565,4696.965,15
2026-04-24 11:15:00,4696.965,4716.945,4692.265,4715.205,15
2026-04-24 11:30:00,4715.225,4717.195,4704.975,4705.255,15
2026-04-24 11:45:00,4705.135,4708.085,4702.725,4706.685,15
2026-04-24 12:00:00,4706.705,4710.205,4703.195,4708.495,15
2026-04-24 12:15:00,4708.535,4711.625,4701.335,4709.995,15
2026-04-24 12:30:00,4709.975,4711.455,4698.495,4698.605,15
2026-04-24 12:45:00,4698.635,4700.915,4690.155,4700.555,15
2026-04-24 13:00:00,4700.765,4705.485,4695.945,4702.825,15
2026-04-24 13:15:00,4702.795,4705.045,4693.385,4696.925,15
2026-04-24 13:30:00,4696.845,4709.775,4689.545,4708.105,15
2026-04-24 13:45:00,4708.285,4717.185,4704.485,4710.665,15
2026-04-24 14:00:00,4711.475,4739.995,4706.725,4731.425,15
2026-04-24 14:15:00,4731.285,4733.875,4721.315,4725.325,15
2026-04-24 14:30:00,4725.435,4732.735,4723.495,4730.235,15
2026-04-24 14:45:00,4730.235,4731.035,4723.815,4726.225,15
2026-04-24 15:00:00,4726.275,4727.065,4718.755,4721.795,15
2026-04-24 15:15:00,4721.605,4726.245,4718.475,4721.785,15
2026-04-24 15:30:00,4721.785,4729.335,4714.475,4727.555,15
2026-04-24 15:45:00,4727.635,4733.155,4723.805,4726.935,15
2026-04-24 16:00:00,4726.935,4729.565,4720.165,4720.455,15
2026-04-24 16:15:00,4720.385,4725.715,4718.965,4723.215,15
2026-04-24 16:30:00,4723.215,4726.965,4719.065,4722.375,15
2026-04-24 16:45:00,4722.355,4727.595,4720.185,4726.655,15
2026-04-24 17:00:00,4726.655,4730.065,4725.435,4727.735,15
2026-04-24 17:15:00,4727.495,4729.195,4722.055,4722.628,15
2026-04-24 17:30:00,4722.628,4725.385,4718.785,4722.395,15
2026-04-24 17:45:00,4722.395,4727.695,4720.365,4723.245,15
2026-04-24 18:00:00,4723.245,4724.715,4719.735,4723.615,15
2026-04-24 18:15:00,4723.565,4724.175,4716.805,4716.875,15
2026-04-24 18:30:00,4716.905,4720.345,4716.605,4718.715,15
2026-04-24 18:45:00,4718.645,4723.075,4717.588,4722.585,15
2026-04-24 19:00:00,4722.625,4725.995,4720.825,4722.245,15
2026-04-24 19:15:00,4722.155,4723.165,4717.295,4718.845,15
2026-04-24 19:30:00,4718.775,4720.455,4715.835,4716.525,15
2026-04-24 19:45:00,4716.495,4718.435,4713.515,4716.265,15
2026-04-24 20:00:00,4716.115,4717.245,4705.165,4706.515,15
2026-04-24 20:15:00,4706.495,4709.138,4705.085,4707.895,15
2026-04-24 20:30:00,4707.845,4708.675,4705.098,4707.105,15
2026-04-24 20:45:00,4707.105,4710.035,4706.215,4707.865,15
2026-04-26 22:00:00,4697.248,4703.995,4679.945,4685.185,15
2026-04-26 22:15:00,4685.205,4688.435,4682.745,4686.585,15
2026-04-26 22:30:00,4686.555,4686.555,4681.855,4684.165,15
2026-04-26 22:45:00,4684.145,4685.638,4681.495,4684.078,15
2026-04-26 23:00:00,4684.078,4684.705,4677.075,4683.415,15
2026-04-26 23:15:00,4683.445,4684.315,4676.985,4677.095,15
2026-04-26 23:30:00,4677.055,4679.655,4674.655,4676.685,15
2026-04-26 23:45:00,4676.725,4681.915,4676.725,4679.825,15
2026-04-27 00:00:00,4679.715,4680.855,4672.025,4679.595,15
2026-04-27 00:15:00,4679.605,4682.035,4677.405,4680.545,15
2026-04-27 00:30:00,4680.525,4681.275,4676.585,4680.465,15
2026-04-27 00:45:00,4680.465,4698.145,4680.425,4697.605,15
2026-04-27 01:00:00,4697.555,4709.605,4691.865,4692.535,15
2026-04-27 01:15:00,4692.375,4698.675,4690.535,4697.895,15
2026-04-27 01:30:00,4697.865,4700.565,4695.515,4697.655,15
2026-04-27 01:45:00,4697.605,4706.335,4697.495,4702.415,15
2026-04-27 02:00:00,4702.445,4706.395,4696.045,4699.485,15
2026-04-27 02:15:00,4699.345,4708.035,4698.735,4705.455,15
2026-04-27 02:30:00,4705.475,4714.235,4704.135,4713.295,15
2026-04-27 02:45:00,4713.435,4723.175,4711.865,4718.055,15
2026-04-27 03:00:00,4717.925,4722.015,4716.095,4717.565,15
2026-04-27 03:15:00,4717.515,4718.315,4714.105,4715.425,15
2026-04-27 03:30:00,4715.505,4729.315,4715.005,4728.105,15
2026-04-27 03:45:00,4728.135,4728.575,4722.135,4723.925,15
2026-04-27 04:00:00,4723.945,4727.815,4723.365,4727.215,15
2026-04-27 04:15:00,4727.245,4727.785,4724.695,4726.715,15
2026-04-27 04:30:00,4726.755,4729.875,4725.115,4725.915,15
2026-04-27 04:45:00,4725.875,4726.285,4722.495,4724.775,15
2026-04-27 05:00:00,4724.805,4725.185,4717.935,4718.075,15
2026-04-27 05:15:00,4718.035,4719.735,4715.745,4718.015,15
2026-04-27 05:30:00,4718.015,4718.175,4708.765,4711.465,15
2026-04-27 05:45:00,4711.435,4713.375,4708.425,4709.875,15
2026-04-27 06:00:00,4709.885,4715.565,4709.135,4714.335,15
2026-04-27 06:15:00,4714.305,4715.485,4711.215,4714.215,15
2026-04-27 06:30:00,4714.165,4714.255,4708.945,4710.535,15
2026-04-27 06:45:00,4710.505,4715.265,4709.825,4712.595,15
2026-04-27 07:00:00,4712.538,4718.195,4710.565,4716.995,15
2026-04-27 07:15:00,4716.995,4718.205,4712.135,4715.985,15
2026-04-27 07:30:00,4715.935,4717.205,4713.335,4714.765,15
2026-04-27 07:45:00,4714.765,4716.735,4709.785,4713.235,15
2026-04-27 08:00:00,4713.285,4714.405,4710.095,4710.915,15
2026-04-27 08:15:00,4710.925,4714.065,4709.345,4710.655,15
2026-04-27 08:30:00,4710.655,4711.805,4705.305,4711.775,15
2026-04-27 08:45:00,4711.795,4714.575,4705.405,4706.735,15
2026-04-27 09:00:00,4706.805,4708.145,4702.625,4705.085,15
2026-04-27 09:15:00,4705.065,4706.605,4701.445,4702.135,15
2026-04-27 09:30:00,4702.135,4705.355,4699.155,4704.535,15
2026-04-27 09:45:00,4704.475,4704.535,4699.405,4703.555,15
2026-04-27 10:00:00,4703.575,4706.755,4701.485,4701.845,15
2026-04-27 10:15:00,4701.865,4705.765,4699.405,4704.975,15
2026-04-27 10:30:00,4704.995,4710.505,4704.525,4708.955,15
2026-04-27 10:45:00,4709.095,4710.865,4707.015,4708.765,15
2026-04-27 11:00:00,4708.795,4709.075,4703.825,4703.935,15
2026-04-27 11:15:00,4703.955,4706.935,4700.135,4705.105,15
2026-04-27 11:30:00,4705.015,4708.495,4700.005,4702.555,15
2026-04-27 11:45:00,4702.505,4705.255,4700.785,4704.785,15
2026-04-27 12:00:00,4704.825,4709.165,4702.375,4708.835,15
2026-04-27 12:15:00,4708.855,4712.475,4701.885,4706.895,15
2026-04-27 12:30:00,4706.895,4707.635,4696.905,4698.685,15
2026-04-27 12:45:00,4698.585,4704.295,4696.675,4699.015,15
2026-04-27 13:00:00,4699.045,4700.505,4693.125,4695.825,15
2026-04-27 13:15:00,4695.835,4703.305,4695.365,4699.785,15
2026-04-27 13:30:00,4699.865,4702.475,4688.825,4693.195,15
2026-04-27 13:45:00,4693.225,4697.285,4689.155,4695.935,15
2026-04-27 14:00:00,4695.945,4696.075,4687.835,4692.365,15
2026-04-27 14:15:00,4692.365,4696.435,4686.065,4688.805,15
2026-04-27 14:30:00,4688.885,4696.585,4683.365,4693.315,15
2026-04-27 14:45:00,4693.455,4693.915,4676.395,4678.005,15
2026-04-27 15:00:00,4678.045,4679.265,4667.055,4674.395,15
2026-04-27 15:15:00,4674.375,4681.015,4671.745,4681.015,15
2026-04-27 15:30:00,4681.015,4682.345,4676.835,4677.325,15
2026-04-27 15:45:00,4677.215,4677.885,4667.635,4669.805,15
2026-04-27 16:00:00,4669.805,4674.805,4667.055,4674.445,15
2026-04-27 16:15:00,4674.415,4677.655,4673.565,4676.175,15
2026-04-27 16:30:00,4676.195,4679.325,4674.165,4674.655,15
2026-04-27 16:45:00,4674.655,4677.905,4674.545,4676.525,15
2026-04-27 17:00:00,4676.525,4678.375,4671.525,4673.575,15
2026-04-27 17:15:00,4673.575,4679.815,4668.115,4679.625,15
2026-04-27 17:30:00,4679.835,4685.935,4679.275,4682.975,15
2026-04-27 17:45:00,4682.975,4684.285,4680.855,4682.015,15
2026-04-27 18:00:00,4682.035,4682.605,4678.765,4681.295,15
2026-04-27 18:15:00,4681.195,4685.325,4680.425,4683.905,15
2026-04-27 18:30:00,4683.875,4685.225,4682.345,4682.685,15
2026-04-27 18:45:00,4682.665,4684.885,4680.465,4680.465,15
2026-04-27 19:00:00,4680.445,4681.045,4678.295,4680.105,15
2026-04-27 19:15:00,4680.095,4682.505,4679.625,4682.065,15
2026-04-27 19:30:00,4682.175,4682.275,4676.485,4679.745,15
2026-04-27 19:45:00,4679.805,4681.165,4678.215,4680.695,15
2026-04-27 20:00:00,4680.665,4681.245,4677.175,4678.995,15
2026-04-27 20:15:00,4678.955,4680.595,4678.375,4679.585,15
2026-04-27 20:30:00,4679.695,4680.315,4678.525,4679.975,15
2026-04-27 20:45:00,4679.955,4682.315,4678.185,4680.565,15
2026-04-27 22:00:00,4681.698,4690.955,4681.175,4689.055,15
2026-04-27 22:15:00,4688.975,4689.685,4686.645,4688.745,15
2026-04-27 22:30:00,4688.785,4689.565,4685.995,4687.025,15
2026-04-27 22:45:00,4687.055,4687.715,4685.925,4687.455,15
2026-04-27 23:00:00,4687.448,4689.735,4686.785,4689.635,15
2026-04-27 23:15:00,4689.595,4691.485,4689.228,4690.495,15
2026-04-27 23:30:00,4690.545,4694.205,4690.235,4694.095,15
2026-04-27 23:45:00,4694.115,4694.895,4691.705,4691.705,15
2026-04-28 00:00:00,4691.855,4701.015,4691.445,4697.705,15
2026-04-28 00:15:00,4697.685,4699.375,4691.915,4694.755,15
2026-04-28 00:30:00,4694.745,4695.085,4691.525,4693.475,15
2026-04-28 00:45:00,4693.505,4694.435,4690.105,4690.275,15
2026-04-28 01:00:00,4690.295,4690.715,4684.305,4687.805,15
2026-04-28 01:15:00,4687.365,4690.565,4685.475,4687.405,15
2026-04-28 01:30:00,4687.435,4691.375,4683.745,4687.185,15
2026-04-28 01:45:00,4687.215,4687.555,4669.045,4670.345,15
2026-04-28 02:00:00,4670.295,4677.645,4666.065,4677.175,15
2026-04-28 02:15:00,4677.185,4679.625,4674.335,4675.345,15
2026-04-28 02:30:00,4675.385,4675.445,4670.495,4670.955,15
2026-04-28 02:45:00,4670.925,4671.225,4666.215,4668.825,15
2026-04-28 03:00:00,4668.735,4673.928,4668.115,4672.615,15
2026-04-28 03:15:00,4672.655,4675.675,4671.085,4674.665,15
2026-04-28 03:30:00,4674.745,4675.175,4671.535,4671.785,15
2026-04-28 03:45:00,4671.735,4672.475,4669.075,4670.765,15
2026-04-28 04:00:00,4670.715,4670.995,4666.545,4669.475,15
2026-04-28 04:15:00,4669.415,4669.585,4666.135,4667.305,15
2026-04-28 04:30:00,4667.285,4669.705,4666.608,4669.615,15
2026-04-28 04:45:00,4669.565,4669.755,4666.965,4667.485,15
2026-04-28 05:00:00,4667.505,4667.835,4648.515,4652.145,15
2026-04-28 05:15:00,4652.155,4659.355,4650.895,4658.075,15
2026-04-28 05:30:00,4657.995,4658.405,4623.948,4624.395,15
2026-04-28 05:45:00,4624.455,4634.195,4623.618,4631.795,15
2026-04-28 06:00:00,4631.805,4642.785,4625.745,4640.415,15
2026-04-28 06:15:00,4640.395,4640.935,4623.215,4631.435,15
2026-04-28 06:30:00,4631.385,4634.545,4625.205,4629.595,15
2026-04-28 06:45:00,4629.615,4631.665,4623.145,4628.715,15
2026-04-28 07:00:00,4628.655,4639.195,4627.025,4634.045,15
2026-04-28 07:15:00,4633.955,4634.705,4627.085,4629.545,15
2026-04-28 07:30:00,4629.545,4635.115,4625.755,4629.225,15
2026-04-28 07:45:00,4629.245,4633.535,4620.355,4633.035,15
2026-04-28 08:00:00,4632.925,4633.445,4614.535,4620.095,15
2026-04-28 08:15:00,4620.075,4626.895,4618.955,4626.555,15
2026-04-28 08:30:00,4626.568,4635.285,4626.295,4628.065,15
2026-04-28 08:45:00,4627.935,4630.565,4625.015,4629.465,15
2026-04-28 09:00:00,4629.435,4629.875,4621.465,4625.305,15
2026-04-28 09:15:00,4624.915,4625.635,4612.885,4618.135,15
2026-04-28 09:30:00,4618.075,4618.975,4608.015,4613.605,15
2026-04-28 09:45:00,4613.585,4615.145,4604.505,4604.755,15
2026-04-28 10:00:00,4604.415,4613.505,4604.415,4612.565,15
2026-04-28 10:15:00,4612.555,4616.365,4610.735,4611.415,15
2026-04-28 10:30:00,4611.365,4615.845,4610.865,4613.135,15
2026-04-28 10:45:00,4613.225,4615.495,4603.115,4603.115,15
2026-04-28 11:00:00,4603.055,4608.655,4597.655,4598.495,15
2026-04-28 11:15:00,4598.315,4604.115,4593.935,4599.315,15
2026-04-28 11:30:00,4599.225,4599.715,4567.965,4571.985,15
2026-04-28 11:45:00,4571.905,4573.925,4555.385,4562.375,15
2026-04-28 12:00:00,4562.535,4581.575,4554.675,4581.425,15
2026-04-28 12:15:00,4581.625,4597.905,4573.485,4580.045,15
2026-04-28 12:30:00,4580.025,4588.605,4570.375,4586.745,15
2026-04-28 12:45:00,4586.665,4599.965,4584.125,4593.515,15
2026-04-28 13:00:00,4593.465,4594.395,4570.925,4575.985,15
2026-04-28 13:15:00,4576.015,4584.055,4572.035,4581.235,15
2026-04-28 13:30:00,4580.998,4591.315,4570.625,4581.595,15
2026-04-28 13:45:00,4581.585,4592.505,4574.525,4580.305,15
2026-04-28 14:00:00,4580.225,4580.455,4564.915,4568.115,15
2026-04-28 14:15:00,4568.085,4577.685,4563.808,4571.345,15
2026-04-28 14:30:00,4571.355,4577.885,4557.145,4564.055,15
2026-04-28 14:45:00,4564.025,4574.685,4557.085,4574.395,15
2026-04-28 15:00:00,4574.365,4581.845,4570.265,4572.585,15
2026-04-28 15:15:00,4572.525,4577.195,4566.815,4576.805,15
2026-04-28 15:30:00,4576.765,4581.205,4570.965,4577.675,15
2026-04-28 15:45:00,4577.595,4586.325,4576.485,4586.215,15
2026-04-28 16:00:00,4586.215,4586.725,4582.135,4585.055,15
2026-04-28 16:15:00,4585.255,4585.615,4577.655,4582.528,15
2026-04-28 16:30:00,4582.398,4586.625,4580.285,4584.745,15
2026-04-28 16:45:00,4584.695,4594.665,4583.605,4592.095,15
2026-04-28 17:00:00,4592.095,4594.645,4588.315,4593.565,15
2026-04-28 17:15:00,4593.525,4597.035,4587.095,4593.275,15
2026-04-28 17:30:00,4593.555,4601.245,4593.555,4598.795,15
2026-04-28 17:45:00,4598.795,4600.435,4593.865,4594.565,15
2026-04-28 18:00:00,4594.585,4598.345,4591.875,4595.845,15
2026-04-28 18:15:00,4595.855,4600.375,4595.855,4598.785,15
2026-04-28 18:30:00,4598.835,4599.345,4593.385,4597.555,15
2026-04-28 18:45:00,4597.575,4598.615,4592.915,4594.015,15
2026-04-28 19:00:00,4594.015,4598.565,4593.695,4595.485,15
2026-04-28 19:15:00,4595.485,4597.085,4593.535,4596.095,15
2026-04-28 19:30:00,4596.135,4599.755,4594.525,4598.395,15
2026-04-28 19:45:00,4598.375,4599.245,4593.125,4595.385,15
2026-04-28 20:00:00,4595.425,4598.585,4594.635,4597.175,15
2026-04-28 20:15:00,4597.215,4597.995,4590.925,4592.685,15
2026-04-28 20:30:00,4592.685,4595.215,4592.225,4593.195,15
2026-04-28 20:45:00,4593.215,4597.075,4592.615,4594.435,15
2026-04-28 22:00:00,4596.205,4599.515,4593.858,4596.175,15
2026-04-28 22:15:00,4596.205,4597.075,4594.698,4595.535,15
2026-04-28 22:30:00,4595.635,4597.015,4592.805,4593.455,15
2026-04-28 22:45:00,4593.455,4595.245,4591.905,4593.585,15
2026-04-28 23:00:00,4593.585,4594.015,4589.025,4590.595,15
2026-04-28 23:15:00,4590.515,4592.615,4589.975,4591.955,15
2026-04-28 23:30:00,4591.975,4593.275,4587.745,4589.645,15
2026-04-28 23:45:00,4589.665,4596.115,4588.545,4595.365,15
2026-04-29 00:00:00,4595.385,4610.195,4595.015,4607.175,15
2026-04-29 00:15:00,4607.525,4607.675,4598.395,4599.855,15
2026-04-29 00:30:00,4599.875,4604.595,4599.115,4603.455,15
2026-04-29 00:45:00,4603.515,4603.745,4595.905,4600.045,15
2026-04-29 01:00:00,4600.015,4600.205,4575.825,4582.135,15
2026-04-29 01:15:00,4581.945,4586.345,4578.975,4580.215,15
2026-04-29 01:30:00,4580.255,4591.445,4578.685,4590.485,15
2026-04-29 01:45:00,4590.465,4591.395,4580.185,4584.665,15
2026-04-29 02:00:00,4584.665,4602.185,4584.655,4600.715,15
2026-04-29 02:15:00,4600.805,4603.905,4597.988,4598.765,15
2026-04-29 02:30:00,4598.795,4601.535,4595.755,4596.575,15
2026-04-29 02:45:00,4596.645,4601.065,4592.125,4593.565,15
2026-04-29 03:00:00,4593.565,4602.825,4592.505,4601.585,15
2026-04-29 03:15:00,4601.675,4603.135,4596.935,4598.425,15
2026-04-29 03:30:00,4598.465,4598.525,4592.105,4593.555,15
2026-04-29 03:45:00,4593.415,4596.265,4591.885,4595.195,15
2026-04-29 04:00:00,4595.365,4603.205,4595.065,4600.635,15
2026-04-29 04:15:00,4600.735,4601.715,4597.035,4601.525,15
2026-04-29 04:30:00,4601.735,4605.445,4601.365,4601.955,15
2026-04-29 04:45:00,4601.995,4605.505,4601.995,4604.635,15
2026-04-29 05:00:00,4604.635,4607.655,4600.065,4600.755,15
2026-04-29 05:15:00,4600.775,4602.495,4598.455,4600.505,15
2026-04-29 05:30:00,4600.475,4601.405,4593.818,4598.865,15
2026-04-29 05:45:00,4598.825,4602.935,4590.365,4590.775,15
2026-04-29 06:00:00,4590.775,4598.545,4586.985,4588.325,15
2026-04-29 06:15:00,4588.385,4589.095,4581.115,4584.765,15
2026-04-29 06:30:00,4584.815,4587.325,4580.575,4584.815,15
2026-04-29 06:45:00,4584.895,4586.795,4580.995,4584.325,15
2026-04-29 07:00:00,4584.325,4588.685,4576.485,4578.495,15
2026-04-29 07:15:00,4578.465,4581.205,4569.415,4575.055,15
2026-04-29 07:30:00,4574.995,4578.605,4569.015,4570.225,15
2026-04-29 07:45:00,4570.225,4572.305,4567.125,4567.645,15
2026-04-29 08:00:00,4568.176,4573.145,4564.305,4565.085,15
2026-04-29 08:15:00,4565.405,4571.215,4565.405,4566.135,15
2026-04-29 08:30:00,4565.935,4568.745,4557.075,4568.195,15
2026-04-29 08:45:00,4568.165,4576.635,4568.145,4572.995,15
2026-04-29 09:00:00,4573.025,4575.535,4570.155,4573.815,15
2026-04-29 09:15:00,4573.665,4580.555,4565.605,4565.645,15
2026-04-29 09:30:00,4565.615,4569.495,4558.635,4558.915,15
2026-04-29 09:45:00,4558.915,4561.875,4551.445,4555.615,15
2026-04-29 10:00:00,4555.545,4568.085,4554.845,4567.815,15
2026-04-29 10:15:00,4567.815,4573.065,4567.815,4571.655,15
2026-04-29 10:30:00,4571.655,4576.425,4565.835,4566.145,15
2026-04-29 10:45:00,4566.195,4570.575,4563.935,4569.745,15
2026-04-29 11:00:00,4569.715,4571.885,4565.255,4567.805,15
2026-04-29 11:15:00,4567.985,4570.135,4563.985,4564.595,15
2026-04-29 11:30:00,4564.435,4571.675,4563.585,4566.755,15
2026-04-29 11:45:00,4566.725,4566.725,4559.105,4561.455,15
2026-04-29 12:00:00,4561.495,4568.095,4560.395,4564.415,15
2026-04-29 12:15:00,4564.445,4568.845,4559.055,4559.065,15
2026-04-29 12:30:00,4559.145,4559.595,4550.965,4557.545,15
2026-04-29 12:45:00,4557.455,4559.855,4541.835,4544.745,15
2026-04-29 13:00:00,4544.855,4553.095,4544.855,4549.735,15
2026-04-29 13:15:00,4549.735,4551.495,4534.375,4537.695,15
2026-04-29 13:30:00,4537.595,4539.395,4513.315,4514.495,15
2026-04-29 13:45:00,4514.515,4529.795,4509.875,4521.515,15
2026-04-29 14:00:00,4521.445,4528.135,4517.615,4525.975,15
2026-04-29 14:15:00,4525.995,4537.565,4524.095,4533.105,15
2026-04-29 14:30:00,4533.115,4542.555,4530.685,4538.565,15
2026-04-29 14:45:00,4538.595,4540.465,4531.855,4539.195,15
2026-04-29 15:00:00,4539.105,4546.875,4536.175,4537.865,15
2026-04-29 15:15:00,4537.875,4546.275,4536.085,4543.435,15
2026-04-29 15:30:00,4543.375,4556.085,4540.035,4552.975,15
2026-04-29 15:45:00,4552.925,4558.715,4541.855,4547.445,15
2026-04-29 16:00:00,4547.495,4564.715,4546.785,4558.895,15
2026-04-29 16:15:00,4558.945,4563.998,4556.845,4559.905,15
2026-04-29 16:30:00,4559.898,4559.898,4545.455,4550.175,15
2026-04-29 16:45:00,4550.195,4551.265,4543.075,4545.235,15
2026-04-29 17:00:00,4545.245,4552.045,4542.498,4550.535,15
2026-04-29 17:15:00,4550.475,4554.265,4545.735,4546.985,15
2026-04-29 17:30:00,4546.985,4548.465,4542.455,4544.615,15
2026-04-29 17:45:00,4544.665,4547.335,4541.465,4546.375,15
2026-04-29 18:00:00,4546.355,4552.775,4525.115,4525.425,15
2026-04-29 18:15:00,4525.375,4539.515,4524.945,4532.715,15
2026-04-29 18:30:00,4532.765,4540.675,4520.355,4520.365,15
2026-04-29 18:45:00,4520.145,4540.975,4518.145,4537.915,15
2026-04-29 19:00:00,4537.945,4548.645,4533.045,4547.565,15
2026-04-29 19:15:00,4547.505,4550.455,4540.975,4542.635,15
2026-04-29 19:30:00,4542.415,4544.825,4537.425,4539.355,15
2026-04-29 19:45:00,4539.315,4549.705,4539.205,4546.745,15
2026-04-29 20:00:00,4546.675,4553.465,4542.345,4546.345,15
2026-04-29 20:15:00,4546.255,4547.945,4541.175,4543.165,15
2026-04-29 20:30:00,4543.035,4546.365,4542.265,4543.555,15
2026-04-29 20:45:00,4543.535,4544.455,4541.265,4543.425,15
2026-04-29 22:00:00,4543.185,4548.531,4539.075,4546.085,15
2026-04-29 22:15:00,4546.145,4550.655,4546.145,4548.825,15
2026-04-29 22:30:00,4548.805,4551.795,4547.245,4548.175,15
2026-04-29 22:45:00,4548.125,4552.228,4547.595,4551.548,15
2026-04-29 23:00:00,4551.495,4553.598,4549.888,4553.035,15
2026-04-29 23:15:00,4553.055,4554.905,4549.335,4551.365,15
2026-04-29 23:30:00,4551.405,4554.628,4551.125,4554.145,15
2026-04-29 23:45:00,4554.175,4561.715,4553.625,4561.345,15
2026-04-30 00:00:00,4561.325,4568.315,4557.315,4557.605,15
2026-04-30 00:15:00,4557.695,4564.415,4556.168,4563.255,15
2026-04-30 00:30:00,4563.315,4566.805,4561.985,4566.805,15
2026-04-30 00:45:00,4566.765,4573.825,4566.415,4569.585,15
2026-04-30 01:00:00,4569.555,4570.975,4564.275,4568.165,15
2026-04-30 01:15:00,4568.185,4580.815,4565.585,4579.575,15
2026-04-30 01:30:00,4579.615,4581.115,4570.565,4576.145,15
2026-04-30 01:45:00,4576.165,4582.178,4573.725,4578.725,15
2026-04-30 02:00:00,4578.755,4581.595,4574.445,4579.385,15
2026-04-30 02:15:00,4579.325,4580.585,4571.605,4572.765,15
2026-04-30 02:30:00,4572.475,4574.085,4559.945,4562.165,15
2026-04-30 02:45:00,4562.075,4565.165,4559.595,4564.625,15
2026-04-30 03:00:00,4564.515,4568.985,4562.295,4564.675,15
2026-04-30 03:15:00,4565.035,4566.655,4562.525,4562.965,15
2026-04-30 03:30:00,4563.055,4563.655,4557.435,4561.425,15
2026-04-30 03:45:00,4561.355,4561.425,4555.458,4555.855,15
2026-04-30 04:00:00,4555.835,4556.225,4550.605,4555.105,15
2026-04-30 04:15:00,4555.075,4556.755,4545.635,4547.045,15
2026-04-30 04:30:00,4546.965,4547.365,4540.545,4544.395,15
2026-04-30 04:45:00,4544.375,4549.295,4541.638,4541.785,15
2026-04-30 05:00:00,4541.725,4553.445,4541.638,4552.985,15
2026-04-30 05:15:00,4553.005,4558.835,4551.745,4555.445,15
2026-04-30 05:30:00,4555.485,4566.695,4553.465,4563.725,15
2026-04-30 05:45:00,4563.775,4569.445,4561.915,4562.405,15
2026-04-30 06:00:00,4562.415,4567.695,4559.935,4565.855,15
2026-04-30 06:15:00,4565.965,4570.845,4563.245,4569.465,15
2026-04-30 06:30:00,4569.485,4578.345,4569.485,4575.005,15
2026-04-30 06:45:00,4575.025,4591.425,4574.485,4589.345,15
2026-04-30 07:00:00,4589.185,4595.365,4585.965,4591.535,15
2026-04-30 07:15:00,4591.535,4593.355,4584.655,4591.375,15
2026-04-30 07:30:00,4591.325,4597.775,4588.105,4596.535,15
2026-04-30 07:45:00,4596.535,4605.465,4593.308,4598.295,15
2026-04-30 08:00:00,4598.325,4629.545,4597.155,4618.555,15
2026-04-30 08:15:00,4618.555,4620.285,4611.865,4617.098,15
2026-04-30 08:30:00,4617.175,4620.545,4613.398,4614.755,15
2026-04-30 08:45:00,4614.745,4619.105,4614.025,4616.115,15
2026-04-30 09:00:00,4616.155,4619.865,4614.348,4618.635,15
2026-04-30 09:15:00,4618.655,4626.545,4615.255,4625.315,15
2026-04-30 09:30:00,4625.335,4631.555,4618.265,4619.135,15
2026-04-30 09:45:00,4619.125,4627.135,4618.055,4624.995,15
2026-04-30 10:00:00,4624.985,4629.045,4623.445,4626.505,15
2026-04-30 10:15:00,4626.495,4643.875,4625.915,4643.545,15
2026-04-30 10:30:00,4643.655,4646.705,4634.085,4636.395,15
2026-04-30 10:45:00,4636.395,4639.558,4633.625,4639.475,15
2026-04-30 11:00:00,4639.475,4645.545,4635.765,4635.805,15
2026-04-30 11:15:00,4635.825,4643.475,4630.175,4637.395,15
2026-04-30 11:30:00,4637.455,4637.895,4626.525,4629.525,15
2026-04-30 11:45:00,4629.525,4635.205,4627.885,4630.015,15
2026-04-30 12:00:00,4630.105,4637.355,4629.295,4635.595,15
2026-04-30 12:15:00,4635.895,4637.455,4628.275,4629.635,15
2026-04-30 12:30:00,4629.625,4636.265,4624.115,4625.545,15
2026-04-30 12:45:00,4625.515,4639.845,4624.375,4639.415,15
2026-04-30 13:00:00,4639.435,4643.975,4634.335,4640.875,15
2026-04-30 13:15:00,4640.855,4645.845,4632.795,4633.355,15
2026-04-30 13:30:00,4633.365,4634.345,4619.985,4625.295,15
2026-04-30 13:45:00,4625.305,4625.305,4610.348,4610.625,15
2026-04-30 14:00:00,4610.515,4625.515,4609.255,4620.305,15
2026-04-30 14:15:00,4620.095,4625.825,4615.975,4622.745,15
2026-04-30 14:30:00,4622.735,4622.735,4610.508,4617.555,15
2026-04-30 14:45:00,4617.635,4623.715,4616.945,4619.535,15
2026-04-30 15:00:00,4619.515,4623.915,4614.785,4619.925,15
2026-04-30 15:15:00,4619.865,4624.435,4615.605,4622.835,15
2026-04-30 15:30:00,4622.845,4625.355,4613.135,4615.295,15
2026-04-30 15:45:00,4615.205,4617.055,4611.065,4615.045,15
2026-04-30 16:00:00,4615.075,4617.295,4609.805,4611.485,15
2026-04-30 16:15:00,4611.455,4611.635,4605.355,4607.815,15
2026-04-30 16:30:00,4607.815,4613.695,4606.875,4608.845,15
2026-04-30 16:45:00,4608.845,4617.548,4605.158,4607.398,15
2026-04-30 17:00:00,4607.355,4619.785,4607.305,4615.645,15
2026-04-30 17:15:00,4615.595,4620.575,4612.585,4617.395,15
2026-04-30 17:30:00,4617.395,4621.305,4614.775,4617.675,15
2026-04-30 17:45:00,4617.605,4619.705,4615.065,4616.645,15
2026-04-30 18:00:00,4616.695,4624.425,4616.625,4620.505,15
2026-04-30 18:15:00,4620.535,4625.045,4619.745,4620.555,15
2026-04-30 18:30:00,4620.555,4623.125,4618.965,4620.425,15
2026-04-30 18:45:00,4620.505,4624.985,4619.855,4622.275,15
2026-04-30 19:00:00,4622.295,4627.275,4621.928,4624.035,15
2026-04-30 19:15:00,4624.065,4625.175,4616.705,4617.385,15
2026-04-30 19:30:00,4617.435,4622.865,4615.105,4622.505,15
2026-04-30 19:45:00,4622.525,4623.115,4614.318,4616.925,15
2026-04-30 20:00:00,4617.045,4620.345,4615.725,4616.195,15
2026-04-30 20:15:00,4616.195,4619.255,4615.725,4616.675,15
2026-04-30 20:30:00,4616.225,4618.405,4615.215,4617.125,15
2026-04-30 20:45:00,4617.075,4622.315,4616.565,4622.035,15
2026-04-30 22:00:00,4624.875,4635.085,4623.675,4631.095,15
2026-04-30 22:15:00,4631.155,4631.265,4628.525,4631.085,15
2026-04-30 22:30:00,4631.195,4632.175,4626.725,4632.175,15
2026-04-30 22:45:00,4632.195,4632.195,4628.315,4629.858,15
2026-04-30 23:00:00,4629.705,4631.545,4627.558,4629.955,15
2026-04-30 23:15:00,4629.915,4631.985,4628.855,4630.515,15
2026-04-30 23:30:00,4630.485,4633.885,4630.425,4631.025,15
2026-04-30 23:45:00,4631.045,4632.895,4626.235,4626.395,15
2026-05-01 00:00:00,4626.305,4630.915,4620.615,4622.215,15
2026-05-01 00:15:00,4622.185,4628.305,4620.795,4623.385,15
2026-05-01 00:30:00,4623.418,4624.685,4618.335,4620.585,15
2026-05-01 00:45:00,4620.605,4624.975,4619.425,4619.545,15
2026-05-01 01:00:00,4619.575,4620.785,4615.385,4618.305,15
2026-05-01 01:15:00,4618.235,4618.865,4613.735,4616.165,15
2026-05-01 01:30:00,4616.145,4621.685,4615.935,4619.875,15
2026-05-01 01:45:00,4619.905,4622.045,4618.585,4620.765,15
2026-05-01 02:00:00,4620.725,4634.305,4619.585,4630.575,15
2026-05-01 02:15:00,4630.635,4635.695,4628.118,4629.125,15
2026-05-01 02:30:00,4629.105,4630.825,4623.585,4624.055,15
2026-05-01 02:45:00,4624.035,4624.285,4616.235,4618.875,15
2026-05-01 03:00:00,4618.845,4621.085,4617.445,4620.465,15
2026-05-01 03:15:00,4620.305,4626.535,4620.248,4625.975,15
2026-05-01 03:30:00,4626.065,4631.705,4625.135,4625.935,15
2026-05-01 03:45:00,4625.915,4627.815,4625.415,4626.415,15
2026-05-01 04:00:00,4626.435,4628.438,4619.615,4621.485,15
2026-05-01 04:15:00,4621.455,4623.195,4616.865,4617.235,15
2026-05-01 04:30:00,4617.215,4617.775,4611.905,4613.245,15
2026-05-01 04:45:00,4613.185,4614.285,4608.865,4608.865,15
2026-05-01 05:00:00,4608.885,4614.525,4607.235,4614.025,15
2026-05-01 05:15:00,4614.045,4615.875,4611.405,4614.355,15
2026-05-01 05:30:00,4614.375,4615.055,4609.105,4609.635,15
2026-05-01 05:45:00,4609.615,4613.285,4602.675,4604.635,15
2026-05-01 06:00:00,4604.655,4607.615,4600.835,4601.275,15
2026-05-01 06:15:00,4601.295,4601.835,4592.848,4593.245,15
2026-05-01 06:30:00,4593.505,4597.445,4590.518,4593.158,15
2026-05-01 06:45:00,4593.158,4595.745,4590.898,4594.555,15
2026-05-01 07:00:00,4594.455,4596.185,4589.755,4595.655,15
2026-05-01 07:15:00,4595.665,4597.805,4584.915,4592.095,15
2026-05-01 07:30:00,4592.125,4592.365,4583.455,4585.115,15
2026-05-01 07:45:00,4585.095,4585.685,4575.555,4577.885,15
2026-05-01 08:00:00,4577.838,4582.225,4573.135,4573.775,15
2026-05-01 08:15:00,4573.795,4576.705,4566.225,4567.075,15
2026-05-01 08:30:00,4566.935,4571.925,4565.885,4570.975,15
2026-05-01 08:45:00,4570.775,4572.495,4564.905,4568.725,15
2026-05-01 09:00:00,4568.745,4568.985,4563.985,4565.455,15
2026-05-01 09:15:00,4565.425,4570.975,4564.305,4569.115,15
2026-05-01 09:30:00,4569.085,4572.745,4567.495,4570.175,15
2026-05-01 09:45:00,4570.145,4570.575,4560.045,4562.555,15
2026-05-01 10:00:00,4562.595,4567.795,4561.185,4566.495,15
2026-05-01 10:15:00,4566.515,4572.525,4566.385,4571.965,15
2026-05-01 10:30:00,4571.955,4575.895,4567.225,4570.165,15
2026-05-01 10:45:00,4570.145,4571.935,4565.885,4566.695,15
2026-05-01 11:00:00,4566.715,4568.745,4562.325,4565.615,15
2026-05-01 11:15:00,4565.355,4576.305,4564.445,4571.655,15
2026-05-01 11:30:00,4571.635,4577.598,4570.105,4575.475,15
2026-05-01 11:45:00,4575.505,4579.455,4572.605,4578.525,15
2026-05-01 12:00:00,4578.465,4590.265,4574.765,4584.435,15
2026-05-01 12:15:00,4584.385,4607.655,4582.605,4602.755,15
2026-05-01 12:30:00,4602.855,4603.165,4588.815,4591.685,15
2026-05-01 12:45:00,4591.715,4595.385,4589.495,4591.065,15
2026-05-01 13:00:00,4591.045,4597.065,4589.605,4591.115,15
2026-05-01 13:15:00,4591.055,4593.075,4586.315,4589.085,15
2026-05-01 13:30:00,4589.025,4608.735,4586.405,4607.605,15
2026-05-01 13:45:00,4607.605,4628.465,4598.525,4623.900,15
2026-05-01 14:00:00,4624.875,4659.925,4624.095,4656.015,15
2026-05-01 14:15:00,4655.925,4660.065,4643.635,4644.335,15
2026-05-01 14:30:00,4644.355,4646.145,4630.305,4632.965,15
2026-05-01 14:45:00,4632.985,4635.225,4627.095,4631.925,15
2026-05-01 15:00:00,4631.965,4636.535,4618.785,4636.535,15
2026-05-01 15:15:00,4636.445,4640.505,4633.935,4636.065,15
2026-05-01 15:30:00,4636.115,4644.535,4635.305,4643.445,15
2026-05-01 15:45:00,4643.485,4647.905,4632.768,4643.055,15
2026-05-01 16:00:00,4642.985,4645.315,4637.945,4642.615,15
2026-05-01 16:15:00,4642.565,4649.795,4637.625,4637.705,15
2026-05-01 16:30:00,4637.755,4641.098,4633.825,4638.745,15
2026-05-01 16:45:00,4638.548,4642.665,4636.415,4638.605,15
2026-05-01 17:00:00,4638.575,4642.415,4637.345,4639.705,15
2026-05-01 17:15:00,4639.685,4639.998,4630.755,4631.535,15
2026-05-01 17:30:00,4631.495,4631.995,4626.655,4627.915,15
2026-05-01 17:45:00,4627.965,4634.765,4627.055,4629.195,15
2026-05-01 18:00:00,4629.245,4630.465,4615.445,4615.615,15
2026-05-01 18:15:00,4615.625,4623.485,4613.535,4623.035,15
2026-05-01 18:30:00,4622.875,4624.185,4616.035,4622.155,15
2026-05-01 18:45:00,4622.155,4625.765,4619.825,4624.095,15
2026-05-01 19:00:00,4624.275,4626.485,4620.395,4626.085,15
2026-05-01 19:15:00,4626.105,4627.525,4624.195,4624.225,15
2026-05-01 19:30:00,4624.415,4624.535,4611.095,4611.605,15
2026-05-01 19:45:00,4611.575,4615.038,4608.625,4610.615,15
2026-05-01 20:00:00,4610.735,4612.475,4606.805,4611.025,15
2026-05-01 20:15:00,4611.055,4615.825,4609.565,4612.938,15
2026-05-01 20:30:00,4613.105,4614.675,4609.775,4613.358,15
2026-05-01 20:45:00,4613.358,4616.635,4611.995,4613.558,15
2026-05-03 22:00:00,4632.938,4637.355,4615.848,4622.825,15
2026-05-03 22:15:00,4622.755,4623.025,4612.195,4620.625,15
2026-05-03 22:30:00,4620.585,4629.285,4619.525,4627.895,15
2026-05-03 22:45:00,4627.935,4628.875,4617.748,4618.228,15
2026-05-03 23:00:00,4618.188,4620.458,4611.105,4614.915,15
2026-05-03 23:15:00,4614.925,4617.465,4612.875,4616.805,15
2026-05-03 23:30:00,4616.755,4618.155,4612.625,4613.395,15
2026-05-03 23:45:00,4613.305,4616.815,4611.295,4613.605,15
2026-05-04 00:00:00,4613.578,4616.205,4604.155,4611.875,15
2026-05-04 00:15:00,4611.945,4614.495,4601.665,4605.785,15
2026-05-04 00:30:00,4605.965,4609.875,4604.805,4605.585,15
2026-05-04 00:45:00,4605.725,4613.295,4604.515,4612.735,15
2026-05-04 01:00:00,4612.715,4613.735,4595.765,4600.325,15
2026-05-04 01:15:00,4600.295,4604.185,4594.045,4594.465,15
2026-05-04 01:30:00,4594.375,4601.485,4592.425,4601.385,15
2026-05-04 01:45:00,4601.405,4613.595,4600.805,4612.795,15
2026-05-04 02:00:00,4612.825,4618.365,4603.285,4608.065,15
2026-05-04 02:15:00,4607.965,4607.965,4591.295,4592.835,15
2026-05-04 02:30:00,4592.875,4603.765,4590.795,4603.655,15
2026-05-04 02:45:00,4603.825,4610.875,4601.125,4605.575,15
2026-05-04 03:00:00,4605.515,4611.545,4604.165,4609.785,15
2026-05-04 03:15:00,4609.835,4610.655,4607.925,4609.615,15
2026-05-04 03:30:00,4609.445,4610.955,4598.265,4604.805,15
2026-05-04 03:45:00,4605.245,4616.925,4605.165,4614.835,15
2026-05-04 04:00:00,4614.795,4615.275,4607.445,4611.025,15
2026-05-04 04:15:00,4611.025,4613.005,4606.865,4607.815,15
2026-05-04 04:30:00,4607.835,4612.735,4606.865,4608.955,15
2026-05-04 04:45:00,4609.025,4610.325,4604.915,4605.605,15
2026-05-04 05:00:00,4605.665,4606.605,4601.635,4603.545,15
2026-05-04 05:15:00,4603.555,4612.895,4595.415,4596.415,15
2026-05-04 05:30:00,4596.465,4598.775,4592.075,4598.655,15
2026-05-04 05:45:00,4598.685,4601.565,4594.135,4598.835,15
2026-05-04 06:00:00,4598.865,4600.565,4587.515,4597.285,15
2026-05-04 06:15:00,4597.335,4597.675,4588.935,4593.825,15
2026-05-04 06:30:00,4593.855,4595.425,4584.195,4585.235,15
2026-05-04 06:45:00,4585.325,4592.265,4583.595,4588.485,15
2026-05-04 07:00:00,4588.218,4593.215,4585.355,4591.925,15
2026-05-04 07:15:00,4591.745,4592.525,4583.165,4585.805,15
2026-05-04 07:30:00,4585.845,4587.865,4582.545,4587.865,15
2026-05-04 07:45:00,4587.905,4590.725,4577.755,4578.835,15
2026-05-04 08:00:00,4578.775,4581.015,4574.035,4579.995,15
2026-05-04 08:15:00,4580.025,4580.975,4573.998,4574.805,15
2026-05-04 08:30:00,4574.778,4581.155,4573.455,4577.875,15
2026-05-04 08:45:00,4577.935,4579.495,4575.635,4576.845,15
2026-05-04 09:00:00,4576.805,4584.135,4576.005,4583.865,15
2026-05-04 09:15:00,4583.865,4584.375,4580.205,4581.175,15
2026-05-04 09:30:00,4581.205,4584.345,4580.275,4581.145,15
2026-05-04 09:45:00,4581.145,4581.975,4572.168,4575.255,15
2026-05-04 10:00:00,4575.365,4575.695,4537.325,4541.795,15
2026-05-04 10:15:00,4541.745,4545.105,4525.855,4544.865,15
2026-05-04 10:30:00,4544.905,4563.845,4542.935,4558.295,15
2026-05-04 10:45:00,4558.158,4566.555,4557.945,4562.365,15
2026-05-04 11:00:00,4562.475,4570.595,4561.055,4565.085,15
2026-05-04 11:15:00,4565.085,4569.945,4561.365,4562.025,15
2026-05-04 11:30:00,4561.875,4562.495,4551.295,4553.295,15
2026-05-04 11:45:00,4553.295,4562.855,4552.915,4560.215,15
2026-05-04 12:00:00,4560.165,4565.605,4559.085,4563.435,15
2026-05-04 12:15:00,4563.465,4579.155,4563.035,4568.425,15
2026-05-04 12:30:00,4568.445,4571.515,4560.965,4569.855,15
2026-05-04 12:45:00,4569.905,4575.895,4566.275,4568.195,15
2026-05-04 13:00:00,4568.165,4576.290,4557.155,4565.865,15
2026-05-04 13:15:00,4565.955,4567.475,4560.875,4560.885,15
2026-05-04 13:30:00,4561.135,4570.915,4555.475,4565.265,15
2026-05-04 13:45:00,4565.215,4566.505,4557.285,4563.875,15
2026-05-04 14:00:00,4563.785,4565.205,4553.435,4560.015,15
2026-05-04 14:15:00,4560.595,4581.935,4559.428,4571.085,15
2026-05-04 14:30:00,4571.125,4583.005,4570.115,4574.345,15
2026-05-04 14:45:00,4574.365,4576.825,4559.385,4561.295,15
2026-05-04 15:00:00,4561.315,4565.885,4547.918,4548.295,15
2026-05-04 15:15:00,4548.198,4554.985,4514.095,4537.705,15
2026-05-04 15:30:00,4538.295,4542.655,4527.185,4534.775,15
2026-05-04 15:45:00,4534.755,4534.825,4512.055,4521.455,15
2026-05-04 16:00:00,4521.375,4525.355,4500.665,4509.405,15
2026-05-04 16:15:00,4509.175,4526.795,4508.048,4514.565,15
2026-05-04 16:30:00,4514.475,4518.598,4511.275,4512.315,15
2026-05-04 16:45:00,4512.285,4515.795,4507.255,4510.565,15
2026-05-04 17:00:00,4510.645,4526.035,4510.645,4522.205,15
2026-05-04 17:15:00,4522.295,4531.315,4521.465,4524.215,15
2026-05-04 17:30:00,4524.155,4527.505,4521.475,4525.975,15
2026-05-04 17:45:00,4525.875,4526.485,4521.365,4522.215,15
2026-05-04 18:00:00,4522.235,4525.245,4518.455,4519.865,15
2026-05-04 18:15:00,4519.885,4520.125,4509.655,4511.775,15
2026-05-04 18:30:00,4511.735,4514.875,4510.365,4511.745,15
2026-05-04 18:45:00,4511.785,4516.375,4510.585,4516.165,15
2026-05-04 19:00:00,4516.195,4523.235,4511.125,4518.715,15
2026-05-04 19:15:00,4518.715,4525.805,4517.285,4522.235,15
2026-05-04 19:30:00,4522.285,4526.955,4520.215,4520.945,15
2026-05-04 19:45:00,4520.885,4523.165,4515.045,4517.585,15
2026-05-04 20:00:00,4517.595,4517.795,4511.605,4514.535,15
2026-05-04 20:15:00,4514.485,4515.395,4511.635,4514.955,15
2026-05-04 20:30:00,4514.925,4518.825,4514.425,4518.575,15
2026-05-04 20:45:00,4518.605,4523.825,4518.565,4522.315,15
2026-05-04 22:00:00,4521.985,4524.535,4517.275,4520.805,15
2026-05-04 22:15:00,4520.835,4522.445,4518.985,4519.315,15
2026-05-04 22:30:00,4519.398,4521.795,4518.438,4518.695,15
2026-05-04 22:45:00,4518.818,4519.075,4515.205,4516.988,15
2026-05-04 23:00:00,4516.968,4520.805,4515.738,4520.195,15
2026-05-04 23:15:00,4520.105,4521.435,4518.855,4520.855,15
2026-05-04 23:30:00,4520.655,4521.185,4518.065,4518.255,15
2026-05-04 23:45:00,4518.325,4520.515,4516.875,4518.815,15
2026-05-05 00:00:00,4518.825,4528.375,4517.385,4527.525,15
2026-05-05 00:15:00,4527.545,4527.575,4513.265,4516.695,15
2026-05-05 00:30:00,4516.675,4524.105,4515.735,4523.565,15
2026-05-05 00:45:00,4523.535,4530.275,4523.535,4529.885,15
2026-05-05 01:00:00,4529.555,4539.415,4525.045,4538.575,15
2026-05-05 01:15:00,4538.605,4539.835,4534.995,4537.705,15
2026-05-05 01:30:00,4537.875,4541.945,4533.775,4536.665,15
2026-05-05 01:45:00,4536.615,4541.015,4536.035,4540.665,15
2026-05-05 02:00:00,4540.635,4542.305,4536.995,4538.275,15
2026-05-05 02:15:00,4538.235,4541.505,4534.515,4541.305,15
2026-05-05 02:30:00,4541.325,4545.605,4539.915,4544.295,15
2026-05-05 02:45:00,4544.275,4546.565,4538.605,4538.855,15
2026-05-05 03:00:00,4538.825,4542.035,4537.225,4541.845,15
2026-05-05 03:15:00,4541.825,4542.645,4536.945,4537.785,15
2026-05-05 03:30:00,4537.755,4538.805,4535.275,4535.735,15
2026-05-05 03:45:00,4535.815,4536.725,4532.215,4534.385,15
2026-05-05 04:00:00,4534.395,4535.475,4532.405,4532.715,15
2026-05-05 04:15:00,4532.915,4533.565,4529.235,4529.355,15
2026-05-05 04:30:00,4529.315,4533.525,4527.725,4531.415,15
2026-05-05 04:45:00,4531.405,4536.475,4530.945,4533.405,15
2026-05-05 05:00:00,4533.435,4545.335,4531.065,4540.015,15
2026-05-05 05:15:00,4539.945,4540.235,4535.515,4539.825,15
2026-05-05 05:30:00,4539.835,4551.355,4539.498,4545.755,15
2026-05-05 05:45:00,4545.695,4548.705,4543.335,4545.475,15
2026-05-05 06:00:00,4545.465,4551.825,4541.435,4543.475,15
2026-05-05 06:15:00,4543.475,4544.595,4533.495,4536.665,15
2026-05-05 06:30:00,4536.555,4549.345,4536.025,4545.945,15
2026-05-05 06:45:00,4545.965,4550.795,4545.245,4547.955,15
2026-05-05 07:00:00,4547.975,4554.915,4547.345,4553.885,15
2026-05-05 07:15:00,4553.865,4555.455,4548.265,4548.725,15
2026-05-05 07:30:00,4548.745,4558.055,4548.745,4551.065,15
2026-05-05 07:45:00,4551.065,4551.725,4543.105,4545.285,15
2026-05-05 08:00:00,4545.375,4553.315,4545.225,4550.945,15
2026-05-05 08:15:00,4550.915,4554.555,4548.925,4551.155,15
2026-05-05 08:30:00,4550.935,4552.985,4547.785,4549.725,15
2026-05-05 08:45:00,4549.695,4559.405,4548.218,4558.255,15
2026-05-05 09:00:00,4558.255,4560.345,4553.445,4557.545,15
2026-05-05 09:15:00,4557.605,4557.715,4552.045,4552.125,15
2026-05-05 09:30:00,4552.095,4558.095,4550.825,4555.285,15
2026-05-05 09:45:00,4555.265,4557.265,4552.595,4556.055,15
2026-05-05 10:00:00,4556.055,4556.715,4550.445,4552.795,15
2026-05-05 10:15:00,4552.795,4554.775,4546.695,4547.675,15
2026-05-05 10:30:00,4547.645,4553.905,4544.035,4544.925,15
2026-05-05 10:45:00,4545.025,4545.695,4539.925,4543.635,15
2026-05-05 11:00:00,4543.645,4553.075,4539.815,4552.675,15
2026-05-05 11:15:00,4552.675,4557.455,4549.745,4555.985,15
2026-05-05 11:30:00,4556.095,4564.645,4554.975,4563.245,15
2026-05-05 11:45:00,4563.275,4564.845,4559.095,4562.755,15
2026-05-05 12:00:00,4562.485,4566.765,4554.115,4564.865,15
2026-05-05 12:15:00,4565.075,4574.075,4561.045,4573.468,15
2026-05-05 12:30:00,4573.555,4574.435,4566.485,4566.865,15
2026-05-05 12:45:00,4566.865,4568.345,4561.535,4564.425,15
2026-05-05 13:00:00,4564.135,4580.945,4564.045,4578.635,15
2026-05-05 13:15:00,4578.815,4584.835,4575.918,4576.655,15
2026-05-05 13:30:00,4576.685,4581.665,4571.515,4573.568,15
2026-05-05 13:45:00,4573.568,4582.825,4572.605,4578.765,15
2026-05-05 14:00:00,4578.608,4584.065,4570.405,4573.175,15
2026-05-05 14:15:00,4573.285,4586.415,4565.575,4583.995,15
2026-05-05 14:30:00,4584.025,4585.625,4577.325,4582.755,15
2026-05-05 14:45:00,4582.755,4582.805,4575.355,4582.145,15
2026-05-05 15:00:00,4582.175,4583.675,4577.508,4580.655,15
2026-05-05 15:15:00,4580.675,4581.295,4575.085,4579.095,15
2026-05-05 15:30:00,4578.995,4580.925,4572.415,4572.695,15
2026-05-05 15:45:00,4572.745,4575.685,4568.195,4568.325,15
2026-05-05 16:00:00,4568.305,4568.875,4562.125,4566.065,15
2026-05-05 16:15:00,4566.005,4566.065,4555.915,4559.575,15
2026-05-05 16:30:00,4559.655,4559.985,4553.515,4556.535,15
2026-05-05 16:45:00,4556.535,4562.675,4555.535,4561.055,15
2026-05-05 17:00:00,4561.055,4562.495,4553.155,4555.985,15
2026-05-05 17:15:00,4556.015,4561.245,4555.885,4558.425,15
2026-05-05 17:30:00,4558.405,4562.595,4555.925,4560.295,15
2026-05-05 17:45:00,4560.295,4562.125,4558.075,4559.705,15
2026-05-05 18:00:00,4559.775,4564.785,4558.675,4564.195,15
2026-05-05 18:15:00,4564.195,4565.375,4561.025,4561.985,15
2026-05-05 18:30:00,4561.945,4562.385,4557.445,4561.355,15
2026-05-05 18:45:00,4561.355,4565.665,4559.485,4560.875,15
2026-05-05 19:00:00,4560.975,4561.365,4556.725,4557.035,15
2026-05-05 19:15:00,4557.025,4558.655,4554.765,4555.985,15
2026-05-05 19:30:00,4556.015,4557.995,4555.365,4555.385,15
2026-05-05 19:45:00,4555.405,4558.625,4551.385,4554.485,15
2026-05-05 20:00:00,4555.005,4556.935,4553.785,4556.775,15
2026-05-05 20:15:00,4556.735,4559.605,4555.295,4559.055,15
2026-05-05 20:30:00,4559.075,4559.865,4554.665,4555.365,15
2026-05-05 20:45:00,4555.315,4557.435,4554.325,4554.875,15
2026-05-05 22:00:00,4555.965,4559.155,4548.905,4550.335,15
2026-05-05 22:15:00,4550.515,4550.965,4546.155,4546.395,15
2026-05-05 22:30:00,4546.498,4550.755,4545.975,4548.495,15
2026-05-05 22:45:00,4548.345,4576.845,4546.818,4572.758,15
2026-05-05 23:00:00,4572.745,4590.265,4568.908,4588.465,15
2026-05-05 23:15:00,4588.995,4589.255,4581.775,4581.965,15
2026-05-05 23:30:00,4581.795,4588.275,4579.165,4584.735,15
2026-05-05 23:45:00,4584.965,4595.425,4584.405,4593.775,15
2026-05-06 00:00:00,4593.735,4597.705,4589.095,4591.455,15
2026-05-06 00:15:00,4591.505,4604.005,4588.015,4602.005,15
2026-05-06 00:30:00,4601.985,4610.798,4601.815,4610.015,15
2026-05-06 00:45:00,4610.035,4619.795,4609.248,4618.475,15
2026-05-06 01:00:00,4618.438,4622.355,4609.225,4611.205,15
2026-05-06 01:15:00,4611.058,4625.675,4609.435,4624.755,15
2026-05-06 01:30:00,4624.695,4626.105,4620.075,4623.695,15
2026-05-06 01:45:00,4623.625,4628.755,4623.235,4625.885,15
2026-05-06 02:00:00,4625.865,4634.065,4625.095,4633.285,15
2026-05-06 02:15:00,4633.225,4636.225,4629.545,4629.785,15
2026-05-06 02:30:00,4630.075,4634.905,4626.545,4634.365,15
2026-05-06 02:45:00,4634.415,4641.585,4633.545,4640.465,15
2026-05-06 03:00:00,4640.375,4650.175,4638.315,4647.625,15
2026-05-06 03:15:00,4647.505,4651.035,4644.245,4645.485,15
2026-05-06 03:30:00,4645.405,4651.755,4642.345,4647.525,15
2026-05-06 03:45:00,4647.505,4648.235,4642.745,4643.455,15
2026-05-06 04:00:00,4643.475,4647.625,4643.225,4647.485,15
2026-05-06 04:15:00,4647.935,4653.285,4645.348,4652.298,15
2026-05-06 04:30:00,4652.398,4652.468,4645.735,4647.415,15
2026-05-06 04:45:00,4647.495,4652.365,4646.915,4648.655,15
2026-05-06 05:00:00,4648.675,4656.305,4648.545,4654.615,15
2026-05-06 05:15:00,4654.635,4655.085,4649.268,4650.185,15
2026-05-06 05:30:00,4650.125,4651.785,4644.375,4649.805,15
2026-05-06 05:45:00,4649.755,4663.605,4649.015,4662.875,15
2026-05-06 06:00:00,4662.795,4665.745,4656.815,4660.215,15
2026-05-06 06:15:00,4660.395,4666.575,4657.795,4665.925,15
2026-05-06 06:30:00,4665.945,4668.525,4659.895,4664.065,15
2026-05-06 06:45:00,4664.145,4669.655,4662.695,4669.175,15
2026-05-06 07:00:00,4669.215,4670.125,4658.608,4658.608,15
2026-05-06 07:15:00,4658.608,4669.955,4657.255,4667.355,15
2026-05-06 07:30:00,4667.345,4670.345,4663.058,4670.345,15
2026-05-06 07:45:00,4670.335,4681.715,4670.105,4681.495,15
2026-05-06 08:00:00,4681.165,4682.285,4674.985,4679.245,15
2026-05-06 08:15:00,4679.228,4680.645,4676.505,4676.805,15
2026-05-06 08:30:00,4676.825,4678.775,4671.435,4677.385,15
2026-05-06 08:45:00,4677.465,4702.298,4677.325,4700.005,15
2026-05-06 09:00:00,4700.345,4708.435,4688.825,4695.775,15
2026-05-06 09:15:00,4695.715,4704.955,4691.295,4700.165,15
2026-05-06 09:30:00,4699.855,4705.755,4695.595,4695.825,15
2026-05-06 09:45:00,4695.755,4702.815,4693.998,4701.565,15
2026-05-06 10:00:00,4701.605,4705.525,4695.708,4697.985,15
2026-05-06 10:15:00,4697.945,4704.605,4695.275,4704.425,15
2026-05-06 10:30:00,4704.425,4716.025,4704.405,4714.085,15
2026-05-06 10:45:00,4714.145,4722.825,4707.118,4717.795,15
2026-05-06 11:00:00,4717.805,4721.025,4709.025,4711.795,15
2026-05-06 11:15:00,4711.825,4713.465,4705.285,4705.345,15
2026-05-06 11:30:00,4705.355,4715.405,4698.045,4699.405,15
2026-05-06 11:45:00,4699.405,4702.485,4690.658,4691.748,15
2026-05-06 12:00:00,4691.995,4692.885,4670.275,4671.855,15
2026-05-06 12:15:00,4671.925,4688.485,4660.195,4683.105,15
2026-05-06 12:30:00,4683.175,4685.255,4677.925,4682.535,15
2026-05-06 12:45:00,4682.555,4684.505,4676.705,4683.045,15
2026-05-06 13:00:00,4683.055,4692.305,4668.645,4683.445,15
2026-05-06 13:15:00,4683.405,4690.995,4679.295,4684.955,15
2026-05-06 13:30:00,4684.905,4698.995,4680.055,4695.155,15
2026-05-06 13:45:00,4695.105,4707.655,4692.295,4701.925,15
2026-05-06 14:00:00,4701.758,4712.345,4697.395,4710.835,15
2026-05-06 14:15:00,4710.875,4717.205,4704.615,4705.465,15
2026-05-06 14:30:00,4705.515,4714.345,4704.485,4713.075,15
2026-05-06 14:45:00,4713.145,4713.795,4700.575,4702.895,15
2026-05-06 15:00:00,4702.845,4705.685,4693.215,4696.585,15
2026-05-06 15:15:00,4696.575,4703.255,4694.025,4695.265,15
2026-05-06 15:30:00,4695.265,4697.795,4689.125,4692.805,15
2026-05-06 15:45:00,4692.775,4694.705,4687.625,4687.625,15
2026-05-06 16:00:00,4687.455,4688.315,4681.155,4683.555,15
2026-05-06 16:15:00,4683.555,4688.485,4682.385,4688.195,15
2026-05-06 16:30:00,4688.195,4692.065,4685.395,4688.645,15
2026-05-06 16:45:00,4688.645,4689.855,4679.315,4682.915,15
2026-05-06 17:00:00,4682.975,4687.985,4679.565,4685.465,15
2026-05-06 17:15:00,4685.465,4686.105,4680.015,4682.975,15
2026-05-06 17:30:00,4683.005,4683.435,4678.845,4680.495,15
2026-05-06 17:45:00,4680.545,4684.505,4680.285,4684.005,15
2026-05-06 18:00:00,4684.075,4687.455,4681.805,4686.745,15
2026-05-06 18:15:00,4686.815,4690.435,4686.298,4687.635,15
2026-05-06 18:30:00,4687.975,4690.205,4685.085,4686.075,15
2026-05-06 18:45:00,4686.095,4688.005,4684.735,4685.915,15
2026-05-06 19:00:00,4685.955,4695.635,4685.905,4695.005,15
2026-05-06 19:15:00,4695.075,4700.025,4694.805,4698.245,15
2026-05-06 19:30:00,4698.235,4698.825,4693.805,4695.195,15
2026-05-06 19:45:00,4695.175,4698.275,4692.175,4692.245,15
2026-05-06 20:00:00,4692.215,4699.505,4692.215,4698.815,15
2026-05-06 20:15:00,4698.865,4699.325,4691.745,4692.465,15
2026-05-06 20:30:00,4692.525,4692.945,4688.495,4688.515,15
2026-05-06 20:45:00,4688.515,4691.725,4685.005,4690.965,15
2026-05-06 22:00:00,4691.535,4698.115,4689.115,4696.925,15
2026-05-06 22:15:00,4696.875,4699.625,4693.015,4695.135,15
2026-05-06 22:30:00,4695.195,4699.355,4694.225,4698.355,15
2026-05-06 22:45:00,4698.325,4698.375,4694.265,4694.495,15
2026-05-06 23:00:00,4694.455,4698.165,4693.745,4694.115,15
2026-05-06 23:15:00,4694.075,4697.595,4690.145,4693.145,15
2026-05-06 23:30:00,4693.265,4694.295,4691.515,4693.325,15
2026-05-06 23:45:00,4693.395,4699.325,4693.265,4698.745,15
2026-05-07 00:00:00,4698.695,4700.605,4689.688,4699.655,15
2026-05-07 00:15:00,4699.695,4701.025,4691.848,4692.175,15
2026-05-07 00:30:00,4692.105,4693.045,4685.785,4688.085,15
2026-05-07 00:45:00,4688.055,4691.395,4685.235,4688.385,15
2026-05-07 01:00:00,4688.505,4710.955,4684.965,4709.465,15
2026-05-07 01:15:00,4709.515,4716.275,4703.425,4703.905,15
2026-05-07 01:30:00,4703.805,4718.035,4702.135,4712.655,15
2026-05-07 01:45:00,4712.675,4721.225,4712.425,4714.588,15
2026-05-07 02:00:00,4714.588,4718.395,4703.235,4703.775,15
2026-05-07 02:15:00,4703.805,4707.665,4701.525,4702.515,15
2026-05-07 02:30:00,4702.415,4705.215,4699.645,4703.935,15
2026-05-07 02:45:00,4704.005,4709.745,4704.005,4707.005,15
2026-05-07 03:00:00,4706.785,4709.615,4703.945,4705.605,15
2026-05-07 03:15:00,4705.655,4708.535,4704.035,4704.235,15
2026-05-07 03:30:00,4704.305,4704.825,4702.065,4703.625,15
2026-05-07 03:45:00,4703.585,4704.665,4698.615,4698.835,15
2026-05-07 04:00:00,4698.865,4700.745,4696.545,4696.605,15
2026-05-07 04:15:00,4696.585,4698.255,4694.815,4696.615,15
2026-05-07 04:30:00,4696.625,4698.945,4692.095,4697.765,15
2026-05-07 04:45:00,4697.715,4698.785,4693.795,4696.195,15
2026-05-07 05:00:00,4696.215,4701.085,4696.055,4700.125,15
2026-05-07 05:15:00,4700.405,4700.405,4694.625,4695.775,15
2026-05-07 05:30:00,4695.805,4705.835,4694.795,4703.365,15
2026-05-07 05:45:00,4703.315,4706.365,4700.525,4700.895,15
2026-05-07 06:00:00,4700.895,4710.195,4700.895,4707.915,15
2026-05-07 06:15:00,4707.955,4717.645,4707.095,4717.125,15
2026-05-07 06:30:00,4717.105,4749.805,4715.775,4745.685,15
2026-05-07 06:45:00,4745.598,4746.855,4735.485,4738.885,15
2026-05-07 07:00:00,4738.766,4750.115,4731.345,4748.885,15
2026-05-07 07:15:00,4748.935,4750.375,4737.665,4739.325,15
2026-05-07 07:30:00,4739.335,4743.955,4738.045,4742.765,15
2026-05-07 07:45:00,4742.795,4744.465,4736.935,4743.125,15
2026-05-07 08:00:00,4743.125,4753.275,4742.265,4742.475,15
2026-05-07 08:15:00,4742.395,4742.875,4733.645,4740.035,15
2026-05-07 08:30:00,4739.995,4741.705,4733.715,4735.125,15
2026-05-07 08:45:00,4735.045,4737.135,4730.685,4730.845,15
2026-05-07 09:00:00,4730.945,4736.225,4721.665,4733.975,15
2026-05-07 09:15:00,4733.955,4738.615,4731.365,4735.425,15
2026-05-07 09:30:00,4735.228,4739.275,4732.945,4737.625,15
2026-05-07 09:45:00,4737.955,4738.865,4725.675,4728.835,15
2026-05-07 10:00:00,4728.785,4734.855,4726.405,4734.745,15
2026-05-07 10:15:00,4734.715,4736.105,4728.325,4732.275,15
2026-05-07 10:30:00,4732.295,4739.725,4727.735,4738.925,15
2026-05-07 10:45:00,4738.845,4739.605,4735.175,4735.585,15
2026-05-07 11:00:00,4735.895,4737.045,4728.145,4730.035,15
2026-05-07 11:15:00,4730.025,4736.425,4727.115,4732.505,15
2026-05-07 11:30:00,4732.555,4737.965,4731.675,4736.645,15
2026-05-07 11:45:00,4736.675,4743.585,4733.835,4742.605,15
2026-05-07 12:00:00,4742.785,4746.085,4739.385,4744.005,15
2026-05-07 12:15:00,4743.975,4747.025,4733.228,4737.885,15
2026-05-07 12:30:00,4737.915,4751.555,4737.095,4751.055,15
2026-05-07 12:45:00,4751.185,4752.455,4744.868,4749.955,15
2026-05-07 13:00:00,4749.915,4750.065,4730.995,4733.265,15
2026-05-07 13:15:00,4733.285,4746.515,4731.155,4745.175,15
2026-05-07 13:30:00,4744.935,4758.035,4743.235,4748.315,15
2026-05-07 13:45:00,4748.295,4749.215,4737.135,4746.115,15
2026-05-07 14:00:00,4746.115,4753.805,4742.255,4751.725,15
2026-05-07 14:15:00,4751.675,4759.345,4740.948,4756.495,15
2026-05-07 14:30:00,4756.885,4758.745,4747.475,4751.658,15
2026-05-07 14:45:00,4751.665,4763.285,4750.925,4762.575,15
2026-05-07 15:00:00,4762.565,4764.595,4754.375,4754.635,15
2026-05-07 15:15:00,4754.665,4756.035,4736.255,4739.925,15
2026-05-07 15:30:00,4739.885,4746.975,4738.825,4738.845,15
2026-05-07 15:45:00,4738.735,4739.675,4726.255,4729.045,15
2026-05-07 16:00:00,4729.165,4729.595,4713.285,4715.115,15
2026-05-07 16:15:00,4715.105,4722.835,4704.255,4719.975,15
2026-05-07 16:30:00,4719.975,4720.695,4710.195,4710.975,15
2026-05-07 16:45:00,4710.975,4718.075,4710.265,4714.865,15
2026-05-07 17:00:00,4714.855,4719.425,4711.565,4714.375,15
2026-05-07 17:15:00,4714.565,4718.838,4687.565,4698.975,15
2026-05-07 17:30:00,4698.945,4705.995,4693.275,4699.505,15
2026-05-07 17:45:00,4699.395,4711.945,4697.715,4711.295,15
2026-05-07 18:00:00,4711.255,4712.285,4705.035,4707.905,15
2026-05-07 18:15:00,4707.905,4712.885,4705.505,4712.735,15
2026-05-07 18:30:00,4712.675,4716.015,4703.075,4705.985,15
2026-05-07 18:45:00,4705.875,4711.245,4695.295,4709.495,15
2026-05-07 19:00:00,4709.555,4712.745,4704.815,4709.805,15
2026-05-07 19:15:00,4709.835,4710.625,4697.675,4705.015,15
2026-05-07 19:30:00,4704.995,4711.935,4703.605,4709.585,15
2026-05-07 19:45:00,4709.535,4710.665,4702.555,4702.745,15
2026-05-07 20:00:00,4702.705,4718.915,4702.695,4711.375,15
2026-05-07 20:15:00,4711.665,4714.095,4709.095,4712.805,15
2026-05-07 20:30:00,4712.835,4715.495,4696.485,4703.665,15
2026-05-07 20:45:00,4703.685,4703.825,4684.575,4685.145,15
2026-05-07 22:00:00,4679.745,4697.885,4675.648,4691.025,15
2026-05-07 22:15:00,4690.995,4699.158,4689.065,4693.545,15
2026-05-07 22:30:00,4693.595,4695.025,4685.975,4686.825,15
2026-05-07 22:45:00,4686.805,4688.405,4681.715,4685.358,15
2026-05-07 23:00:00,4685.175,4693.545,4683.978,4691.385,15
2026-05-07 23:15:00,4691.425,4698.285,4691.425,4696.125,15
2026-05-07 23:30:00,4696.655,4698.855,4694.645,4697.585,15
2026-05-07 23:45:00,4697.565,4705.375,4697.565,4704.145,15
2026-05-08 00:00:00,4704.085,4709.255,4701.325,4702.595,15
2026-05-08 00:15:00,4702.625,4705.545,4693.835,4696.985,15
2026-05-08 00:30:00,4696.945,4708.075,4695.945,4704.755,15
2026-05-08 00:45:00,4704.785,4705.555,4696.725,4701.265,15
2026-05-08 01:00:00,4701.115,4719.155,4700.265,4713.835,15
2026-05-08 01:15:00,4713.565,4718.335,4711.058,4712.295,15
2026-05-08 01:30:00,4712.245,4715.065,4704.935,4710.795,15
2026-05-08 01:45:00,4710.985,4725.245,4710.925,4722.625,15
2026-05-08 02:00:00,4722.695,4732.615,4721.215,4723.875,15
2026-05-08 02:15:00,4723.805,4724.275,4717.775,4721.225,15
2026-05-08 02:30:00,4721.225,4723.315,4706.625,4710.035,15
2026-05-08 02:45:00,4710.085,4717.465,4708.315,4713.185,15
2026-05-08 03:00:00,4713.125,4719.865,4710.945,4719.785,15
2026-05-08 03:15:00,4719.725,4722.545,4716.855,4720.205,15
2026-05-08 03:30:00,4720.115,4730.995,4719.715,4724.685,15
2026-05-08 03:45:00,4724.655,4724.955,4717.705,4719.455,15
2026-05-08 04:00:00,4719.435,4723.095,4714.675,4714.805,15
2026-05-08 04:15:00,4714.805,4718.285,4713.175,4717.185,15
2026-05-08 04:30:00,4717.385,4718.195,4708.735,4711.975,15
2026-05-08 04:45:00,4712.085,4716.525,4709.455,4710.715,15
2026-05-08 05:00:00,4710.855,4716.145,4709.355,4712.055,15
2026-05-08 05:15:00,4712.025,4719.945,4710.255,4719.105,15
2026-05-08 05:30:00,4719.665,4727.075,4719.475,4724.375,15
2026-05-08 05:45:00,4724.275,4730.958,4723.055,4727.155,15
2026-05-08 06:00:00,4727.185,4730.265,4712.295,4722.795,15
2026-05-08 06:15:00,4722.775,4734.355,4721.435,4733.385,15
2026-05-08 06:30:00,4733.425,4734.095,4725.365,4728.955,15
2026-05-08 06:45:00,4728.935,4729.285,4721.065,4725.465,15
2026-05-08 07:00:00,4725.268,4726.215,4714.935,4714.935,15
2026-05-08 07:15:00,4715.035,4718.215,4696.735,4706.495,15
2026-05-08 07:30:00,4706.415,4711.565,4700.935,4707.905,15
2026-05-08 07:45:00,4708.005,4713.375,4706.725,4707.595,15
2026-05-08 08:00:00,4707.645,4713.015,4706.405,4711.165,15
2026-05-08 08:15:00,4711.165,4722.325,4711.055,4716.665,15
2026-05-08 08:30:00,4716.735,4723.395,4716.205,4716.805,15
2026-05-08 08:45:00,4716.705,4719.768,4714.735,4715.495,15
2026-05-08 09:00:00,4715.515,4720.145,4713.275,4718.295,15
2026-05-08 09:15:00,4718.295,4722.595,4717.515,4717.825,15
2026-05-08 09:30:00,4717.745,4718.555,4709.115,4713.205,15
2026-05-08 09:45:00,4713.165,4713.815,4707.255,4711.625,15
2026-05-08 10:00:00,4711.645,4718.745,4710.955,4718.685,15
2026-05-08 10:15:00,4718.685,4723.715,4717.285,4720.305,15
2026-05-08 10:30:00,4720.275,4727.748,4720.125,4724.235,15
2026-05-08 10:45:00,4724.195,4724.285,4715.175,4719.565,15
2026-05-08 11:00:00,4719.905,4727.195,4718.715,4721.825,15
2026-05-08 11:15:00,4721.835,4725.685,4719.875,4723.915,15
2026-05-08 11:30:00,4724.095,4725.745,4720.755,4720.895,15
2026-05-08 11:45:00,4720.865,4721.125,4713.455,4717.585,15
2026-05-08 12:00:00,4717.615,4719.625,4703.645,4704.435,15
2026-05-08 12:15:00,4704.405,4710.815,4702.735,4709.805,15
2026-05-08 12:30:00,4709.815,4730.735,4701.708,4723.705,15
2026-05-08 12:45:00,4723.695,4731.745,4719.095,4724.225,15
2026-05-08 13:00:00,4723.958,4728.885,4716.535,4720.178,15
2026-05-08 13:15:00,4720.255,4727.735,4719.325,4727.045,15
2026-05-08 13:30:00,4727.085,4744.165,4726.615,4738.105,15
2026-05-08 13:45:00,4738.145,4747.565,4734.755,4747.515,15
2026-05-08 14:00:00,4747.635,4749.245,4718.775,4731.535,15
2026-05-08 14:15:00,4731.535,4733.805,4716.465,4717.775,15
2026-05-08 14:30:00,4717.965,4725.405,4714.135,4722.525,15
2026-05-08 14:45:00,4722.495,4724.395,4713.225,4715.695,15
2026-05-08 15:00:00,4715.765,4720.845,4706.055,4707.675,15
2026-05-08 15:15:00,4707.635,4713.425,4704.285,4713.115,15
2026-05-08 15:30:00,4713.195,4714.955,4704.085,4705.725,15
2026-05-08 15:45:00,4705.765,4711.005,4701.825,4706.985,15
2026-05-08 16:00:00,4707.015,4712.325,4705.315,4711.425,15
2026-05-08 16:15:00,4711.395,4717.565,4711.345,4717.545,15
2026-05-08 16:30:00,4717.555,4720.015,4713.165,4713.365,15
2026-05-08 16:45:00,4713.385,4716.145,4711.065,4712.285,15
2026-05-08 17:00:00,4712.255,4716.145,4711.995,4715.085,15
2026-05-08 17:15:00,4715.165,4721.915,4715.005,4720.555,15
2026-05-08 17:30:00,4720.435,4721.715,4719.585,4720.635,15
2026-05-08 17:45:00,4720.635,4722.615,4719.265,4720.765,15
2026-05-08 18:00:00,4720.835,4728.525,4720.385,4727.405,15
2026-05-08 18:15:00,4727.545,4728.825,4723.775,4725.465,15
2026-05-08 18:30:00,4725.298,4726.365,4723.845,4724.515,15
2026-05-08 18:45:00,4724.515,4724.515,4719.735,4721.755,15
2026-05-08 19:00:00,4721.725,4725.455,4720.745,4723.405,15
2026-05-08 19:15:00,4723.385,4724.845,4723.135,4723.585,15
2026-05-08 19:30:00,4723.515,4726.655,4721.635,4725.225,15
2026-05-08 19:45:00,4725.215,4725.755,4722.745,4723.765,15
2026-05-08 20:00:00,4723.775,4724.125,4717.035,4718.665,15
2026-05-08 20:15:00,4718.665,4719.045,4715.035,4717.255,15
2026-05-08 20:30:00,4717.185,4718.915,4715.298,4715.868,15
2026-05-08 20:45:00,4715.925,4716.378,4711.415,4712.655,15
2026-05-10 21:15:00,4715.820,4717.813,4715.202,4715.352,0
2026-05-10 21:30:00,4715.366,4716.096,4715.160,4716.096,0
2026-05-10 21:45:00,4716.061,4716.226,4714.818,4715.611,0
2026-05-10 22:00:00,4715.509,4719.902,4677.956,4688.639,0
2026-05-10 22:15:00,4690.214,4695.252,4681.938,4695.173,0
2026-05-10 22:30:00,4694.993,4695.941,4688.173,4690.895,0
2026-05-10 22:45:00,4690.207,4694.424,4689.112,4692.782,0
2026-05-10 23:00:00,4692.796,4695.718,4690.092,4690.484,0
2026-05-10 23:15:00,4691.294,4696.814,4689.992,4695.332,0
2026-05-10 23:30:00,4696.211,4697.975,4694.114,4697.222,0
2026-05-10 23:45:00,4697.210,4698.619,4691.374,4692.040,0
2026-05-11 00:00:00,4693.544,4693.544,4681.545,4681.964,0
2026-05-11 00:15:00,4682.655,4685.377,4678.062,4683.039,0
2026-05-11 00:30:00,4683.007,4693.515,4682.963,4690.577,0
2026-05-11 00:45:00,4690.438,4693.977,4674.950,4680.546,0
2026-05-11 01:00:00,4679.245,4697.378,4677.050,4693.797,0
2026-05-11 01:15:00,4693.570,4704.437,4691.087,4700.805,0
2026-05-11 01:30:00,4700.657,4703.005,4692.598,4692.860,0
2026-05-11 01:45:00,4693.104,4695.750,4679.084,4680.275,0
2026-05-11 02:00:00,4681.761,4692.192,4680.508,4688.205,0
2026-05-11 02:15:00,4687.944,4688.452,4683.427,4685.934,0
2026-05-11 02:30:00,4686.432,4699.666,4686.432,4691.302,0
2026-05-11 02:45:00,4692.507,4693.734,4676.741,4680.985,0
2026-05-11 03:00:00,4680.220,4688.717,4676.651,4688.717,0
2026-05-11 03:15:00,4688.583,4690.274,4684.718,4690.214,0
2026-05-11 03:30:00,4690.099,4690.167,4682.963,4683.683,0
2026-05-11 03:45:00,4684.649,4688.102,4677.446,4678.620,0
2026-05-11 04:00:00,4677.820,4680.247,4675.300,4676.146,0
2026-05-11 04:15:00,4676.325,4678.479,4671.744,4675.323,0
2026-05-11 04:30:00,4674.978,4676.072,4668.468,4673.397,0
2026-05-11 04:45:00,4673.114,4675.683,4672.382,4674.680,0
2026-05-11 05:00:00,4673.850,4675.956,4671.980,4672.938,0
2026-05-11 05:15:00,4672.799,4675.037,4671.850,4672.197,0
2026-05-11 05:30:00,4672.872,4680.883,4665.008,4665.363,0
2026-05-11 05:45:00,4665.932,4671.587,4649.217,4654.092,0
2026-05-11 06:00:00,4654.035,4666.312,4649.494,4666.312,0
2026-05-11 06:15:00,4666.221,4670.548,4664.614,4665.971,0
2026-05-11 06:30:00,4666.646,4674.697,4663.234,4674.054,0
2026-05-11 06:45:00,4672.692,4680.731,4672.024,4678.257,0
2026-05-11 07:00:00,4678.206,4680.593,4675.447,4676.266,0
2026-05-11 07:15:00,4675.952,4678.188,4673.066,4676.270,0
2026-05-11 07:30:00,4677.253,4678.091,4673.107,4673.259,0
2026-05-11 07:45:00,4673.443,4676.226,4667.009,4667.058,0
2026-05-11 08:00:00,4667.034,4672.427,4665.267,4672.385,0
2026-05-11 08:15:00,4672.272,4677.487,4671.189,4674.450,0
2026-05-11 08:30:00,4674.953,4675.735,4669.842,4670.225,0
2026-05-11 08:45:00,4670.011,4671.077,4667.075,4667.613,0
2026-05-11 09:00:00,4667.874,4669.624,4666.474,4667.470,0
2026-05-11 09:15:00,4666.932,4668.091,4658.262,4658.995,0
2026-05-11 09:30:00,4660.528,4662.893,4652.639,4662.211,0
2026-05-11 09:45:00,4660.782,4664.539,4656.983,4657.388,0
2026-05-11 10:00:00,4658.220,4662.494,4656.036,4661.837,0
2026-05-11 10:15:00,4661.746,4665.306,4660.448,4663.858,0
2026-05-11 10:30:00,4663.887,4667.047,4660.919,4661.250,0
2026-05-11 10:45:00,4661.810,4667.658,4661.732,4665.441,0
2026-05-11 11:00:00,4665.386,4671.599,4664.464,4668.531,0
2026-05-11 11:15:00,4668.019,4671.402,4667.445,4670.771,0
2026-05-11 11:30:00,4669.375,4677.838,4668.534,4676.007,0
2026-05-11 11:45:00,4676.806,4676.831,4670.542,4673.870,0
2026-05-11 12:00:00,4673.503,4674.426,4668.036,4668.246,0
2026-05-11 12:15:00,4668.618,4697.108,4667.502,4688.581,0
2026-05-11 12:30:00,4690.400,4697.126,4689.552,4694.163,0
2026-05-11 12:45:00,4693.187,4699.817,4688.013,4697.360,0
2026-05-11 13:00:00,4699.552,4720.145,4699.360,4719.922,0
2026-05-11 13:15:00,4719.534,4736.362,4715.647,4729.004,0
2026-05-11 13:30:00,4730.112,4744.658,4726.786,4744.603,0
2026-05-11 13:45:00,4744.407,4746.760,4735.970,4739.612,0
2026-05-11 14:00:00,4741.991,4743.383,4720.990,4730.590,0
2026-05-11 14:15:00,4729.117,4733.623,4726.362,4726.362,0
2026-05-11 14:30:00,4726.371,4732.881,4715.123,4732.802,0
2026-05-11 14:45:00,4732.628,4734.951,4724.547,4724.691,0
2026-05-11 15:00:00,4724.817,4731.053,4723.889,4729.245,0
2026-05-11 15:15:00,4729.857,4738.770,4726.451,4733.813,0
2026-05-11 15:30:00,4733.462,4734.013,4728.254,4730.496,0
2026-05-11 15:45:00,4730.464,4732.354,4725.979,4732.006,0
2026-05-11 16:00:00,4731.595,4733.056,4728.052,4728.113,0
2026-05-11 16:15:00,4728.187,4729.250,4723.194,4723.497,0
2026-05-11 16:30:00,4724.080,4725.691,4711.570,4711.570,0
2026-05-11 16:45:00,4711.848,4716.514,4710.836,4716.239,0
2026-05-11 17:00:00,4715.782,4719.610,4714.535,4715.809,0
2026-05-11 17:15:00,4716.533,4721.212,4716.001,4721.153,0
2026-05-11 17:30:00,4720.983,4724.136,4718.984,4722.776,0
2026-05-11 17:45:00,4723.160,4724.335,4722.293,4722.372,0
2026-05-11 18:00:00,4722.492,4726.644,4722.327,4724.318,0
2026-05-11 18:15:00,4724.221,4726.891,4722.682,4726.483,0
2026-05-11 18:30:00,4725.929,4728.803,4725.228,4727.391,0
2026-05-11 18:45:00,4726.889,4728.737,4725.880,4726.616,0
2026-05-11 19:00:00,4727.503,4728.356,4723.435,4725.104,0
2026-05-11 19:15:00,4725.996,4727.015,4723.836,4724.193,0
2026-05-11 19:30:00,4724.100,4728.320,4723.546,4728.288,0
2026-05-11 19:45:00,4728.244,4736.124,4727.685,4735.091,0
2026-05-11 20:00:00,4734.614,4737.540,4730.796,4735.354,0
2026-05-11 20:15:00,4734.960,4736.403,4732.160,4735.251,0
2026-05-11 20:30:00,4735.008,4738.488,4734.624,4737.808,0
2026-05-11 20:45:00,4737.783,4737.816,4733.048,4735.461,0
2026-05-11 21:00:00,4735.041,4735.745,4735.041,4735.273,0
2026-05-11 21:15:00,4735.287,4735.501,4735.139,4735.274,0
2026-05-11 21:30:00,4735.294,4735.633,4735.073,4735.467,0
2026-05-11 21:45:00,4735.300,4735.565,4735.073,4735.324,0
2026-05-11 22:00:00,4735.216,4742.977,4731.649,4739.832,0
2026-05-11 22:15:00,4739.735,4741.675,4737.952,4741.621,0
2026-05-11 22:30:00,4741.459,4743.568,4739.143,4742.526,0
2026-05-11 22:45:00,4742.371,4755.206,4741.107,4751.255,0
2026-05-11 23:00:00,4751.581,4754.216,4748.221,4750.118,0
2026-05-11 23:15:00,4749.406,4754.270,4748.564,4753.213,0
2026-05-11 23:30:00,4753.881,4758.347,4751.370,4756.446,0
2026-05-11 23:45:00,4756.360,4768.653,4755.564,4768.112,0
2026-05-12 00:00:00,4768.031,4769.256,4759.792,4767.703,0
2026-05-12 00:15:00,4767.363,4773.498,4759.185,4763.411,0
2026-05-12 00:30:00,4763.632,4765.081,4758.576,4758.758,0
2026-05-12 00:45:00,4759.000,4760.610,4750.866,4752.177,0
2026-05-12 01:00:00,4753.958,4754.886,4742.490,4746.165,0
2026-05-12 01:15:00,4745.986,4750.118,4734.962,4735.196,0
2026-05-12 01:30:00,4735.760,4738.483,4721.881,4725.431,0
2026-05-12 01:45:00,4723.991,4731.648,4721.881,4725.509,0
2026-05-12 02:00:00,4725.530,4733.056,4725.228,4731.042,0
2026-05-12 02:15:00,4732.207,4732.608,4725.577,4725.577,0
2026-05-12 02:30:00,4725.238,4731.012,4723.889,4730.007,0
2026-05-12 02:45:00,4727.551,4733.457,4726.568,4731.961,0
2026-05-12 03:00:00,4731.930,4733.464,4727.883,4731.044,0
2026-05-12 03:15:00,4730.407,4731.892,4722.920,4723.954,0
2026-05-12 03:30:00,4724.328,4727.292,4723.442,4727.025,0
2026-05-12 03:45:00,4726.732,4726.732,4718.861,4720.139,0
2026-05-12 04:00:00,4719.938,4722.328,4719.207,4721.700,0
2026-05-12 04:15:00,4721.533,4729.909,4720.983,4725.190,0
2026-05-12 04:30:00,4724.951,4725.898,4722.009,4725.512,0
2026-05-12 04:45:00,4725.410,4725.451,4711.967,4714.956,0
2026-05-12 05:00:00,4716.051,4718.516,4709.604,4711.467,0
2026-05-12 05:15:00,4710.583,4716.705,4709.872,4715.390,0
2026-05-12 05:30:00,4715.282,4720.607,4712.437,4715.739,0
2026-05-12 05:45:00,4715.461,4720.463,4707.960,4716.383,0
2026-05-12 06:00:00,4717.639,4720.500,4703.917,4704.443,0
2026-05-12 06:15:00,4705.011,4706.298,4695.845,4697.769,0
2026-05-12 06:30:00,4697.262,4706.739,4695.020,4700.413,0
2026-05-12 06:45:00,4700.237,4705.401,4695.247,4698.171,0
2026-05-12 07:00:00,4697.364,4698.606,4689.347,4695.921,0
2026-05-12 07:15:00,4696.609,4699.027,4694.568,4697.680,0
2026-05-12 07:30:00,4698.007,4702.760,4696.244,4702.470,0
2026-05-12 07:45:00,4702.000,4704.198,4697.092,4700.783,0
2026-05-12 08:00:00,4702.762,4705.661,4697.387,4700.993,0
2026-05-12 08:15:00,4700.961,4703.669,4698.144,4702.925,0
2026-05-12 08:30:00,4703.286,4703.971,4698.769,4699.997,0
2026-05-12 08:45:00,4699.868,4705.078,4699.027,4703.847,0
2026-05-12 09:00:00,4703.783,4704.227,4698.460,4698.759,0
2026-05-12 09:15:00,4698.612,4703.254,4698.251,4699.895,0
2026-05-12 09:30:00,4699.410,4703.229,4697.287,4698.397,0
2026-05-12 09:45:00,4700.316,4701.060,4694.332,4699.563,0
2026-05-12 10:00:00,4699.001,4707.876,4697.924,4705.180,0
2026-05-12 10:15:00,4705.648,4708.060,4699.636,4701.706,0
2026-05-12 10:30:00,4701.190,4701.795,4686.475,4689.815,0
2026-05-12 10:45:00,4690.360,4693.879,4690.212,4692.164,0
2026-05-12 11:00:00,4692.291,4696.053,4686.188,4691.796,0
2026-05-12 11:15:00,4692.127,4699.085,4690.744,4698.553,0
2026-05-12 11:30:00,4697.564,4705.563,4694.615,4705.190,0
2026-05-12 11:45:00,4704.715,4708.361,4703.602,4707.512,0
2026-05-12 12:00:00,4707.786,4708.320,4699.554,4705.168,0
2026-05-12 12:15:00,4703.871,4708.640,4696.508,4696.530,0
2026-05-12 12:30:00,4696.499,4707.118,4691.633,4707.011,0
2026-05-12 12:45:00,4706.801,4711.125,4701.015,4702.720,0
2026-05-12 13:00:00,4703.307,4708.830,4689.283,4690.209,0
2026-05-12 13:15:00,4691.597,4695.954,4680.861,4691.670,0
2026-05-12 13:30:00,4692.238,4700.524,4684.590,4700.291,0
2026-05-12 13:45:00,4700.200,4700.353,4678.729,4680.131,0
2026-05-12 14:00:00,4682.050,4693.876,4676.568,4693.758,0
2026-05-12 14:15:00,4693.348,4695.773,4683.707,4684.155,0
2026-05-12 14:30:00,4684.873,4686.914,4676.394,4685.822,0
2026-05-12 14:45:00,4685.693,4686.069,4671.298,4671.298,0
2026-05-12 15:00:00,4671.644,4674.645,4666.123,4669.404,0
2026-05-12 15:15:00,4666.821,4667.111,4641.664,4653.766,0
2026-05-12 15:30:00,4653.232,4667.009,4649.865,4665.385,0
2026-05-12 15:45:00,4665.201,4669.467,4662.874,4667.202,0
2026-05-12 16:00:00,4667.589,4672.464,4664.056,4672.192,0
2026-05-12 16:15:00,4671.830,4674.230,4666.692,4669.018,0
2026-05-12 16:30:00,4668.983,4672.084,4666.573,4670.390,0
2026-05-12 16:45:00,4669.714,4673.800,4667.445,4672.569,0
2026-05-12 17:00:00,4673.157,4679.119,4672.024,4677.805,0
2026-05-12 17:15:00,4676.371,4682.306,4676.371,4680.327,0
2026-05-12 17:30:00,4681.392,4681.429,4677.315,4679.624,0
2026-05-12 17:45:00,4678.730,4680.129,4678.340,4678.758,0
2026-05-12 18:00:00,4678.890,4685.663,4677.370,4680.677,0
2026-05-12 18:15:00,4679.850,4687.647,4679.019,4687.543,0
2026-05-12 18:30:00,4687.318,4696.868,4684.556,4696.511,0
2026-05-12 18:45:00,4695.708,4697.636,4691.691,4696.316,0
2026-05-12 19:00:00,4696.927,4703.292,4694.838,4702.899,0
2026-05-12 19:15:00,4702.322,4704.333,4699.464,4703.795,0
2026-05-12 19:30:00,4703.806,4710.771,4703.669,4709.545,0
2026-05-12 19:45:00,4709.499,4714.778,4708.763,4714.633,0
2026-05-12 20:00:00,4714.211,4718.209,4712.246,4713.609,0
2026-05-12 20:15:00,4713.919,4716.788,4712.735,4713.248,0
2026-05-12 20:30:00,4713.247,4715.291,4713.067,4715.004,0
2026-05-12 20:45:00,4714.538,4715.883,4712.669,4715.309,0
2026-05-12 21:00:00,4715.188,4715.503,4714.535,4715.359,0
2026-05-12 21:15:00,4715.291,4715.584,4715.202,4715.226,0
2026-05-12 21:30:00,4715.283,4715.508,4714.979,4715.364,0
2026-05-12 21:45:00,4715.213,4715.483,4714.979,4715.224,0
2026-05-12 22:00:00,4715.142,4719.399,4713.646,4714.606,0
2026-05-12 22:15:00,4714.589,4719.448,4714.414,4716.202,0
2026-05-12 22:30:00,4715.742,4719.716,4715.202,4715.939,0
2026-05-12 22:45:00,4716.028,4721.755,4716.028,4717.523,0
2026-05-12 23:00:00,4717.853,4723.796,4716.759,4718.889,0
2026-05-12 23:15:00,4719.885,4723.479,4717.881,4721.356,0
2026-05-12 23:30:00,4721.179,4721.502,4717.858,4719.103,0
2026-05-12 23:45:00,4719.409,4722.075,4715.603,4718.265,0
2026-05-13 00:00:00,4718.198,4725.959,4716.315,4721.735,0
2026-05-13 00:15:00,4721.921,4726.438,4721.212,4722.014,0
2026-05-13 00:30:00,4722.373,4724.112,4718.895,4723.174,0
2026-05-13 00:45:00,4722.053,4722.489,4715.477,4718.487,0
2026-05-13 01:00:00,4717.419,4717.419,4708.559,4711.990,0
2026-05-13 01:15:00,4713.810,4715.202,4704.128,4704.286,0
2026-05-13 01:30:00,4704.483,4709.424,4702.533,4709.400,0
2026-05-13 01:45:00,4709.345,4710.348,4701.941,4702.156,0
2026-05-13 02:00:00,4702.440,4707.245,4699.836,4703.310,0
2026-05-13 02:15:00,4702.998,4704.156,4699.177,4699.309,0
2026-05-13 02:30:00,4699.504,4702.342,4695.036,4695.521,0
2026-05-13 02:45:00,4696.475,4697.261,4689.259,4692.641,0
2026-05-13 03:00:00,4692.319,4693.642,4688.564,4693.487,0
2026-05-13 03:15:00,4693.279,4700.361,4691.532,4699.604,0
2026-05-13 03:30:00,4698.150,4705.674,4697.924,4704.195,0
2026-05-13 03:45:00,4704.389,4704.554,4695.436,4695.458,0
2026-05-13 04:00:00,4695.490,4698.614,4695.413,4698.286,0
2026-05-13 04:15:00,4698.215,4703.068,4697.703,4701.443,0
2026-05-13 04:30:00,4700.987,4702.664,4697.345,4699.363,0
2026-05-13 04:45:00,4698.961,4702.537,4698.144,4699.486,0
2026-05-13 05:00:00,4699.358,4707.745,4699.229,4705.129,0
2026-05-13 05:15:00,4705.332,4706.768,4698.712,4698.743,0
2026-05-13 05:30:00,4698.775,4702.755,4695.718,4698.970,0
2026-05-13 05:45:00,4699.130,4704.681,4697.482,4703.917,0
2026-05-13 06:00:00,4702.232,4712.304,4701.457,4710.236,0
2026-05-13 06:15:00,4710.809,4717.083,4707.691,4709.153,0
2026-05-13 06:30:00,4708.467,4713.353,4707.655,4711.154,0
2026-05-13 06:45:00,4711.449,4713.424,4700.060,4700.319,0
2026-05-13 07:00:00,4699.998,4704.237,4697.073,4702.714,0
2026-05-13 07:15:00,4702.128,4708.228,4702.121,4708.199,0
2026-05-13 07:30:00,4708.112,4708.112,4703.397,4703.552,0
2026-05-13 07:45:00,4704.008,4705.309,4701.172,4702.230,0
2026-05-13 08:00:00,4702.924,4704.461,4699.548,4700.596,0
2026-05-13 08:15:00,4700.459,4700.671,4695.589,4695.610,0
2026-05-13 08:30:00,4695.528,4699.608,4694.435,4696.206,0
2026-05-13 08:45:00,4696.780,4702.059,4695.471,4701.974,0
2026-05-13 09:00:00,4701.822,4702.485,4695.555,4697.039,0
2026-05-13 09:15:00,4696.749,4697.261,4686.694,4690.008,0
2026-05-13 09:30:00,4691.028,4694.156,4687.573,4693.735,0
2026-05-13 09:45:00,4692.923,4699.938,4692.795,4699.467,0
2026-05-13 10:00:00,4699.307,4708.213,4698.734,4704.218,0
2026-05-13 10:15:00,4704.651,4705.445,4699.666,4699.763,0
2026-05-13 10:30:00,4700.056,4701.182,4694.949,4695.254,0
2026-05-13 10:45:00,4695.837,4696.379,4694.118,4694.636,0
2026-05-13 11:00:00,4695.322,4697.809,4691.463,4695.733,0
2026-05-13 11:15:00,4696.468,4700.448,4696.379,4699.110,0
2026-05-13 11:30:00,4699.028,4704.848,4698.677,4703.049,0
2026-05-13 11:45:00,4702.772,4704.875,4697.792,4699.300,0
2026-05-13 12:00:00,4699.121,4700.609,4696.080,4696.293,0
2026-05-13 12:15:00,4696.558,4698.926,4684.889,4685.045,0
2026-05-13 12:30:00,4685.285,4685.562,4678.185,4678.964,0
2026-05-13 12:45:00,4680.109,4685.156,4676.940,4684.281,0
2026-05-13 13:00:00,4684.248,4689.701,4681.996,4689.300,0
2026-05-13 13:15:00,4688.774,4694.543,4687.254,4689.938,0
2026-05-13 13:30:00,4689.946,4690.301,4674.023,4681.871,0
2026-05-13 13:45:00,4681.759,4682.878,4669.467,4682.247,0
2026-05-13 14:00:00,4681.867,4681.882,4673.835,4681.760,0
2026-05-13 14:15:00,4681.512,4684.565,4674.997,4683.824,0
2026-05-13 14:30:00,4683.960,4690.870,4683.761,4687.294,0
2026-05-13 14:45:00,4687.384,4687.384,4677.980,4680.560,0
2026-05-13 15:00:00,4680.793,4689.772,4679.916,4687.599,0
2026-05-13 15:15:00,4687.448,4690.979,4686.184,4690.622,0
2026-05-13 15:30:00,4689.923,4699.436,4688.313,4699.307,0
2026-05-13 15:45:00,4699.271,4699.448,4695.260,4695.455,0
2026-05-13 16:00:00,4695.787,4701.839,4694.263,4700.892,0
2026-05-13 16:15:00,4700.298,4708.866,4698.840,4708.653,0
2026-05-13 16:30:00,4708.593,4710.190,4700.510,4701.318,0
2026-05-13 16:45:00,4701.276,4701.457,4696.035,4696.129,0
2026-05-13 17:00:00,4696.219,4700.264,4695.193,4700.164,0
2026-05-13 17:15:00,4699.808,4701.116,4697.383,4698.662,0
2026-05-13 17:30:00,4698.035,4699.027,4690.748,4692.326,0
2026-05-13 17:45:00,4692.065,4693.860,4685.879,4687.783,0
2026-05-13 18:00:00,4687.553,4692.161,4684.958,4692.053,0
2026-05-13 18:15:00,4691.894,4693.874,4689.332,4692.052,0
2026-05-13 18:30:00,4691.903,4692.261,4686.817,4687.495,0
2026-05-13 18:45:00,4688.829,4688.892,4679.960,4685.838,0
2026-05-13 19:00:00,4687.165,4688.044,4683.835,4687.522,0
2026-05-13 19:15:00,4686.268,4689.772,4686.255,4687.319,0
2026-05-13 19:30:00,4687.785,4688.707,4684.413,4688.214,0
2026-05-13 19:45:00,4688.110,4689.212,4684.500,4688.411,0
2026-05-13 20:00:00,4687.703,4690.837,4686.502,4690.733,0
2026-05-13 20:15:00,4690.546,4693.317,4690.432,4692.006,0
2026-05-13 20:30:00,4692.109,4692.192,4689.627,4690.497,0
2026-05-13 20:45:00,4690.456,4690.536,4687.973,4688.610,0
2026-05-13 21:00:00,4688.761,4689.418,4679.052,4688.702,0
2026-05-13 21:15:00,4688.602,4688.901,4688.408,4688.766,0
2026-05-13 21:30:00,4688.659,4688.818,4688.013,4688.615,0
2026-05-13 21:45:00,4688.642,4688.920,4688.554,4688.609,0
2026-05-13 22:00:00,4688.622,4693.614,4688.452,4691.030,0
2026-05-13 22:15:00,4690.855,4697.223,4689.545,4696.237,0
2026-05-13 22:30:00,4696.357,4700.153,4696.158,4700.009,0
2026-05-13 22:45:00,4699.648,4700.505,4697.157,4700.343,0
2026-05-13 23:00:00,4700.297,4702.329,4699.027,4702.221,0
2026-05-13 23:15:00,4701.999,4701.999,4697.323,4697.330,0
2026-05-13 23:30:00,4697.326,4697.775,4695.201,4695.998,0
2026-05-13 23:45:00,4696.244,4696.865,4693.734,4696.639,0
2026-05-14 00:00:00,4696.080,4698.144,4690.872,4697.476,0
2026-05-14 00:15:00,4697.341,4708.162,4694.701,4700.597,0
2026-05-14 00:30:00,4700.792,4703.181,4693.699,4696.957,0
2026-05-14 00:45:00,4694.030,4705.435,4693.954,4704.506,0
2026-05-14 01:00:00,4702.438,4709.048,4687.131,4687.281,0
2026-05-14 01:15:00,4687.620,4694.025,4687.573,4694.000,0
2026-05-14 01:30:00,4693.872,4694.659,4685.596,4687.407,0
2026-05-14 01:45:00,4685.977,4696.144,4685.712,4685.853,0
2026-05-14 02:00:00,4686.017,4693.678,4685.816,4687.626,0
2026-05-14 02:15:00,4687.878,4693.158,4687.793,4690.774,0
2026-05-14 02:30:00,4691.509,4699.939,4691.092,4691.375,0
2026-05-14 02:45:00,4691.619,4693.291,4682.306,4686.653,0
2026-05-14 03:00:00,4687.646,4689.680,4683.183,4683.218,0
2026-05-14 03:15:00,4683.216,4692.332,4682.608,4692.256,0
2026-05-14 03:30:00,4692.147,4694.183,4676.954,4677.387,0
2026-05-14 03:45:00,4678.154,4678.154,4674.975,4675.845,0
2026-05-14 04:00:00,4675.818,4681.826,4671.526,4681.302,0
2026-05-14 04:15:00,4680.638,4704.111,4680.333,4702.570,0
2026-05-14 04:30:00,4702.544,4712.738,4701.942,4704.273,0
2026-05-14 04:45:00,4704.384,4707.109,4703.190,4703.204,0
2026-05-14 05:00:00,4703.233,4703.629,4700.912,4701.314,0
2026-05-14 05:15:00,4701.690,4701.983,4693.916,4693.956,0
2026-05-14 05:30:00,4693.957,4702.111,4693.369,4698.501,0
2026-05-14 05:45:00,4698.821,4701.457,4693.790,4694.700,0
2026-05-14 06:00:00,4696.761,4696.761,4687.281,4687.289,0
2026-05-14 06:15:00,4687.329,4692.762,4687.329,4692.649,0
2026-05-14 06:30:00,4692.489,4695.720,4690.263,4695.449,0
2026-05-14 06:45:00,4694.766,4701.050,4693.164,4700.589,0
2026-05-14 07:00:00,4700.156,4703.371,4695.871,4696.158,0
2026-05-14 07:15:00,4696.231,4705.833,4695.171,4705.641,0
2026-05-14 07:30:00,4705.603,4717.478,4700.732,4712.092,0
2026-05-14 07:45:00,4712.583,4713.402,4693.821,4694.191,0
2026-05-14 08:00:00,4694.957,4700.260,4691.461,4699.510,0
2026-05-14 08:15:00,4699.086,4704.167,4696.625,4703.219,0
2026-05-14 08:30:00,4703.120,4706.567,4696.904,4697.378,0
2026-05-14 08:45:00,4698.270,4698.365,4694.025,4694.413,0
2026-05-14 09:00:00,4694.613,4696.251,4690.785,4695.468,0
2026-05-14 09:15:00,4695.334,4696.285,4692.192,4692.600,0
2026-05-14 09:30:00,4692.974,4696.912,4689.421,4696.800,0
2026-05-14 09:45:00,4696.576,4701.457,4695.387,4700.422,0
2026-05-14 10:00:00,4700.770,4707.504,4697.026,4697.217,0
2026-05-14 10:15:00,4697.516,4698.253,4694.454,4696.650,0
2026-05-14 10:30:00,4696.450,4697.703,4693.030,4693.239,0
2026-05-14 10:45:00,4693.499,4697.083,4691.972,4696.729,0
2026-05-14 11:00:00,4696.605,4697.759,4693.825,4696.741,0
2026-05-14 11:15:00,4697.030,4697.703,4689.690,4693.258,0
2026-05-14 11:30:00,4693.035,4696.820,4691.312,4695.608,0
2026-05-14 11:45:00,4695.647,4705.080,4695.419,4697.825,0
2026-05-14 12:00:00,4697.826,4702.374,4693.022,4701.884,0
2026-05-14 12:15:00,4701.269,4706.325,4698.603,4703.504,0
2026-05-14 12:30:00,4703.461,4708.729,4701.231,4702.134,0
2026-05-14 12:45:00,4703.834,4705.800,4697.703,4705.185,0
2026-05-14 13:00:00,4704.118,4705.878,4696.682,4704.087,0
2026-05-14 13:15:00,4703.587,4704.314,4690.742,4690.937,0
2026-05-14 13:30:00,4691.277,4691.312,4670.080,4674.423,0
2026-05-14 13:45:00,4673.539,4689.772,4673.116,4683.586,0
2026-05-14 14:00:00,4683.474,4689.262,4674.058,4689.123,0
2026-05-14 14:15:00,4688.934,4699.551,4687.773,4690.434,0
2026-05-14 14:30:00,4690.446,4692.523,4687.706,4688.495,0
2026-05-14 14:45:00,4689.456,4689.992,4684.077,4684.734,0
2026-05-14 15:00:00,4686.096,4686.096,4679.065,4685.414,0
2026-05-14 15:15:00,4684.868,4688.528,4684.607,4687.475,0
2026-05-14 15:30:00,4688.366,4688.682,4682.191,4682.253,0
2026-05-14 15:45:00,4682.386,4686.130,4681.443,4685.682,0
2026-05-14 16:00:00,4685.782,4686.110,4675.300,4678.548,0
2026-05-14 16:15:00,4678.283,4681.186,4676.394,4676.645,0
2026-05-14 16:30:00,4676.723,4677.706,4671.587,4675.210,0
2026-05-14 16:45:00,4675.227,4678.819,4673.802,4678.131,0
2026-05-14 17:00:00,4677.430,4682.223,4677.268,4679.832,0
2026-05-14 17:15:00,4679.822,4682.629,4678.049,4682.369,0
2026-05-14 17:30:00,4682.098,4682.098,4677.163,4681.249,0
2026-05-14 17:45:00,4681.210,4681.306,4678.196,4678.730,0
2026-05-14 18:00:00,4678.591,4680.469,4669.665,4673.468,0
2026-05-14 18:15:00,4672.826,4676.055,4672.679,4673.739,0
2026-05-14 18:30:00,4673.836,4674.724,4669.200,4669.546,0
2026-05-14 18:45:00,4670.025,4671.487,4668.013,4671.107,0
2026-05-14 19:00:00,4670.067,4671.771,4667.339,4667.904,0
2026-05-14 19:15:00,4668.168,4670.260,4667.328,4667.577,0
2026-05-14 19:30:00,4667.690,4667.990,4656.446,4656.654,0
2026-05-14 19:45:00,4656.972,4659.562,4653.816,4655.079,0
2026-05-14 20:00:00,4654.859,4658.213,4649.688,4650.506,0
2026-05-14 20:15:00,4650.908,4651.122,4647.488,4648.196,0
2026-05-14 20:30:00,4648.072,4652.279,4645.005,4650.916,0
2026-05-14 20:45:00,4651.165,4652.147,4650.081,4651.912,0
2026-05-14 21:00:00,4651.647,4652.199,4651.304,4652.055,0
2026-05-14 21:15:00,4651.952,4652.213,4651.712,4652.034,0
2026-05-14 21:30:00,4651.983,4652.268,4651.712,4651.918,0
2026-05-14 21:45:00,4651.997,4652.199,4651.812,4652.028,0
2026-05-14 22:00:00,4651.957,4657.612,4648.777,4654.467,0
2026-05-14 22:15:00,4654.900,4659.451,4654.843,4659.128,0
2026-05-14 22:30:00,4658.776,4663.180,4657.762,4662.617,0
2026-05-14 22:45:00,4662.332,4662.753,4660.701,4662.380,0
2026-05-14 23:00:00,4662.480,4663.309,4660.043,4660.488,0
2026-05-14 23:15:00,4661.135,4662.837,4656.361,4662.834,0
2026-05-14 23:30:00,4662.698,4664.832,4649.865,4656.336,0
2026-05-14 23:45:00,4655.596,4657.268,4649.217,4650.575,0
2026-05-15 00:00:00,4650.296,4652.947,4646.869,4648.644,0
2026-05-15 00:15:00,4647.649,4655.710,4631.354,4632.210,0
2026-05-15 00:30:00,4631.953,4631.989,4614.178,4617.812,0
2026-05-15 00:45:00,4615.572,4630.718,4615.572,4626.212,0
2026-05-15 01:00:00,4622.351,4629.844,4609.384,4612.758,0
2026-05-15 01:15:00,4610.498,4621.408,4607.007,4611.029,0
2026-05-15 01:30:00,4612.242,4621.933,4606.997,4621.835,0
2026-05-15 01:45:00,4621.689,4623.275,4607.524,4614.991,0
2026-05-15 02:00:00,4614.306,4617.871,4611.354,4614.058,0
2026-05-15 02:15:00,4613.996,4614.716,4609.981,4612.716,0
2026-05-15 02:30:00,4613.335,4616.768,4610.845,4615.955,0
2026-05-15 02:45:00,4614.526,4622.220,4613.392,4619.879,0
2026-05-15 03:00:00,4621.108,4622.904,4613.514,4618.117,0
2026-05-15 03:15:00,4618.995,4619.364,4611.148,4612.840,0
2026-05-15 03:30:00,4613.341,4617.018,4609.357,4617.007,0
2026-05-15 03:45:00,4616.674,4617.232,4611.908,4615.925,0
2026-05-15 04:00:00,4615.362,4620.751,4614.011,4619.124,0
2026-05-15 04:15:00,4619.619,4620.550,4609.689,4611.652,0
2026-05-15 04:30:00,4611.664,4614.443,4606.211,4607.203,0
2026-05-15 04:45:00,4609.487,4612.629,4605.907,4606.672,0
2026-05-15 05:00:00,4606.636,4606.807,4590.104,4590.170,0
2026-05-15 05:15:00,4590.059,4597.518,4579.880,4588.292,0
2026-05-15 05:30:00,4587.103,4589.051,4565.195,4571.738,0
2026-05-15 05:45:00,4572.272,4573.517,4563.593,4569.570,0
2026-05-15 06:00:00,4567.990,4571.187,4557.842,4569.125,0
2026-05-15 06:15:00,4569.089,4576.984,4568.713,4573.418,0
2026-05-15 06:30:00,4574.205,4581.003,4570.276,4571.544,0
2026-05-15 06:45:00,4571.627,4572.389,4563.887,4567.674,0
2026-05-15 07:00:00,4567.502,4584.913,4567.461,4584.400,0
2026-05-15 07:15:00,4583.072,4587.395,4580.013,4582.312,0
2026-05-15 07:30:00,4582.255,4582.321,4576.031,4576.035,0
2026-05-15 07:45:00,4575.918,4577.992,4569.629,4569.783,0
2026-05-15 08:00:00,4570.034,4571.115,4559.964,4565.102,0
2026-05-15 08:15:00,4565.321,4565.376,4552.982,4558.871,0
2026-05-15 08:30:00,4558.768,4561.211,4552.241,4561.192,0
2026-05-15 08:45:00,4561.113,4563.864,4553.532,4554.086,0
2026-05-15 09:00:00,4554.948,4560.493,4548.203,4549.836,0
2026-05-15 09:15:00,4549.916,4553.333,4542.609,4553.320,0
2026-05-15 09:30:00,4553.221,4554.949,4544.815,4548.558,0
2026-05-15 09:45:00,4549.196,4549.196,4534.707,4544.770,0
2026-05-15 10:00:00,4544.834,4561.879,4544.628,4561.846,0
2026-05-15 10:15:00,4561.729,4562.493,4552.471,4552.827,0
2026-05-15 10:30:00,4553.547,4555.729,4550.506,4553.235,0
2026-05-15 10:45:00,4552.358,4572.055,4546.880,4568.815,0
2026-05-15 11:00:00,4568.178,4569.087,4561.557,4567.268,0
2026-05-15 11:15:00,4566.680,4568.029,4560.760,4561.112,0
2026-05-15 11:30:00,4561.255,4562.225,4552.031,4552.192,0
2026-05-15 11:45:00,4552.449,4558.260,4550.833,4551.872,0
2026-05-15 12:00:00,4551.879,4555.212,4548.034,4548.941,0
2026-05-15 12:15:00,4550.922,4557.677,4546.427,4554.996,0
2026-05-15 12:30:00,4555.063,4556.972,4545.853,4545.853,0
2026-05-15 12:45:00,4545.670,4554.923,4545.661,4552.520,0
2026-05-15 13:00:00,4552.534,4552.534,4539.000,4544.882,0
2026-05-15 13:15:00,4543.965,4556.827,4540.864,4548.481,0
2026-05-15 13:30:00,4550.168,4550.168,4524.258,4525.757,0
2026-05-15 13:45:00,4527.738,4539.975,4512.329,4534.425,0
2026-05-15 14:00:00,4535.910,4546.708,4525.667,4546.643,0
2026-05-15 14:15:00,4546.543,4561.285,4542.977,4554.600,0
2026-05-15 14:30:00,4554.559,4558.918,4550.235,4555.736,0
2026-05-15 14:45:00,4555.357,4566.425,4547.315,4565.858,0
2026-05-15 15:00:00,4564.924,4564.959,4552.845,4556.010,0
2026-05-15 15:15:00,4554.674,4555.186,4543.885,4544.962,0
2026-05-15 15:30:00,4544.960,4550.044,4541.614,4542.037,0
2026-05-15 15:45:00,4542.851,4542.851,4533.040,4533.960,0
2026-05-15 16:00:00,4535.217,4541.164,4530.011,4530.626,0
2026-05-15 16:15:00,4530.414,4540.531,4530.414,4539.701,0
2026-05-15 16:30:00,4539.743,4546.872,4539.471,4544.873,0
2026-05-15 16:45:00,4544.923,4547.883,4542.005,4544.214,0
2026-05-15 17:00:00,4544.110,4558.485,4543.970,4555.618,0
2026-05-15 17:15:00,4555.376,4564.730,4555.281,4563.533,0
2026-05-15 17:30:00,4560.750,4563.474,4557.909,4561.946,0
2026-05-15 17:45:00,4561.907,4563.016,4558.117,4559.588,0
2026-05-15 18:00:00,4559.670,4561.544,4556.609,4560.940,0
2026-05-15 18:15:00,4559.768,4562.616,4554.979,4557.983,0
2026-05-15 18:30:00,4557.792,4558.637,4553.708,4557.491,0
2026-05-15 18:45:00,4557.376,4562.548,4556.656,4559.233,0
2026-05-15 19:00:00,4559.253,4559.521,4550.145,4551.332,0
2026-05-15 19:15:00,4551.233,4552.754,4548.478,4549.405,0
2026-05-15 19:30:00,4549.068,4555.258,4548.134,4553.342,0
2026-05-15 19:45:00,4553.331,4554.843,4545.938,4545.986,0
2026-05-15 20:00:00,4545.969,4547.767,4536.133,4540.135,0
2026-05-15 20:15:00,4540.151,4540.151,4534.124,4537.975,0
2026-05-15 20:30:00,4537.797,4543.183,4536.981,4540.661,0
2026-05-15 20:45:00,4540.115,4541.294,4537.542,4540.147,0
2026-05-15 21:00:00,4539.891,4540.295,4537.617,4537.831,0
2026-05-15 21:15:00,4537.749,4537.964,4537.678,4537.845,0
2026-05-15 21:30:00,4537.760,4537.978,4537.689,4537.755,0
2026-05-15 21:45:00,4537.762,4537.961,4537.617,4537.673,0
2026-05-15 22:00:00,4537.697,4537.950,4537.617,4537.830,0
2026-05-15 22:15:00,4537.761,4537.964,4537.692,4537.855,0
2026-05-15 22:30:00,4537.760,4537.964,4537.689,4537.812,0
2026-05-15 22:45:00,4537.761,4537.961,4537.688,4537.720,0
2026-05-15 23:00:00,4537.752,4537.954,4537.690,4537.819,0
2026-05-15 23:15:00,4537.757,4537.961,4537.692,4537.853,0
2026-05-15 23:30:00,4537.752,4537.953,4537.585,4537.807,0
2026-05-15 23:45:00,4537.750,4537.966,4537.695,4537.709,0
2026-05-16 00:00:00,4537.744,4537.953,4537.675,4537.834,0
2026-05-16 00:15:00,4537.757,4537.956,4537.681,4537.849,0
2026-05-16 00:30:00,4537.745,4537.958,4537.681,4537.815,0
2026-05-16 00:45:00,4537.757,4537.949,4537.688,4537.714,0
2026-05-16 01:00:00,4537.748,4537.956,4537.677,4537.849,0
2026-05-16 01:15:00,4537.756,4537.961,4537.686,4537.843,0
2026-05-16 01:30:00,4537.743,4537.961,4537.679,4537.819,0
2026-05-16 01:45:00,4537.753,4537.948,4537.686,4537.720,0
2026-05-16 02:00:00,4537.748,4537.959,4537.682,4537.861,0
2026-05-16 02:15:00,4537.756,4537.970,4537.698,4537.854,0
2026-05-16 02:30:00,4537.763,4537.967,4537.687,4537.837,0
2026-05-16 02:45:00,4537.763,4537.953,4537.693,4537.732,0
2026-05-16 03:00:00,4537.750,4537.958,4537.681,4537.742,0
2026-05-16 03:15:00,4537.756,4537.970,4537.700,4537.848,0
2026-05-16 03:30:00,4537.769,4537.973,4537.702,4537.857,0
2026-05-16 03:45:00,4537.769,4537.961,4537.697,4537.753,0
2026-05-16 04:00:00,4537.757,4537.965,4537.693,4537.736,0
2026-05-16 04:15:00,4537.760,4537.959,4537.688,4537.831,0
2026-05-16 04:30:00,4537.767,4537.972,4537.695,4537.862,0
2026-05-16 04:45:00,4537.765,4537.959,4537.698,4537.808,0
2026-05-16 05:00:00,4537.755,4537.963,4537.693,4537.729,0
2026-05-16 05:15:00,4537.761,4537.968,4537.698,4537.840,0
2026-05-16 05:30:00,4537.767,4537.970,4537.695,4537.871,0
2026-05-16 05:45:00,4537.771,4537.968,4537.697,4537.812,0
2026-05-16 06:00:00,4537.763,4537.965,4537.694,4537.727,0
2026-05-16 06:15:00,4537.760,4537.959,4537.683,4537.841,0
2026-05-16 06:30:00,4537.747,4537.954,4537.690,4537.860,0
2026-05-16 06:45:00,4537.758,4537.970,4537.699,4537.819,0
2026-05-16 07:00:00,4537.763,4537.961,4537.689,4537.730,0
2026-05-16 07:15:00,4537.760,4537.959,4537.679,4537.855,0
2026-05-16 07:30:00,4537.747,4537.950,4537.691,4537.851,0
2026-05-16 07:45:00,4537.756,4537.968,4537.694,4537.830,0
2026-05-16 08:00:00,4537.765,4537.966,4537.693,4537.739,0
2026-05-16 08:15:00,4537.762,4537.965,4537.694,4537.750,0
2026-05-16 08:30:00,4537.756,4537.953,4537.693,4537.848,0
2026-05-16 08:45:00,4537.762,4537.961,4537.685,4537.831,0
2026-05-16 09:00:00,4537.750,4537.957,4537.684,4537.736,0
2026-05-16 09:15:00,4537.748,4537.950,4537.673,4537.721,0
2026-05-16 09:30:00,4537.740,4537.936,4537.670,4537.805,0
2026-05-16 09:45:00,4537.732,4537.944,4537.664,4537.833,0
2026-05-16 10:00:00,4537.740,4537.944,4537.675,4537.800,0
2026-05-16 10:15:00,4537.740,4537.943,4537.671,4537.708,0
2026-05-16 10:30:00,4537.736,4537.947,4537.679,4537.804,0
2026-05-16 10:45:00,4537.747,4537.949,4537.679,4537.846,0
2026-05-16 11:00:00,4537.747,4537.950,4537.682,4537.789,0
2026-05-16 11:15:00,4537.747,4537.939,4537.679,4537.701,0
2026-05-16 11:30:00,4537.734,4537.944,4537.675,4537.819,0
2026-05-16 11:45:00,4537.740,4537.940,4537.673,4537.842,0
2026-05-16 12:00:00,4537.740,4537.945,4537.672,4537.778,0
2026-05-16 12:15:00,4537.740,4537.944,4537.676,4537.707,0
2026-05-16 12:30:00,4537.740,4537.943,4537.673,4537.834,0
2026-05-16 12:45:00,4537.740,4537.944,4537.675,4537.840,0
2026-05-16 13:00:00,4537.740,4537.945,4537.673,4537.796,0
2026-05-16 13:15:00,4537.740,4537.939,4537.672,4537.711,0
2026-05-16 13:30:00,4537.740,4537.944,4537.673,4537.847,0
2026-05-16 13:45:00,4537.740,4537.943,4537.674,4537.834,0
2026-05-16 14:00:00,4537.740,4537.944,4537.673,4537.812,0
2026-05-16 14:15:00,4537.740,4537.945,4537.678,4537.720,0
2026-05-16 14:30:00,4537.740,4537.944,4537.672,4537.730,0
2026-05-16 14:45:00,4537.740,4537.942,4537.673,4537.823,0
2026-05-16 15:00:00,4537.740,4537.944,4537.674,4537.825,0
2026-05-16 15:15:00,4537.740,4537.940,4537.673,4537.733,0
2026-05-16 15:30:00,4537.740,4537.945,4537.672,4537.718,0
2026-05-16 15:45:00,4537.740,4537.944,4537.676,4537.808,0
2026-05-16 16:00:00,4537.740,4537.943,4537.673,4537.836,0
2026-05-16 16:15:00,4537.740,4537.944,4537.675,4537.795,0
2026-05-16 16:30:00,4537.740,4537.945,4537.673,4537.710,0
2026-05-16 16:45:00,4537.740,4537.939,4537.672,4537.807,0
2026-05-16 17:00:00,4537.740,4537.944,4537.673,4537.841,0
2026-05-16 17:15:00,4537.740,4537.943,4537.674,4537.777,0
2026-05-16 17:30:00,4537.740,4537.944,4537.675,4537.706,0
2026-05-16 17:45:00,4537.740,4537.945,4537.673,4537.824,0
2026-05-16 18:00:00,4537.740,4537.939,4537.672,4537.842,0
2026-05-16 18:15:00,4537.740,4537.944,4537.673,4537.784,0
2026-05-16 18:30:00,4537.740,4537.943,4537.674,4537.708,0
2026-05-16 18:45:00,4537.740,4537.944,4537.673,4537.839,0
2026-05-16 19:00:00,4537.740,4537.945,4537.678,4537.839,0
2026-05-16 19:15:00,4537.740,4537.944,4537.672,4537.801,0
2026-05-16 19:30:00,4537.740,4537.942,4537.673,4537.714,0
2026-05-16 19:45:00,4537.740,4537.944,4537.674,4537.740,0
2026-05-16 20:00:00,4537.740,4537.940,4537.673,4537.830,0
2026-05-16 20:15:00,4537.740,4537.945,4537.672,4537.817,0
2026-05-16 20:30:00,4537.740,4537.944,4537.676,4537.724,0
2026-05-16 20:45:00,4537.740,4537.943,4537.673,4537.725,0
2026-05-16 21:00:00,4537.740,4537.944,4537.675,4537.818,0
2026-05-16 21:15:00,4537.740,4537.945,4537.673,4537.829,0
2026-05-16 21:30:00,4537.740,4537.939,4537.672,4537.738,0
2026-05-16 21:45:00,4537.740,4537.948,4537.676,4537.721,0
2026-05-16 22:00:00,4537.747,4537.949,4537.680,4537.810,0
2026-05-16 22:15:00,4537.747,4537.950,4537.679,4537.844,0
2026-05-16 22:30:00,4537.747,4537.951,4537.684,4537.796,0
2026-05-16 22:45:00,4537.747,4537.950,4537.679,4537.715,0
2026-05-16 23:00:00,4537.747,4537.948,4537.679,4537.819,0
2026-05-16 23:15:00,4537.747,4537.949,4537.680,4537.848,0
2026-05-16 23:30:00,4537.747,4537.950,4537.679,4537.779,0
2026-05-16 23:45:00,4537.747,4537.951,4537.684,4537.713,0
2026-05-17 00:00:00,4537.747,4537.950,4537.679,4537.835,0
2026-05-17 00:15:00,4537.747,4537.948,4537.679,4537.848,0
2026-05-17 00:30:00,4537.747,4537.950,4537.680,4537.795,0
2026-05-17 00:45:00,4537.747,4537.947,4537.679,4537.715,0
2026-05-17 01:00:00,4537.747,4537.951,4537.679,4537.849,0
2026-05-17 01:15:00,4537.747,4537.950,4537.683,4537.843,0
2026-05-17 01:30:00,4537.747,4537.949,4537.679,4537.812,0
2026-05-17 01:45:00,4537.747,4537.950,4537.681,4537.723,0
2026-05-17 02:00:00,4537.747,4537.951,4537.679,4537.741,0
2026-05-17 02:15:00,4537.747,4537.945,4537.679,4537.833,0
2026-05-17 02:30:00,4537.747,4537.950,4537.679,4537.827,0
2026-05-17 02:45:00,4537.747,4537.949,4537.680,4537.734,0
2026-05-17 03:00:00,4537.747,4537.950,4537.679,4537.728,0
2026-05-17 03:15:00,4537.747,4537.951,4537.684,4537.820,0
2026-05-17 03:30:00,4537.747,4537.950,4537.679,4537.838,0
2026-05-17 03:45:00,4537.747,4537.948,4537.679,4537.807,0
2026-05-17 04:00:00,4537.747,4537.950,4537.680,4537.719,0
2026-05-17 04:15:00,4537.747,4537.947,4537.679,4537.807,0
2026-05-17 04:30:00,4537.747,4537.951,4537.679,4537.846,0
2026-05-17 04:45:00,4537.747,4537.950,4537.683,4537.790,0
2026-05-17 05:00:00,4537.747,4537.949,4537.679,4537.713,0
2026-05-17 05:15:00,4537.747,4537.950,4537.680,4537.824,0
2026-05-17 05:30:00,4537.747,4537.947,4537.679,4537.849,0
2026-05-17 05:45:00,4537.747,4537.951,4537.679,4537.783,0
2026-05-17 06:00:00,4537.747,4537.950,4537.683,4537.713,0
2026-05-17 06:15:00,4537.747,4537.949,4537.679,4537.840,0
2026-05-17 06:30:00,4537.747,4537.950,4537.681,4537.847,0
2026-05-17 06:45:00,4537.747,4537.951,4537.679,4537.801,0
2026-05-17 07:00:00,4537.747,4537.945,4537.679,4537.717,0
2026-05-17 07:15:00,4537.747,4537.950,4537.679,4537.853,0
2026-05-17 07:30:00,4537.747,4537.949,4537.680,4537.840,0
2026-05-17 07:45:00,4537.747,4537.950,4537.679,4537.817,0
2026-05-17 08:00:00,4537.747,4537.951,4537.684,4537.726,0
2026-05-17 08:15:00,4537.747,4537.950,4537.679,4537.737,0
2026-05-17 08:30:00,4537.747,4537.948,4537.679,4537.829,0
2026-05-17 08:45:00,4537.747,4537.950,4537.680,4537.831,0
2026-05-17 09:00:00,4537.747,4537.947,4537.679,4537.738,0
2026-05-17 09:15:00,4537.747,4537.951,4537.679,4537.724,0
2026-05-17 09:30:00,4537.747,4537.950,4537.683,4537.815,0
2026-05-17 09:45:00,4537.747,4537.949,4537.679,4537.841,0
2026-05-17 10:00:00,4537.747,4537.950,4537.681,4537.802,0
2026-05-17 10:15:00,4537.747,4537.951,4537.679,4537.716,0
2026-05-17 10:30:00,4537.747,4537.945,4537.679,4537.813,0
2026-05-17 10:45:00,4537.747,4537.950,4537.679,4537.847,0
2026-05-17 11:00:00,4537.747,4537.949,4537.680,4537.784,0
2026-05-17 11:15:00,4537.747,4537.950,4537.681,4537.713,0
2026-05-17 11:30:00,4537.747,4537.951,4537.679,4537.829,0
2026-05-17 11:45:00,4537.747,4537.945,4537.679,4537.849,0
2026-05-17 12:00:00,4537.747,4537.951,4537.679,4537.789,0
2026-05-17 12:15:00,4537.747,4537.949,4537.680,4537.714,0
2026-05-17 12:30:00,4537.747,4537.950,4537.679,4537.844,0
2026-05-17 12:45:00,4537.747,4537.951,4537.684,4537.845,0
2026-05-17 13:00:00,4537.747,4537.951,4537.679,4537.807,0
2026-05-17 13:15:00,4537.747,4537.948,4537.679,4537.720,0
2026-05-17 13:30:00,4537.747,4537.950,4537.680,4537.746,0
2026-05-17 13:45:00,4537.747,4537.947,4537.679,4537.837,0
2026-05-17 14:00:00,4537.747,4537.951,4537.679,4537.822,0
2026-05-17 14:15:00,4537.747,4537.951,4537.683,4537.730,0
2026-05-17 14:30:00,4537.747,4537.949,4537.679,4537.732,0
2026-05-17 14:45:00,4537.747,4537.950,4537.681,4537.825,0
2026-05-17 15:00:00,4537.747,4537.951,4537.679,4537.835,0
2026-05-17 15:15:00,4537.747,4537.945,4537.679,4537.743,0
2026-05-17 15:30:00,4537.747,4537.951,4537.679,4537.721,0
2026-05-17 15:45:00,4537.747,4537.949,4537.680,4537.810,0
2026-05-17 16:00:00,4537.747,4537.950,4537.679,4537.844,0
2026-05-17 16:15:00,4537.747,4537.951,4537.684,4537.796,0
2026-05-17 16:30:00,4537.747,4537.951,4537.679,4537.715,0
2026-05-17 16:45:00,4537.747,4537.948,4537.679,4537.818,0
2026-05-17 17:00:00,4537.747,4537.949,4537.680,4537.848,0
2026-05-17 17:15:00,4537.747,4537.950,4537.679,4537.779,0
2026-05-17 17:30:00,4537.747,4537.951,4537.684,4537.713,0
2026-05-17 17:45:00,4537.747,4537.951,4537.679,4537.835,0
2026-05-17 18:00:00,4537.747,4537.944,4537.675,4537.842,0
2026-05-17 18:15:00,4537.740,4537.950,4537.678,4537.795,0
2026-05-17 18:30:00,4537.747,4537.945,4537.677,4537.715,0
2026-05-17 18:45:00,4537.747,4537.951,4537.656,4537.832,0
2026-05-17 19:00:00,4537.732,4537.951,4537.617,4537.843,0
2026-05-17 19:15:00,4537.747,4537.950,4537.677,4537.812,0
2026-05-17 19:30:00,4537.747,4537.952,4537.609,4537.726,0
2026-05-17 19:45:00,4537.752,4537.962,4537.411,4537.669,0
2026-05-17 20:00:00,4537.690,4537.939,4537.617,4537.821,0
2026-05-17 20:15:00,4537.730,4537.942,4537.673,4537.821,0
2026-05-17 20:30:00,4537.740,4537.962,4537.693,4537.747,0
2026-05-17 20:45:00,4537.761,4537.964,4537.666,4537.715,0
2026-05-17 21:00:00,4537.734,4537.955,4537.617,4537.660,0
2026-05-17 21:15:00,4537.660,4537.973,4537.617,4537.860,0
2026-05-17 21:30:00,4537.769,4540.260,4537.750,4540.165,0
2026-05-17 21:45:00,4540.057,4540.337,4539.997,4540.176,0
2026-05-17 22:00:00,4540.079,4554.960,4529.885,4550.636,0
2026-05-17 22:15:00,4552.355,4552.697,4539.410,4543.193,0
2026-05-17 22:30:00,4542.602,4552.464,4540.901,4552.301,0
2026-05-17 22:45:00,4552.128,4553.831,4544.919,4546.176,0
2026-05-17 23:00:00,4546.556,4548.677,4541.268,4542.358,0
2026-05-17 23:15:00,4542.131,4544.343,4539.254,4539.309,0
2026-05-17 23:30:00,4539.357,4540.644,4533.345,4539.588,0
2026-05-17 23:45:00,4538.878,4544.673,4531.339,4536.684,0
2026-05-18 00:00:00,4536.760,4538.731,4524.885,4525.618,0
2026-05-18 00:15:00,4525.585,4534.326,4516.934,4517.483,0
2026-05-18 00:30:00,4518.328,4518.936,4484.819,4486.760,0
2026-05-18 00:45:00,4486.073,4511.422,4476.899,4504.252,0
2026-05-18 01:00:00,4504.325,4512.160,4492.913,4498.796,0
2026-05-18 01:15:00,4499.540,4507.505,4492.800,4506.789,0
2026-05-18 01:30:00,4505.895,4512.226,4501.370,4510.118,0
2026-05-18 01:45:00,4510.028,4532.589,4509.786,4527.190,0
2026-05-18 02:00:00,4528.217,4536.533,4523.189,4533.465,0
2026-05-18 02:15:00,4534.087,4539.327,4533.297,4536.098,0
2026-05-18 02:30:00,4536.086,4539.795,4531.448,4536.552,0
2026-05-18 02:45:00,4536.746,4542.865,4532.108,4534.325,0
2026-05-18 03:00:00,4534.273,4536.030,4528.370,4529.701,0
2026-05-18 03:15:00,4529.760,4536.135,4528.737,4535.880,0
2026-05-18 03:30:00,4535.818,4544.074,4526.321,4541.976,0
2026-05-18 03:45:00,4536.959,4547.278,4536.959,4543.506,0
2026-05-18 04:00:00,4543.178,4547.728,4541.823,4547.199,0
2026-05-18 04:15:00,4546.325,4546.488,4531.682,4532.518,0
2026-05-18 04:30:00,4534.228,4543.974,4528.576,4539.529,0
2026-05-18 04:45:00,4540.685,4545.252,4536.842,4539.897,0
2026-05-18 05:00:00,4539.836,4542.823,4533.754,4537.729,0
2026-05-18 05:15:00,4537.648,4550.332,4535.127,4548.851,0
2026-05-18 05:30:00,4549.037,4551.524,4539.278,4540.846,0
2026-05-18 05:45:00,4540.570,4542.113,4531.752,4532.777,0
2026-05-18 06:00:00,4534.621,4539.085,4531.418,4536.262,0
2026-05-18 06:15:00,4535.683,4546.695,4534.750,4541.078,0
2026-05-18 06:30:00,4540.676,4544.229,4534.913,4535.387,0
2026-05-18 06:45:00,4535.785,4547.222,4535.785,4546.253,0
2026-05-18 07:00:00,4546.470,4548.362,4543.137,4543.259,0
2026-05-18 07:15:00,4543.451,4547.234,4537.751,4546.115,0
2026-05-18 07:30:00,4546.038,4559.803,4544.033,4550.720,0
2026-05-18 07:45:00,4550.613,4551.100,4540.469,4547.104,0
2026-05-18 08:00:00,4547.052,4548.241,4542.815,4545.734,0
2026-05-18 08:15:00,4544.455,4550.263,4542.909,4548.769,0
2026-05-18 08:30:00,4549.388,4551.454,4546.422,4549.541,0
2026-05-18 08:45:00,4550.150,4556.626,4549.142,4552.416,0
2026-05-18 09:00:00,4552.764,4553.196,4542.323,4547.137,0
2026-05-18 09:15:00,4547.089,4550.389,4545.503,4548.225,0
2026-05-18 09:30:00,4547.366,4547.366,4540.211,4542.807,0
2026-05-18 09:45:00,4541.703,4544.714,4540.705,4543.586,0
2026-05-18 10:00:00,4543.455,4545.637,4537.289,4537.732,0
2026-05-18 10:15:00,4538.581,4541.742,4536.256,4539.753,0
2026-05-18 10:30:00,4539.695,4543.151,4533.657,4542.685,0
2026-05-18 10:45:00,4542.009,4547.470,4537.970,4540.119,0
2026-05-18 11:00:00,4539.972,4541.821,4533.943,4537.751,0
2026-05-18 11:15:00,4536.809,4539.847,4534.909,4535.923,0
2026-05-18 11:30:00,4536.129,4565.938,4535.131,4565.406,0
2026-05-18 11:45:00,4564.356,4564.684,4547.133,4552.007,0
2026-05-18 12:00:00,4553.035,4555.485,4547.580,4553.507,0
2026-05-18 12:15:00,4553.449,4557.101,4544.539,4556.108,0
2026-05-18 12:30:00,4553.993,4568.505,4550.212,4568.079,0
2026-05-18 12:45:00,4567.503,4575.159,4562.799,4568.384,0
2026-05-18 13:00:00,4564.290,4574.984,4563.177,4567.568,0
2026-05-18 13:15:00,4565.212,4576.450,4565.168,4574.126,0
2026-05-18 13:30:00,4574.737,4579.422,4565.585,4566.095,0
2026-05-18 13:45:00,4567.080,4584.422,4564.065,4578.614,0
2026-05-18 14:00:00,4579.414,4579.414,4561.003,4565.218,0
2026-05-18 14:15:00,4567.304,4569.186,4555.186,4562.218,0
2026-05-18 14:30:00,4561.865,4562.801,4541.781,4547.019,0
2026-05-18 14:45:00,4546.711,4550.955,4539.883,4545.371,0
2026-05-18 15:00:00,4544.917,4547.315,4534.254,4540.467,0
2026-05-18 15:15:00,4540.766,4543.003,4534.119,4538.943,0
2026-05-18 15:30:00,4538.777,4544.009,4533.708,4541.578,0
2026-05-18 15:45:00,4542.538,4545.868,4537.411,4543.243,0
2026-05-18 16:00:00,4543.652,4548.629,4540.501,4548.233,0
2026-05-18 16:15:00,4547.468,4550.419,4536.483,4536.980,0
2026-05-18 16:30:00,4538.056,4544.628,4535.765,4542.609,0
2026-05-18 16:45:00,4542.710,4553.669,4542.369,4551.778,0
2026-05-18 17:00:00,4552.736,4558.093,4549.177,4556.451,0
2026-05-18 17:15:00,4556.026,4556.026,4550.768,4551.327,0
2026-05-18 17:30:00,4552.248,4554.356,4548.349,4549.107,0
2026-05-18 17:45:00,4548.949,4550.251,4545.868,4546.752,0
2026-05-18 18:00:00,4546.337,4548.190,4544.009,4545.334,0
2026-05-18 18:15:00,4545.437,4545.455,4536.587,4542.265,0
2026-05-18 18:30:00,4541.114,4543.596,4539.883,4541.070,0
2026-05-18 18:45:00,4540.820,4542.977,4535.940,4536.792,0
2026-05-18 19:00:00,4538.017,4562.460,4528.858,4555.510,0
2026-05-18 19:15:00,4555.682,4556.022,4547.108,4548.112,0
2026-05-18 19:30:00,4548.147,4561.003,4548.147,4559.499,0
2026-05-18 19:45:00,4559.355,4562.460,4558.256,4558.900,0
2026-05-18 20:00:00,4560.294,4561.831,4557.470,4561.292,0
2026-05-18 20:15:00,4560.396,4567.499,4560.396,4563.680,0
2026-05-18 20:30:00,4564.006,4564.915,4561.836,4564.630,0
2026-05-18 20:45:00,4564.178,4566.226,4562.876,4566.174,0
2026-05-18 21:00:00,4565.995,4566.819,4565.995,4566.346,0
2026-05-18 21:15:00,4566.460,4567.095,4566.460,4566.665,0
2026-05-18 21:30:00,4566.726,4567.879,4566.619,4567.802,0
2026-05-18 21:45:00,4567.566,4567.882,4566.515,4566.641,0
2026-05-18 22:00:00,4566.559,4574.565,4563.412,4572.491,0
2026-05-18 22:15:00,4571.961,4574.147,4571.429,4571.892,0
2026-05-18 22:30:00,4572.240,4578.755,4571.879,4575.785,0
2026-05-18 22:45:00,4576.056,4576.869,4572.672,4573.146,0
2026-05-18 23:00:00,4573.060,4585.589,4571.275,4584.838,0
2026-05-18 23:15:00,4583.773,4588.840,4583.773,4585.482,0
2026-05-18 23:30:00,4585.669,4587.787,4583.792,4585.864,0
2026-05-18 23:45:00,4585.926,4585.926,4579.803,4579.923,0
2026-05-19 00:00:00,4580.471,4593.463,4577.531,4579.883,0
2026-05-19 00:15:00,4580.327,4585.733,4572.474,4572.622,0
2026-05-19 00:30:00,4572.951,4576.450,4569.766,4571.215,0
2026-05-19 00:45:00,4571.448,4571.654,4564.139,4566.966,0
2026-05-19 01:00:00,4565.770,4569.340,4561.628,4567.515,0
2026-05-19 01:15:00,4567.191,4567.253,4553.556,4558.672,0
2026-05-19 01:30:00,4558.504,4571.175,4557.262,4570.632,0
2026-05-19 01:45:00,4569.952,4572.574,4563.085,4565.956,0
2026-05-19 02:00:00,4565.448,4565.572,4554.356,4554.590,0
2026-05-19 02:15:00,4554.982,4561.211,4551.773,4561.104,0
2026-05-19 02:30:00,4560.905,4564.548,4549.827,4556.493,0
2026-05-19 02:45:00,4556.498,4558.044,4547.108,4547.331,0
2026-05-19 03:00:00,4547.705,4552.905,4545.248,4551.497,0
2026-05-19 03:15:00,4551.159,4552.490,4547.728,4550.615,0
2026-05-19 03:30:00,4550.172,4555.694,4548.142,4549.423,0
2026-05-19 03:45:00,4550.097,4550.097,4544.215,4546.001,0
2026-05-19 04:00:00,4545.751,4547.584,4540.382,4540.852,0
2026-05-19 04:15:00,4541.861,4542.977,4538.853,4538.989,0
2026-05-19 04:30:00,4539.069,4542.575,4538.699,4540.646,0
2026-05-19 04:45:00,4540.841,4543.183,4539.188,4541.724,0
2026-05-19 05:00:00,4541.907,4546.488,4540.347,4544.930,0
2026-05-19 05:15:00,4545.523,4545.523,4532.681,4540.074,0
2026-05-19 05:30:00,4539.076,4543.183,4533.702,4541.774,0
2026-05-19 05:45:00,4541.700,4543.183,4534.325,4541.864,0
2026-05-19 06:00:00,4541.793,4545.248,4533.691,4544.616,0
2026-05-19 06:15:00,4543.405,4553.941,4542.564,4550.100,0
2026-05-19 06:30:00,4550.592,4552.755,4546.281,4550.950,0
2026-05-19 06:45:00,4550.695,4552.998,4544.073,4548.010,0
2026-05-19 07:00:00,4548.096,4555.463,4545.041,4548.602,0
2026-05-19 07:15:00,4548.632,4551.745,4544.009,4544.216,0
2026-05-19 07:30:00,4544.371,4549.854,4542.751,4543.545,0
2026-05-19 07:45:00,4543.415,4559.132,4542.117,4557.083,0
2026-05-19 08:00:00,4557.165,4557.434,4542.770,4543.530,0
2026-05-19 08:15:00,4544.145,4547.994,4536.942,4537.138,0
2026-05-19 08:30:00,4537.565,4544.679,4537.435,4543.021,0
2026-05-19 08:45:00,4543.085,4548.142,4538.441,4543.140,0
2026-05-19 09:00:00,4543.388,4543.388,4537.411,4537.726,0
2026-05-19 09:15:00,4538.457,4546.695,4536.391,4543.315,0
2026-05-19 09:30:00,4545.267,4545.267,4537.411,4539.816,0
2026-05-19 09:45:00,4539.613,4545.610,4538.914,4545.077,0
2026-05-19 10:00:00,4544.143,4544.143,4536.588,4541.223,0
2026-05-19 10:15:00,4540.458,4542.707,4538.853,4540.348,0
2026-05-19 10:30:00,4539.890,4543.825,4528.167,4529.588,0
2026-05-19 10:45:00,4532.227,4543.389,4526.525,4542.965,0
2026-05-19 11:00:00,4542.152,4547.491,4536.382,4536.719,0
2026-05-19 11:15:00,4537.295,4542.286,4536.382,4538.558,0
2026-05-19 11:30:00,4538.245,4542.324,4536.951,4541.745,0
2026-05-19 11:45:00,4541.016,4543.183,4531.221,4531.412,0
2026-05-19 12:00:00,4531.741,4546.695,4528.986,4542.900,0
2026-05-19 12:15:00,4543.526,4544.654,4533.763,4540.748,0
2026-05-19 12:30:00,4541.337,4546.772,4539.085,4539.759,0
2026-05-19 12:45:00,4541.217,4541.676,4536.499,4538.924,0
2026-05-19 13:00:00,4540.273,4540.273,4516.514,4521.787,0
2026-05-19 13:15:00,4522.086,4526.285,4494.901,4497.038,0
2026-05-19 13:30:00,4499.830,4500.425,4466.878,4477.228,0
2026-05-19 13:45:00,4475.561,4511.007,4474.918,4506.086,0
2026-05-19 14:00:00,4504.850,4509.990,4492.968,4496.451,0
2026-05-19 14:15:00,4498.753,4502.918,4484.269,4492.473,0
2026-05-19 14:30:00,4492.237,4499.640,4489.539,4496.882,0
2026-05-19 14:45:00,4496.218,4496.218,4487.525,4493.426,0
2026-05-19 15:00:00,4490.291,4499.438,4490.291,4497.443,0
2026-05-19 15:15:00,4497.489,4503.744,4495.594,4498.706,0
2026-05-19 15:30:00,4498.329,4507.753,4498.329,4502.085,0
2026-05-19 15:45:00,4502.850,4508.363,4500.855,4507.856,0
2026-05-19 16:00:00,4507.427,4509.380,4496.605,4499.722,0
2026-05-19 16:15:00,4499.440,4509.990,4497.732,4509.376,0
2026-05-19 16:30:00,4508.976,4512.043,4506.331,4506.554,0
2026-05-19 16:45:00,4506.838,4508.566,4503.990,4508.407,0
2026-05-19 17:00:00,4507.941,4509.434,4505.999,4509.077,0
2026-05-19 17:15:00,4508.622,4510.425,4504.302,4505.236,0
2026-05-19 17:30:00,4505.852,4508.712,4503.693,4503.948,0
2026-05-19 17:45:00,4503.937,4505.069,4499.842,4500.983,0
2026-05-19 18:00:00,4500.624,4503.324,4500.368,4502.163,0
2026-05-19 18:15:00,4502.981,4502.981,4497.009,4497.208,0
2026-05-19 18:30:00,4497.541,4500.877,4493.776,4498.621,0
2026-05-19 18:45:00,4498.957,4499.967,4490.951,4494.533,0
2026-05-19 19:00:00,4494.361,4496.783,4493.372,4496.432,0
2026-05-19 19:15:00,4495.946,4497.212,4485.700,4488.754,0
2026-05-19 19:30:00,4488.396,4490.062,4486.317,4488.205,0
2026-05-19 19:45:00,4487.781,4488.733,4481.291,4481.570,0
2026-05-19 20:00:00,4482.017,4487.123,4481.432,4485.030,0
2026-05-19 20:15:00,4485.343,4487.726,4484.062,4486.454,0
2026-05-19 20:30:00,4486.248,4487.253,4481.828,4483.729,0
2026-05-19 20:45:00,4482.852,4484.803,4481.692,4481.854,0
2026-05-19 21:00:00,4482.106,4482.717,4481.874,4482.301,0
2026-05-19 21:15:00,4482.331,4482.898,4482.094,4482.178,0
2026-05-19 21:30:00,4482.304,4482.596,4481.893,4482.429,0
2026-05-19 21:45:00,4482.346,4482.611,4482.206,4482.513,0
2026-05-19 22:00:00,4482.364,4485.713,4481.893,4483.857,0
2026-05-19 22:15:00,4483.712,4483.903,4478.481,4479.250,0
2026-05-19 22:30:00,4479.529,4486.115,4477.938,4483.829,0
2026-05-19 22:45:00,4483.586,4484.464,4479.074,4484.051,0
2026-05-19 23:00:00,4483.526,4486.921,4480.086,4485.771,0
2026-05-19 23:15:00,4485.885,4488.532,4483.300,4486.321,0
2026-05-19 23:30:00,4486.782,4496.201,4485.713,4496.127,0
2026-05-19 23:45:00,4496.021,4496.021,4488.952,4489.486,0
2026-05-20 00:00:00,4490.368,4492.187,4480.688,4489.465,0
2026-05-20 00:15:00,4488.968,4498.428,4483.501,4497.683,0
2026-05-20 00:30:00,4496.511,4507.347,4496.511,4503.104,0
2026-05-20 00:45:00,4503.364,4507.144,4498.628,4498.933,0
2026-05-20 01:00:00,4499.653,4501.463,4489.281,4492.370,0
2026-05-20 01:15:00,4493.079,4495.999,4476.777,4477.337,0
2026-05-20 01:30:00,4478.485,4478.485,4460.303,4467.710,0
2026-05-20 01:45:00,4467.310,4483.702,4464.086,4479.558,0
2026-05-20 02:00:00,4480.063,4486.719,4476.001,4479.876,0
2026-05-20 02:15:00,4479.130,4486.016,4476.877,4482.159,0
2026-05-20 02:30:00,4481.439,4482.898,4463.793,4464.537,0
2026-05-20 02:45:00,4465.777,4466.479,4458.580,4465.915,0
2026-05-20 03:00:00,4464.841,4467.933,4454.145,4457.404,0
2026-05-20 03:15:00,4457.896,4463.489,4456.924,4463.250,0
2026-05-20 03:30:00,4462.743,4465.841,4457.781,4461.267,0
2026-05-20 03:45:00,4461.528,4464.790,4458.315,4464.345,0
2026-05-20 04:00:00,4463.654,4469.873,4463.654,4468.661,0
2026-05-20 04:15:00,4467.687,4470.273,4462.095,4465.307,0
2026-05-20 04:30:00,4464.860,4465.881,4461.497,4462.611,0
2026-05-20 04:45:00,4462.716,4463.688,4456.725,4461.650,0
2026-05-20 05:00:00,4461.529,4473.689,4460.064,4468.891,0
2026-05-20 05:15:00,4468.904,4474.785,4467.078,4468.583,0
2026-05-20 05:30:00,4468.638,4478.772,4467.129,4473.547,0
2026-05-20 05:45:00,4474.032,4474.473,4463.633,4472.509,0
2026-05-20 06:00:00,4472.918,4477.090,4466.891,4467.495,0
2026-05-20 06:15:00,4468.556,4476.276,4468.556,4473.856,0
2026-05-20 06:30:00,4473.388,4474.122,4462.493,4466.086,0
2026-05-20 06:45:00,4465.926,4478.302,4465.328,4473.811,0
2026-05-20 07:00:00,4473.917,4484.506,4472.872,4482.390,0
2026-05-20 07:15:00,4482.647,4483.787,4476.677,4481.960,0
2026-05-20 07:30:00,4481.114,4485.311,4477.077,4482.012,0
2026-05-20 07:45:00,4482.101,4482.496,4474.470,4478.402,0
2026-05-20 08:00:00,4477.944,4483.099,4477.679,4482.871,0
2026-05-20 08:15:00,4482.476,4486.518,4479.283,4483.506,0
2026-05-20 08:30:00,4483.663,4488.935,4476.677,4479.442,0
2026-05-20 08:45:00,4478.878,4489.002,4478.878,4485.128,0
2026-05-20 09:00:00,4485.143,4485.571,4480.433,4480.653,0
2026-05-20 09:15:00,4481.050,4483.429,4475.116,4475.870,0
2026-05-20 09:30:00,4476.937,4484.523,4472.597,4484.462,0
2026-05-20 09:45:00,4484.370,4490.144,4480.729,4485.679,0
2026-05-20 10:00:00,4486.356,4492.251,4484.707,4487.508,0
2026-05-20 10:15:00,4487.498,4492.091,4487.083,4490.472,0
2026-05-20 10:30:00,4491.264,4496.605,4488.733,4495.356,0
2026-05-20 10:45:00,4495.608,4495.608,4491.152,4494.258,0
2026-05-20 11:00:00,4494.158,4495.999,4493.372,4495.061,0
2026-05-20 11:15:00,4495.242,4500.045,4491.726,4499.596,0
2026-05-20 11:30:00,4499.263,4500.096,4493.978,4494.266,0
2026-05-20 11:45:00,4494.660,4499.438,4490.524,4496.994,0
2026-05-20 12:00:00,4497.662,4500.248,4496.403,4497.324,0
2026-05-20 12:15:00,4497.115,4498.426,4492.968,4497.888,0
2026-05-20 12:30:00,4497.245,4504.707,4495.232,4503.440,0
2026-05-20 12:45:00,4502.844,4505.316,4494.786,4495.048,0
2026-05-20 13:00:00,4495.482,4503.684,4494.179,4502.334,0
2026-05-20 13:15:00,4499.866,4505.722,4491.025,4491.264,0
2026-05-20 13:30:00,4491.709,4491.959,4483.268,4486.718,0
2026-05-20 13:45:00,4486.251,4491.354,4483.286,4483.563,0
2026-05-20 14:00:00,4484.080,4484.080,4467.277,4467.869,0
2026-05-20 14:15:00,4468.052,4509.583,4468.052,4505.298,0
2026-05-20 14:30:00,4504.456,4527.345,4504.456,4518.797,0
2026-05-20 14:45:00,4519.574,4536.793,4517.853,4534.677,0
2026-05-20 15:00:00,4534.539,4534.539,4523.659,4525.722,0
2026-05-20 15:15:00,4525.338,4550.833,4515.685,4530.941,0
2026-05-20 15:30:00,4531.491,4538.902,4529.157,4536.230,0
2026-05-20 15:45:00,4536.643,4537.378,4527.345,4527.835,0
2026-05-20 16:00:00,4528.985,4535.353,4528.887,4533.488,0
2026-05-20 16:15:00,4533.184,4534.085,4524.890,4525.197,0
2026-05-20 16:30:00,4525.772,4532.609,4524.273,4531.787,0
2026-05-20 16:45:00,4530.474,4534.888,4530.474,4532.604,0
2026-05-20 17:00:00,4532.731,4536.317,4531.448,4535.456,0
2026-05-20 17:15:00,4534.847,4536.999,4532.327,4532.939,0
2026-05-20 17:30:00,4533.894,4536.382,4530.217,4533.813,0
2026-05-20 17:45:00,4533.965,4535.147,4530.852,4530.960,0
2026-05-20 18:00:00,4531.167,4533.557,4530.011,4532.993,0
2026-05-20 18:15:00,4533.230,4536.513,4532.357,4534.827,0
2026-05-20 18:30:00,4534.612,4543.610,4534.612,4540.132,0
2026-05-20 18:45:00,4540.337,4545.661,4537.617,4543.171,0
2026-05-20 19:00:00,4543.659,4545.455,4541.945,4544.429,0
2026-05-20 19:15:00,4544.742,4545.894,4543.300,4545.058,0
2026-05-20 19:30:00,4544.770,4550.486,4544.770,4546.930,0
2026-05-20 19:45:00,4548.311,4548.556,4545.016,4547.557,0
2026-05-20 20:00:00,4547.293,4548.556,4545.661,4547.072,0
2026-05-20 20:15:00,4546.999,4547.522,4543.957,4545.985,0
2026-05-20 20:30:00,4545.894,4546.000,4543.183,4543.228,0
2026-05-20 20:45:00,4543.362,4544.422,4542.564,4544.059,0
2026-05-20 21:00:00,4543.914,4544.718,4543.802,4544.706,0
2026-05-20 21:15:00,4544.618,4545.357,4544.323,4545.282,0
2026-05-20 21:30:00,4545.205,4545.713,4544.835,4545.395,0
2026-05-20 21:45:00,4545.279,4545.429,4544.215,4544.539,0
2026-05-20 22:00:00,4544.418,4548.763,4538.491,4539.942,0
2026-05-20 22:15:00,4540.401,4540.501,4535.765,4538.646,0
2026-05-20 22:30:00,4538.278,4544.022,4538.278,4542.076,0
2026-05-20 22:45:00,4541.697,4544.422,4538.029,4539.880,0
2026-05-20 23:00:00,4540.702,4542.770,4538.235,4540.442,0
2026-05-20 23:15:00,4540.276,4540.501,4534.605,4534.937,0
2026-05-20 23:30:00,4535.513,4544.422,4535.513,4543.458,0
2026-05-20 23:45:00,4543.366,4546.488,4542.826,4543.879,0
2026-05-21 00:00:00,4544.697,4548.182,4539.524,4544.477,0
2026-05-21 00:15:00,4544.484,4551.247,4536.185,4543.297,0
2026-05-21 00:30:00,4540.093,4546.281,4539.883,4543.351,0
2026-05-21 00:45:00,4542.905,4548.349,4542.226,4545.913,0
2026-05-21 01:00:00,4545.978,4558.706,4538.670,4556.548,0
2026-05-21 01:15:00,4556.765,4567.001,4556.471,4566.448,0
2026-05-21 01:30:00,4565.928,4571.011,4562.460,4568.345,0
2026-05-21 01:45:00,4569.230,4569.230,4558.508,4560.843,0
2026-05-21 02:00:00,4560.772,4565.950,4551.869,4552.265,0
2026-05-21 02:15:00,4553.031,4553.887,4541.415,4542.115,0
2026-05-21 02:30:00,4543.083,4543.083,4534.530,4537.082,0
2026-05-21 02:45:00,4536.747,4538.701,4532.552,4535.960,0
2026-05-21 03:00:00,4535.318,4538.762,4531.859,4538.481,0
2026-05-21 03:15:00,4537.999,4540.295,4533.018,4534.675,0
2026-05-21 03:30:00,4535.099,4537.411,4532.064,4536.001,0
2026-05-21 03:45:00,4535.576,4536.153,4527.550,4529.335,0
2026-05-21 04:00:00,4529.189,4536.071,4528.119,4535.850,0
2026-05-21 04:15:00,4535.412,4540.068,4534.892,4539.978,0
2026-05-21 04:30:00,4539.775,4539.955,4534.119,4537.167,0
2026-05-21 04:45:00,4537.005,4538.853,4535.765,4538.547,0
2026-05-21 05:00:00,4538.197,4539.883,4530.217,4530.409,0
2026-05-21 05:15:00,4530.729,4532.086,4522.840,4528.973,0
2026-05-21 05:30:00,4527.408,4527.408,4520.796,4525.057,0
2026-05-21 05:45:00,4525.168,4529.806,4521.000,4529.497,0
2026-05-21 06:00:00,4528.889,4535.353,4528.370,4529.193,0
2026-05-21 06:15:00,4529.462,4538.647,4529.462,4532.391,0
2026-05-21 06:30:00,4532.196,4534.530,4523.941,4524.409,0
2026-05-21 06:45:00,4525.205,4526.525,4519.956,4519.958,0
2026-05-21 07:00:00,4519.959,4522.899,4519.535,4520.688,0
2026-05-21 07:15:00,4520.854,4522.636,4513.355,4514.323,0
2026-05-21 07:30:00,4516.086,4517.120,4512.228,4516.950,0
2026-05-21 07:45:00,4516.623,4523.659,4514.217,4522.702,0
2026-05-21 08:00:00,4522.202,4533.780,4518.549,4530.987,0
2026-05-21 08:15:00,4531.692,4535.765,4529.191,4533.100,0
2026-05-21 08:30:00,4531.277,4535.192,4527.049,4532.008,0
2026-05-21 08:45:00,4531.509,4534.119,4528.384,4534.022,0
2026-05-21 09:00:00,4533.781,4539.883,4532.475,4539.586,0
2026-05-21 09:15:00,4538.923,4542.564,4536.176,4538.969,0
2026-05-21 09:30:00,4538.414,4538.821,4530.677,4531.413,0
2026-05-21 09:45:00,4532.580,4534.097,4529.191,4530.353,0
2026-05-21 10:00:00,4530.443,4534.914,4530.443,4531.132,0
2026-05-21 10:15:00,4531.547,4534.597,4516.916,4517.550,0
2026-05-21 10:30:00,4518.247,4518.247,4506.331,4515.599,0
2026-05-21 10:45:00,4514.056,4518.344,4512.316,4512.773,0
2026-05-21 11:00:00,4513.741,4519.439,4509.066,4515.508,0
2026-05-21 11:15:00,4515.878,4519.978,4513.043,4514.004,0
2026-05-21 11:30:00,4513.898,4516.357,4508.973,4514.072,0
2026-05-21 11:45:00,4513.668,4517.120,4511.007,4512.475,0
2026-05-21 12:00:00,4512.284,4520.139,4511.673,4515.012,0
2026-05-21 12:15:00,4515.666,4515.666,4505.722,4505.881,0
2026-05-21 12:30:00,4506.182,4517.215,4504.802,4512.622,0
2026-05-21 12:45:00,4512.803,4517.178,4503.085,4503.397,0
2026-05-21 13:00:00,4503.976,4512.049,4502.071,4503.495,0
2026-05-21 13:15:00,4503.593,4504.852,4497.414,4498.352,0
2026-05-21 13:30:00,4498.502,4500.558,4490.749,4499.976,0
2026-05-21 13:45:00,4499.038,4520.563,4496.807,4513.737,0
2026-05-21 14:00:00,4514.583,4515.593,4503.466,4505.352,0
2026-05-21 14:15:00,4505.769,4508.941,4499.033,4507.739,0
2026-05-21 14:30:00,4506.559,4513.188,4503.085,4503.525,0
2026-05-21 14:45:00,4504.308,4506.941,4504.297,4506.855,0
2026-05-22 00:00:00,4507.000,4509.918,4505.358,4508.594,1148
2026-05-22 00:15:00,4508.594,4510.904,4501.807,4507.366,1382
2026-05-22 00:30:00,4507.366,4508.674,4503.478,4504.537,1333
2026-05-22 00:45:00,4504.537,4511.684,4503.783,4507.586,1170
2026-05-22 01:00:00,4507.586,4512.369,4502.448,4504.087,1512
2026-05-22 01:15:00,4504.087,4512.638,4502.410,4511.468,1299
2026-05-22 01:30:00,4511.468,4511.993,4504.429,4504.646,1565
2026-05-22 01:45:00,4504.646,4515.252,4503.049,4505.852,803
2026-05-22 02:00:00,4505.852,4511.074,4504.705,4510.034,1229
2026-05-22 02:15:00,4510.034,4521.057,4509.547,4519.996,1615
2026-05-22 02:30:00,4519.996,4520.700,4502.866,4503.797,1339
2026-05-22 02:45:00,4503.797,4516.785,4503.585,4507.919,1342
2026-05-22 03:00:00,4507.919,4509.334,4495.000,4495.000,1621
2026-05-22 03:15:00,4495.000,4514.763,4495.000,4504.699,1583
2026-05-22 03:30:00,4504.699,4511.350,4504.302,4510.481,1235
2026-05-22 03:45:00,4510.481,4515.922,4509.924,4513.745,1548
2026-05-22 04:00:00,4513.745,4515.748,4508.495,4513.685,2036
2026-05-22 04:15:00,4513.685,4513.959,4497.215,4506.239,1500
2026-05-22 04:30:00,4506.239,4520.878,4503.338,4520.346,1338
2026-05-22 04:45:00,4520.346,4520.878,4496.598,4497.600,1671
2026-05-22 05:00:00,4497.600,4514.845,4497.078,4514.331,1501
2026-05-22 05:15:00,4514.331,4516.996,4507.369,4507.523,1578
2026-05-22 05:30:00,4507.523,4517.552,4506.398,4508.841,1967
2026-05-22 05:45:00,4508.841,4508.974,4499.000,4503.330,1401
2026-05-22 06:00:00,4503.330,4516.152,4501.667,4516.040,1801
2026-05-22 06:15:00,4516.040,4517.373,4506.301,4515.747,1885
2026-05-22 06:30:00,4515.747,4515.929,4504.505,4505.596,1539
2026-05-22 06:45:00,4505.596,4509.239,4501.332,4501.348,664
2026-05-22 07:00:00,4501.348,4517.204,4500.536,4511.338,1379
2026-05-22 07:15:00,4511.338,4517.325,4509.803,4516.913,1423
2026-05-22 07:30:00,4516.913,4517.010,4505.653,4510.879,1762
2026-05-22 07:45:00,4510.879,4512.006,4496.790,4500.538,1822
2026-05-22 08:00:00,4500.538,4515.669,4499.786,4504.157,1326
2026-05-22 08:15:00,4504.157,4525.141,4503.779,4508.962,1144
2026-05-22 08:30:00,4508.962,4518.818,4502.961,4510.398,1600
2026-05-22 08:45:00,4510.398,4519.814,4503.547,4519.608,1609
2026-05-22 09:00:00,4519.608,4520.085,4496.027,4514.551,1358
2026-05-22 09:15:00,4514.551,4514.728,4499.658,4513.266,1291
2026-05-22 09:30:00,4513.266,4515.021,4506.017,4512.982,1373
2026-05-22 09:45:00,4512.982,4528.740,4503.043,4503.911,1760
2026-05-22 10:00:00,4503.911,4525.749,4503.087,4525.139,1292
2026-05-22 10:15:00,4525.139,4526.432,4515.444,4526.253,1778
2026-05-22 10:30:00,4526.253,4527.234,4501.796,4505.162,1949
2026-05-22 10:45:00,4505.162,4519.987,4500.658,4519.233,1685
2026-05-22 11:00:00,4519.233,4519.768,4499.604,4504.648,1633
2026-05-22 11:15:00,4504.648,4533.287,4504.637,4531.738,1422
2026-05-22 11:30:00,4531.738,4540.000,4504.861,4505.176,1651
2026-05-22 11:45:00,4505.176,4518.181,4495.000,4506.911,1612
2026-05-22 12:00:00,4506.911,4513.564,4504.858,4513.084,1454
2026-05-22 12:15:00,4513.084,4524.898,4511.769,4513.081,940
2026-05-22 12:30:00,4513.081,4513.251,4498.626,4510.310,1414
2026-05-22 12:45:00,4510.310,4531.869,4510.257,4515.973,1689
2026-05-22 13:00:00,4515.973,4524.585,4503.715,4504.415,1336
2026-05-22 13:15:00,4504.415,4534.341,4503.689,4534.027,1122
2026-05-22 13:30:00,4534.027,4535.783,4506.361,4507.280,1833
2026-05-22 13:45:00,4507.280,4524.539,4505.606,4514.049,1526
2026-05-22 14:00:00,4514.049,4519.793,4509.305,4519.510,1566
2026-05-22 14:15:00,4519.510,4520.260,4504.284,4504.553,1637
2026-05-22 14:30:00,4504.553,4530.043,4503.640,4517.293,1606
2026-05-22 14:45:00,4517.293,4528.240,4513.896,4527.374,1271
2026-05-22 15:00:00,4527.374,4527.687,4511.484,4525.743,1356
2026-05-22 15:15:00,4525.743,4530.050,4517.360,4517.934,1347
2026-05-22 15:30:00,4517.934,4530.565,4503.200,4530.560,1675
2026-05-22 15:45:00,4530.560,4533.532,4511.928,4513.441,1803
2026-05-22 16:00:00,4513.441,4529.553,4506.262,4509.340,1559
2026-05-22 16:15:00,4509.340,4522.955,4508.125,4516.944,1818
2026-05-22 16:30:00,4516.944,4529.690,4514.702,4528.713,1232
2026-05-22 16:45:00,4528.713,4529.043,4500.541,4500.612,1772
2026-05-22 17:00:00,4500.612,4517.796,4498.995,4507.641,1267
2026-05-22 17:15:00,4507.641,4526.241,4507.417,4524.896,1158
2026-05-22 17:30:00,4524.896,4540.000,4506.175,4540.000,2030
2026-05-22 17:45:00,4540.000,4540.000,4514.126,4522.091,1728
2026-05-22 18:00:00,4522.091,4530.469,4511.860,4512.756,1589
2026-05-22 18:15:00,4512.756,4521.417,4511.802,4519.558,996
2026-05-22 18:30:00,4519.558,4520.786,4509.190,4520.074,1465
2026-05-22 18:45:00,4520.074,4537.565,4511.346,4512.336,1647
2026-05-22 19:00:00,4512.336,4517.982,4507.016,4514.482,1820
2026-05-22 19:15:00,4514.482,4528.488,4513.236,4513.756,1906
2026-05-22 19:30:00,4513.756,4519.205,4503.601,4517.895,1850
2026-05-22 19:45:00,4517.895,4518.013,4511.492,4513.311,1517
2026-05-22 20:00:00,4513.311,4519.437,4506.711,4509.780,1371
2026-05-22 20:15:00,4509.780,4534.495,4508.486,4512.542,1808
2026-05-22 20:30:00,4512.542,4539.720,4510.867,4512.451,1305
2026-05-22 20:45:00,4512.451,4530.764,4512.345,4530.020,1626
2026-05-22 21:00:00,4530.020,4530.243,4512.657,4524.373,1470
2026-05-22 21:15:00,4524.373,4524.516,4517.151,4519.363,1351
2026-05-22 21:30:00,4519.363,4519.999,4511.454,4518.860,1696
2026-05-22 21:45:00,4518.860,4524.571,4515.840,4522.739,1133
2026-05-22 22:00:00,4522.739,4525.649,4521.131,4522.199,1222
2026-05-22 22:15:00,4522.199,4523.128,4516.823,4517.589,1875
2026-05-22 22:30:00,4517.589,4529.245,4516.953,4529.199,1500
2026-05-22 22:45:00,4529.199,4529.888,4518.269,4518.297,1409
2026-05-22 23:00:00,4518.297,4525.623,4517.011,4522.001,1119
2026-05-22 23:15:00,4522.001,4523.951,4514.733,4523.710,1615
2026-05-22 23:30:00,4523.710,4523.946,4517.817,4520.636,1833
2026-05-22 23:45:00,4520.636,4523.247,4520.561,4522.000,1599
2026-05-25 00:00:00,4518.250,4525.212,4518.041,4522.945,1402
2026-05-25 00:15:00,4522.945,4524.423,4514.325,4517.776,1067
2026-05-25 00:30:00,4517.776,4520.565,4516.043,4516.422,1223
2026-05-25 00:45:00,4516.422,4529.440,4514.982,4529.329,1549
2026-05-25 01:00:00,4529.329,4531.571,4518.944,4519.900,1555
2026-05-25 01:15:00,4519.900,4521.700,4512.951,4520.994,1689
2026-05-25 01:30:00,4520.994,4522.210,4514.027,4514.667,1532
2026-05-25 01:45:00,4514.667,4524.922,4514.116,4523.595,1771
2026-05-25 02:00:00,4523.595,4526.404,4513.439,4526.298,1242
2026-05-25 02:15:00,4526.298,4527.652,4517.026,4522.253,1420
2026-05-25 02:30:00,4522.253,4526.522,4514.157,4524.479,1604
2026-05-25 02:45:00,4524.479,4532.928,4520.694,4531.265,2069
2026-05-25 03:00:00,4531.265,4531.704,4518.663,4527.262,1063
2026-05-25 03:15:00,4527.262,4535.411,4514.177,4515.840,1376
2026-05-25 03:30:00,4515.840,4533.628,4514.749,4516.878,1549
2026-05-25 03:45:00,4516.878,4526.226,4514.165,4526.204,1613
2026-05-25 04:00:00,4526.204,4526.811,4517.060,4519.435,1497
2026-05-25 04:15:00,4519.435,4540.114,4516.986,4538.993,951
2026-05-25 04:30:00,4538.993,4539.687,4520.614,4520.908,1309
2026-05-25 04:45:00,4520.908,4524.297,4506.250,4506.250,1046
2026-05-25 05:00:00,4506.250,4515.467,4506.250,4508.934,1445
2026-05-25 05:15:00,4508.934,4518.252,4506.250,4506.250,1792
2026-05-25 05:30:00,4506.250,4555.000,4506.250,4555.000,1319
2026-05-25 05:45:00,4555.000,4555.000,4528.576,4530.557,1693
2026-05-25 06:00:00,4530.557,4531.254,4519.208,4529.636,1655
2026-05-25 06:15:00,4529.636,4531.522,4515.851,4516.788,1626
2026-05-25 06:30:00,4516.788,4528.680,4514.884,4519.861,1497
2026-05-25 06:45:00,4519.861,4531.530,4519.854,4530.812,1249
2026-05-25 07:00:00,4530.812,4540.158,4518.064,4518.536,1591
2026-05-25 07:15:00,4518.536,4540.384,4518.282,4534.658,1253
2026-05-25 07:30:00,4534.658,4536.616,4511.599,4512.457,1768
2026-05-25 07:45:00,4512.457,4536.078,4511.800,4534.599,1563
2026-05-25 08:00:00,4534.599,4539.885,4519.960,4529.540,1557
2026-05-25 08:15:00,4529.540,4533.806,4520.282,4533.575,1704
2026-05-25 08:30:00,4533.575,4542.339,4523.415,4523.629,1383
2026-05-25 08:45:00,4523.629,4537.263,4523.377,4534.244,1779
2026-05-25 09:00:00,4534.244,4534.811,4523.592,4527.013,1737
2026-05-25 09:15:00,4527.013,4534.301,4519.700,4533.529,1841
2026-05-25 09:30:00,4533.529,4541.397,4532.049,4540.377,1364
2026-05-25 09:45:00,4540.377,4540.513,4523.181,4523.406,1861
2026-05-25 10:00:00,4523.406,4543.439,4523.077,4542.305,1840
2026-05-25 10:15:00,4542.305,4542.463,4526.098,4538.987,1346
2026-05-25 10:30:00,4538.987,4539.012,4509.549,4535.887,1443
2026-05-25 10:45:00,4535.887,4535.899,4517.288,4518.286,1618
2026-05-25 11:00:00,4518.286,4548.568,4518.003,4536.567,1243
2026-05-25 11:15:00,4536.567,4536.904,4525.717,4526.522,1517
2026-05-25 11:30:00,4526.522,4537.294,4511.131,4537.177,1410
2026-05-25 11:45:00,4537.177,4538.758,4515.681,4520.508,1648
2026-05-25 12:00:00,4520.508,4532.205,4511.520,4512.910,2198
2026-05-25 12:15:00,4512.910,4537.672,4511.324,4528.567,1039
2026-05-25 12:30:00,4528.567,4541.574,4509.424,4541.261,1165
2026-05-25 12:45:00,4541.261,4541.494,4506.568,4521.190,1374
2026-05-25 13:00:00,4521.190,4539.027,4519.668,4534.695,1738
2026-05-25 13:15:00,4534.695,4548.140,4527.720,4529.822,1796
2026-05-25 13:30:00,4529.822,4541.866,4517.752,4541.653,807
2026-05-25 13:45:00,4541.653,4542.027,4525.022,4531.753,1412
2026-05-25 14:00:00,4531.753,4540.817,4517.992,4540.156,1991
2026-05-25 14:15:00,4540.156,4540.675,4518.038,4531.336,1215
2026-05-25 14:30:00,4531.336,4539.274,4516.607,4523.749,1218
2026-05-25 14:45:00,4523.749,4540.556,4523.324,4536.137,1346
2026-05-25 15:00:00,4536.137,4549.093,4533.879,4538.321,1405
2026-05-25 15:15:00,4538.321,4555.000,4525.762,4526.762,1707
2026-05-25 15:30:00,4526.762,4537.894,4526.452,4529.186,1587
2026-05-25 15:45:00,4529.186,4553.000,4523.355,4536.209,1698
2026-05-25 16:00:00,4536.209,4541.940,4526.716,4532.961,1829
2026-05-25 16:15:00,4532.961,4539.801,4523.224,4523.938,1488
2026-05-25 16:30:00,4523.938,4550.478,4522.262,4537.848,1192
2026-05-25 16:45:00,4537.848,4537.900,4528.917,4531.306,1276
2026-05-25 17:00:00,4531.306,4542.097,4530.583,4541.603,1392
2026-05-25 17:15:00,4541.603,4542.844,4520.401,4532.024,1954
2026-05-25 17:30:00,4532.024,4545.284,4524.510,4544.906,1216
2026-05-25 17:45:00,4544.906,4546.621,4523.345,4524.232,1441
2026-05-25 18:00:00,4524.232,4543.707,4523.382,4523.948,1344
2026-05-25 18:15:00,4523.948,4540.324,4523.708,4539.645,1517
2026-05-25 18:30:00,4539.645,4546.458,4536.026,4546.183,1504
2026-05-25 18:45:00,4546.183,4546.864,4515.738,4533.951,1056
2026-05-25 19:00:00,4533.951,4537.188,4523.796,4536.966,1509
2026-05-25 19:15:00,4536.966,4546.308,4528.558,4538.756,1230
2026-05-25 19:30:00,4538.756,4547.721,4530.399,4546.258,1526
2026-05-25 19:45:00,4546.258,4547.258,4524.909,4525.208,1781
2026-05-25 20:00:00,4525.208,4549.256,4525.105,4536.054,1045
2026-05-25 20:15:00,4536.054,4545.266,4526.996,4544.415,1659
2026-05-25 20:30:00,4544.415,4544.937,4534.006,4534.754,1281
2026-05-25 20:45:00,4534.754,4542.865,4533.801,4539.226,1329
2026-05-25 21:00:00,4539.226,4543.773,4537.608,4540.764,1749
2026-05-25 21:15:00,4540.764,4550.895,4528.818,4530.145,1130
2026-05-25 21:30:00,4530.145,4547.455,4529.764,4534.240,1305
2026-05-25 21:45:00,4534.240,4551.120,4533.299,4543.160,1708
2026-05-25 22:00:00,4543.160,4544.160,4537.286,4537.928,1726
2026-05-25 22:15:00,4537.928,4545.473,4535.769,4539.795,1748
2026-05-25 22:30:00,4539.795,4543.283,4535.081,4542.714,1917
2026-05-25 22:45:00,4542.714,4543.318,4537.478,4538.561,1749
2026-05-25 23:00:00,4538.561,4539.582,4533.654,4534.887,1695
2026-05-25 23:15:00,4534.887,4542.284,4533.154,4538.833,1246
2026-05-25 23:30:00,4538.833,4542.091,4531.905,4542.020,1074
2026-05-25 23:45:00,4542.020,4542.056,4538.597,4541.500,1718
2026-05-26 00:00:00,4522.000,4526.261,4521.488,4524.547,1480
2026-05-26 00:15:00,4524.547,4528.534,4523.502,4525.606,1677
2026-05-26 00:30:00,4525.606,4526.847,4522.880,4525.854,1019
2026-05-26 00:45:00,4525.854,4533.163,4522.736,4526.362,1481
2026-05-26 01:00:00,4526.362,4531.465,4524.523,4525.084,1189
2026-05-26 01:15:00,4525.084,4529.362,4513.400,4515.142,957
2026-05-26 01:30:00,4515.142,4533.199,4514.733,4530.456,1316
2026-05-26 01:45:00,4530.456,4532.114,4516.568,4527.163,1431
2026-05-26 02:00:00,4527.163,4528.701,4521.424,4526.524,1503
2026-05-26 02:15:00,4526.524,4542.984,4524.289,4532.370,1793
2026-05-26 02:30:00,4532.370,4535.357,4524.406,4525.426,1583
2026-05-26 02:45:00,4525.426,4531.902,4513.218,4531.897,1618
2026-05-26 03:00:00,4531.897,4533.037,4519.508,4522.610,1601
2026-05-26 03:15:00,4522.610,4537.643,4521.711,4531.681,1567
2026-05-26 03:30:00,4531.681,4532.269,4526.508,4528.948,1818
2026-05-26 03:45:00,4528.948,4529.905,4511.322,4528.905,1876
2026-05-26 04:00:00,4528.905,4539.727,4527.494,4539.436,1011
2026-05-26 04:15:00,4539.436,4541.990,4520.219,4525.763,1263
2026-05-26 04:30:00,4525.763,4548.287,4524.120,4539.756,1306
2026-05-26 04:45:00,4539.756,4560.000,4525.603,4560.000,1694
2026-05-26 05:00:00,4560.000,4560.000,4519.771,4527.266,1672
2026-05-26 05:15:00,4527.266,4543.306,4525.812,4526.567,1574
2026-05-26 05:30:00,4526.567,4534.000,4510.000,4524.003,1577
2026-05-26 05:45:00,4524.003,4530.341,4522.985,4527.656,1660
2026-05-26 06:00:00,4527.656,4537.911,4515.462,4525.865,1300
2026-05-26 06:15:00,4525.865,4536.416,4516.165,4516.901,1692
2026-05-26 06:30:00,4516.901,4541.853,4516.873,4530.280,1377
2026-05-26 06:45:00,4530.280,4538.106,4512.000,4516.666,1699
2026-05-26 07:00:00,4516.666,4534.660,4515.638,4521.114,1333
2026-05-26 07:15:00,4521.114,4531.501,4520.530,4525.789,1626
2026-05-26 07:30:00,4525.789,4541.623,4525.005,4540.344,1072
2026-05-26 07:45:00,4540.344,4541.376,4522.685,4524.230,1324
2026-05-26 08:00:00,4524.230,4535.668,4517.059,4529.016,1586
2026-05-26 08:15:00,4529.016,4529.161,4510.501,4524.313,985
2026-05-26 08:30:00,4524.313,4547.917,4515.790,4519.604,1212
2026-05-26 08:45:00,4519.604,4545.475,4517.976,4526.152,1816
2026-05-26 09:00:00,4526.152,4541.653,4510.616,4511.826,1499
2026-05-26 09:15:00,4511.826,4516.279,4510.000,4510.000,1607
2026-05-26 09:30:00,4510.000,4544.392,4510.000,4544.251,1251
2026-05-26 09:45:00,4544.251,4553.505,4528.074,4533.831,1549
2026-05-26 10:00:00,4533.831,4552.148,4518.889,4543.846,1571
2026-05-26 10:15:00,4543.846,4545.136,4522.444,4532.226,1445
2026-05-26 10:30:00,4532.226,4538.257,4524.455,4537.352,2031
2026-05-26 10:45:00,4537.352,4546.040,4532.648,4535.671,2186
2026-05-26 11:00:00,4535.671,4543.967,4523.982,4542.240,1525
2026-05-26 11:15:00,4542.240,4560.000,4531.211,4531.973,1454
2026-05-26 11:30:00,4531.973,4545.972,4531.114,4543.513,1656
2026-05-26 11:45:00,4543.513,4544.905,4529.452,4541.145,1503
2026-05-26 12:00:00,4541.145,4541.977,4527.731,4537.136,1545
2026-05-26 12:15:00,4537.136,4546.939,4518.673,4519.159,1593
2026-05-26 12:30:00,4519.159,4525.589,4518.411,4524.423,1765
2026-05-26 12:45:00,4524.423,4537.049,4524.351,4530.443,1367
2026-05-26 13:00:00,4530.443,4550.375,4528.972,4549.737,1213
2026-05-26 13:15:00,4549.737,4550.068,4532.726,4533.249,1405
2026-05-26 13:30:00,4533.249,4543.817,4532.175,4543.284,1373
2026-05-26 13:45:00,4543.284,4544.173,4519.084,4519.160,1316
2026-05-26 14:00:00,4519.160,4547.084,4518.709,4535.738,1649
2026-05-26 14:15:00,4535.738,4556.219,4529.682,4540.601,1529
2026-05-26 14:30:00,4540.601,4540.845,4535.325,4537.797,1451
2026-05-26 14:45:00,4537.797,4552.168,4537.627,4551.704,1565
2026-05-26 15:00:00,4551.704,4552.169,4530.903,4532.979,948
2026-05-26 15:15:00,4532.979,4550.535,4531.772,4549.469,1292
2026-05-26 15:30:00,4549.469,4560.000,4518.932,4520.200,1184
2026-05-26 15:45:00,4520.200,4551.617,4519.343,4545.052,1239
2026-05-26 16:00:00,4545.052,4550.018,4541.164,4544.662,1506
2026-05-26 16:15:00,4544.662,4554.638,4543.553,4553.963,1248
2026-05-26 16:30:00,4553.963,4554.523,4537.069,4538.231,1188
2026-05-26 16:45:00,4538.231,4556.740,4534.875,4543.007,1459
2026-05-26 17:00:00,4543.007,4549.104,4535.487,4536.425,1346
2026-05-26 17:15:00,4536.425,4555.595,4535.641,4546.323,1728
2026-05-26 17:30:00,4546.323,4557.328,4526.110,4556.693,1547
2026-05-26 17:45:00,4556.693,4558.192,4526.277,4557.658,1114
2026-05-26 18:00:00,4557.658,4557.666,4539.364,4539.435,959
2026-05-26 18:15:00,4539.435,4552.645,4537.516,4551.802,1519
2026-05-26 18:30:00,4551.802,4553.343,4543.842,4544.077,1045
2026-05-26 18:45:00,4544.077,4551.299,4535.779,4536.558,1607
2026-05-26 19:00:00,4536.558,4549.947,4530.168,4548.204,1322
2026-05-26 19:15:00,4548.204,4550.698,4540.096,4541.345,1668
2026-05-26 19:30:00,4541.345,4550.554,4539.764,4540.452,1237
2026-05-26 19:45:00,4540.452,4559.032,4531.449,4532.006,1161
2026-05-26 20:00:00,4532.006,4548.991,4531.963,4543.734,1360
2026-05-26 20:15:00,4543.734,4548.057,4529.940,4547.325,1845
2026-05-26 20:30:00,4547.325,4550.982,4530.565,4550.414,1642
2026-05-26 20:45:00,4550.414,4555.553,4546.420,4547.486,1831
2026-05-26 21:00:00,4547.486,4556.990,4543.641,4555.622,1916
2026-05-26 21:15:00,4555.622,4555.865,4539.902,4546.917,1587
2026-05-26 21:30:00,4546.917,4548.935,4534.962,4548.595,1272
2026-05-26 21:45:00,4548.595,4559.870,4547.808,4553.959,1495
2026-05-26 22:00:00,4553.959,4554.743,4545.161,4548.395,2042
2026-05-26 22:15:00,4548.395,4554.098,4541.397,4552.568,1458
2026-05-26 22:30:00,4552.568,4553.545,4541.203,4551.097,1551
2026-05-26 22:45:00,4551.097,4551.775,4546.068,4549.027,1559
2026-05-26 23:00:00,4549.027,4553.503,4547.070,4552.180,1658
2026-05-26 23:15:00,4552.180,4552.718,4544.934,4545.553,1700
2026-05-26 23:30:00,4545.553,4554.107,4544.636,4549.425,1358
2026-05-26 23:45:00,4549.425,4550.565,4544.643,4548.000,1418
2026-05-27 00:00:00,4535.000,4537.132,4530.919,4536.916,1594
2026-05-27 00:15:00,4536.916,4538.210,4527.168,4537.002,1703
2026-05-27 00:30:00,4537.002,4537.617,4527.636,4532.196,1479
2026-05-27 00:45:00,4532.196,4537.963,4528.217,4528.311,1395
2026-05-27 01:00:00,4528.311,4537.120,4524.022,4532.691,1349
2026-05-27 01:15:00,4532.691,4539.733,4530.829,4531.507,1395
2026-05-27 01:30:00,4531.507,4541.180,4530.947,4540.781,1087
2026-05-27 01:45:00,4540.781,4541.300,4537.689,4538.286,1374
2026-05-27 02:00:00,4538.286,4539.147,4532.383,4533.166,1138
2026-05-27 02:15:00,4533.166,4534.957,4526.918,4533.048,1458
2026-05-27 02:30:00,4533.048,4545.507,4532.839,4534.693,1777
2026-05-27 02:45:00,4534.693,4542.538,4532.883,4533.667,1404
2026-05-27 03:00:00,4533.667,4544.720,4531.185,4544.267,1384
2026-05-27 03:15:00,4544.267,4545.739,4526.309,4536.720,1562
2026-05-27 03:30:00,4536.720,4548.608,4533.489,4539.007,1006
2026-05-27 03:45:00,4539.007,4540.816,4526.807,4539.768,1565
2026-05-27 04:00:00,4539.768,4544.518,4525.102,4544.309,1181
2026-05-27 04:15:00,4544.309,4544.595,4532.947,4539.883,1638
2026-05-27 04:30:00,4539.883,4541.909,4534.393,4541.815,1575
2026-05-27 04:45:00,4541.815,4542.198,4530.244,4534.402,1490
2026-05-27 05:00:00,4534.402,4550.927,4523.707,4549.836,1521
2026-05-27 05:15:00,4549.836,4550.531,4523.874,4524.611,1391
2026-05-27 05:30:00,4524.611,4551.395,4522.500,4535.973,1371
2026-05-27 05:45:00,4535.973,4549.787,4535.944,4541.760,1087
2026-05-27 06:00:00,4541.760,4546.751,4525.806,4535.082,1319
2026-05-27 06:15:00,4535.082,4545.732,4529.966,4539.728,1909
2026-05-27 06:30:00,4539.728,4543.375,4536.276,4541.970,1447
2026-05-27 06:45:00,4541.970,4553.210,4531.821,4552.942,1438
2026-05-27 07:00:00,4552.942,4553.491,4530.961,4543.954,1473
2026-05-27 07:15:00,4543.954,4548.537,4527.296,4548.453,1600
2026-05-27 07:30:00,4548.453,4549.431,4522.595,4536.940,1931
2026-05-27 07:45:00,4536.940,4547.457,4536.384,4544.855,1295
2026-05-27 08:00:00,4544.855,4547.066,4530.565,4540.748,1483
2026-05-27 08:15:00,4540.748,4553.207,4527.731,4552.876,1037
2026-05-27 08:30:00,4552.876,4557.534,4527.523,4528.872,1322
2026-05-27 08:45:00,4528.872,4548.725,4527.123,4547.235,1969
2026-05-27 09:00:00,4547.235,4549.037,4539.484,4539.860,1348
2026-05-27 09:15:00,4539.860,4545.066,4522.500,4544.028,1080
2026-05-27 09:30:00,4544.028,4547.861,4527.741,4528.084,1355
2026-05-27 09:45:00,4528.084,4561.964,4526.813,4541.957,1403
2026-05-27 10:00:00,4541.957,4562.366,4539.407,4561.151,1595
2026-05-27 10:15:00,4561.151,4561.533,4530.255,4533.839,1320
2026-05-27 10:30:00,4533.839,4555.463,4532.759,4554.998,1864
2026-05-27 10:45:00,4554.998,4560.848,4537.798,4538.375,1403
2026-05-27 11:00:00,4538.375,4567.248,4535.661,4536.678,1710
2026-05-27 11:15:00,4536.678,4556.797,4524.463,4551.986,1634
2026-05-27 11:30:00,4551.986,4567.625,4527.853,4557.017,1814
2026-05-27 11:45:00,4557.017,4558.020,4524.506,4526.744,1308
2026-05-27 12:00:00,4526.744,4559.105,4526.716,4542.753,1798
2026-05-27 12:15:00,4542.753,4550.148,4533.753,4537.667,1536
2026-05-27 12:30:00,4537.667,4553.547,4524.553,4552.009,1703
2026-05-27 12:45:00,4552.009,4557.631,4535.631,4547.188,1591
2026-05-27 13:00:00,4547.188,4548.554,4535.930,4537.869,1665
2026-05-27 13:15:00,4537.869,4555.650,4534.681,4543.590,1357
2026-05-27 13:30:00,4543.590,4566.086,4534.113,4535.433,1516
2026-05-27 13:45:00,4535.433,4557.021,4535.188,4551.678,1196
2026-05-27 14:00:00,4551.678,4556.532,4538.156,4543.630,1141
2026-05-27 14:15:00,4543.630,4544.263,4532.063,4542.542,1362
2026-05-27 14:30:00,4542.542,4559.307,4531.276,4532.425,1316
2026-05-27 14:45:00,4532.425,4562.288,4528.885,4544.645,1700
2026-05-27 15:00:00,4544.645,4544.979,4528.650,4531.758,1412
2026-05-27 15:15:00,4531.758,4560.351,4530.625,4558.774,1551
2026-05-27 15:30:00,4558.774,4560.847,4544.637,4548.543,1777
2026-05-27 15:45:00,4548.543,4554.954,4547.683,4552.133,1171
2026-05-27 16:00:00,4552.133,4565.407,4543.027,4564.165,1367
2026-05-27 16:15:00,4564.165,4566.036,4537.779,4546.931,1487
2026-05-27 16:30:00,4546.931,4552.783,4542.446,4549.848,1386
2026-05-27 16:45:00,4549.848,4550.235,4531.991,4547.311,1893
2026-05-27 17:00:00,4547.311,4549.247,4531.797,4548.649,1542
2026-05-27 17:15:00,4548.649,4553.878,4548.173,4552.605,1461
2026-05-27 17:30:00,4552.605,4565.104,4530.523,4564.877,1595
2026-05-27 17:45:00,4564.877,4565.641,4537.214,4542.247,1116
2026-05-27 18:00:00,4542.247,4570.000,4540.596,4570.000,1182
2026-05-27 18:15:00,4570.000,4570.000,4538.788,4539.851,1583
2026-05-27 18:30:00,4539.851,4552.500,4537.937,4552.202,1443
2026-05-27 18:45:00,4552.202,4570.000,4522.500,4522.500,2063
2026-05-27 19:00:00,4522.500,4539.159,4522.500,4538.819,1740
2026-05-27 19:15:00,4538.819,4560.503,4537.791,4544.020,1296
2026-05-27 19:30:00,4544.020,4549.258,4539.671,4540.399,1587
2026-05-27 19:45:00,4540.399,4550.153,4540.172,4544.387,1082
2026-05-27 20:00:00,4544.387,4554.366,4541.801,4548.370,1646
2026-05-27 20:15:00,4548.370,4555.306,4547.648,4549.255,1857
2026-05-27 20:30:00,4549.255,4555.185,4547.724,4554.944,1575
2026-05-27 20:45:00,4554.944,4555.795,4544.099,4545.594,1176
2026-05-27 21:00:00,4545.594,4555.989,4544.003,4553.668,1589
2026-05-27 21:15:00,4553.668,4554.563,4550.751,4551.378,1718
2026-05-27 21:30:00,4551.378,4557.336,4549.784,4556.531,1544
2026-05-27 21:45:00,4556.531,4559.289,4549.780,4552.771,1789
2026-05-27 22:00:00,4552.771,4556.402,4552.761,4553.008,1605
2026-05-27 22:15:00,4553.008,4565.828,4546.159,4565.485,1625
2026-05-27 22:30:00,4565.485,4566.774,4549.989,4550.231,2071
2026-05-27 22:45:00,4550.231,4559.228,4549.702,4549.752,1580
2026-05-27 23:00:00,4549.752,4551.183,4545.929,4550.020,1351
2026-05-27 23:15:00,4550.020,4561.239,4544.295,4560.674,1457
2026-05-27 23:30:00,4560.674,4561.363,4548.250,4554.833,1748
2026-05-27 23:45:00,4554.833,4555.341,4550.932,4555.000,1565
2026-05-28 00:00:00,4548.000,4555.935,4546.729,4552.493,1835
2026-05-28 00:15:00,4552.493,4552.578,4548.507,4551.829,1799
2026-05-28 00:30:00,4551.829,4557.586,4551.602,4552.866,1204
2026-05-28 00:45:00,4552.866,4555.814,4548.810,4549.742,1032
2026-05-28 01:00:00,4549.742,4549.995,4545.175,4546.600,1578
2026-05-28 01:15:00,4546.600,4554.561,4545.398,4553.377,1580
2026-05-28 01:30:00,4553.377,4554.651,4539.242,4548.053,928
2026-05-28 01:45:00,4548.053,4559.985,4547.410,4559.034,1257
2026-05-28 02:00:00,4559.034,4559.649,4548.976,4552.481,1263
2026-05-28 02:15:00,4552.481,4553.015,4547.488,4552.414,1624
2026-05-28 02:30:00,4552.414,4555.123,4548.106,4551.641,1113
2026-05-28 02:45:00,4551.641,4558.465,4547.750,4555.166,1663
2026-05-28 03:00:00,4555.166,4555.404,4549.211,4552.627,1573
2026-05-28 03:15:00,4552.627,4554.795,4546.569,4549.763,1602
2026-05-28 03:30:00,4549.763,4552.304,4543.461,4551.287,1331
2026-05-28 03:45:00,4551.287,4569.846,4548.622,4568.206,1491
2026-05-28 04:00:00,4568.206,4569.217,4557.402,4558.352,1476
2026-05-28 04:15:00,4558.352,4566.729,4537.073,4538.022,1403
2026-05-28 04:30:00,4538.022,4557.830,4537.730,4554.788,1117
2026-05-28 04:45:00,4554.788,4562.879,4553.504,4556.403,1392
2026-05-28 05:00:00,4556.403,4560.133,4546.547,4546.986,1399
2026-05-28 05:15:00,4546.986,4564.977,4545.868,4550.110,2155
2026-05-28 05:30:00,4550.110,4552.607,4549.151,4549.598,1506
2026-05-28 05:45:00,4549.598,4553.656,4543.396,4553.151,1465
2026-05-28 06:00:00,4553.151,4562.797,4548.666,4556.623,1534
2026-05-28 06:15:00,4556.623,4558.022,4548.527,4553.886,1285
2026-05-28 06:30:00,4553.886,4560.229,4553.329,4554.195,2183
2026-05-28 06:45:00,4554.195,4562.990,4552.534,4560.642,1261
2026-05-28 07:00:00,4560.642,4562.047,4540.269,4557.047,1500
2026-05-28 07:15:00,4557.047,4561.009,4556.702,4558.311,1606
2026-05-28 07:30:00,4558.311,4559.461,4548.569,4559.417,1526
2026-05-28 07:45:00,4559.417,4563.973,4549.718,4563.704,1475
2026-05-28 08:00:00,4563.704,4568.034,4548.178,4567.823,1584
2026-05-28 08:15:00,4567.823,4569.254,4551.708,4557.906,1639
2026-05-28 08:30:00,4557.906,4558.639,4535.000,4549.026,1355
2026-05-28 08:45:00,4549.026,4559.387,4548.668,4557.880,1439
2026-05-28 09:00:00,4557.880,4565.022,4546.688,4548.049,1674
2026-05-28 09:15:00,4548.049,4559.730,4546.425,4555.059,1675
2026-05-28 09:30:00,4555.059,4574.587,4538.224,4539.108,1406
2026-05-28 09:45:00,4539.108,4558.802,4538.177,4550.465,1904
2026-05-28 10:00:00,4550.465,4563.679,4550.442,4556.268,1636
2026-05-28 10:15:00,4556.268,4557.965,4535.000,4535.000,1292
2026-05-28 10:30:00,4535.000,4559.776,4535.000,4558.864,1742
2026-05-28 10:45:00,4558.864,4564.144,4545.895,4548.802,1510
2026-05-28 11:00:00,4548.802,4564.901,4541.557,4559.108,1539
2026-05-28 11:15:00,4559.108,4572.900,4545.665,4571.273,1558
2026-05-28 11:30:00,4571.273,4573.187,4551.022,4564.106,2007
2026-05-28 11:45:00,4564.106,4565.051,4548.743,4558.935,1358
2026-05-28 12:00:00,4558.935,4580.000,4558.652,4570.262,1319
2026-05-28 12:15:00,4570.262,4570.920,4548.209,4550.025,1714
2026-05-28 12:30:00,4550.025,4570.517,4545.059,4570.452,1222
2026-05-28 12:45:00,4570.452,4570.483,4536.799,4555.374,1385
2026-05-28 13:00:00,4555.374,4564.071,4554.866,4563.746,1579
2026-05-28 13:15:00,4563.746,4564.069,4547.289,4557.735,1585
2026-05-28 13:30:00,4557.735,4568.380,4555.282,4567.950,1142
2026-05-28 13:45:00,4567.950,4567.993,4551.415,4559.072,1140
2026-05-28 14:00:00,4559.072,4560.187,4544.824,4558.765,1460
2026-05-28 14:15:00,4558.765,4574.733,4543.919,4545.553,1481
2026-05-28 14:30:00,4545.553,4565.070,4535.000,4558.193,1158
2026-05-28 14:45:00,4558.193,4568.314,4551.745,4561.717,1617
2026-05-28 15:00:00,4561.717,4566.395,4554.944,4555.963,1652
2026-05-28 15:15:00,4555.963,4563.782,4555.678,4559.202,1504
2026-05-28 15:30:00,4559.202,4567.854,4548.930,4549.532,1396
2026-05-28 15:45:00,4549.532,4575.152,4549.190,4555.357,1515
2026-05-28 16:00:00,4555.357,4561.063,4554.230,4556.852,1126
2026-05-28 16:15:00,4556.852,4561.212,4556.612,4561.090,1718
2026-05-28 16:30:00,4561.090,4574.306,4541.302,4558.884,1647
2026-05-28 16:45:00,4558.884,4564.501,4549.104,4556.712,957
2026-05-28 17:00:00,4556.712,4570.781,4553.748,4556.065,2024
2026-05-28 17:15:00,4556.065,4567.054,4554.538,4557.169,1583
2026-05-28 17:30:00,4557.169,4569.932,4546.007,4547.434,1772
2026-05-28 17:45:00,4547.434,4554.469,4546.264,4553.189,1807
2026-05-28 18:00:00,4553.189,4556.249,4548.636,4555.789,1088
2026-05-28 18:15:00,4555.789,4569.992,4546.094,4568.756,1763
2026-05-28 18:30:00,4568.756,4568.993,4554.222,4554.455,1535
2026-05-28 18:45:00,4554.455,4580.000,4550.004,4580.000,1469
2026-05-28 19:00:00,4580.000,4580.000,4564.518,4565.162,1217
2026-05-28 19:15:00,4565.162,4565.577,4556.061,4559.375,1621
2026-05-28 19:30:00,4559.375,4576.313,4549.555,4550.912,1583
2026-05-28 19:45:00,4550.912,4570.218,4550.628,4553.022,1711
2026-05-28 20:00:00,4553.022,4560.455,4552.178,4560.453,2000
2026-05-28 20:15:00,4560.453,4566.606,4552.463,4565.545,1190
2026-05-28 20:30:00,4565.545,4565.903,4556.016,4562.445,1147
2026-05-28 20:45:00,4562.445,4573.734,4556.198,4573.288,1715
2026-05-28 21:00:00,4573.288,4573.850,4555.010,4563.136,1237
2026-05-28 21:15:00,4563.136,4564.469,4555.428,4557.369,1501
2026-05-28 21:30:00,4557.369,4568.505,4555.787,4565.136,1870
2026-05-28 21:45:00,4565.136,4566.125,4556.046,4560.268,1806
2026-05-28 22:00:00,4560.268,4564.470,4559.272,4561.607,890
2026-05-28 22:15:00,4561.607,4566.401,4560.512,4563.730,1586
2026-05-28 22:30:00,4563.730,4570.710,4561.611,4567.112,1708
2026-05-28 22:45:00,4567.112,4567.711,4557.468,4559.668,1378
2026-05-28 23:00:00,4559.668,4563.975,4559.400,4563.006,1420
2026-05-28 23:15:00,4563.006,4566.926,4562.658,4564.070,1783
2026-05-28 23:30:00,4564.070,4564.170,4558.841,4563.619,1392
2026-05-28 23:45:00,4563.619,4564.273,4561.521,4562.000,1753
2026-05-29 00:00:00,4550.800,4553.312,4550.197,4553.166,1592
2026-05-29 00:15:00,4553.166,4557.708,4550.165,4551.758,1650
2026-05-29 00:30:00,4551.758,4556.113,4549.193,4549.952,1168
2026-05-29 00:45:00,4549.952,4551.869,4545.910,4547.963,1398
2026-05-29 01:00:00,4547.963,4558.258,4546.952,4558.184,1227
2026-05-29 01:15:00,4558.184,4560.621,4548.037,4549.193,1137
2026-05-29 01:30:00,4549.193,4559.457,4547.584,4552.265,1708
2026-05-29 01:45:00,4552.265,4584.000,4545.887,4547.880,1355
2026-05-29 02:00:00,4547.880,4564.093,4547.457,4553.370,1755
2026-05-29 02:15:00,4553.370,4556.180,4547.105,4550.242,1337
2026-05-29 02:30:00,4550.242,4558.694,4545.359,4558.379,1541
2026-05-29 02:45:00,4558.379,4558.866,4546.609,4547.710,1414
2026-05-29 03:00:00,4547.710,4552.977,4545.997,4547.393,1373
2026-05-29 03:15:00,4547.393,4563.770,4545.979,4556.305,1322
2026-05-29 03:30:00,4556.305,4559.794,4550.434,4550.796,1933
2026-05-29 03:45:00,4550.796,4558.248,4549.894,4555.949,1004
2026-05-29 04:00:00,4555.949,4557.176,4544.365,4545.331,1322
2026-05-29 04:15:00,4545.331,4554.609,4540.871,4541.771,1833
2026-05-29 04:30:00,4541.771,4571.101,4541.748,4569.866,1342
2026-05-29 04:45:00,4569.866,4570.927,4546.403,4546.637,1354
2026-05-29 05:00:00,4546.637,4557.145,4545.575,4548.614,1337
2026-05-29 05:15:00,4548.614,4561.722,4539.879,4560.358,1784
2026-05-29 05:30:00,4560.358,4561.093,4543.214,4544.493,1390
2026-05-29 05:45:00,4544.493,4554.463,4544.359,4554.303,1373
2026-05-29 06:00:00,4554.303,4565.927,4554.270,4559.666,2022
2026-05-29 06:15:00,4559.666,4566.816,4557.304,4558.701,1348
2026-05-29 06:30:00,4558.701,4564.080,4553.360,4562.506,1113
2026-05-29 06:45:00,4562.506,4562.840,4537.000,4537.000,1243
2026-05-29 07:00:00,4537.000,4561.196,4537.000,4554.882,1807
2026-05-29 07:15:00,4554.882,4566.802,4554.688,4564.076,1010
2026-05-29 07:30:00,4564.076,4564.948,4546.176,4558.918,1907
2026-05-29 07:45:00,4558.918,4559.110,4541.801,4553.262,1361
2026-05-29 08:00:00,4553.262,4571.893,4553.230,4570.921,1333
2026-05-29 08:15:00,4570.921,4574.966,4555.681,4557.056,2019
2026-05-29 08:30:00,4557.056,4565.909,4545.634,4564.392,1053
2026-05-29 08:45:00,4564.392,4568.404,4550.280,4565.897,1825
2026-05-29 09:00:00,4565.897,4566.962,4552.913,4553.265,1580
2026-05-29 09:15:00,4553.265,4563.482,4552.416,4562.353,1540
2026-05-29 09:30:00,4562.353,4572.616,4558.492,4571.894,1462
2026-05-29 09:45:00,4571.894,4571.926,4553.955,4563.031,1652
2026-05-29 10:00:00,4563.031,4574.218,4560.593,4566.023,1509
2026-05-29 10:15:00,4566.023,4566.381,4554.039,4561.326,1804
2026-05-29 10:30:00,4561.326,4570.324,4559.468,4560.500,1607
2026-05-29 10:45:00,4560.500,4560.716,4553.838,4555.715,1677
2026-05-29 11:00:00,4555.715,4571.257,4554.903,4555.224,1632
2026-05-29 11:15:00,4555.224,4563.530,4549.681,4563.009,1774
2026-05-29 11:30:00,4563.009,4571.771,4558.311,4559.033,1370
2026-05-29 11:45:00,4559.033,4562.830,4555.311,4561.766,1532
2026-05-29 12:00:00,4561.766,4561.825,4557.979,4558.770,1494
2026-05-29 12:15:00,4558.770,4562.294,4554.583,4555.857,1509
2026-05-29 12:30:00,4555.857,4580.708,4547.123,4548.299,919
2026-05-29 12:45:00,4548.299,4557.508,4545.275,4557.236,1460
2026-05-29 13:00:00,4557.236,4565.874,4557.083,4559.563,1453
2026-05-29 13:15:00,4559.563,4563.844,4552.165,4556.383,1792
2026-05-29 13:30:00,4556.383,4558.921,4545.196,4549.251,1421
2026-05-29 13:45:00,4549.251,4565.426,4547.807,4560.525,1729
2026-05-29 14:00:00,4560.525,4564.075,4543.348,4547.043,1695
2026-05-29 14:15:00,4547.043,4570.145,4537.000,4568.445,1443
2026-05-29 14:30:00,4568.445,4568.592,4543.620,4552.051,1489
2026-05-29 14:45:00,4552.051,4584.000,4541.125,4541.479,1381
2026-05-29 15:00:00,4541.479,4565.608,4540.284,4562.535,1429
2026-05-29 15:15:00,4562.535,4563.688,4550.911,4552.388,1236
2026-05-29 15:30:00,4552.388,4570.660,4547.087,4568.956,2049
2026-05-29 15:45:00,4568.956,4572.360,4548.672,4571.685,994
2026-05-29 16:00:00,4571.685,4574.595,4557.709,4568.920,1197
2026-05-29 16:15:00,4568.920,4569.791,4552.859,4560.799,1497
2026-05-29 16:30:00,4560.799,4572.293,4558.665,4561.329,1613
2026-05-29 16:45:00,4561.329,4570.274,4557.710,4569.665,1613
2026-05-29 17:00:00,4569.665,4569.713,4555.610,4556.228,1758
2026-05-29 17:15:00,4556.228,4557.428,4549.768,4555.083,1535
2026-05-29 17:30:00,4555.083,4573.003,4554.657,4565.511,595
2026-05-29 17:45:00,4565.511,4568.427,4541.611,4559.569,2157
2026-05-29 18:00:00,4559.569,4563.567,4556.222,4557.429,1240
2026-05-29 18:15:00,4557.429,4569.569,4545.461,4562.588,1596
2026-05-29 18:30:00,4562.588,4563.173,4549.948,4551.347,1904
2026-05-29 18:45:00,4551.347,4572.892,4550.267,4562.536,1547
2026-05-29 19:00:00,4562.536,4563.555,4550.662,4561.005,1440
2026-05-29 19:15:00,4561.005,4568.266,4542.384,4542.804,1468
2026-05-29 19:30:00,4542.804,4566.666,4542.651,4552.912,1626
2026-05-29 19:45:00,4552.912,4565.092,4551.674,4551.942,1410
2026-05-29 20:00:00,4551.942,4567.432,4551.334,4562.145,1295
2026-05-29 20:15:00,4562.145,4569.776,4555.225,4567.805,1227
2026-05-29 20:30:00,4567.805,4569.461,4553.012,4561.228,1528
2026-05-29 20:45:00,4561.228,4563.018,4551.874,4561.488,1350
2026-05-29 21:00:00,4561.488,4566.597,4554.840,4564.942,1485
2026-05-29 21:15:00,4564.942,4567.212,4558.024,4566.712,1376
2026-05-29 21:30:00,4566.712,4571.513,4551.816,4570.223,1371
2026-05-29 21:45:00,4570.223,4570.461,4560.438,4561.455,943
2026-05-29 22:00:00,4561.455,4565.302,4560.007,4565.188,1432
2026-05-29 22:15:00,4565.188,4571.553,4559.130,4571.328,1556
2026-05-29 22:30:00,4571.328,4572.681,4557.653,4558.398,1358
2026-05-29 22:45:00,4558.398,4567.850,4557.374,4566.124,1854
2026-05-29 23:00:00,4566.124,4567.121,4561.057,4563.007,1677
2026-05-29 23:15:00,4563.007,4563.339,4560.225,4560.840,1274
2026-05-29 23:30:00,4560.840,4568.543,4560.521,4564.759,1464
2026-05-29 23:45:00,4564.759,4565.876,4561.784,4565.600,1411
2026-06-01 00:00:00,4559.200,4560.210,4554.620,4556.616,1173
2026-06-01 00:15:00,4556.616,4557.009,4543.000,4553.392,1433
2026-06-01 00:30:00,4553.392,4560.365,4552.598,4558.019,1494
2026-06-01 00:45:00,4558.019,4563.326,4554.603,4554.771,1598
2026-06-01 01:00:00,4554.771,4558.316,4553.753,4557.323,1066
2026-06-01 01:15:00,4557.323,4558.296,4547.096,4555.272,1496
2026-06-01 01:30:00,4555.272,4564.409,4552.475,4564.005,1643
2026-06-01 01:45:00,4564.005,4569.799,4560.503,4565.511,1319
2026-06-01 02:00:00,4565.511,4569.851,4561.895,4568.686,1089
2026-06-01 02:15:00,4568.686,4569.685,4556.626,4557.319,1622
2026-06-01 02:30:00,4557.319,4563.861,4554.948,4562.469,1674
2026-06-01 02:45:00,4562.469,4562.922,4543.585,4543.929,1576
2026-06-01 03:00:00,4543.929,4570.963,4543.000,4561.989,1743
2026-06-01 03:15:00,4561.989,4569.251,4560.499,4568.926,2063
2026-06-01 03:30:00,4568.926,4577.263,4549.059,4566.886,1802
2026-06-01 03:45:00,4566.886,4570.773,4550.652,4551.151,1312
2026-06-01 04:00:00,4551.151,4570.660,4545.863,4546.005,1508
2026-06-01 04:15:00,4546.005,4575.183,4545.295,4574.530,1000
2026-06-01 04:30:00,4574.530,4596.000,4546.332,4596.000,1872
2026-06-01 04:45:00,4596.000,4596.000,4549.994,4551.678,1422
2026-06-01 05:00:00,4551.678,4568.450,4550.822,4566.158,2097
2026-06-01 05:15:00,4566.158,4566.427,4550.007,4556.213,1075
2026-06-01 05:30:00,4556.213,4564.243,4554.871,4560.902,1491
2026-06-01 05:45:00,4560.902,4571.318,4557.733,4558.213,1331
2026-06-01 06:00:00,4558.213,4565.543,4551.937,4564.901,1106
2026-06-01 06:15:00,4564.901,4566.015,4547.248,4554.989,1349
2026-06-01 06:30:00,4554.989,4568.265,4553.693,4567.356,1781
2026-06-01 06:45:00,4567.356,4567.643,4545.561,4558.526,1381
2026-06-01 07:00:00,4558.526,4560.027,4547.537,4556.259,1542
2026-06-01 07:15:00,4556.259,4563.229,4554.164,4563.103,1568
2026-06-01 07:30:00,4563.103,4575.521,4555.475,4566.288,1549
2026-06-01 07:45:00,4566.288,4568.211,4553.346,4563.198,1332
2026-06-01 08:00:00,4563.198,4574.852,4555.759,4569.219,991
2026-06-01 08:15:00,4569.219,4576.488,4561.105,4574.223,1520
2026-06-01 08:30:00,4574.223,4575.511,4559.307,4567.233,1598
2026-06-01 08:45:00,4567.233,4580.932,4558.993,4563.453,1309
2026-06-01 09:00:00,4563.453,4565.005,4550.333,4551.584,1693
2026-06-01 09:15:00,4551.584,4573.812,4551.028,4573.332,1709
2026-06-01 09:30:00,4573.332,4574.431,4549.573,4574.028,1585
2026-06-01 09:45:00,4574.028,4584.439,4543.000,4559.359,737
2026-06-01 10:00:00,4559.359,4572.211,4559.183,4570.412,1524
2026-06-01 10:15:00,4570.412,4574.203,4565.859,4568.627,1009
2026-06-01 10:30:00,4568.627,4582.773,4567.684,4582.564,1503
2026-06-01 10:45:00,4582.564,4590.899,4546.240,4588.930,2003
2026-06-01 11:00:00,4588.930,4590.294,4557.575,4564.438,1070
2026-06-01 11:15:00,4564.438,4575.832,4557.272,4570.329,1144
2026-06-01 11:30:00,4570.329,4579.775,4561.065,4568.705,1385
2026-06-01 11:45:00,4568.705,4574.615,4543.000,4563.849,1278
2026-06-01 12:00:00,4563.849,4574.627,4561.515,4574.029,1470
2026-06-01 12:15:00,4574.029,4577.599,4558.200,4576.290,1754
2026-06-01 12:30:00,4576.290,4576.333,4543.187,4561.963,1676
2026-06-01 12:45:00,4561.963,4577.712,4555.320,4577.025,1291
2026-06-01 13:00:00,4577.025,4577.753,4563.299,4573.815,1532
2026-06-01 13:15:00,4573.815,4574.744,4558.134,4559.056,1722
2026-06-01 13:30:00,4559.056,4575.674,4558.481,4565.401,1483
2026-06-01 13:45:00,4565.401,4574.655,4547.714,4573.814,1278
2026-06-01 14:00:00,4573.814,4578.938,4559.553,4577.782,1242
2026-06-01 14:15:00,4577.782,4577.953,4553.245,4564.688,1411
2026-06-01 14:30:00,4564.688,4579.270,4553.632,4554.059,1545
2026-06-01 14:45:00,4554.059,4576.924,4553.264,4564.882,1707
2026-06-01 15:00:00,4564.882,4571.188,4563.416,4569.949,1539
2026-06-01 15:15:00,4569.949,4573.143,4557.408,4557.941,1814
2026-06-01 15:30:00,4557.941,4579.317,4557.669,4568.787,1781
2026-06-01 15:45:00,4568.787,4569.753,4552.388,4569.011,1444
2026-06-01 16:00:00,4569.011,4571.016,4554.156,4554.801,1426
2026-06-01 16:15:00,4554.801,4573.752,4552.282,4552.975,1499
2026-06-01 16:30:00,4552.975,4574.137,4552.433,4572.282,1450
2026-06-01 16:45:00,4572.282,4573.683,4560.416,4561.196,1589
2026-06-01 17:00:00,4561.196,4569.567,4559.334,4569.340,1642
2026-06-01 17:15:00,4569.340,4569.498,4563.464,4565.238,1401
2026-06-01 17:30:00,4565.238,4591.065,4561.065,4563.701,1917
2026-06-01 17:45:00,4563.701,4596.000,4555.922,4557.110,1181
2026-06-01 18:00:00,4557.110,4577.673,4556.998,4576.142,1366
2026-06-01 18:15:00,4576.142,4584.142,4563.073,4581.824,1052
2026-06-01 18:30:00,4581.824,4582.968,4571.747,4572.479,1210
2026-06-01 18:45:00,4572.479,4579.051,4564.014,4578.601,1933
2026-06-01 19:00:00,4578.601,4584.321,4569.983,4575.848,1841
2026-06-01 19:15:00,4575.848,4577.003,4569.423,4570.548,1316
2026-06-01 19:30:00,4570.548,4573.778,4559.150,4571.301,1593
2026-06-01 19:45:00,4571.301,4573.865,4566.086,4569.998,1688
2026-06-01 20:00:00,4569.998,4576.163,4567.829,4571.170,1705
2026-06-01 20:15:00,4571.170,4583.017,4559.738,4569.211,1411
2026-06-01 20:30:00,4569.211,4570.054,4566.401,4567.131,1313
2026-06-01 20:45:00,4567.131,4581.237,4566.934,4573.307,1693
2026-06-01 21:00:00,4573.307,4575.316,4569.544,4571.105,1223
2026-06-01 21:15:00,4571.105,4573.168,4566.184,4568.236,972
2026-06-01 21:30:00,4568.236,4575.641,4568.095,4574.343,1871
2026-06-01 21:45:00,4574.343,4575.999,4566.133,4566.344,1747
2026-06-01 22:00:00,4566.344,4570.739,4565.705,4565.965,1374
2026-06-01 22:15:00,4565.965,4576.432,4565.501,4568.225,2123
2026-06-01 22:30:00,4568.225,4577.599,4567.947,4570.825,1485
2026-06-01 22:45:00,4570.825,4575.267,4564.808,4575.027,1534
2026-06-01 23:00:00,4575.027,4576.439,4571.911,4572.195,1495
2026-06-01 23:15:00,4572.195,4577.238,4569.405,4575.639,2056
2026-06-01 23:30:00,4575.639,4575.925,4568.386,4572.350,1641
2026-06-01 23:45:00,4572.350,4578.703,4570.734,4576.400,1572
2026-06-02 00:00:00,4562.000,4563.788,4556.506,4557.414,1296
2026-06-02 00:15:00,4557.414,4563.362,4555.908,4559.196,1553
2026-06-02 00:30:00,4559.196,4565.659,4558.989,4562.355,1634
2026-06-02 00:45:00,4562.355,4567.651,4557.859,4565.535,1454
2026-06-02 01:00:00,4565.535,4580.810,4560.039,4560.865,1316
2026-06-02 01:15:00,4560.865,4561.729,4552.236,4559.426,1329
2026-06-02 01:30:00,4559.426,4571.424,4557.465,4570.931,1536
2026-06-02 01:45:00,4570.931,4572.391,4553.345,4553.588,1554
2026-06-02 02:00:00,4553.588,4570.568,4548.512,4550.048,1431
2026-06-02 02:15:00,4550.048,4568.788,4545.000,4545.000,1113
2026-06-02 02:30:00,4545.000,4567.180,4545.000,4566.654,1586
2026-06-02 02:45:00,4566.654,4567.929,4554.600,4566.986,1139
2026-06-02 03:00:00,4566.986,4567.183,4552.613,4553.505,1274
2026-06-02 03:15:00,4553.505,4568.924,4550.361,4564.029,1777
2026-06-02 03:30:00,4564.029,4570.235,4554.371,4555.898,914
2026-06-02 03:45:00,4555.898,4574.298,4548.665,4572.710,1037
2026-06-02 04:00:00,4572.710,4574.459,4556.611,4556.848,1646
2026-06-02 04:15:00,4556.848,4561.374,4551.101,4551.688,1146
2026-06-02 04:30:00,4551.688,4569.872,4550.208,4568.701,1745
2026-06-02 04:45:00,4568.701,4569.285,4552.986,4567.254,1175
2026-06-02 05:00:00,4567.254,4578.733,4566.610,4573.015,2159
2026-06-02 05:15:00,4573.015,4573.296,4549.139,4551.657,770
2026-06-02 05:30:00,4551.657,4564.264,4551.231,4561.464,1522
2026-06-02 05:45:00,4561.464,4570.974,4560.692,4567.682,1790
2026-06-02 06:00:00,4567.682,4576.341,4555.685,4574.732,1354
2026-06-02 06:15:00,4574.732,4575.022,4554.021,4562.423,1501
2026-06-02 06:30:00,4562.423,4566.252,4546.301,4562.542,2056
2026-06-02 06:45:00,4562.542,4581.604,4552.514,4553.123,1308
2026-06-02 07:00:00,4553.123,4587.407,4552.648,4575.771,1669
2026-06-02 07:15:00,4575.771,4576.134,4548.816,4551.169,2251
2026-06-02 07:30:00,4551.169,4562.146,4549.620,4557.849,1662
2026-06-02 07:45:00,4557.849,4570.757,4555.439,4570.480,1471
2026-06-02 08:00:00,4570.480,4571.266,4550.459,4563.962,1594
2026-06-02 08:15:00,4563.962,4585.667,4563.117,4568.265,1409
2026-06-02 08:30:00,4568.265,4572.117,4548.095,4571.789,2205
2026-06-02 08:45:00,4571.789,4586.730,4552.022,4584.933,1145
2026-06-02 09:00:00,4584.933,4585.157,4553.285,4568.526,1495
2026-06-02 09:15:00,4568.526,4585.105,4568.381,4572.617,1616
2026-06-02 09:30:00,4572.617,4579.892,4559.553,4559.933,1710
2026-06-02 09:45:00,4559.933,4569.996,4550.964,4555.729,1912
2026-06-02 10:00:00,4555.729,4573.073,4548.262,4548.592,1672
2026-06-02 10:15:00,4548.592,4582.053,4548.442,4581.297,1338
2026-06-02 10:30:00,4581.297,4581.751,4552.172,4568.338,1298
2026-06-02 10:45:00,4568.338,4583.182,4555.728,4567.701,1506
2026-06-02 11:00:00,4567.701,4575.149,4555.119,4556.842,1185
2026-06-02 11:15:00,4556.842,4573.738,4552.104,4555.976,1245
2026-06-02 11:30:00,4555.976,4579.020,4554.513,4574.037,1678
2026-06-02 11:45:00,4574.037,4574.388,4553.246,4558.498,1375
2026-06-02 12:00:00,4558.498,4588.741,4557.654,4564.002,826
2026-06-02 12:15:00,4564.002,4577.221,4552.008,4561.423,1420
2026-06-02 12:30:00,4561.423,4574.510,4560.599,4567.938,1171
2026-06-02 12:45:00,4567.938,4572.805,4565.330,4567.402,1585
2026-06-02 13:00:00,4567.402,4571.982,4562.717,4571.924,1671
2026-06-02 13:15:00,4571.924,4576.664,4555.321,4556.699,1461
2026-06-02 13:30:00,4556.699,4586.106,4556.510,4585.787,1397
2026-06-02 13:45:00,4585.787,4586.000,4565.106,4572.382,1687
2026-06-02 14:00:00,4572.382,4586.476,4556.436,4572.153,1664
2026-06-02 14:15:00,4572.153,4572.487,4561.008,4564.648,690
2026-06-02 14:30:00,4564.648,4585.529,4562.807,4572.175,1424
2026-06-02 14:45:00,4572.175,4577.558,4560.910,4572.763,1176
2026-06-02 15:00:00,4572.763,4575.686,4552.666,4573.563,1322
2026-06-02 15:15:00,4573.563,4573.834,4568.273,4571.448,1726
2026-06-02 15:30:00,4571.448,4586.355,4557.502,4558.927,1321
2026-06-02 15:45:00,4558.927,4578.865,4557.714,4576.440,1414
2026-06-02 16:00:00,4576.440,4600.000,4574.649,4577.958,1274
2026-06-02 16:15:00,4577.958,4584.638,4561.113,4561.691,1444
2026-06-02 16:30:00,4561.691,4580.233,4559.564,4576.124,1448
2026-06-02 16:45:00,4576.124,4577.309,4567.158,4568.458,1384
2026-06-02 17:00:00,4568.458,4582.758,4566.777,4580.709,1563
2026-06-02 17:15:00,4580.709,4581.983,4560.274,4566.208,1372
2026-06-02 17:30:00,4566.208,4589.878,4564.671,4587.891,1616
2026-06-02 17:45:00,4587.891,4588.219,4567.212,4578.733,1849
2026-06-02 18:00:00,4578.733,4578.857,4562.655,4570.632,1740
2026-06-02 18:15:00,4570.632,4586.083,4567.259,4583.615,1775
2026-06-02 18:30:00,4583.615,4584.443,4567.000,4576.376,1480
2026-06-02 18:45:00,4576.376,4578.500,4559.331,4561.061,1458
2026-06-02 19:00:00,4561.061,4579.938,4545.000,4545.000,1806
2026-06-02 19:15:00,4545.000,4582.950,4545.000,4582.041,1703
2026-06-02 19:30:00,4582.041,4582.653,4566.461,4578.084,1345
2026-06-02 19:45:00,4578.084,4592.461,4552.854,4590.987,1823
2026-06-02 20:00:00,4590.987,4591.367,4573.369,4573.491,1335
2026-06-02 20:15:00,4573.491,4580.609,4557.684,4570.434,1496
2026-06-02 20:30:00,4570.434,4579.434,4568.865,4576.807,927
2026-06-02 20:45:00,4576.807,4581.570,4564.353,4566.548,1176
2026-06-02 21:00:00,4566.548,4592.858,4565.999,4586.839,1860
2026-06-02 21:15:00,4586.839,4587.736,4573.532,4583.422,1234
2026-06-02 21:30:00,4583.422,4585.615,4564.941,4585.411,1652
2026-06-02 21:45:00,4585.411,4586.951,4567.292,4568.496,1486
2026-06-02 22:00:00,4568.496,4582.267,4564.443,4581.549,936
2026-06-02 22:15:00,4581.549,4581.797,4565.943,4571.831,1709
2026-06-02 22:30:00,4571.831,4600.000,4568.456,4600.000,1388
2026-06-02 22:45:00,4600.000,4600.000,4569.286,4573.371,1639
2026-06-02 23:00:00,4573.371,4583.923,4565.597,4583.779,1463
2026-06-02 23:15:00,4583.779,4585.103,4573.001,4574.487,1209
2026-06-02 23:30:00,4574.487,4581.070,4573.003,4576.116,1021
2026-06-02 23:45:00,4576.116,4580.153,4575.624,4580.000,1518
